[Licensing::Module] Trying to connect to existing licensing client channel...
Built from '6000.3/staging' branch; Version is '6000.3.21f1 (c02631ffc030) revision 12592689'; Using compiler version '194234433'; Build Type 'Release'
[Licensing::IpcConnector] Successfully connected to: "LicenseClient-p010519p" at "2026-10-05T13:41:32.8951869Z"
OS: 'Windows 11  (10.0.26200) Enterprise' Language: 'en' Physical Memory: 32541 MB
BatchMode: 1, IsHumanControllingUs: 0, StartBugReporterOnCrash: 0, Is64bit: 1
System  architecture: x64
Process architecture: x64
Date: 2026-10-05T13:41:32Z
[Licensing::Client] Code 10 while verifying Licensing Client signature (process Id: 9356, path: "C:/Program Files/Unity/Hub/Editor/6000.3.21f1/Editor/Data/Resources/Licensing/Client/Unity.Licensing.Client.exe")
[Licensing::Module] LicensingClient has failed validation; ignoring
[Licensing::Client] Handshaking with LicensingClient:
  Version:                 1.18.1+9fbee8e
  Session Id:              e23670335e5f49a1af8c487b51db6f4d
  Correlation Id:          f8fa47032f5c0d7816c68b3b019e660e
  External correlation Id: 2177631636926777446
  Machine Id:              /KKJOisi+73vBvm3brMS6//YTNY=
[Licensing::Module] Successfully connected to LicensingClient on channel: "LicenseClient-p010519p" (connect: 0.00s, validation: 0.00s, handshake: 0.12s)
[Licensing::IpcConnector] Successfully connected to: "LicenseClient-p010519p-notifications" at "2026-10-05T13:41:33.0233527Z"
[Licensing::Module] Licensing Background thread has ended after 0.13s

COMMAND LINE ARGUMENTS:
C:\Program Files\Unity\Hub\Editor\6000.3.21f1\Editor\Unity.exe
-adb2
-batchMode
-noUpm
-name
AssetImportWorker4
-projectPath
C:/Users/p010519p/Documents/GitHub/INTRODUCTION-TO-MECHANICS-DESIGN/IMDFramework26-27/IMDFramework26-27
-logFile
Logs/AssetImportWorker4.log
-srvPort
53373
-parentPid
2964
-analyticsCloudUserId
anonymous
-analyticsLocalProjectId
033ed0957c3021744bf43070b6df6ed8
-editorAnalyticsEnabled
1
-cbmEditorLicense
714d2dff40e6d49f7c9da248b896ac5a71c7ab3b
-cbmMachineId
/KKJOisi+73vBvm3brMS6//YTNY=
-job-worker-count
5
-background-job-worker-count
8
-gc-helper-count
1
-name
AssetImport
Successfully changed project path to: C:/Users/p010519p/Documents/GitHub/INTRODUCTION-TO-MECHANICS-DESIGN/IMDFramework26-27/IMDFramework26-27
C:/Users/p010519p/Documents/GitHub/INTRODUCTION-TO-MECHANICS-DESIGN/IMDFramework26-27/IMDFramework26-27
[UnityMemory] Configuration Parameters - Can be set up in boot.config
    "memorysetup-temp-allocator-size-nav-mesh-worker=65536"
    "memorysetup-temp-allocator-size-audio-worker=65536"
    "memorysetup-temp-allocator-size-gfx=262144"
    "memorysetup-allocator-temp-initial-block-size-main=262144"
    "memorysetup-allocator-temp-initial-block-size-worker=262144"
    "memorysetup-temp-allocator-size-background-worker=32768"
    "memorysetup-temp-allocator-size-job-worker=262144"
    "memorysetup-temp-allocator-size-preload-manager=33554432"
    "memorysetup-temp-allocator-size-gi-baking-worker=262144"
    "memorysetup-temp-allocator-size-gi-baking-worker=262144"
    "memorysetup-temp-allocator-size-gi-baking-worker=262144"
    "memorysetup-temp-allocator-size-gi-baking-worker=262144"
    "memorysetup-temp-allocator-size-gi-baking-worker=262144"
    "memorysetup-bucket-allocator-granularity=16"
    "memorysetup-bucket-allocator-bucket-count=8"
    "memorysetup-bucket-allocator-block-size=33554432"
    "memorysetup-bucket-allocator-block-count=8"
    "memorysetup-main-allocator-block-size=16777216"
    "memorysetup-thread-allocator-block-size=16777216"
    "memorysetup-gfx-main-allocator-block-size=16777216"
    "memorysetup-gfx-thread-allocator-block-size=16777216"
    "memorysetup-cache-allocator-block-size=4194304"
    "memorysetup-typetree-allocator-block-size=2097152"
    "memorysetup-profiler-bucket-allocator-granularity=16"
    "memorysetup-profiler-bucket-allocator-bucket-count=8"
    "memorysetup-profiler-bucket-allocator-block-size=33554432"
    "memorysetup-profiler-bucket-allocator-block-count=8"
    "memorysetup-profiler-allocator-block-size=16777216"
    "memorysetup-profiler-editor-allocator-block-size=1048576"
    "memorysetup-temp-allocator-size-main=16777216"
    "memorysetup-job-temp-allocator-block-size=2097152"
    "memorysetup-job-temp-allocator-block-size-background=1048576"
    "memorysetup-job-temp-allocator-reduction-small-platforms=262144"
    "memorysetup-temp-allocator-size-cloud-worker=32768"
Player connection [16700]  Target information:

Player connection [16700]  * "[IP] 10.176.110.148 [Port] 0 [Flags] 2 [Guid] 271598474 [EditorId] 271598474 [Version] 1048832 [Id] WindowsEditor(7,SUL-LAB2-29) [Debug] 1 [PackageName] WindowsEditor [ProjectName] Editor" 

Player connection [16700]  * "[IP] 192.168.220.1 [Port] 0 [Flags] 2 [Guid] 271598474 [EditorId] 271598474 [Version] 1048832 [Id] WindowsEditor(7,SUL-LAB2-29) [Debug] 1 [PackageName] WindowsEditor [ProjectName] Editor" 

Player connection [16700]  * "[IP] 192.168.94.1 [Port] 0 [Flags] 2 [Guid] 271598474 [EditorId] 271598474 [Version] 1048832 [Id] WindowsEditor(7,SUL-LAB2-29) [Debug] 1 [PackageName] WindowsEditor [ProjectName] Editor" 

Player connection [16700] Host joined multi-casting on [225.0.0.222:54997]...
Player connection [16700] Host joined alternative multi-casting on [225.0.0.222:34997]...
JobSystem: Creating JobQueue using job-worker-count value 5
Input System module state changed to: Initialized.
[Physics::Module] Initialized fallback backend.
[Physics::Module] Id: 0xdecafbad
Library Redirect Path: Library/
[Physics::Module] Selected backend.
[Physics::Module] Name: PhysX
[Physics::Module] Id: 0xf2b8ea05
[Physics::Module] SDK Version: 4.1.2
[Physics::Module] Integration Version: 1.0.0
[Physics::Module] Threading Mode: Multi-Threaded
Refreshing native plugins compatible for Editor in 11.68 ms, found 5 plugins.
Preloading 0 native plugins for Editor in 0.00 ms.
Initialize engine version: 6000.3.21f1 (c02631ffc030)
[Subsystems] Discovering subsystems at path C:/Program Files/Unity/Hub/Editor/6000.3.21f1/Editor/Data/Resources/UnitySubsystems
[Subsystems] Discovering subsystems at path C:/Users/p010519p/Documents/GitHub/INTRODUCTION-TO-MECHANICS-DESIGN/IMDFramework26-27/IMDFramework26-27/Assets
GfxDevice: creating device client; kGfxThreadingModeNonThreaded
Direct3D:
    Version:  Direct3D 11.0 [level 11.1]
    Renderer: NVIDIA GeForce RTX 2080 (ID=0x1e82)
    Vendor:   NVIDIA
    VRAM:     7989 MB
    Driver:   32.0.16.1062
Initialize mono
Mono path[0] = 'C:/Program Files/Unity/Hub/Editor/6000.3.21f1/Editor/Data/Managed'
Mono path[1] = 'C:/Program Files/Unity/Hub/Editor/6000.3.21f1/Editor/Data/MonoBleedingEdge/lib/mono/unityjit-win32'
Mono config path = 'C:/Program Files/Unity/Hub/Editor/6000.3.21f1/Editor/Data/MonoBleedingEdge/etc'
Using monoOptions --debugger-agent=transport=dt_socket,embedding=1,server=y,suspend=n,address=127.0.0.1:56100
Begin MonoManager ReloadAssembly
Registering precompiled unity dll's ...
Register platform support module: C:/Program Files/Unity/Hub/Editor/6000.3.21f1/Editor/Data/PlaybackEngines/WebGLSupport/UnityEditor.WebGL.Extensions.dll
Register platform support module: C:/Program Files/Unity/Hub/Editor/6000.3.21f1/Editor/Data/PlaybackEngines/WindowsStandaloneSupport/UnityEditor.WindowsStandalone.Extensions.dll
[Licensing::Client] Successfully resolved entitlement details
[Licensing::Module] License group:
  Id: E4-JQBU-WZDU-ZF6E-5KZB-XXXX
  Product: Unity Education
  Type: ULF
  Expiration: 2027-09-25T10:54:10Z
Register platform support module: C:/Program Files/Unity/Hub/Editor/6000.3.21f1/Editor/Data/PlaybackEngines/AndroidPlayer/UnityEditor.Android.Extensions.dll
Registered in 0.010237 seconds.
- Loaded All Assemblies, in  0.601 seconds
Native extension for Android target not found
Native extension for WindowsStandalone target not found
Native extension for WebGL target not found
Package Manager log level set to [2]
[Package Manager] Failed to launch server process. Reason: Unity was launched with the -noUpm command-line argument
[Package Manager] Unable to send message (not connected to server process).
[Package Manager] Cannot connect to Unity Package Manager local server
ScheduleIndexationOnStartup MainProcess:False IndexOnStartup:True
Mono: successfully reloaded assembly
- Finished resetting the current domain, in  0.544 seconds
Domain Reload Profiling: 1138ms
	BeginReloadAssembly (180ms)
		ExecutionOrderSort (0ms)
		DisableScriptedObjects (0ms)
		BackupInstance (0ms)
		ReleaseScriptingObjects (0ms)
		CreateAndSetChildDomain (1ms)
	RebuildCommonClasses (57ms)
	RebuildNativeTypeToScriptingClass (16ms)
	initialDomainReloadingComplete (71ms)
	LoadAllAssembliesAndSetupDomain (270ms)
		LoadAssemblies (175ms)
		RebuildTransferFunctionScriptingTraits (0ms)
		AnalyzeDomain (265ms)
			TypeCache.Refresh (263ms)
				TypeCache.ScanAssembly (247ms)
			BuildScriptInfoCaches (0ms)
			ResolveRequiredComponents (0ms)
	FinalizeReload (544ms)
		ReleaseScriptCaches (0ms)
		RebuildScriptCaches (0ms)
		SetupLoadedEditorAssemblies (486ms)
			LogAssemblyErrors (0ms)
			InitializePlatformSupportModulesInManaged (79ms)
			SetLoadedEditorAssemblies (4ms)
			BeforeProcessingInitializeOnLoad (121ms)
			ProcessInitializeOnLoadAttributes (189ms)
			ProcessInitializeOnLoadMethodAttributes (94ms)
			AfterProcessingInitializeOnLoad (0ms)
			EditorAssembliesLoaded (0ms)
		ExecutionOrderSort2 (0ms)
		AwakeInstancesAfterBackupRestoration (0ms)
[Licensing::Client] Successfully resolved entitlement details
========================================================================
Worker process is ready to serve import requests
Import Worker Mode flag is 0x00
Begin MonoManager ReloadAssembly
- Loaded All Assemblies, in  1.273 seconds
Refreshing native plugins compatible for Editor in 5.55 ms, found 5 plugins.
Native extension for Android target not found
Native extension for WindowsStandalone target not found
Native extension for WebGL target not found
[Package Manager] Failed to launch server process. Reason: Unity was launched with the -noUpm command-line argument
[Package Manager] Unable to send message (not connected to server process).
[Package Manager] Cannot connect to Unity Package Manager local server
Refreshing native plugins compatible for Editor in 7.51 ms, found 5 plugins.
[Package Manager] Failed to launch server process. Reason: Unity was launched with the -noUpm command-line argument
[Package Manager] Unable to send message (not connected to server process).
[Package Manager] Cannot connect to Unity Package Manager local server
ScheduleIndexationOnStartup MainProcess:False IndexOnStartup:True
Mono: successfully reloaded assembly
- Finished resetting the current domain, in  1.025 seconds
Domain Reload Profiling: 2285ms
	BeginReloadAssembly (288ms)
		ExecutionOrderSort (0ms)
		DisableScriptedObjects (11ms)
		BackupInstance (0ms)
		ReleaseScriptingObjects (0ms)
		CreateAndSetChildDomain (35ms)
	RebuildCommonClasses (47ms)
	RebuildNativeTypeToScriptingClass (15ms)
	initialDomainReloadingComplete (58ms)
	LoadAllAssembliesAndSetupDomain (851ms)
		LoadAssemblies (618ms)
		RebuildTransferFunctionScriptingTraits (0ms)
		AnalyzeDomain (401ms)
			TypeCache.Refresh (257ms)
				TypeCache.ScanAssembly (236ms)
			BuildScriptInfoCaches (121ms)
			ResolveRequiredComponents (17ms)
	FinalizeReload (1026ms)
		ReleaseScriptCaches (0ms)
		RebuildScriptCaches (0ms)
		SetupLoadedEditorAssemblies (835ms)
			LogAssemblyErrors (0ms)
			InitializePlatformSupportModulesInManaged (11ms)
			SetLoadedEditorAssemblies (4ms)
			BeforeProcessingInitializeOnLoad (200ms)
			ProcessInitializeOnLoadAttributes (446ms)
			ProcessInitializeOnLoadMethodAttributes (162ms)
			AfterProcessingInitializeOnLoad (11ms)
			EditorAssembliesLoaded (0ms)
		ExecutionOrderSort2 (0ms)
		AwakeInstancesAfterBackupRestoration (15ms)
Launched and connected shader compiler UnityShaderCompiler.exe after 0.04 seconds
Refreshing native plugins compatible for Editor in 8.24 ms, found 5 plugins.
Preloading 0 native plugins for Editor in 0.00 ms.
Unloading 16 Unused Serialized files (Serialized files now loaded: 0)
Curl error 3: URL rejected: Malformed input to a URL function
Unloading 7209 unused Assets / (6.2 MB). Loaded Objects now: 8021.
Memory consumption went from 165.0 MB to 158.8 MB.
Total: 15.208000 ms (FindLiveObjects: 0.931600 ms CreateObjectMapping: 1.731300 ms MarkObjects: 7.554400 ms  DeleteObjects: 4.989400 ms)

========================================================================
Received Prepare
Refreshing native plugins compatible for Editor in 6.80 ms, found 5 plugins.
Preloading 0 native plugins for Editor in 0.00 ms.
Unloading 16 Unused Serialized files (Serialized files now loaded: 0)
Unloading 7193 unused Assets / (4.8 MB). Loaded Objects now: 8022.
Memory consumption went from 162.6 MB to 157.8 MB.
Total: 10.609100 ms (FindLiveObjects: 0.848600 ms CreateObjectMapping: 1.371200 ms MarkObjects: 5.619900 ms  DeleteObjects: 2.768200 ms)

Prepare: number of updated asset objects reloaded= 0
========================================================================
Received Import Request.
  Time since last request: 38198.634322 seconds.
  path: Packages/com.unity.collab-proxy/Editor/Configuration/SSOCredentialsDialog.cs
  artifactKey: Guid(f1969c6a4a44a474983058896f48d9f5) Importer(2089858483,b0f066a214c2f5e87bad3c948f4d605d)
Start importing Packages/com.unity.collab-proxy/Editor/Configuration/SSOCredentialsDialog.cs using Guid(f1969c6a4a44a474983058896f48d9f5) Importer(2089858483,b0f066a214c2f5e87bad3c948f4d605d) (ScriptedImporter) -> (artifact id: '18d4a9eb5f630fad4dd530ac600e6c20') in 0.1021987 seconds
Number of updated asset objects reloaded before import = 0Number of asset objects unloaded after import = 0

========================================================================
Received Import Request.
  Time since last request: 0.000021 seconds.
  path: Packages/com.unity.collab-proxy/Editor/Configuration/WriteLogConfiguration.cs
  artifactKey: Guid(332442c8f4f7b1943bb9e12fc97356e4) Importer(2089858483,b0f066a214c2f5e87bad3c948f4d605d)
Start importing Packages/com.unity.collab-proxy/Editor/Configuration/WriteLogConfiguration.cs using Guid(332442c8f4f7b1943bb9e12fc97356e4) Importer(2089858483,b0f066a214c2f5e87bad3c948f4d605d) (ScriptedImporter) -> (artifact id: '19f2366c1f0b7002baa4257da8c08e21') in 0.0065234 seconds
Number of updated asset objects reloaded before import = 0Number of asset objects unloaded after import = 0

========================================================================
Received Import Request.
  Time since last request: 0.000032 seconds.
  path: Packages/com.unity.collab-proxy/Editor/Headless/HeadlessGluonUpdateProgress.cs
  artifactKey: Guid(f111698d5aafb61479afc143e389a014) Importer(2089858483,b0f066a214c2f5e87bad3c948f4d605d)
Start importing Packages/com.unity.collab-proxy/Editor/Headless/HeadlessGluonUpdateProgress.cs using Guid(f111698d5aafb61479afc143e389a014) Importer(2089858483,b0f066a214c2f5e87bad3c948f4d605d) (ScriptedImporter) -> (artifact id: 'e41ac74b0c038a9f13a7367c11631cc1') in 0.0074637 seconds
Number of updated asset objects reloaded before import = 0Number of asset objects unloaded after import = 0

========================================================================
Received Import Request.
  Time since last request: 0.000023 seconds.
  path: Packages/com.unity.collab-proxy/Editor/Headless/HeadlessUpdateProgress.cs
  artifactKey: Guid(d7826644a043a9b4cb6b1f06c937cad7) Importer(2089858483,b0f066a214c2f5e87bad3c948f4d605d)
Start importing Packages/com.unity.collab-proxy/Editor/Headless/HeadlessUpdateProgress.cs using Guid(d7826644a043a9b4cb6b1f06c937cad7) Importer(2089858483,b0f066a214c2f5e87bad3c948f4d605d) (ScriptedImporter) -> (artifact id: '0f1d3e7e24f71d05c76ebe7ac8c4dc5c') in 0.0078451 seconds
Number of updated asset objects reloaded before import = 0Number of asset objects unloaded after import = 0

========================================================================
Received Import Request.
  Time since last request: 0.000020 seconds.
  path: Packages/com.unity.collab-proxy/Editor/Developer/ShelvedChangesNotification.cs
  artifactKey: Guid(db6cbe7586694d6fb3c944d67973d313) Importer(2089858483,b0f066a214c2f5e87bad3c948f4d605d)
Start importing Packages/com.unity.collab-proxy/Editor/Developer/ShelvedChangesNotification.cs using Guid(db6cbe7586694d6fb3c944d67973d313) Importer(2089858483,b0f066a214c2f5e87bad3c948f4d605d) (ScriptedImporter) -> (artifact id: 'cff5c9c54148251e6c29aa270a181a93') in 0.0070587 seconds
Number of updated asset objects reloaded before import = 0Number of asset objects unloaded after import = 0

========================================================================
Received Import Request.
  Time since last request: 0.000034 seconds.
  path: Packages/com.unity.collab-proxy/Editor/Tool/AuthToken.cs
  artifactKey: Guid(537d6b35c9cc8bd42a656dfc8cb64948) Importer(2089858483,b0f066a214c2f5e87bad3c948f4d605d)
Start importing Packages/com.unity.collab-proxy/Editor/Tool/AuthToken.cs using Guid(537d6b35c9cc8bd42a656dfc8cb64948) Importer(2089858483,b0f066a214c2f5e87bad3c948f4d605d) (ScriptedImporter) -> (artifact id: '1fa967ee663ea1677e9c67ffbac9bf41') in 0.0053977 seconds
Number of updated asset objects reloaded before import = 0Number of asset objects unloaded after import = 0

========================================================================
Received Import Request.
  Time since last request: 0.000022 seconds.
  path: Packages/com.unity.collab-proxy/Editor/Settings/UVCSProjectSettingsProvider.cs
  artifactKey: Guid(d097a5d507694ba7ac97bc9a9f2942e3) Importer(2089858483,b0f066a214c2f5e87bad3c948f4d605d)
Start importing Packages/com.unity.collab-proxy/Editor/Settings/UVCSProjectSettingsProvider.cs using Guid(d097a5d507694ba7ac97bc9a9f2942e3) Importer(2089858483,b0f066a214c2f5e87bad3c948f4d605d) (ScriptedImporter) -> (artifact id: '995402fad1ba3c0b76d49815da1262e1') in 0.0064523 seconds
Number of updated asset objects reloaded before import = 0Number of asset objects unloaded after import = 0

========================================================================
Received Import Request.
  Time since last request: 0.000020 seconds.
  path: Packages/com.unity.collab-proxy/Editor/Headless/HeadlessProgressControls.cs
  artifactKey: Guid(f957d659be9dee74fb0f993b67b2d044) Importer(2089858483,b0f066a214c2f5e87bad3c948f4d605d)
Start importing Packages/com.unity.collab-proxy/Editor/Headless/HeadlessProgressControls.cs using Guid(f957d659be9dee74fb0f993b67b2d044) Importer(2089858483,b0f066a214c2f5e87bad3c948f4d605d) (ScriptedImporter) -> (artifact id: 'b1c41e8b1564e1999f3681aeada23e78') in 0.0056895 seconds
Number of updated asset objects reloaded before import = 0Number of asset objects unloaded after import = 0

========================================================================
Received Import Request.
  Time since last request: 0.000027 seconds.
  path: Packages/com.unity.collab-proxy/Editor/Headless/HeadlessRefreshView.cs
  artifactKey: Guid(0a4d51d508394143b7023452d44f5a6a) Importer(2089858483,b0f066a214c2f5e87bad3c948f4d605d)
Start importing Packages/com.unity.collab-proxy/Editor/Headless/HeadlessRefreshView.cs using Guid(0a4d51d508394143b7023452d44f5a6a) Importer(2089858483,b0f066a214c2f5e87bad3c948f4d605d) (ScriptedImporter) -> (artifact id: '483bddb98d543cf053360532d6f6bcc3') in 0.0058655 seconds
Number of updated asset objects reloaded before import = 0Number of asset objects unloaded after import = 0

========================================================================
Received Import Request.
  Time since last request: 0.000023 seconds.
  path: Packages/com.unity.collab-proxy/Editor/Developer/ProgressOperationHandler.cs
  artifactKey: Guid(f1b80531a496e644abedd795c21274cb) Importer(2089858483,b0f066a214c2f5e87bad3c948f4d605d)
Start importing Packages/com.unity.collab-proxy/Editor/Developer/ProgressOperationHandler.cs using Guid(f1b80531a496e644abedd795c21274cb) Importer(2089858483,b0f066a214c2f5e87bad3c948f4d605d) (ScriptedImporter) -> (artifact id: 'c35742b922586c0f0ceeab2103f1af72') in 0.0085368 seconds
Number of updated asset objects reloaded before import = 0Number of asset objects unloaded after import = 0

========================================================================
Received Import Request.
  Time since last request: 0.000025 seconds.
  path: Packages/com.unity.collab-proxy/Editor/Entities/GetSubScenePathFromInstance.cs
  artifactKey: Guid(a7785ffd4a2444038c73d694d2bf3a80) Importer(2089858483,b0f066a214c2f5e87bad3c948f4d605d)
Start importing Packages/com.unity.collab-proxy/Editor/Entities/GetSubScenePathFromInstance.cs using Guid(a7785ffd4a2444038c73d694d2bf3a80) Importer(2089858483,b0f066a214c2f5e87bad3c948f4d605d) (ScriptedImporter) -> (artifact id: 'b4e8e519faa855694974cb5f4bb50d49') in 0.0072422 seconds
Number of updated asset objects reloaded before import = 0Number of asset objects unloaded after import = 0

========================================================================
Received Import Request.
  Time since last request: 0.000037 seconds.
  path: Packages/com.unity.collab-proxy/Editor/Settings/OpenUVCSProjectSettings.cs
  artifactKey: Guid(9731678ff16392a4d822454ca1052818) Importer(2089858483,b0f066a214c2f5e87bad3c948f4d605d)
Start importing Packages/com.unity.collab-proxy/Editor/Settings/OpenUVCSProjectSettings.cs using Guid(9731678ff16392a4d822454ca1052818) Importer(2089858483,b0f066a214c2f5e87bad3c948f4d605d) (ScriptedImporter) -> (artifact id: '773cea7b3719d314a77b63c322dbbf81') in 0.0110399 seconds
Number of updated asset objects reloaded before import = 0Number of asset objects unloaded after import = 0

========================================================================
Received Import Request.
  Time since last request: 0.000024 seconds.
  path: Packages/com.unity.collab-proxy/Editor/Tool/BringWindowToFront.cs
  artifactKey: Guid(bc5c1fa3d4519114cb21f3fedfe6039d) Importer(2089858483,b0f066a214c2f5e87bad3c948f4d605d)
Start importing Packages/com.unity.collab-proxy/Editor/Tool/BringWindowToFront.cs using Guid(bc5c1fa3d4519114cb21f3fedfe6039d) Importer(2089858483,b0f066a214c2f5e87bad3c948f4d605d) (ScriptedImporter) -> (artifact id: 'a5e94b818755d0c64c62e035316a2244') in 0.010598 seconds
Number of updated asset objects reloaded before import = 0Number of asset objects unloaded after import = 0

========================================================================
Received Import Request.
  Time since last request: 0.000025 seconds.
  path: Packages/com.unity.collab-proxy/Editor/Tool/LaunchTool.cs
  artifactKey: Guid(a6d05b29e607e62478df26227566e1b9) Importer(2089858483,b0f066a214c2f5e87bad3c948f4d605d)
Start importing Packages/com.unity.collab-proxy/Editor/Tool/LaunchTool.cs using Guid(a6d05b29e607e62478df26227566e1b9) Importer(2089858483,b0f066a214c2f5e87bad3c948f4d605d) (ScriptedImporter) -> (artifact id: 'ef49ec2a203d5d2106efea1303774e75') in 0.0305009 seconds
Number of updated asset objects reloaded before import = 0Number of asset objects unloaded after import = 0

========================================================================
Received Import Request.
  Time since last request: 0.000037 seconds.
  path: Packages/com.unity.collab-proxy/Editor/StatusBar/WindowStatusBar.cs
  artifactKey: Guid(2dae17e8419667e46a2a476dd2cd18e0) Importer(2089858483,b0f066a214c2f5e87bad3c948f4d605d)
Start importing Packages/com.unity.collab-proxy/Editor/StatusBar/WindowStatusBar.cs using Guid(2dae17e8419667e46a2a476dd2cd18e0) Importer(2089858483,b0f066a214c2f5e87bad3c948f4d605d) (ScriptedImporter) -> (artifact id: 'e310a51b3934321c0dc0f137c4d916c8') in 0.0077003 seconds
Number of updated asset objects reloaded before import = 0Number of asset objects unloaded after import = 0

========================================================================
Received Import Request.
  Time since last request: 0.000029 seconds.
  path: Packages/com.unity.collab-proxy/Editor/Diff/DiffMessagePanel.cs
  artifactKey: Guid(26e3da9604f1418d8da4a0b39108d6e7) Importer(2089858483,b0f066a214c2f5e87bad3c948f4d605d)
Start importing Packages/com.unity.collab-proxy/Editor/Diff/DiffMessagePanel.cs using Guid(26e3da9604f1418d8da4a0b39108d6e7) Importer(2089858483,b0f066a214c2f5e87bad3c948f4d605d) (ScriptedImporter) -> (artifact id: '26cbdf24dfb720c50db11ab9700c566c') in 0.0959397 seconds
Number of updated asset objects reloaded before import = 0Number of asset objects unloaded after import = 0

========================================================================
Received Import Request.
  Time since last request: 0.000031 seconds.
  path: Packages/com.unity.collab-proxy/Editor/UI/PlasticDialog.cs
  artifactKey: Guid(ac908610ab768459d9be962750408b43) Importer(2089858483,b0f066a214c2f5e87bad3c948f4d605d)
Start importing Packages/com.unity.collab-proxy/Editor/UI/PlasticDialog.cs using Guid(ac908610ab768459d9be962750408b43) Importer(2089858483,b0f066a214c2f5e87bad3c948f4d605d) (ScriptedImporter) -> (artifact id: '3ff42a18611ee36f4336fdea79b3a88b') in 0.0419222 seconds
Number of updated asset objects reloaded before import = 0Number of asset objects unloaded after import = 0

========================================================================
Received Import Request.
  Time since last request: 0.000025 seconds.
  path: Packages/com.unity.collab-proxy/Editor/UI/DelayedActionByFramesRunner.cs
  artifactKey: Guid(c0faad526f5548c1a53c288b045580b0) Importer(2089858483,b0f066a214c2f5e87bad3c948f4d605d)
Start importing Packages/com.unity.collab-proxy/Editor/UI/DelayedActionByFramesRunner.cs using Guid(c0faad526f5548c1a53c288b045580b0) Importer(2089858483,b0f066a214c2f5e87bad3c948f4d605d) (ScriptedImporter) -> (artifact id: '68c23f4d8861c33f800dce4615f29235') in 0.0248668 seconds
Number of updated asset objects reloaded before import = 0Number of asset objects unloaded after import = 0

========================================================================
Received Import Request.
  Time since last request: 0.000030 seconds.
  path: Packages/com.unity.collab-proxy/Editor/UI/DialogWithCheckBox.cs
  artifactKey: Guid(bf4c80d864854f97a4b2f1dcad326904) Importer(2089858483,b0f066a214c2f5e87bad3c948f4d605d)
Start importing Packages/com.unity.collab-proxy/Editor/UI/DialogWithCheckBox.cs using Guid(bf4c80d864854f97a4b2f1dcad326904) Importer(2089858483,b0f066a214c2f5e87bad3c948f4d605d) (ScriptedImporter) -> (artifact id: '34086c99b9e51036b4f6e92f030e662a') in 0.0077768 seconds
Number of updated asset objects reloaded before import = 0Number of asset objects unloaded after import = 0

========================================================================
Received Import Request.
  Time since last request: 0.000019 seconds.
  path: Packages/com.unity.collab-proxy/Editor/UI/Images.cs
  artifactKey: Guid(d765c78b18a58b14a986b34841ae9c52) Importer(2089858483,b0f066a214c2f5e87bad3c948f4d605d)
Start importing Packages/com.unity.collab-proxy/Editor/UI/Images.cs using Guid(d765c78b18a58b14a986b34841ae9c52) Importer(2089858483,b0f066a214c2f5e87bad3c948f4d605d) (ScriptedImporter) -> (artifact id: '3690ecee1c23b81bda4a7c5f2ca933c6') in 0.0091184 seconds
Number of updated asset objects reloaded before import = 0Number of asset objects unloaded after import = 0

========================================================================
Received Import Request.
  Time since last request: 0.000023 seconds.
  path: Packages/com.unity.collab-proxy/Editor/UI/HandleMenuItem.cs
  artifactKey: Guid(01023c055f6f08e408b78d36d5f7a803) Importer(2089858483,b0f066a214c2f5e87bad3c948f4d605d)
Start importing Packages/com.unity.collab-proxy/Editor/UI/HandleMenuItem.cs using Guid(01023c055f6f08e408b78d36d5f7a803) Importer(2089858483,b0f066a214c2f5e87bad3c948f4d605d) (ScriptedImporter) -> (artifact id: '54dd7ace554dacbe5ebafe673cef6c1a') in 0.0097534 seconds
Number of updated asset objects reloaded before import = 0Number of asset objects unloaded after import = 0

========================================================================
Received Import Request.
  Time since last request: 0.000028 seconds.
  path: Packages/com.unity.collab-proxy/Editor/UI/DrawTextBlockWithLink.cs
  artifactKey: Guid(54390afd4066b724d9a802ff75bed13b) Importer(2089858483,b0f066a214c2f5e87bad3c948f4d605d)
Start importing Packages/com.unity.collab-proxy/Editor/UI/DrawTextBlockWithLink.cs using Guid(54390afd4066b724d9a802ff75bed13b) Importer(2089858483,b0f066a214c2f5e87bad3c948f4d605d) (ScriptedImporter) -> (artifact id: '1dd84fbc6addc558956cb27fe08b64c0') in 0.0078033 seconds
Number of updated asset objects reloaded before import = 0Number of asset objects unloaded after import = 0

========================================================================
Received Import Request.
  Time since last request: 0.000019 seconds.
  path: Packages/com.unity.collab-proxy/Editor/UI/AttributeColor.cs
  artifactKey: Guid(ccc9f105224248edbf0b807faa2bcba9) Importer(2089858483,b0f066a214c2f5e87bad3c948f4d605d)
Start importing Packages/com.unity.collab-proxy/Editor/UI/AttributeColor.cs using Guid(ccc9f105224248edbf0b807faa2bcba9) Importer(2089858483,b0f066a214c2f5e87bad3c948f4d605d) (ScriptedImporter) -> (artifact id: '2f6d758910edf7c745be3ec0b5a98132') in 0.0071641 seconds
Number of updated asset objects reloaded before import = 0Number of asset objects unloaded after import = 0

========================================================================
Received Import Request.
  Time since last request: 0.000021 seconds.
  path: Packages/com.unity.collab-proxy/Editor/UI/OverlayProgress.cs
  artifactKey: Guid(1ea55c972a804304b2c7212f93c6bc4e) Importer(2089858483,b0f066a214c2f5e87bad3c948f4d605d)
Start importing Packages/com.unity.collab-proxy/Editor/UI/OverlayProgress.cs using Guid(1ea55c972a804304b2c7212f93c6bc4e) Importer(2089858483,b0f066a214c2f5e87bad3c948f4d605d) (ScriptedImporter) -> (artifact id: '45cf6631055d7c4f18227f153e029d1b') in 0.0074916 seconds
Number of updated asset objects reloaded before import = 0Number of asset objects unloaded after import = 0

========================================================================
Received Import Request.
  Time since last request: 0.000032 seconds.
  path: Packages/com.unity.collab-proxy/Editor/UI/INotificationContent.cs
  artifactKey: Guid(2bd4f044bfa05a14ebd7f4e6dcd0fb74) Importer(2089858483,b0f066a214c2f5e87bad3c948f4d605d)
Start importing Packages/com.unity.collab-proxy/Editor/UI/INotificationContent.cs using Guid(2bd4f044bfa05a14ebd7f4e6dcd0fb74) Importer(2089858483,b0f066a214c2f5e87bad3c948f4d605d) (ScriptedImporter) -> (artifact id: '762cad2907cfb9c616ed4320c4ef1e98') in 0.0110741 seconds
Number of updated asset objects reloaded before import = 0Number of asset objects unloaded after import = 0

========================================================================
Received Import Request.
  Time since last request: 0.000021 seconds.
  path: Packages/com.unity.collab-proxy/Editor/UI/MeasureMaxWidth.cs
  artifactKey: Guid(5eeef8c7e006fbe49ab66c960691f11e) Importer(2089858483,b0f066a214c2f5e87bad3c948f4d605d)
Start importing Packages/com.unity.collab-proxy/Editor/UI/MeasureMaxWidth.cs using Guid(5eeef8c7e006fbe49ab66c960691f11e) Importer(2089858483,b0f066a214c2f5e87bad3c948f4d605d) (ScriptedImporter) -> (artifact id: '70a5c1e4d28153385c8dd5babdc54bfb') in 0.0187582 seconds
Number of updated asset objects reloaded before import = 0Number of asset objects unloaded after import = 0

========================================================================
Received Import Request.
  Time since last request: 0.000018 seconds.
  path: Packages/com.unity.collab-proxy/Editor/UI/DrawStaticElement.cs
  artifactKey: Guid(70bf1fe1bcd44b64b43910da6487eab4) Importer(2089858483,b0f066a214c2f5e87bad3c948f4d605d)
Start importing Packages/com.unity.collab-proxy/Editor/UI/DrawStaticElement.cs using Guid(70bf1fe1bcd44b64b43910da6487eab4) Importer(2089858483,b0f066a214c2f5e87bad3c948f4d605d) (ScriptedImporter) -> (artifact id: 'da9e8127b3f52f7295d54675f078d717') in 0.0068833 seconds
Number of updated asset objects reloaded before import = 0Number of asset objects unloaded after import = 0

========================================================================
Received Import Request.
  Time since last request: 0.000025 seconds.
  path: Packages/com.unity.collab-proxy/Editor/UI/EditorProgressControls.cs
  artifactKey: Guid(e436e24eba68eff48b3fb264ad0ab953) Importer(2089858483,b0f066a214c2f5e87bad3c948f4d605d)
Start importing Packages/com.unity.collab-proxy/Editor/UI/EditorProgressControls.cs using Guid(e436e24eba68eff48b3fb264ad0ab953) Importer(2089858483,b0f066a214c2f5e87bad3c948f4d605d) (ScriptedImporter) -> (artifact id: 'dba4cfb7623872782a9048fe5f5452a0') in 0.0083915 seconds
Number of updated asset objects reloaded before import = 0Number of asset objects unloaded after import = 0

========================================================================
Received Import Request.
  Time since last request: 0.000021 seconds.
  path: Packages/com.unity.collab-proxy/Editor/UI/ShowWindow.cs
  artifactKey: Guid(2bdca37e8ede38949a186765fa1eefc6) Importer(2089858483,b0f066a214c2f5e87bad3c948f4d605d)
Start importing Packages/com.unity.collab-proxy/Editor/UI/ShowWindow.cs using Guid(2bdca37e8ede38949a186765fa1eefc6) Importer(2089858483,b0f066a214c2f5e87bad3c948f4d605d) (ScriptedImporter) -> (artifact id: 'ab6e3452407e44aa85df7b6fc7dcb7e5') in 0.0075236 seconds
Number of updated asset objects reloaded before import = 0Number of asset objects unloaded after import = 0

========================================================================
Received Import Request.
  Time since last request: 0.000019 seconds.
  path: Packages/com.unity.collab-proxy/Editor/UI/UnityConstants.cs
  artifactKey: Guid(c60feb8f0f5f57c4393eae9a43529616) Importer(2089858483,b0f066a214c2f5e87bad3c948f4d605d)
Start importing Packages/com.unity.collab-proxy/Editor/UI/UnityConstants.cs using Guid(c60feb8f0f5f57c4393eae9a43529616) Importer(2089858483,b0f066a214c2f5e87bad3c948f4d605d) (ScriptedImporter) -> (artifact id: 'c003ee5dd006abdc45b30ed08a569871') in 0.0066953 seconds
Number of updated asset objects reloaded before import = 0Number of asset objects unloaded after import = 0

========================================================================
Received Import Request.
  Time since last request: 0.000024 seconds.
  path: Packages/com.unity.collab-proxy/Editor/UI/SplitterSettings.cs
  artifactKey: Guid(b3b18600c13f447a90bf04fc2a6dc2d5) Importer(2089858483,b0f066a214c2f5e87bad3c948f4d605d)
Start importing Packages/com.unity.collab-proxy/Editor/UI/SplitterSettings.cs using Guid(b3b18600c13f447a90bf04fc2a6dc2d5) Importer(2089858483,b0f066a214c2f5e87bad3c948f4d605d) (ScriptedImporter) -> (artifact id: '6c616063391edc07edd8e34a3de7d088') in 0.0075113 seconds
Number of updated asset objects reloaded before import = 0Number of asset objects unloaded after import = 0

========================================================================
Received Import Request.
  Time since last request: 0.000015 seconds.
  path: Packages/com.unity.collab-proxy/Editor/UI/GetPlasticShortcut.cs
  artifactKey: Guid(65c9d93f86da86b41a712d92e8f03dc2) Importer(2089858483,b0f066a214c2f5e87bad3c948f4d605d)
Start importing Packages/com.unity.collab-proxy/Editor/UI/GetPlasticShortcut.cs using Guid(65c9d93f86da86b41a712d92e8f03dc2) Importer(2089858483,b0f066a214c2f5e87bad3c948f4d605d) (ScriptedImporter) -> (artifact id: '76f442b5d23177a8c47398d8d29d53d2') in 0.0064233 seconds
Number of updated asset objects reloaded before import = 0Number of asset objects unloaded after import = 0

========================================================================
Received Import Request.
  Time since last request: 0.000024 seconds.
  path: Packages/com.unity.collab-proxy/Editor/Entities/Unity.PlasticSCM.Editor.Entities.asmdef
  artifactKey: Guid(c24d342672367b243aff1910ea83a56d) Importer(2089858483,b0f066a214c2f5e87bad3c948f4d605d)
Start importing Packages/com.unity.collab-proxy/Editor/Entities/Unity.PlasticSCM.Editor.Entities.asmdef using Guid(c24d342672367b243aff1910ea83a56d) Importer(2089858483,b0f066a214c2f5e87bad3c948f4d605d) (ScriptedImporter) -> (artifact id: '178af0e7012803a29428c9ac316a2ec7') in 0.008728 seconds
Number of updated asset objects reloaded before import = 0Number of asset objects unloaded after import = 1

========================================================================
Received Import Request.
  Time since last request: 0.000256 seconds.
  path: Packages/com.unity.collab-proxy/Editor/UI/DialogWithCheckBox_Legacy.cs
  artifactKey: Guid(e26dd2ea146011948b8e7518465ea71a) Importer(2089858483,b0f066a214c2f5e87bad3c948f4d605d)
Start importing Packages/com.unity.collab-proxy/Editor/UI/DialogWithCheckBox_Legacy.cs using Guid(e26dd2ea146011948b8e7518465ea71a) Importer(2089858483,b0f066a214c2f5e87bad3c948f4d605d) (ScriptedImporter) -> (artifact id: 'e8e56073ef1a8b2ca5ce86861c626c09') in 0.0294689 seconds
Number of updated asset objects reloaded before import = 0Number of asset objects unloaded after import = 0

========================================================================
Received Prepare
Begin MonoManager ReloadAssembly
- Loaded All Assemblies, in  1.180 seconds
Refreshing native plugins compatible for Editor in 8.57 ms, found 5 plugins.
Native extension for Android target not found
Native extension for WindowsStandalone target not found
Native extension for WebGL target not found
[Package Manager] Failed to launch server process. Reason: Unity was launched with the -noUpm command-line argument
[Package Manager] Unable to send message (not connected to server process).
[Package Manager] Cannot connect to Unity Package Manager local server
[Package Manager] Failed to launch server process. Reason: Unity was launched with the -noUpm command-line argument
[Package Manager] Unable to send message (not connected to server process).
[Package Manager] Cannot connect to Unity Package Manager local server
ScheduleIndexationOnStartup MainProcess:False IndexOnStartup:True
Mono: successfully reloaded assembly
- Finished resetting the current domain, in  1.600 seconds
Domain Reload Profiling: 2766ms
	BeginReloadAssembly (307ms)
		ExecutionOrderSort (0ms)
		DisableScriptedObjects (17ms)
		BackupInstance (0ms)
		ReleaseScriptingObjects (0ms)
		CreateAndSetChildDomain (56ms)
	RebuildCommonClasses (54ms)
	RebuildNativeTypeToScriptingClass (18ms)
	initialDomainReloadingComplete (54ms)
	LoadAllAssembliesAndSetupDomain (733ms)
		LoadAssemblies (588ms)
		RebuildTransferFunctionScriptingTraits (0ms)
		AnalyzeDomain (304ms)
			TypeCache.Refresh (13ms)
				TypeCache.ScanAssembly (0ms)
			BuildScriptInfoCaches (274ms)
			ResolveRequiredComponents (10ms)
	FinalizeReload (1601ms)
		ReleaseScriptCaches (0ms)
		RebuildScriptCaches (0ms)
		SetupLoadedEditorAssemblies (1254ms)
			LogAssemblyErrors (0ms)
			InitializePlatformSupportModulesInManaged (15ms)
			SetLoadedEditorAssemblies (9ms)
			BeforeProcessingInitializeOnLoad (403ms)
			ProcessInitializeOnLoadAttributes (674ms)
			ProcessInitializeOnLoadMethodAttributes (134ms)
			AfterProcessingInitializeOnLoad (18ms)
			EditorAssembliesLoaded (1ms)
		ExecutionOrderSort2 (0ms)
		AwakeInstancesAfterBackupRestoration (33ms)
Refreshing native plugins compatible for Editor in 6.84 ms, found 5 plugins.
Preloading 0 native plugins for Editor in 0.00 ms.
Unloading 16 Unused Serialized files (Serialized files now loaded: 0)
Unloading 7208 unused Assets / (4.7 MB). Loaded Objects now: 8028.
Memory consumption went from 166.6 MB to 161.9 MB.
Total: 11.962200 ms (FindLiveObjects: 0.969600 ms CreateObjectMapping: 1.591700 ms MarkObjects: 6.164700 ms  DeleteObjects: 3.235100 ms)

Prepare: number of updated asset objects reloaded= 0
========================================================================
Received Import Request.
  Time since last request: 8.304283 seconds.
  path: Assets/Assessment 1 Scripts/InputHandler.cs
  artifactKey: Guid(80820bdfe5eb9ef42a372cc5b453b311) Importer(815301076,1909f56bfc062723c751e8b465ee728b)
Start importing Assets/Assessment 1 Scripts/InputHandler.cs using Guid(80820bdfe5eb9ef42a372cc5b453b311) Importer(815301076,1909f56bfc062723c751e8b465ee728b) (PreviewImporter) -> (artifact id: 'f8f38e765a973aa7ffa1aab064907380') in 0.011329 seconds
Number of updated asset objects reloaded before import = 0Number of asset objects unloaded after import = 0

========================================================================
Received Import Request.
  Time since last request: 72.122669 seconds.
  path: Assets/Assessment 1 Scripts/InputHandler.cs
  artifactKey: Guid(80820bdfe5eb9ef42a372cc5b453b311) Importer(2089858483,b0f066a214c2f5e87bad3c948f4d605d)
Start importing Assets/Assessment 1 Scripts/InputHandler.cs using Guid(80820bdfe5eb9ef42a372cc5b453b311) Importer(2089858483,b0f066a214c2f5e87bad3c948f4d605d) (ScriptedImporter) -> (artifact id: 'add2b8a51ea21caa6a9a313fb5f5596c') in 0.1031909 seconds
Number of updated asset objects reloaded before import = 0Number of asset objects unloaded after import = 0

========================================================================
Received Import Request.
  Time since last request: 0.000025 seconds.
  path: Packages/com.unity.collab-proxy/Editor/UI/UnityEvents.cs
  artifactKey: Guid(023009af66be2da4d84bf23700528308) Importer(2089858483,b0f066a214c2f5e87bad3c948f4d605d)
Start importing Packages/com.unity.collab-proxy/Editor/UI/UnityEvents.cs using Guid(023009af66be2da4d84bf23700528308) Importer(2089858483,b0f066a214c2f5e87bad3c948f4d605d) (ScriptedImporter) -> (artifact id: '15bb67f48bc8eabf34ec8cb28ebc0b07') in 0.007984 seconds
Number of updated asset objects reloaded before import = 0Number of asset objects unloaded after import = 0

========================================================================
Received Import Request.
  Time since last request: 0.000029 seconds.
  path: Packages/com.unity.collab-proxy/Editor/UI/UnityThreadWaiter.cs
  artifactKey: Guid(83e946775d0516c4aba77860a60ed6e6) Importer(2089858483,b0f066a214c2f5e87bad3c948f4d605d)
Start importing Packages/com.unity.collab-proxy/Editor/UI/UnityThreadWaiter.cs using Guid(83e946775d0516c4aba77860a60ed6e6) Importer(2089858483,b0f066a214c2f5e87bad3c948f4d605d) (ScriptedImporter) -> (artifact id: '192fc013f4614344ab9662f403824b0f') in 0.0069213 seconds
Number of updated asset objects reloaded before import = 0Number of asset objects unloaded after import = 0

========================================================================
Received Import Request.
  Time since last request: 0.000027 seconds.
  path: Packages/com.unity.collab-proxy/Editor/AssetMenu/Dialogs/CheckinDialog.cs
  artifactKey: Guid(678db227e4ffec949980d309c0532b08) Importer(2089858483,b0f066a214c2f5e87bad3c948f4d605d)
Start importing Packages/com.unity.collab-proxy/Editor/AssetMenu/Dialogs/CheckinDialog.cs using Guid(678db227e4ffec949980d309c0532b08) Importer(2089858483,b0f066a214c2f5e87bad3c948f4d605d) (ScriptedImporter) -> (artifact id: '0a5771aee2492ad78187ff0a5807122c') in 0.0076393 seconds
Number of updated asset objects reloaded before import = 0Number of asset objects unloaded after import = 0

========================================================================
Received Import Request.
  Time since last request: 0.000019 seconds.
  path: Packages/com.unity.collab-proxy/Editor/WebApi/ErrorResponse.cs
  artifactKey: Guid(e86abcad326bbd44a9f3c0516899ce75) Importer(2089858483,b0f066a214c2f5e87bad3c948f4d605d)
Start importing Packages/com.unity.collab-proxy/Editor/WebApi/ErrorResponse.cs using Guid(e86abcad326bbd44a9f3c0516899ce75) Importer(2089858483,b0f066a214c2f5e87bad3c948f4d605d) (ScriptedImporter) -> (artifact id: 'f05fa9e5cd6491a0afa640d576765714') in 0.0072784 seconds
Number of updated asset objects reloaded before import = 0Number of asset objects unloaded after import = 0

========================================================================
Received Import Request.
  Time since last request: 0.000032 seconds.
  path: Packages/com.unity.collab-proxy/Editor/Views/LaunchDiffOperations.cs
  artifactKey: Guid(6483fd05e8bf42a47aee5e11dbf6db8a) Importer(2089858483,b0f066a214c2f5e87bad3c948f4d605d)
Start importing Packages/com.unity.collab-proxy/Editor/Views/LaunchDiffOperations.cs using Guid(6483fd05e8bf42a47aee5e11dbf6db8a) Importer(2089858483,b0f066a214c2f5e87bad3c948f4d605d) (ScriptedImporter) -> (artifact id: '47d04afb20daaf80609d6e6f860e8ac8') in 0.0083482 seconds
Number of updated asset objects reloaded before import = 0Number of asset objects unloaded after import = 0

========================================================================
Received Import Request.
  Time since last request: 0.000015 seconds.
  path: Packages/com.unity.collab-proxy/Editor/Views/ApplyShelveWithConflictsQuestionerBuilder.cs
  artifactKey: Guid(da54c27b153842f8b52711ef467ad986) Importer(2089858483,b0f066a214c2f5e87bad3c948f4d605d)
Start importing Packages/com.unity.collab-proxy/Editor/Views/ApplyShelveWithConflictsQuestionerBuilder.cs using Guid(da54c27b153842f8b52711ef467ad986) Importer(2089858483,b0f066a214c2f5e87bad3c948f4d605d) (ScriptedImporter) -> (artifact id: '4386d1e343d2dfeb96975fc6bf5ef5dd') in 0.0056444 seconds
Number of updated asset objects reloaded before import = 0Number of asset objects unloaded after import = 0

========================================================================
Received Import Request.
  Time since last request: 0.000017 seconds.
  path: Packages/com.unity.collab-proxy/Editor/UI/UnityPlasticTimer.cs
  artifactKey: Guid(90a94ffd2947aab4d9da12dee0175a7a) Importer(2089858483,b0f066a214c2f5e87bad3c948f4d605d)
Start importing Packages/com.unity.collab-proxy/Editor/UI/UnityPlasticTimer.cs using Guid(90a94ffd2947aab4d9da12dee0175a7a) Importer(2089858483,b0f066a214c2f5e87bad3c948f4d605d) (ScriptedImporter) -> (artifact id: '020470a16325f7136002d0c41aff98b1') in 0.0055709 seconds
Number of updated asset objects reloaded before import = 0Number of asset objects unloaded after import = 0

========================================================================
Received Import Request.
  Time since last request: 0.000020 seconds.
  path: Packages/com.unity.collab-proxy/Editor/UVCSToolbar/ToolbarController.cs
  artifactKey: Guid(792f2bf6e6d57db4f93253a322673bc7) Importer(2089858483,b0f066a214c2f5e87bad3c948f4d605d)
Start importing Packages/com.unity.collab-proxy/Editor/UVCSToolbar/ToolbarController.cs using Guid(792f2bf6e6d57db4f93253a322673bc7) Importer(2089858483,b0f066a214c2f5e87bad3c948f4d605d) (ScriptedImporter) -> (artifact id: 'daf22609e3cf733e578a77f65a37b1df') in 0.0054634 seconds
Number of updated asset objects reloaded before import = 0Number of asset objects unloaded after import = 0

========================================================================
Received Import Request.
  Time since last request: 0.000026 seconds.
  path: Packages/com.unity.collab-proxy/Editor/Views/ConfirmContinueWithPendingChangesDialog.cs
  artifactKey: Guid(3389e142c33d23546a31fc469443a2c3) Importer(2089858483,b0f066a214c2f5e87bad3c948f4d605d)
Start importing Packages/com.unity.collab-proxy/Editor/Views/ConfirmContinueWithPendingChangesDialog.cs using Guid(3389e142c33d23546a31fc469443a2c3) Importer(2089858483,b0f066a214c2f5e87bad3c948f4d605d) (ScriptedImporter) -> (artifact id: 'b78d62def26f978991eceaee09ea8108') in 0.0060344 seconds
Number of updated asset objects reloaded before import = 0Number of asset objects unloaded after import = 0

========================================================================
Received Import Request.
  Time since last request: 0.000020 seconds.
  path: Packages/com.unity.collab-proxy/Editor/UnityInternals/Unity.CollabProxy.Editor.asmdef
  artifactKey: Guid(17b36165d09634a48bf5a0e4bb27f4bd) Importer(2089858483,b0f066a214c2f5e87bad3c948f4d605d)
Start importing Packages/com.unity.collab-proxy/Editor/UnityInternals/Unity.CollabProxy.Editor.asmdef using Guid(17b36165d09634a48bf5a0e4bb27f4bd) Importer(2089858483,b0f066a214c2f5e87bad3c948f4d605d) (ScriptedImporter) -> (artifact id: 'a4a45afbe52bf94666fc11b8bef76f13') in 0.0076805 seconds
Number of updated asset objects reloaded before import = 0Number of asset objects unloaded after import = 1

========================================================================
Received Import Request.
  Time since last request: 0.000018 seconds.
  path: Packages/com.unity.collab-proxy/Editor/AssetOverlays/Cache/BuildPathDictionary.cs
  artifactKey: Guid(9c963b5d17c74314eb7105e71377cdb8) Importer(2089858483,b0f066a214c2f5e87bad3c948f4d605d)
Start importing Packages/com.unity.collab-proxy/Editor/AssetOverlays/Cache/BuildPathDictionary.cs using Guid(9c963b5d17c74314eb7105e71377cdb8) Importer(2089858483,b0f066a214c2f5e87bad3c948f4d605d) (ScriptedImporter) -> (artifact id: '5426a9b067ff87a78cbe9fe41a9374c8') in 0.0056269 seconds
Number of updated asset objects reloaded before import = 0Number of asset objects unloaded after import = 0

========================================================================
Received Import Request.
  Time since last request: 0.000028 seconds.
  path: Packages/com.unity.collab-proxy/Editor/UI/UnityStyles.cs
  artifactKey: Guid(0a3ad267026374439be70d4b4cd3d4f7) Importer(2089858483,b0f066a214c2f5e87bad3c948f4d605d)
Start importing Packages/com.unity.collab-proxy/Editor/UI/UnityStyles.cs using Guid(0a3ad267026374439be70d4b4cd3d4f7) Importer(2089858483,b0f066a214c2f5e87bad3c948f4d605d) (ScriptedImporter) -> (artifact id: 'e29f9b5d892f9a001713f2ba84792869') in 0.0061338 seconds
Number of updated asset objects reloaded before import = 0Number of asset objects unloaded after import = 0

========================================================================
Received Import Request.
  Time since last request: 0.000016 seconds.
  path: Packages/com.unity.collab-proxy/Editor/Assets/Images/ArrowCaretLeft.png
  artifactKey: Guid(1c16a099b53fd4712b2d4cdb8fecd9f8) Importer(2089858483,b0f066a214c2f5e87bad3c948f4d605d)
Start importing Packages/com.unity.collab-proxy/Editor/Assets/Images/ArrowCaretLeft.png using Guid(1c16a099b53fd4712b2d4cdb8fecd9f8) Importer(2089858483,b0f066a214c2f5e87bad3c948f4d605d) (ScriptedImporter)[Licensing::Client] Successfully resolved entitlement details
 -> (artifact id: '09bc93b681678a9865766c658f538b2b') in 0.0750196 seconds
Number of updated asset objects reloaded before import = 0Number of asset objects unloaded after import = 3

========================================================================
Received Import Request.
  Time since last request: 0.000018 seconds.
  path: Packages/com.unity.collab-proxy/Editor/Views/DateFilter.cs
  artifactKey: Guid(3a4d62c64067bca4cbbd6f7fcad2e190) Importer(2089858483,b0f066a214c2f5e87bad3c948f4d605d)
Start importing Packages/com.unity.collab-proxy/Editor/Views/DateFilter.cs using Guid(3a4d62c64067bca4cbbd6f7fcad2e190) Importer(2089858483,b0f066a214c2f5e87bad3c948f4d605d) (ScriptedImporter) -> (artifact id: '3f9899123e3f50a4c36731e9a922e1f6') in 0.0054978 seconds
Number of updated asset objects reloaded before import = 0Number of asset objects unloaded after import = 0

========================================================================
Received Import Request.
  Time since last request: 0.000025 seconds.
  path: Packages/com.unity.collab-proxy/Editor/AssetMenu/Dialogs/AddToCloudDriveDialog.cs
  artifactKey: Guid(c8d9f1a2b3e4f5a6b7c8d9e0f1a2b3c4) Importer(2089858483,b0f066a214c2f5e87bad3c948f4d605d)
Start importing Packages/com.unity.collab-proxy/Editor/AssetMenu/Dialogs/AddToCloudDriveDialog.cs using Guid(c8d9f1a2b3e4f5a6b7c8d9e0f1a2b3c4) Importer(2089858483,b0f066a214c2f5e87bad3c948f4d605d) (ScriptedImporter) -> (artifact id: '1b2a37e04b9a5da6b96b75baacfa671a') in 0.0055103 seconds
Number of updated asset objects reloaded before import = 0Number of asset objects unloaded after import = 0

========================================================================
Received Import Request.
  Time since last request: 0.000016 seconds.
  path: Packages/com.unity.collab-proxy/Editor/WebApi/TokenExchangeResponse.cs
  artifactKey: Guid(4932f8b3d8c26804bb16dc5cb5b766ce) Importer(2089858483,b0f066a214c2f5e87bad3c948f4d605d)
Start importing Packages/com.unity.collab-proxy/Editor/WebApi/TokenExchangeResponse.cs using Guid(4932f8b3d8c26804bb16dc5cb5b766ce) Importer(2089858483,b0f066a214c2f5e87bad3c948f4d605d) (ScriptedImporter) -> (artifact id: '9ce5cbc1f5e974d0aec7af8276912ef8') in 0.0055258 seconds
Number of updated asset objects reloaded before import = 0Number of asset objects unloaded after import = 0

========================================================================
Received Import Request.
  Time since last request: 0.000015 seconds.
  path: Packages/com.unity.collab-proxy/Lib/Editor/unityplastic.dll
  artifactKey: Guid(2815db9162500574ba59b498f10c3eff) Importer(2089858483,b0f066a214c2f5e87bad3c948f4d605d)
Start importing Packages/com.unity.collab-proxy/Lib/Editor/unityplastic.dll using Guid(2815db9162500574ba59b498f10c3eff) Importer(2089858483,b0f066a214c2f5e87bad3c948f4d605d) (ScriptedImporter) -> (artifact id: 'f6c754f41588491253f7e8117d388e08') in 0.0071151 seconds
Number of updated asset objects reloaded before import = 0Number of asset objects unloaded after import = 0

========================================================================
Received Import Request.
  Time since last request: 0.000022 seconds.
  path: Packages/com.unity.collab-proxy/Editor/UnityInternals/UVCSToolbarButton_Legacy.cs
  artifactKey: Guid(1b769279d1324508b645aea1a29bae8c) Importer(2089858483,b0f066a214c2f5e87bad3c948f4d605d)
Start importing Packages/com.unity.collab-proxy/Editor/UnityInternals/UVCSToolbarButton_Legacy.cs using Guid(1b769279d1324508b645aea1a29bae8c) Importer(2089858483,b0f066a214c2f5e87bad3c948f4d605d) (ScriptedImporter) -> (artifact id: 'd1d0cca1a0c93f3f5ce7cb65debcf343') in 0.0054964 seconds
Number of updated asset objects reloaded before import = 0Number of asset objects unloaded after import = 0

========================================================================
Received Import Request.
  Time since last request: 0.000024 seconds.
  path: Packages/com.unity.collab-proxy/Editor/AssetOverlays/Cache/LocalStatusCache.cs
  artifactKey: Guid(226459a134855504d841db6b61519d2b) Importer(2089858483,b0f066a214c2f5e87bad3c948f4d605d)
Start importing Packages/com.unity.collab-proxy/Editor/AssetOverlays/Cache/LocalStatusCache.cs using Guid(226459a134855504d841db6b61519d2b) Importer(2089858483,b0f066a214c2f5e87bad3c948f4d605d) (ScriptedImporter) -> (artifact id: '98dde46116a1d41757b6b06c5d7f074f') in 0.0060652 seconds
Number of updated asset objects reloaded before import = 0Number of asset objects unloaded after import = 0

========================================================================
Received Import Request.
  Time since last request: 0.000015 seconds.
  path: Packages/com.unity.collab-proxy/Lib/Editor/Unity.Plastic.Newtonsoft.Json.dll
  artifactKey: Guid(e5fb93667cf08524f94b12181dbe3546) Importer(2089858483,b0f066a214c2f5e87bad3c948f4d605d)
Start importing Packages/com.unity.collab-proxy/Lib/Editor/Unity.Plastic.Newtonsoft.Json.dll using Guid(e5fb93667cf08524f94b12181dbe3546) Importer(2089858483,b0f066a214c2f5e87bad3c948f4d605d) (ScriptedImporter) -> (artifact id: '3709b07afa2177c379a0b1b97622eccd') in 0.0059152 seconds
Number of updated asset objects reloaded before import = 0Number of asset objects unloaded after import = 0

========================================================================
Received Import Request.
  Time since last request: 0.000017 seconds.
  path: Packages/com.unity.collab-proxy/Editor/AssetOverlays/Cache/LockStatusCache.cs
  artifactKey: Guid(953c29d2e0dece647a64940343c91547) Importer(2089858483,b0f066a214c2f5e87bad3c948f4d605d)
Start importing Packages/com.unity.collab-proxy/Editor/AssetOverlays/Cache/LockStatusCache.cs using Guid(953c29d2e0dece647a64940343c91547) Importer(2089858483,b0f066a214c2f5e87bad3c948f4d605d) (ScriptedImporter) -> (artifact id: 'a92645bf2f67223ea33d55d0fa30b2d7') in 0.0055926 seconds
Number of updated asset objects reloaded before import = 0Number of asset objects unloaded after import = 0

========================================================================
Received Import Request.
  Time since last request: 0.000025 seconds.
  path: Packages/com.unity.collab-proxy/Editor/UVCSToolbar/UVCSToolbarButtonData.cs
  artifactKey: Guid(5bbb26813ae33c64d8937661111fb3c6) Importer(2089858483,b0f066a214c2f5e87bad3c948f4d605d)
Start importing Packages/com.unity.collab-proxy/Editor/UVCSToolbar/UVCSToolbarButtonData.cs using Guid(5bbb26813ae33c64d8937661111fb3c6) Importer(2089858483,b0f066a214c2f5e87bad3c948f4d605d) (ScriptedImporter) -> (artifact id: '8fc69941075224e4a7807881f5d50b6f') in 0.0058297 seconds
Number of updated asset objects reloaded before import = 0Number of asset objects unloaded after import = 0

========================================================================
Received Import Request.
  Time since last request: 0.000016 seconds.
  path: Packages/com.unity.collab-proxy/Editor/_Deprecated/PlasticPlugin.cs
  artifactKey: Guid(db9d246046f68df409cf1f58ea3dcc68) Importer(2089858483,b0f066a214c2f5e87bad3c948f4d605d)
Start importing Packages/com.unity.collab-proxy/Editor/_Deprecated/PlasticPlugin.cs using Guid(db9d246046f68df409cf1f58ea3dcc68) Importer(2089858483,b0f066a214c2f5e87bad3c948f4d605d) (ScriptedImporter) -> (artifact id: '3057a3498f4e0691415964d4b3fab9a3') in 0.0070198 seconds
Number of updated asset objects reloaded before import = 0Number of asset objects unloaded after import = 0

========================================================================
Received Import Request.
  Time since last request: 0.000023 seconds.
  path: Packages/com.unity.collab-proxy/Editor/BoolSetting.cs
  artifactKey: Guid(5be77ef41db4cc24a82cd1eca7456b5a) Importer(2089858483,b0f066a214c2f5e87bad3c948f4d605d)
Start importing Packages/com.unity.collab-proxy/Editor/BoolSetting.cs using Guid(5be77ef41db4cc24a82cd1eca7456b5a) Importer(2089858483,b0f066a214c2f5e87bad3c948f4d605d) (ScriptedImporter) -> (artifact id: '809350d3f268a6dbf9d381590d09f7ca') in 0.0068691 seconds
Number of updated asset objects reloaded before import = 0Number of asset objects unloaded after import = 0

========================================================================
Received Import Request.
  Time since last request: 0.000019 seconds.
  path: Packages/com.unity.collab-proxy/Editor/AssetMenu/AssetMenuOperations.cs
  artifactKey: Guid(c456fa791a741a045a8a99ee73af2ae6) Importer(2089858483,b0f066a214c2f5e87bad3c948f4d605d)
Start importing Packages/com.unity.collab-proxy/Editor/AssetMenu/AssetMenuOperations.cs using Guid(c456fa791a741a045a8a99ee73af2ae6) Importer(2089858483,b0f066a214c2f5e87bad3c948f4d605d) (ScriptedImporter) -> (artifact id: 'ef49bc2890e1fc762df808f3715c57e0') in 0.0072975 seconds
Number of updated asset objects reloaded before import = 0Number of asset objects unloaded after import = 0

========================================================================
Received Import Request.
  Time since last request: 0.000024 seconds.
  path: Packages/com.unity.collab-proxy/Editor/WebApi/SubscriptionDetailsResponse.cs
  artifactKey: Guid(63860c9f5f91cbb4ea813deafa1327a0) Importer(2089858483,b0f066a214c2f5e87bad3c948f4d605d)
Start importing Packages/com.unity.collab-proxy/Editor/WebApi/SubscriptionDetailsResponse.cs using Guid(63860c9f5f91cbb4ea813deafa1327a0) Importer(2089858483,b0f066a214c2f5e87bad3c948f4d605d) (ScriptedImporter) -> (artifact id: 'e5c7622cb4dcd7c45ed4388844433d8e') in 0.0070324 seconds
Number of updated asset objects reloaded before import = 0Number of asset objects unloaded after import = 0

========================================================================
Received Import Request.
  Time since last request: 0.000015 seconds.
  path: Packages/com.unity.collab-proxy/Lib/Editor/FileSystemWatcherLicense.txt
  artifactKey: Guid(992242bf8b23e574bbc95a128844c481) Importer(2089858483,b0f066a214c2f5e87bad3c948f4d605d)
Start importing Packages/com.unity.collab-proxy/Lib/Editor/FileSystemWatcherLicense.txt using Guid(992242bf8b23e574bbc95a128844c481) Importer(2089858483,b0f066a214c2f5e87bad3c948f4d605d) (ScriptedImporter) -> (artifact id: '514353495527a17706092d4d3c6f6a4c') in 0.0058665 seconds
Number of updated asset objects reloaded before import = 0Number of asset objects unloaded after import = 1

========================================================================
Received Import Request.
  Time since last request: 0.000016 seconds.
  path: Packages/com.unity.collab-proxy/Editor/AssetOverlays/DrawHierarchyOverlay.cs
  artifactKey: Guid(68f2f2587930106408dd3b00fb4974ff) Importer(2089858483,b0f066a214c2f5e87bad3c948f4d605d)
Start importing Packages/com.unity.collab-proxy/Editor/AssetOverlays/DrawHierarchyOverlay.cs using Guid(68f2f2587930106408dd3b00fb4974ff) Importer(2089858483,b0f066a214c2f5e87bad3c948f4d605d) (ScriptedImporter) -> (artifact id: '53307e850d31ba8e34157c96db570c58') in 0.0054051 seconds
Number of updated asset objects reloaded before import = 0Number of asset objects unloaded after import = 0

========================================================================
Received Import Request.
  Time since last request: 0.000018 seconds.
  path: Packages/com.unity.collab-proxy/Editor/AssetsUtils/RefreshAsset.cs
  artifactKey: Guid(7495e44f1cb132745a310485807e68f6) Importer(2089858483,b0f066a214c2f5e87bad3c948f4d605d)
Start importing Packages/com.unity.collab-proxy/Editor/AssetsUtils/RefreshAsset.cs using Guid(7495e44f1cb132745a310485807e68f6) Importer(2089858483,b0f066a214c2f5e87bad3c948f4d605d) (ScriptedImporter) -> (artifact id: 'c5104802db6a6341488de8dd1647c6ea') in 0.0071332 seconds
Number of updated asset objects reloaded before import = 0Number of asset objects unloaded after import = 0

========================================================================
Received Import Request.
  Time since last request: 0.000034 seconds.
  path: Packages/com.unity.collab-proxy/Editor/Assets/Images/d_buttonssosigninemail.png
  artifactKey: Guid(3086d66a563317b40a20a20da2c64ac0) Importer(2089858483,b0f066a214c2f5e87bad3c948f4d605d)
Start importing Packages/com.unity.collab-proxy/Editor/Assets/Images/d_buttonssosigninemail.png using Guid(3086d66a563317b40a20a20da2c64ac0) Importer(2089858483,b0f066a214c2f5e87bad3c948f4d605d) (ScriptedImporter) -> (artifact id: '690c93e938ec4bef23f8739dffa52a89') in 0.0111026 seconds
Number of updated asset objects reloaded before import = 0Number of asset objects unloaded after import = 1

========================================================================
Received Import Request.
  Time since last request: 0.000015 seconds.
  path: Packages/com.unity.collab-proxy/Editor/Assets/Images/d_buttonhome.png
  artifactKey: Guid(09fca212d621e844a8a0f11a9ac6c1bc) Importer(2089858483,b0f066a214c2f5e87bad3c948f4d605d)
Start importing Packages/com.unity.collab-proxy/Editor/Assets/Images/d_buttonhome.png using Guid(09fca212d621e844a8a0f11a9ac6c1bc) Importer(2089858483,b0f066a214c2f5e87bad3c948f4d605d) (ScriptedImporter) -> (artifact id: '476cd6ad2237d8a756ec2a501891259f') in 0.0113194 seconds
Number of updated asset objects reloaded before import = 0Number of asset objects unloaded after import = 3

========================================================================
Received Import Request.
  Time since last request: 0.000016 seconds.
  path: Packages/com.unity.collab-proxy/Editor/Assets/Images/d_buttonssosigninemail@2x.png
  artifactKey: Guid(144aa74618b85974a9a50f612c2fa8fd) Importer(2089858483,b0f066a214c2f5e87bad3c948f4d605d)
Start importing Packages/com.unity.collab-proxy/Editor/Assets/Images/d_buttonssosigninemail@2x.png using Guid(144aa74618b85974a9a50f612c2fa8fd) Importer(2089858483,b0f066a214c2f5e87bad3c948f4d605d) (ScriptedImporter) -> (artifact id: 'e5a4c5fe4b7b31a6069551a4da86cd87') in 0.0105599 seconds
Number of updated asset objects reloaded before import = 0Number of asset objects unloaded after import = 1

========================================================================
Received Import Request.
  Time since last request: 0.000022 seconds.
  path: Packages/com.unity.collab-proxy/Editor/Assets/Images/d_iconclipboard.png
  artifactKey: Guid(3f65802f2a170a145bd30ab3801b8d80) Importer(2089858483,b0f066a214c2f5e87bad3c948f4d605d)
Start importing Packages/com.unity.collab-proxy/Editor/Assets/Images/d_iconclipboard.png using Guid(3f65802f2a170a145bd30ab3801b8d80) Importer(2089858483,b0f066a214c2f5e87bad3c948f4d605d) (ScriptedImporter) -> (artifact id: '882f0b390c096b95880b8fd47901a90e') in 0.0138515 seconds
Number of updated asset objects reloaded before import = 0Number of asset objects unloaded after import = 3

========================================================================
Received Import Request.
  Time since last request: 0.000025 seconds.
  path: Packages/com.unity.collab-proxy/Editor/Assets/Images/d_iconchangesets@2x.png
  artifactKey: Guid(b76c20add7d3d4f79afcbafeaa12e974) Importer(2089858483,b0f066a214c2f5e87bad3c948f4d605d)
Start importing Packages/com.unity.collab-proxy/Editor/Assets/Images/d_iconchangesets@2x.png using Guid(b76c20add7d3d4f79afcbafeaa12e974) Importer(2089858483,b0f066a214c2f5e87bad3c948f4d605d) (ScriptedImporter) -> (artifact id: 'd0fbe65ad55c44b2a2c96cf588dd01ff') in 0.0153603 seconds
Number of updated asset objects reloaded before import = 0Number of asset objects unloaded after import = 3

========================================================================
Received Import Request.
  Time since last request: 0.000017 seconds.
  path: Packages/com.unity.collab-proxy/Editor/Assets/Images/d_iconpendingchangesview.png
  artifactKey: Guid(11d4f7dd8fc834c8e92cab84d5137828) Importer(2089858483,b0f066a214c2f5e87bad3c948f4d605d)
Start importing Packages/com.unity.collab-proxy/Editor/Assets/Images/d_iconpendingchangesview.png using Guid(11d4f7dd8fc834c8e92cab84d5137828) Importer(2089858483,b0f066a214c2f5e87bad3c948f4d605d) (ScriptedImporter) -> (artifact id: '88c7e356c3d74915d1f74576bd942872') in 0.011829 seconds
Number of updated asset objects reloaded before import = 0Number of asset objects unloaded after import = 3

========================================================================
Received Import Request.
  Time since last request: 0.000019 seconds.
  path: Packages/com.unity.collab-proxy/Editor/Assets/Images/d_ArrowCaretLeft.png
  artifactKey: Guid(e2c5ee46f6b0148afbe40d935c70faee) Importer(2089858483,b0f066a214c2f5e87bad3c948f4d605d)
Start importing Packages/com.unity.collab-proxy/Editor/Assets/Images/d_ArrowCaretLeft.png using Guid(e2c5ee46f6b0148afbe40d935c70faee) Importer(2089858483,b0f066a214c2f5e87bad3c948f4d605d) (ScriptedImporter) -> (artifact id: 'a425c64b41cb28660071a62e6d6d241f') in 0.0111277 seconds
Number of updated asset objects reloaded before import = 0Number of asset objects unloaded after import = 3

========================================================================
Received Import Request.
  Time since last request: 0.000026 seconds.
  path: Packages/com.unity.collab-proxy/Editor/Assets/Images/d_iconinviteusers.png
  artifactKey: Guid(3094096a150921c409ef35579f2ada0f) Importer(2089858483,b0f066a214c2f5e87bad3c948f4d605d)
Start importing Packages/com.unity.collab-proxy/Editor/Assets/Images/d_iconinviteusers.png using Guid(3094096a150921c409ef35579f2ada0f) Importer(2089858483,b0f066a214c2f5e87bad3c948f4d605d) (ScriptedImporter) -> (artifact id: '30b3367dfc8d2fea30d36524b3a79b65') in 0.0124636 seconds
Number of updated asset objects reloaded before import = 0Number of asset objects unloaded after import = 3

========================================================================
Received Import Request.
  Time since last request: 0.000016 seconds.
  path: Packages/com.unity.collab-proxy/Editor/Assets/Images/d_iconprivateoverlay@2x.png
  artifactKey: Guid(eb56188e070e442c4b93b8856b5c1ab0) Importer(2089858483,b0f066a214c2f5e87bad3c948f4d605d)
Start importing Packages/com.unity.collab-proxy/Editor/Assets/Images/d_iconprivateoverlay@2x.png using Guid(eb56188e070e442c4b93b8856b5c1ab0) Importer(2089858483,b0f066a214c2f5e87bad3c948f4d605d) (ScriptedImporter) -> (artifact id: '05f7f8278c97ac692e19905e7f63b95f') in 0.0115873 seconds
Number of updated asset objects reloaded before import = 0Number of asset objects unloaded after import = 3

========================================================================
Received Import Request.
  Time since last request: 0.000019 seconds.
  path: Packages/com.unity.collab-proxy/Editor/Assets/Images/d_iconedit.png
  artifactKey: Guid(b0e7ed213bccf484e89c4261a7e16f66) Importer(2089858483,b0f066a214c2f5e87bad3c948f4d605d)
Start importing Packages/com.unity.collab-proxy/Editor/Assets/Images/d_iconedit.png using Guid(b0e7ed213bccf484e89c4261a7e16f66) Importer(2089858483,b0f066a214c2f5e87bad3c948f4d605d) (ScriptedImporter) -> (artifact id: '5b7fcc04f24b3f33cfa7f36118c99b2a') in 0.0113396 seconds
Number of updated asset objects reloaded before import = 0Number of asset objects unloaded after import = 3

========================================================================
Received Import Request.
  Time since last request: 0.000024 seconds.
  path: Packages/com.unity.collab-proxy/Editor/Assets/Images/d_iconlockedremoteoverlay@2x.png
  artifactKey: Guid(2bb4e96f5d0b02c468932d665a015c54) Importer(2089858483,b0f066a214c2f5e87bad3c948f4d605d)
Start importing Packages/com.unity.collab-proxy/Editor/Assets/Images/d_iconlockedremoteoverlay@2x.png using Guid(2bb4e96f5d0b02c468932d665a015c54) Importer(2089858483,b0f066a214c2f5e87bad3c948f4d605d) (ScriptedImporter) -> (artifact id: '5d320a1851d20d815d545e64337ac728') in 0.0104818 seconds
Number of updated asset objects reloaded before import = 0Number of asset objects unloaded after import = 1

========================================================================
Received Import Request.
  Time since last request: 0.000016 seconds.
  path: Packages/com.unity.collab-proxy/Editor/Assets/Images/d_iconlockretained.png
  artifactKey: Guid(ba2e8a5b6413ebc46b4f580903cb911d) Importer(2089858483,b0f066a214c2f5e87bad3c948f4d605d)
Start importing Packages/com.unity.collab-proxy/Editor/Assets/Images/d_iconlockretained.png using Guid(ba2e8a5b6413ebc46b4f580903cb911d) Importer(2089858483,b0f066a214c2f5e87bad3c948f4d605d) (ScriptedImporter) -> (artifact id: '76230200e8b53e5fa2c9985063a3d457') in 0.0125159 seconds
Number of updated asset objects reloaded before import = 0Number of asset objects unloaded after import = 3

========================================================================
Received Import Request.
  Time since last request: 0.000016 seconds.
  path: Packages/com.unity.collab-proxy/Editor/Assets/Images/d_iconplasticnotifypendingchanges.png
  artifactKey: Guid(e64bde76852ee8247b40b50ef8880632) Importer(2089858483,b0f066a214c2f5e87bad3c948f4d605d)
Start importing Packages/com.unity.collab-proxy/Editor/Assets/Images/d_iconplasticnotifypendingchanges.png using Guid(e64bde76852ee8247b40b50ef8880632) Importer(2089858483,b0f066a214c2f5e87bad3c948f4d605d) (ScriptedImporter) -> (artifact id: 'bf3dd3e3e91f898949a2fe0e39e3cbeb') in 0.0116553 seconds
Number of updated asset objects reloaded before import = 0Number of asset objects unloaded after import = 3

========================================================================
Received Import Request.
  Time since last request: 0.000019 seconds.
  path: Packages/com.unity.collab-proxy/Editor/Assets/Images/d_hideversioncontrol@2x.png
  artifactKey: Guid(5de67bf0a3c601f4bab93b4fd3314ab1) Importer(2089858483,b0f066a214c2f5e87bad3c948f4d605d)
Start importing Packages/com.unity.collab-proxy/Editor/Assets/Images/d_hideversioncontrol@2x.png using Guid(5de67bf0a3c601f4bab93b4fd3314ab1) Importer(2089858483,b0f066a214c2f5e87bad3c948f4d605d) (ScriptedImporter) -> (artifact id: '3e6fc8544375faa70e5bddcbbb8b0d4a') in 0.0128979 seconds
Number of updated asset objects reloaded before import = 0Number of asset objects unloaded after import = 3

========================================================================
Received Import Request.
  Time since last request: 0.000025 seconds.
  path: Packages/com.unity.collab-proxy/Editor/Assets/Images/d_iconmovedoverlay.png
  artifactKey: Guid(aa56ed15cc1254489866c414e4d3c7ba) Importer(2089858483,b0f066a214c2f5e87bad3c948f4d605d)
Start importing Packages/com.unity.collab-proxy/Editor/Assets/Images/d_iconmovedoverlay.png using Guid(aa56ed15cc1254489866c414e4d3c7ba) Importer(2089858483,b0f066a214c2f5e87bad3c948f4d605d) (ScriptedImporter) -> (artifact id: 'ccb0a71bf137fe4a0bf2f8611041fd70') in 0.0111879 seconds
Number of updated asset objects reloaded before import = 0Number of asset objects unloaded after import = 3

========================================================================
Received Import Request.
  Time since last request: 0.000017 seconds.
  path: Packages/com.unity.collab-proxy/Editor/Assets/Images/d_iconlabel.png
  artifactKey: Guid(e1e64e28e7631534d8408668bcb82502) Importer(2089858483,b0f066a214c2f5e87bad3c948f4d605d)
Start importing Packages/com.unity.collab-proxy/Editor/Assets/Images/d_iconlabel.png using Guid(e1e64e28e7631534d8408668bcb82502) Importer(2089858483,b0f066a214c2f5e87bad3c948f4d605d) (ScriptedImporter) -> (artifact id: '57fc8a6748c94942896558f860657514') in 0.0126695 seconds
Number of updated asset objects reloaded before import = 0Number of asset objects unloaded after import = 3

========================================================================
Received Import Request.
  Time since last request: 0.000017 seconds.
  path: Packages/com.unity.collab-proxy/Editor/Assets/Images/d_iconbranches.png
  artifactKey: Guid(612c5e166a121e3449dad067fbdc37a4) Importer(2089858483,b0f066a214c2f5e87bad3c948f4d605d)
Start importing Packages/com.unity.collab-proxy/Editor/Assets/Images/d_iconbranches.png using Guid(612c5e166a121e3449dad067fbdc37a4) Importer(2089858483,b0f066a214c2f5e87bad3c948f4d605d) (ScriptedImporter) -> (artifact id: '746c5347a40910842f5adf430e977ce4') in 0.010459 seconds
Number of updated asset objects reloaded before import = 0Number of asset objects unloaded after import = 1

========================================================================
Received Import Request.
  Time since last request: 0.000024 seconds.
  path: Packages/com.unity.collab-proxy/Editor/Assets/Images/d_iconplasticnotifyincoming.png
  artifactKey: Guid(f31d2c855644aad4cb2030bce12859f6) Importer(2089858483,b0f066a214c2f5e87bad3c948f4d605d)
Start importing Packages/com.unity.collab-proxy/Editor/Assets/Images/d_iconplasticnotifyincoming.png using Guid(f31d2c855644aad4cb2030bce12859f6) Importer(2089858483,b0f066a214c2f5e87bad3c948f4d605d) (ScriptedImporter) -> (artifact id: 'c6f90174d37ba12e90da152939db917d') in 0.010461 seconds
Number of updated asset objects reloaded before import = 0Number of asset objects unloaded after import = 1

========================================================================
Received Import Request.
  Time since last request: 0.000015 seconds.
  path: Packages/com.unity.collab-proxy/Editor/Assets/Images/d_icondeletedremoteoverlay.png
  artifactKey: Guid(3de8a0634e55df8499c88204001cb0dd) Importer(2089858483,b0f066a214c2f5e87bad3c948f4d605d)
Start importing Packages/com.unity.collab-proxy/Editor/Assets/Images/d_icondeletedremoteoverlay.png using Guid(3de8a0634e55df8499c88204001cb0dd) Importer(2089858483,b0f066a214c2f5e87bad3c948f4d605d) (ScriptedImporter) -> (artifact id: 'a96203be8569d95677e9ff63fdef2718') in 0.010467 seconds
Number of updated asset objects reloaded before import = 0Number of asset objects unloaded after import = 1

========================================================================
Received Import Request.
  Time since last request: 0.000017 seconds.
  path: Packages/com.unity.collab-proxy/Editor/Assets/Images/d_iconplasticnotifypendingchangesandincoming.png
  artifactKey: Guid(f180c6addffab449cb6897ba994abec5) Importer(2089858483,b0f066a214c2f5e87bad3c948f4d605d)
Start importing Packages/com.unity.collab-proxy/Editor/Assets/Images/d_iconplasticnotifypendingchangesandincoming.png using Guid(f180c6addffab449cb6897ba994abec5) Importer(2089858483,b0f066a214c2f5e87bad3c948f4d605d) (ScriptedImporter) -> (artifact id: '0efb306fddff437eaf248b5d7afb7b1c') in 0.0126913 seconds
Number of updated asset objects reloaded before import = 0Number of asset objects unloaded after import = 3

========================================================================
Received Import Request.
  Time since last request: 0.000028 seconds.
  path: Packages/com.unity.collab-proxy/Editor/Assets/Images/d_iconlockedremoteoverlay.png
  artifactKey: Guid(1046ed65e6aaffb4391378f6d08d6c14) Importer(2089858483,b0f066a214c2f5e87bad3c948f4d605d)
Start importing Packages/com.unity.collab-proxy/Editor/Assets/Images/d_iconlockedremoteoverlay.png using Guid(1046ed65e6aaffb4391378f6d08d6c14) Importer(2089858483,b0f066a214c2f5e87bad3c948f4d605d) (ScriptedImporter) -> (artifact id: '2d5909a1adbac1ce881566889d04fcab') in 0.0108046 seconds
Number of updated asset objects reloaded before import = 0Number of asset objects unloaded after import = 1

========================================================================
Received Import Request.
  Time since last request: 0.000018 seconds.
  path: Packages/com.unity.collab-proxy/Editor/Assets/Images/d_iconconflictresolvedoverlay.png
  artifactKey: Guid(056ee72c467a4e24d87541d42839ca72) Importer(2089858483,b0f066a214c2f5e87bad3c948f4d605d)
Start importing Packages/com.unity.collab-proxy/Editor/Assets/Images/d_iconconflictresolvedoverlay.png using Guid(056ee72c467a4e24d87541d42839ca72) Importer(2089858483,b0f066a214c2f5e87bad3c948f4d605d) (ScriptedImporter) -> (artifact id: '744dcaac432156a03ef3fa62acfdca44') in 0.011543 seconds
Number of updated asset objects reloaded before import = 0Number of asset objects unloaded after import = 1

========================================================================
Received Import Request.
  Time since last request: 0.000017 seconds.
  path: Packages/com.unity.collab-proxy/Editor/Assets/Images/d_exclusionrule.png
  artifactKey: Guid(d616c78aaf225437199c9ac8c4f2197b) Importer(2089858483,b0f066a214c2f5e87bad3c948f4d605d)
Start importing Packages/com.unity.collab-proxy/Editor/Assets/Images/d_exclusionrule.png using Guid(d616c78aaf225437199c9ac8c4f2197b) Importer(2089858483,b0f066a214c2f5e87bad3c948f4d605d) (ScriptedImporter) -> (artifact id: 'e3d904860a43a1c948bc88fff63be3ba') in 0.0120145 seconds
Number of updated asset objects reloaded before import = 0Number of asset objects unloaded after import = 3

========================================================================
Received Import Request.
  Time since last request: 0.000022 seconds.
  path: Assets/Tilemap/Textures/prototype_512x512_yellow.png
  artifactKey: Guid(ee12d2bc9f5c8554d97d5beb9dc4b275) Importer(2089858483,b0f066a214c2f5e87bad3c948f4d605d)
Start importing Assets/Tilemap/Textures/prototype_512x512_yellow.png using Guid(ee12d2bc9f5c8554d97d5beb9dc4b275) Importer(2089858483,b0f066a214c2f5e87bad3c948f4d605d) (ScriptedImporter) -> (artifact id: 'baac65985e4f84903f5bf9bbaf5a80fb') in 0.0133613 seconds
Number of updated asset objects reloaded before import = 0Number of asset objects unloaded after import = 3

========================================================================
Received Import Request.
  Time since last request: 0.000037 seconds.
  path: Assets/Tilemap/Textures/prototype_512x512_cyan.png
  artifactKey: Guid(6c35396cb8128474a8a73c6b19f2fe1f) Importer(2089858483,b0f066a214c2f5e87bad3c948f4d605d)
Start importing Assets/Tilemap/Textures/prototype_512x512_cyan.png using Guid(6c35396cb8128474a8a73c6b19f2fe1f) Importer(2089858483,b0f066a214c2f5e87bad3c948f4d605d) (ScriptedImporter) -> (artifact id: '5fb43d5c0c0b9ece5471daf53ce50e39') in 0.0180595 seconds
Number of updated asset objects reloaded before import = 0Number of asset objects unloaded after import = 3

========================================================================
Received Import Request.
  Time since last request: 0.000016 seconds.
  path: Packages/com.unity.collab-proxy/Editor/Assets/Images/ArrowCaretLeft@2x.png
  artifactKey: Guid(9e60047ccc6b8422193b170d51796ed2) Importer(2089858483,b0f066a214c2f5e87bad3c948f4d605d)
Start importing Packages/com.unity.collab-proxy/Editor/Assets/Images/ArrowCaretLeft@2x.png using Guid(9e60047ccc6b8422193b170d51796ed2) Importer(2089858483,b0f066a214c2f5e87bad3c948f4d605d) (ScriptedImporter) -> (artifact id: 'e2fc265bd1329cc324001f8f6e085385') in 0.0197918 seconds
Number of updated asset objects reloaded before import = 0Number of asset objects unloaded after import = 3

========================================================================
Received Import Request.
  Time since last request: 0.000022 seconds.
  path: Packages/com.unity.collab-proxy/Editor/Assets/Images/d_iconplasticnotifyconflict@2x.png
  artifactKey: Guid(23743f0c0ed1e6546808a5d645c2a6a5) Importer(2089858483,b0f066a214c2f5e87bad3c948f4d605d)
Start importing Packages/com.unity.collab-proxy/Editor/Assets/Images/d_iconplasticnotifyconflict@2x.png using Guid(23743f0c0ed1e6546808a5d645c2a6a5) Importer(2089858483,b0f066a214c2f5e87bad3c948f4d605d) (ScriptedImporter) -> (artifact id: 'cced0cef680a69d772925864b24d2e0d') in 0.0114945 seconds
Number of updated asset objects reloaded before import = 0Number of asset objects unloaded after import = 1

========================================================================
Received Import Request.
  Time since last request: 0.000025 seconds.
  path: Assets/Tilemap/Textures/prototype_512x512_green3.png
  artifactKey: Guid(988b6610bda0aca4286aff060b8d16b8) Importer(2089858483,b0f066a214c2f5e87bad3c948f4d605d)
Start importing Assets/Tilemap/Textures/prototype_512x512_green3.png using Guid(988b6610bda0aca4286aff060b8d16b8) Importer(2089858483,b0f066a214c2f5e87bad3c948f4d605d) (ScriptedImporter) -> (artifact id: 'ffb9a44d2fe122f45904911bcc3cf3f3') in 0.0118718 seconds
Number of updated asset objects reloaded before import = 0Number of asset objects unloaded after import = 3

========================================================================
Received Import Request.
  Time since last request: 0.000019 seconds.
  path: Packages/com.unity.collab-proxy/Editor/CloudDrive/CloudDriveMenuItem.cs
  artifactKey: Guid(e0ca5f7f9ce171a44a14d09d62ee6c8e) Importer(2089858483,b0f066a214c2f5e87bad3c948f4d605d)
Start importing Packages/com.unity.collab-proxy/Editor/CloudDrive/CloudDriveMenuItem.cs using Guid(e0ca5f7f9ce171a44a14d09d62ee6c8e) Importer(2089858483,b0f066a214c2f5e87bad3c948f4d605d) (ScriptedImporter) -> (artifact id: '21a52e2dc9ba662f515752731d282dc8') in 0.0066071 seconds
Number of updated asset objects reloaded before import = 0Number of asset objects unloaded after import = 0

========================================================================
Received Import Request.
  Time since last request: 0.000020 seconds.
  path: Packages/com.unity.collab-proxy/Editor/Assets/Images/iconbranches@2x.png
  artifactKey: Guid(e45389a8a97044d4caf408f252370632) Importer(2089858483,b0f066a214c2f5e87bad3c948f4d605d)
Start importing Packages/com.unity.collab-proxy/Editor/Assets/Images/iconbranches@2x.png using Guid(e45389a8a97044d4caf408f252370632) Importer(2089858483,b0f066a214c2f5e87bad3c948f4d605d) (ScriptedImporter) -> (artifact id: '7599e6f4af7388a1ce2be20a419e815e') in 0.0161676 seconds
Number of updated asset objects reloaded before import = 0Number of asset objects unloaded after import = 1

========================================================================
Received Import Request.
  Time since last request: 0.000032 seconds.
  path: Packages/com.unity.collab-proxy/Editor/Assets/Images/d_inclusionrule.png
  artifactKey: Guid(05ba7199286b24c6ca7441e2c454f5c3) Importer(2089858483,b0f066a214c2f5e87bad3c948f4d605d)
Start importing Packages/com.unity.collab-proxy/Editor/Assets/Images/d_inclusionrule.png using Guid(05ba7199286b24c6ca7441e2c454f5c3) Importer(2089858483,b0f066a214c2f5e87bad3c948f4d605d) (ScriptedImporter) -> (artifact id: '22075cc8c7d7a3e8b74fb58b7ed490b5') in 0.0117055 seconds
Number of updated asset objects reloaded before import = 0Number of asset objects unloaded after import = 3

========================================================================
Received Import Request.
  Time since last request: 0.000016 seconds.
  path: Packages/com.unity.collab-proxy/Editor/Assets/Images/iconaddedlocal.png
  artifactKey: Guid(9a1ab8af8c446204e989a90f18305caf) Importer(2089858483,b0f066a214c2f5e87bad3c948f4d605d)
Start importing Packages/com.unity.collab-proxy/Editor/Assets/Images/iconaddedlocal.png using Guid(9a1ab8af8c446204e989a90f18305caf) Importer(2089858483,b0f066a214c2f5e87bad3c948f4d605d) (ScriptedImporter) -> (artifact id: 'b92908e8772bf4ba89aa2f6ddcdf53e0') in 0.0104098 seconds
Number of updated asset objects reloaded before import = 0Number of asset objects unloaded after import = 1

========================================================================
Received Import Request.
  Time since last request: 0.000017 seconds.
  path: Packages/com.unity.collab-proxy/Editor/Assets/Images/iconbrex@2x.png
  artifactKey: Guid(ab97695f01bc84c4b93e8440531417e7) Importer(2089858483,b0f066a214c2f5e87bad3c948f4d605d)
Start importing Packages/com.unity.collab-proxy/Editor/Assets/Images/iconbrex@2x.png using Guid(ab97695f01bc84c4b93e8440531417e7) Importer(2089858483,b0f066a214c2f5e87bad3c948f4d605d) (ScriptedImporter) -> (artifact id: '991ef73e0ae527997a401415e914ed55') in 0.0118838 seconds
Number of updated asset objects reloaded before import = 0Number of asset objects unloaded after import = 3

========================================================================
Received Import Request.
  Time since last request: 0.000027 seconds.
  path: Packages/com.unity.collab-proxy/Editor/Assets/Images/iconconflictresolvedoverlay.png
  artifactKey: Guid(1318ab8bf649dcf43b922511fa5e155b) Importer(2089858483,b0f066a214c2f5e87bad3c948f4d605d)
Start importing Packages/com.unity.collab-proxy/Editor/Assets/Images/iconconflictresolvedoverlay.png using Guid(1318ab8bf649dcf43b922511fa5e155b) Importer(2089858483,b0f066a214c2f5e87bad3c948f4d605d) (ScriptedImporter) -> (artifact id: '08a5bc09427b27fba2bcff050476dd5c') in 0.0130123 seconds
Number of updated asset objects reloaded before import = 0Number of asset objects unloaded after import = 3

========================================================================
Received Import Request.
  Time since last request: 0.000017 seconds.
  path: Packages/com.unity.collab-proxy/Editor/Assets/Images/d_step3.png
  artifactKey: Guid(46930b20180b59e46b73494adf53abbb) Importer(2089858483,b0f066a214c2f5e87bad3c948f4d605d)
Start importing Packages/com.unity.collab-proxy/Editor/Assets/Images/d_step3.png using Guid(46930b20180b59e46b73494adf53abbb) Importer(2089858483,b0f066a214c2f5e87bad3c948f4d605d) (ScriptedImporter) -> (artifact id: '046d07bcc86b1e9c6ad55f98f1116ffb') in 0.0106611 seconds
Number of updated asset objects reloaded before import = 0Number of asset objects unloaded after import = 1

========================================================================
Received Import Request.
  Time since last request: 0.000027 seconds.
  path: Packages/com.unity.collab-proxy/Editor/Assets/Images/iconclouddriveview@2x.png
  artifactKey: Guid(259fe6e49c74eb143a9fc88f6bd3f050) Importer(2089858483,b0f066a214c2f5e87bad3c948f4d605d)
Start importing Packages/com.unity.collab-proxy/Editor/Assets/Images/iconclouddriveview@2x.png using Guid(259fe6e49c74eb143a9fc88f6bd3f050) Importer(2089858483,b0f066a214c2f5e87bad3c948f4d605d) (ScriptedImporter) -> (artifact id: 'b4fd4496d90216cbd1561377a86023fc') in 0.0112634 seconds
Number of updated asset objects reloaded before import = 0Number of asset objects unloaded after import = 3

========================================================================
Received Import Request.
  Time since last request: 0.000022 seconds.
  path: Packages/com.unity.collab-proxy/Editor/Assets/Images/iconconflicted.png
  artifactKey: Guid(d1c88f142eee55b4eb2b2cfd7b3624ce) Importer(2089858483,b0f066a214c2f5e87bad3c948f4d605d)
Start importing Packages/com.unity.collab-proxy/Editor/Assets/Images/iconconflicted.png using Guid(d1c88f142eee55b4eb2b2cfd7b3624ce) Importer(2089858483,b0f066a214c2f5e87bad3c948f4d605d) (ScriptedImporter) -> (artifact id: '8fd701767d296d72537b49d80d63329c') in 0.010434 seconds
Number of updated asset objects reloaded before import = 0Number of asset objects unloaded after import = 1

========================================================================
Received Import Request.
  Time since last request: 0.000027 seconds.
  path: Packages/com.unity.collab-proxy/Editor/Assets/Images/d_stepok.png
  artifactKey: Guid(be423a54b981d38428de82ad12534629) Importer(2089858483,b0f066a214c2f5e87bad3c948f4d605d)
Start importing Packages/com.unity.collab-proxy/Editor/Assets/Images/d_stepok.png using Guid(be423a54b981d38428de82ad12534629) Importer(2089858483,b0f066a214c2f5e87bad3c948f4d605d) (ScriptedImporter) -> (artifact id: 'dee91920c84a963e88cbd458ec099b7f') in 0.011969 seconds
Number of updated asset objects reloaded before import = 0Number of asset objects unloaded after import = 1

========================================================================
Received Import Request.
  Time since last request: 0.000029 seconds.
  path: Packages/com.unity.collab-proxy/Editor/AssetMenu/AssetsSelection.cs
  artifactKey: Guid(1686ac2e1d109ed43bf2dec74fed784f) Importer(2089858483,b0f066a214c2f5e87bad3c948f4d605d)
Start importing Packages/com.unity.collab-proxy/Editor/AssetMenu/AssetsSelection.cs using Guid(1686ac2e1d109ed43bf2dec74fed784f) Importer(2089858483,b0f066a214c2f5e87bad3c948f4d605d) (ScriptedImporter) -> (artifact id: '18b3ba5a4ab04f0d82ccdb94a8cde85f') in 0.0057792 seconds
Number of updated asset objects reloaded before import = 0Number of asset objects unloaded after import = 0

========================================================================
Received Import Request.
  Time since last request: 0.000016 seconds.
  path: Packages/com.unity.collab-proxy/Editor/Assets/Images/hideversioncontrol@2x.png
  artifactKey: Guid(fbfdd7d489e0bd54f946ebc8e19db8bd) Importer(2089858483,b0f066a214c2f5e87bad3c948f4d605d)
Start importing Packages/com.unity.collab-proxy/Editor/Assets/Images/hideversioncontrol@2x.png using Guid(fbfdd7d489e0bd54f946ebc8e19db8bd) Importer(2089858483,b0f066a214c2f5e87bad3c948f4d605d) (ScriptedImporter) -> (artifact id: '2f5c2c9c06f94ae94627e7139aa85989') in 0.0116245 seconds
Number of updated asset objects reloaded before import = 0Number of asset objects unloaded after import = 3

========================================================================
Received Import Request.
  Time since last request: 0.000019 seconds.
  path: Assets/Tilemap/TilemapPalette/prototype_512x512_purple.asset
  artifactKey: Guid(fb482c1019aaab54ca0a323c10598f5b) Importer(2089858483,b0f066a214c2f5e87bad3c948f4d605d)
Start importing Assets/Tilemap/TilemapPalette/prototype_512x512_purple.asset using Guid(fb482c1019aaab54ca0a323c10598f5b) Importer(2089858483,b0f066a214c2f5e87bad3c948f4d605d) (ScriptedImporter) -> (artifact id: 'a57745929d4314f1607fc45ccb339f3d') in 0.0250135 seconds
Number of updated asset objects reloaded before import = 0Number of asset objects unloaded after import = 2

========================================================================
Received Import Request.
  Time since last request: 0.000024 seconds.
  path: Packages/com.unity.collab-proxy/Editor/AssetMenu/AssetFilesFilterPatternsMenuBuilder.cs
  artifactKey: Guid(b4eb3fe08d1dc86419dee5ddcc40baae) Importer(2089858483,b0f066a214c2f5e87bad3c948f4d605d)
Start importing Packages/com.unity.collab-proxy/Editor/AssetMenu/AssetFilesFilterPatternsMenuBuilder.cs using Guid(b4eb3fe08d1dc86419dee5ddcc40baae) Importer(2089858483,b0f066a214c2f5e87bad3c948f4d605d) (ScriptedImporter) -> (artifact id: '055a2cba1460b457468a7ce2ddaf7fad') in 0.0053476 seconds
Number of updated asset objects reloaded before import = 0Number of asset objects unloaded after import = 0

========================================================================
Received Import Request.
  Time since last request: 0.000015 seconds.
  path: Packages/com.unity.collab-proxy/Editor/FindWorkspace.cs
  artifactKey: Guid(699b33b09648b5641b12384ac691546d) Importer(2089858483,b0f066a214c2f5e87bad3c948f4d605d)
Start importing Packages/com.unity.collab-proxy/Editor/FindWorkspace.cs using Guid(699b33b09648b5641b12384ac691546d) Importer(2089858483,b0f066a214c2f5e87bad3c948f4d605d) (ScriptedImporter) -> (artifact id: 'c54d9a09cbdff53244337e9493926aa0') in 0.0056556 seconds
Number of updated asset objects reloaded before import = 0Number of asset objects unloaded after import = 0

========================================================================
Received Import Request.
  Time since last request: 0.000015 seconds.
  path: Packages/com.unity.collab-proxy/Editor/Assets/Images/d_iconplasticnotifyincoming@2x.png
  artifactKey: Guid(c5fc116b3271b5947808130b2212cd60) Importer(2089858483,b0f066a214c2f5e87bad3c948f4d605d)
Start importing Packages/com.unity.collab-proxy/Editor/Assets/Images/d_iconplasticnotifyincoming@2x.png using Guid(c5fc116b3271b5947808130b2212cd60) Importer(2089858483,b0f066a214c2f5e87bad3c948f4d605d) (ScriptedImporter) -> (artifact id: '800c56ad521a6c3c917f8dabc0e27c46') in 0.0117035 seconds
Number of updated asset objects reloaded before import = 0Number of asset objects unloaded after import = 1

========================================================================
Received Import Request.
  Time since last request: 0.000017 seconds.
  path: Packages/com.unity.collab-proxy/Editor/UI/EditorWindowFocus.cs
  artifactKey: Guid(84ce5571ebc476e45b6c9bc6644599c2) Importer(2089858483,b0f066a214c2f5e87bad3c948f4d605d)
Start importing Packages/com.unity.collab-proxy/Editor/UI/EditorWindowFocus.cs using Guid(84ce5571ebc476e45b6c9bc6644599c2) Importer(2089858483,b0f066a214c2f5e87bad3c948f4d605d) (ScriptedImporter) -> (artifact id: '6726580019da9012f37aff45b7479781') in 0.0053261 seconds
Number of updated asset objects reloaded before import = 0Number of asset objects unloaded after import = 0

========================================================================
Received Import Request.
  Time since last request: 0.000023 seconds.
  path: Assets/Tilemap/Textures/prototype_512x512_grey1.png
  artifactKey: Guid(dd29f35641da38647a1eeb1028211f1a) Importer(2089858483,b0f066a214c2f5e87bad3c948f4d605d)
Start importing Assets/Tilemap/Textures/prototype_512x512_grey1.png using Guid(dd29f35641da38647a1eeb1028211f1a) Importer(2089858483,b0f066a214c2f5e87bad3c948f4d605d) (ScriptedImporter) -> (artifact id: '2b8d10f22c8acef5f5204273e5358286') in 0.0110158 seconds
Number of updated asset objects reloaded before import = 0Number of asset objects unloaded after import = 3

========================================================================
Received Import Request.
  Time since last request: 0.000022 seconds.
  path: Packages/com.unity.collab-proxy/Editor/Assets/Images/d_iconadd.png
  artifactKey: Guid(864f64164beae6141b39879e1b6f4031) Importer(2089858483,b0f066a214c2f5e87bad3c948f4d605d)
Start importing Packages/com.unity.collab-proxy/Editor/Assets/Images/d_iconadd.png using Guid(864f64164beae6141b39879e1b6f4031) Importer(2089858483,b0f066a214c2f5e87bad3c948f4d605d) (ScriptedImporter) -> (artifact id: 'c0a08b799cbc4bcd2fa259c69d4407f7') in 0.0182201 seconds
Number of updated asset objects reloaded before import = 0Number of asset objects unloaded after import = 3

========================================================================
Received Import Request.
  Time since last request: 0.000020 seconds.
  path: Packages/com.unity.collab-proxy/Editor/Assets/Images/d_iconhistory@2x.png
  artifactKey: Guid(50d1ea51731fa43db9ce0ec4fe5f0b07) Importer(2089858483,b0f066a214c2f5e87bad3c948f4d605d)
Start importing Packages/com.unity.collab-proxy/Editor/Assets/Images/d_iconhistory@2x.png using Guid(50d1ea51731fa43db9ce0ec4fe5f0b07) Importer(2089858483,b0f066a214c2f5e87bad3c948f4d605d) (ScriptedImporter) -> (artifact id: 'b24ef094c800b0db44a24d2ad58f567d') in 0.0114322 seconds
Number of updated asset objects reloaded before import = 0Number of asset objects unloaded after import = 3

========================================================================
Received Import Request.
  Time since last request: 0.000028 seconds.
  path: Packages/com.unity.collab-proxy/Editor/Assets/Images/d_inclusionrule@2x.png
  artifactKey: Guid(bcc1ec3ffeb1c46f7abd19daa3e05f49) Importer(2089858483,b0f066a214c2f5e87bad3c948f4d605d)
Start importing Packages/com.unity.collab-proxy/Editor/Assets/Images/d_inclusionrule@2x.png using Guid(bcc1ec3ffeb1c46f7abd19daa3e05f49) Importer(2089858483,b0f066a214c2f5e87bad3c948f4d605d) (ScriptedImporter) -> (artifact id: 'bf9ebfd96366dfc2b2375bb1d02f4c9a') in 0.0119627 seconds
Number of updated asset objects reloaded before import = 0Number of asset objects unloaded after import = 3

========================================================================
Received Import Request.
  Time since last request: 0.000023 seconds.
  path: Packages/com.unity.collab-proxy/Editor/Assets/Images/d_iconclouddriveview.png
  artifactKey: Guid(8b32b34c806b4de4cb7f04b3344b6966) Importer(2089858483,b0f066a214c2f5e87bad3c948f4d605d)
Start importing Packages/com.unity.collab-proxy/Editor/Assets/Images/d_iconclouddriveview.png using Guid(8b32b34c806b4de4cb7f04b3344b6966) Importer(2089858483,b0f066a214c2f5e87bad3c948f4d605d) (ScriptedImporter) -> (artifact id: '4505ea34da4c2ae333e829c7655513bb') in 0.0130851 seconds
Number of updated asset objects reloaded before import = 0Number of asset objects unloaded after import = 3

========================================================================
Received Import Request.
  Time since last request: 0.000019 seconds.
  path: Packages/com.unity.collab-proxy/Editor/Assets/Images/d_step1@2x.png
  artifactKey: Guid(c8a69ecdf54ac8e4b873466605de27ff) Importer(2089858483,b0f066a214c2f5e87bad3c948f4d605d)
Start importing Packages/com.unity.collab-proxy/Editor/Assets/Images/d_step1@2x.png using Guid(c8a69ecdf54ac8e4b873466605de27ff) Importer(2089858483,b0f066a214c2f5e87bad3c948f4d605d) (ScriptedImporter) -> (artifact id: '0b8f4a8b721e5a3601a5a7fe35ed9ac5') in 0.0102777 seconds
Number of updated asset objects reloaded before import = 0Number of asset objects unloaded after import = 1

========================================================================
Received Import Request.
  Time since last request: 0.000025 seconds.
  path: Packages/com.unity.collab-proxy/Editor/Assets/Images/d_iconlabel@2x.png
  artifactKey: Guid(ce435fe40bff4da41aadc577ebfb27d7) Importer(2089858483,b0f066a214c2f5e87bad3c948f4d605d)
Start importing Packages/com.unity.collab-proxy/Editor/Assets/Images/d_iconlabel@2x.png using Guid(ce435fe40bff4da41aadc577ebfb27d7) Importer(2089858483,b0f066a214c2f5e87bad3c948f4d605d) (ScriptedImporter) -> (artifact id: '358e690de130e26d2e52e454d0b94818') in 0.018247 seconds
Number of updated asset objects reloaded before import = 0Number of asset objects unloaded after import = 3

========================================================================
Received Import Request.
  Time since last request: 0.000017 seconds.
  path: Packages/com.unity.collab-proxy/Editor/Assets/Images/d_iconplasticview.png
  artifactKey: Guid(519d97e745e55f041b609f3666cbc037) Importer(2089858483,b0f066a214c2f5e87bad3c948f4d605d)
Start importing Packages/com.unity.collab-proxy/Editor/Assets/Images/d_iconplasticview.png using Guid(519d97e745e55f041b609f3666cbc037) Importer(2089858483,b0f066a214c2f5e87bad3c948f4d605d) (ScriptedImporter) -> (artifact id: 'f5227e75fe2ea374ad941555a95221bf') in 0.0104272 seconds
Number of updated asset objects reloaded before import = 0Number of asset objects unloaded after import = 1

========================================================================
Received Import Request.
  Time since last request: 0.000019 seconds.
  path: Packages/com.unity.collab-proxy/Editor/Assets/Images/d_iconplasticnotifypendingchangesandincoming@2x.png
  artifactKey: Guid(54024d7bafa404eb39097aa14df8a5cb) Importer(2089858483,b0f066a214c2f5e87bad3c948f4d605d)
Start importing Packages/com.unity.collab-proxy/Editor/Assets/Images/d_iconplasticnotifypendingchangesandincoming@2x.png using Guid(54024d7bafa404eb39097aa14df8a5cb) Importer(2089858483,b0f066a214c2f5e87bad3c948f4d605d) (ScriptedImporter) -> (artifact id: '37e34738d40084e2144b385e470c8039') in 0.0162173 seconds
Number of updated asset objects reloaded before import = 0Number of asset objects unloaded after import = 3

========================================================================
Received Import Request.
  Time since last request: 0.000027 seconds.
  path: Packages/com.unity.collab-proxy/Editor/Assets/Images/d_iconmergeview.png
  artifactKey: Guid(998e4aae0494244578bee3771d57801c) Importer(2089858483,b0f066a214c2f5e87bad3c948f4d605d)
Start importing Packages/com.unity.collab-proxy/Editor/Assets/Images/d_iconmergeview.png using Guid(998e4aae0494244578bee3771d57801c) Importer(2089858483,b0f066a214c2f5e87bad3c948f4d605d) (ScriptedImporter) -> (artifact id: 'b0666d4efc1300543d60589808695339') in 0.0114745 seconds
Number of updated asset objects reloaded before import = 0Number of asset objects unloaded after import = 3

========================================================================
Received Import Request.
  Time since last request: 0.000015 seconds.
  path: Packages/com.unity.collab-proxy/Editor/Assets/Images/d_iconconflicted.png
  artifactKey: Guid(881798b77426a8f47b533dcc4767e9e5) Importer(2089858483,b0f066a214c2f5e87bad3c948f4d605d)
Start importing Packages/com.unity.collab-proxy/Editor/Assets/Images/d_iconconflicted.png using Guid(881798b77426a8f47b533dcc4767e9e5) Importer(2089858483,b0f066a214c2f5e87bad3c948f4d605d) (ScriptedImporter) -> (artifact id: '47dc5314c894092afc8b6622a024f39f') in 0.01535 seconds
Number of updated asset objects reloaded before import = 0Number of asset objects unloaded after import = 1

========================================================================
Received Import Request.
  Time since last request: 0.000016 seconds.
  path: Packages/com.unity.collab-proxy/Editor/Assets/Images/d_iconadd@2x.png
  artifactKey: Guid(c41381829109cd84786a392ea6e3db60) Importer(2089858483,b0f066a214c2f5e87bad3c948f4d605d)
Start importing Packages/com.unity.collab-proxy/Editor/Assets/Images/d_iconadd@2x.png using Guid(c41381829109cd84786a392ea6e3db60) Importer(2089858483,b0f066a214c2f5e87bad3c948f4d605d) (ScriptedImporter) -> (artifact id: '826538af24a14550c39224415432399b') in 0.0120033 seconds
Number of updated asset objects reloaded before import = 0Number of asset objects unloaded after import = 3

========================================================================
Received Import Request.
  Time since last request: 0.000028 seconds.
  path: Packages/com.unity.collab-proxy/Editor/Assets/Images/iconaddedlocal@2x.png
  artifactKey: Guid(a67b58d6cddcd4345b1e001340de5a76) Importer(2089858483,b0f066a214c2f5e87bad3c948f4d605d)
Start importing Packages/com.unity.collab-proxy/Editor/Assets/Images/iconaddedlocal@2x.png using Guid(a67b58d6cddcd4345b1e001340de5a76) Importer(2089858483,b0f066a214c2f5e87bad3c948f4d605d) (ScriptedImporter) -> (artifact id: '72037fba4991263fab02ee01b15c29b9') in 0.0112654 seconds
Number of updated asset objects reloaded before import = 0Number of asset objects unloaded after import = 1

========================================================================
Received Import Request.
  Time since last request: 0.000020 seconds.
  path: Packages/com.unity.collab-proxy/Editor/Assets/Images/iconpendingchanges.png
  artifactKey: Guid(76a05d2ec901a8b49a064fe0b0674ba7) Importer(2089858483,b0f066a214c2f5e87bad3c948f4d605d)
Start importing Packages/com.unity.collab-proxy/Editor/Assets/Images/iconpendingchanges.png using Guid(76a05d2ec901a8b49a064fe0b0674ba7) Importer(2089858483,b0f066a214c2f5e87bad3c948f4d605d) (ScriptedImporter) -> (artifact id: 'd6bbb8c1ce2648f5d4ea980803b109b6') in 0.012552 seconds
Number of updated asset objects reloaded before import = 0Number of asset objects unloaded after import = 3

========================================================================
Received Import Request.
  Time since last request: 0.000022 seconds.
  path: Packages/com.unity.collab-proxy/Editor/Assets/Images/loading@2x.png
  artifactKey: Guid(5dbc069eb79bd4d43840847264d6d956) Importer(2089858483,b0f066a214c2f5e87bad3c948f4d605d)
Start importing Packages/com.unity.collab-proxy/Editor/Assets/Images/loading@2x.png using Guid(5dbc069eb79bd4d43840847264d6d956) Importer(2089858483,b0f066a214c2f5e87bad3c948f4d605d) (ScriptedImporter) -> (artifact id: 'a3ccaedda2fa9c4c85c8183afb5b23ae') in 0.01091 seconds
Number of updated asset objects reloaded before import = 0Number of asset objects unloaded after import = 1

========================================================================
Received Import Request.
  Time since last request: 0.000024 seconds.
  path: Packages/com.unity.collab-proxy/Editor/Assets/Images/iconplasticnotifypendingchanges@2x.png
  artifactKey: Guid(eb1c900f0d4a3ee42a9a49630bf88a12) Importer(2089858483,b0f066a214c2f5e87bad3c948f4d605d)
Start importing Packages/com.unity.collab-proxy/Editor/Assets/Images/iconplasticnotifypendingchanges@2x.png using Guid(eb1c900f0d4a3ee42a9a49630bf88a12) Importer(2089858483,b0f066a214c2f5e87bad3c948f4d605d) (ScriptedImporter) -> (artifact id: '957667d8b7ec6c35fddcffdf409316bb') in 0.017673 seconds
Number of updated asset objects reloaded before import = 0Number of asset objects unloaded after import = 3

========================================================================
Received Import Request.
  Time since last request: 0.000016 seconds.
  path: Packages/com.unity.collab-proxy/Editor/Assets/Images/iconlabel.png
  artifactKey: Guid(42540fa3b3cef1340bebdf077d0e2030) Importer(2089858483,b0f066a214c2f5e87bad3c948f4d605d)
Start importing Packages/com.unity.collab-proxy/Editor/Assets/Images/iconlabel.png using Guid(42540fa3b3cef1340bebdf077d0e2030) Importer(2089858483,b0f066a214c2f5e87bad3c948f4d605d) (ScriptedImporter) -> (artifact id: '9cd6a43c336063dee0d09b0c6feba147') in 0.0118191 seconds
Number of updated asset objects reloaded before import = 0Number of asset objects unloaded after import = 3

========================================================================
Received Import Request.
  Time since last request: 0.000028 seconds.
  path: Packages/com.unity.collab-proxy/Editor/Assets/Images/step1.png
  artifactKey: Guid(9ce84ff0fdeb13d4a83f077d075dd9a5) Importer(2089858483,b0f066a214c2f5e87bad3c948f4d605d)
Start importing Packages/com.unity.collab-proxy/Editor/Assets/Images/step1.png using Guid(9ce84ff0fdeb13d4a83f077d075dd9a5) Importer(2089858483,b0f066a214c2f5e87bad3c948f4d605d) (ScriptedImporter) -> (artifact id: 'afc51878b77391c7d2c0bfcc30202d53') in 0.0106377 seconds
Number of updated asset objects reloaded before import = 0Number of asset objects unloaded after import = 1

========================================================================
Received Import Request.
  Time since last request: 0.000023 seconds.
  path: Packages/com.unity.collab-proxy/Editor/Assets/Images/iconlockretained@2x.png
  artifactKey: Guid(1844d3d99090a0b43b60a5f1ff821467) Importer(2089858483,b0f066a214c2f5e87bad3c948f4d605d)
Start importing Packages/com.unity.collab-proxy/Editor/Assets/Images/iconlockretained@2x.png using Guid(1844d3d99090a0b43b60a5f1ff821467) Importer(2089858483,b0f066a214c2f5e87bad3c948f4d605d) (ScriptedImporter) -> (artifact id: 'a0268fe6928316481c74099fd36883e6') in 0.0137597 seconds
Number of updated asset objects reloaded before import = 0Number of asset objects unloaded after import = 3

========================================================================
Received Import Request.
  Time since last request: 0.000015 seconds.
  path: Packages/com.unity.collab-proxy/Editor/Assets/Images/iconlabel@2x.png
  artifactKey: Guid(c8396bd7e257d6b4b8d1d72fdb7a2684) Importer(2089858483,b0f066a214c2f5e87bad3c948f4d605d)
Start importing Packages/com.unity.collab-proxy/Editor/Assets/Images/iconlabel@2x.png using Guid(c8396bd7e257d6b4b8d1d72fdb7a2684) Importer(2089858483,b0f066a214c2f5e87bad3c948f4d605d) (ScriptedImporter) -> (artifact id: '3939c67aace8063fdca2f6980923c908') in 0.0118936 seconds
Number of updated asset objects reloaded before import = 0Number of asset objects unloaded after import = 3

========================================================================
Received Import Request.
  Time since last request: 0.000015 seconds.
  path: Packages/com.unity.collab-proxy/Editor/Assets/Images/iconlockretained.png
  artifactKey: Guid(bac66973cba57b842965eb95154fba7e) Importer(2089858483,b0f066a214c2f5e87bad3c948f4d605d)
Start importing Packages/com.unity.collab-proxy/Editor/Assets/Images/iconlockretained.png using Guid(bac66973cba57b842965eb95154fba7e) Importer(2089858483,b0f066a214c2f5e87bad3c948f4d605d) (ScriptedImporter) -> (artifact id: 'd5751c2025a1618952442305069ebbc0') in 0.0125298 seconds
Number of updated asset objects reloaded before import = 0Number of asset objects unloaded after import = 3

========================================================================
Received Import Request.
  Time since last request: 0.000016 seconds.
  path: Packages/com.unity.collab-proxy/Editor/Assets/Images/loading.png
  artifactKey: Guid(c6b1bcaa3f4767141acd747384dbb276) Importer(2089858483,b0f066a214c2f5e87bad3c948f4d605d)
Start importing Packages/com.unity.collab-proxy/Editor/Assets/Images/loading.png using Guid(c6b1bcaa3f4767141acd747384dbb276) Importer(2089858483,b0f066a214c2f5e87bad3c948f4d605d) (ScriptedImporter) -> (artifact id: '57967211f8bb646066d42bae30e38e6e') in 0.0106019 seconds
Number of updated asset objects reloaded before import = 0Number of asset objects unloaded after import = 1

========================================================================
Received Import Request.
  Time since last request: 0.000021 seconds.
  path: Packages/com.unity.collab-proxy/Editor/Assets/Images/iconmergeview.png
  artifactKey: Guid(569cb7c654ca242978cdc7428c2881a3) Importer(2089858483,b0f066a214c2f5e87bad3c948f4d605d)
Start importing Packages/com.unity.collab-proxy/Editor/Assets/Images/iconmergeview.png using Guid(569cb7c654ca242978cdc7428c2881a3) Importer(2089858483,b0f066a214c2f5e87bad3c948f4d605d) (ScriptedImporter) -> (artifact id: 'f1666d971b99ac0736e47c01cd2d1c90') in 0.0127272 seconds
Number of updated asset objects reloaded before import = 0Number of asset objects unloaded after import = 3

========================================================================
Received Import Request.
  Time since last request: 0.000015 seconds.
  path: Packages/com.unity.collab-proxy/Editor/Assets/Images/icondeletedremote.png
  artifactKey: Guid(b85a4b2ec6433d04895612d791edc260) Importer(2089858483,b0f066a214c2f5e87bad3c948f4d605d)
Start importing Packages/com.unity.collab-proxy/Editor/Assets/Images/icondeletedremote.png using Guid(b85a4b2ec6433d04895612d791edc260) Importer(2089858483,b0f066a214c2f5e87bad3c948f4d605d) (ScriptedImporter) -> (artifact id: 'bbf2f63f3e2b8610290d2e8e34c7f91a') in 0.0138331 seconds
Number of updated asset objects reloaded before import = 0Number of asset objects unloaded after import = 1

========================================================================
Received Import Request.
  Time since last request: 0.000018 seconds.
  path: Packages/com.unity.collab-proxy/Editor/Assets/Images/iconignoredoverlay@2x.png
  artifactKey: Guid(fcbeb36f6ab89fb498ccbbc3bc2ef51c) Importer(2089858483,b0f066a214c2f5e87bad3c948f4d605d)
Start importing Packages/com.unity.collab-proxy/Editor/Assets/Images/iconignoredoverlay@2x.png using Guid(fcbeb36f6ab89fb498ccbbc3bc2ef51c) Importer(2089858483,b0f066a214c2f5e87bad3c948f4d605d) (ScriptedImporter) -> (artifact id: '2b2ed7276319cc97e71ef456b531dd13') in 0.0188717 seconds
Number of updated asset objects reloaded before import = 0Number of asset objects unloaded after import = 3

========================================================================
Received Import Request.
  Time since last request: 0.000027 seconds.
  path: Packages/com.unity.collab-proxy/Editor/Assets/Images/iconzoomout@2x.png
  artifactKey: Guid(1e71b422b557b1247aaf914bb6e9c0c5) Importer(2089858483,b0f066a214c2f5e87bad3c948f4d605d)
Start importing Packages/com.unity.collab-proxy/Editor/Assets/Images/iconzoomout@2x.png using Guid(1e71b422b557b1247aaf914bb6e9c0c5) Importer(2089858483,b0f066a214c2f5e87bad3c948f4d605d) (ScriptedImporter) -> (artifact id: '64b203221c9a9e9f2f2888900c758121') in 0.011352 seconds
Number of updated asset objects reloaded before import = 0Number of asset objects unloaded after import = 3

========================================================================
Received Import Request.
  Time since last request: 0.000017 seconds.
  path: Packages/com.unity.collab-proxy/Editor/Assets/Images/iconmergelink.png
  artifactKey: Guid(120bf54dff785a0429b068b814e9c12a) Importer(2089858483,b0f066a214c2f5e87bad3c948f4d605d)
Start importing Packages/com.unity.collab-proxy/Editor/Assets/Images/iconmergelink.png using Guid(120bf54dff785a0429b068b814e9c12a) Importer(2089858483,b0f066a214c2f5e87bad3c948f4d605d) (ScriptedImporter) -> (artifact id: 'fccecdd6948f56174e5e37670102e9db') in 0.0102797 seconds
Number of updated asset objects reloaded before import = 0Number of asset objects unloaded after import = 1

========================================================================
Received Import Request.
  Time since last request: 0.000017 seconds.
  path: Packages/com.unity.collab-proxy/Editor/Assets/Images/icondeletedremoteoverlay.png
  artifactKey: Guid(092347b12f348a6439e85218cd291ea2) Importer(2089858483,b0f066a214c2f5e87bad3c948f4d605d)
Start importing Packages/com.unity.collab-proxy/Editor/Assets/Images/icondeletedremoteoverlay.png using Guid(092347b12f348a6439e85218cd291ea2) Importer(2089858483,b0f066a214c2f5e87bad3c948f4d605d) (ScriptedImporter) -> (artifact id: 'd496e4bd0d78192121644c932606eef9') in 0.0157634 seconds
Number of updated asset objects reloaded before import = 0Number of asset objects unloaded after import = 3

========================================================================
Received Import Request.
  Time since last request: 0.000025 seconds.
  path: Packages/com.unity.collab-proxy/Editor/Assets/Images/iconplasticnotifyincoming@2x.png
  artifactKey: Guid(ae869fe6797f4454cbbf417d87ff637c) Importer(2089858483,b0f066a214c2f5e87bad3c948f4d605d)
Start importing Packages/com.unity.collab-proxy/Editor/Assets/Images/iconplasticnotifyincoming@2x.png using Guid(ae869fe6797f4454cbbf417d87ff637c) Importer(2089858483,b0f066a214c2f5e87bad3c948f4d605d) (ScriptedImporter) -> (artifact id: 'e2c8a460fb6d921184f0d5975e582759') in 0.0108668 seconds
Number of updated asset objects reloaded before import = 0Number of asset objects unloaded after import = 1

========================================================================
Received Import Request.
  Time since last request: 0.000014 seconds.
  path: Packages/com.unity.collab-proxy/Editor/Assets/Images/iconpackageupdateavailable.png
  artifactKey: Guid(e9cc02852345307449379a9a877679da) Importer(2089858483,b0f066a214c2f5e87bad3c948f4d605d)
Start importing Packages/com.unity.collab-proxy/Editor/Assets/Images/iconpackageupdateavailable.png using Guid(e9cc02852345307449379a9a877679da) Importer(2089858483,b0f066a214c2f5e87bad3c948f4d605d) (ScriptedImporter) -> (artifact id: 'db69cab4a52ff99dcf964c65c4c7cb24') in 0.0118472 seconds
Number of updated asset objects reloaded before import = 0Number of asset objects unloaded after import = 3

========================================================================
Received Import Request.
  Time since last request: 0.000019 seconds.
  path: Packages/com.unity.collab-proxy/Editor/Assets/Images/iconinviteusers@2x.png
  artifactKey: Guid(b43651fb085b38445ade3f9de3ab0636) Importer(2089858483,b0f066a214c2f5e87bad3c948f4d605d)
Start importing Packages/com.unity.collab-proxy/Editor/Assets/Images/iconinviteusers@2x.png using Guid(b43651fb085b38445ade3f9de3ab0636) Importer(2089858483,b0f066a214c2f5e87bad3c948f4d605d) (ScriptedImporter) -> (artifact id: '1b6c81539ae09feb4911e01c9550d8aa') in 0.011681 seconds
Number of updated asset objects reloaded before import = 0Number of asset objects unloaded after import = 3

========================================================================
Received Import Request.
  Time since last request: 0.000022 seconds.
  path: Packages/com.unity.collab-proxy/Editor/Assets/Images/iconpressedclosebutton.png
  artifactKey: Guid(94fe868620119564f9474f40cd6145aa) Importer(2089858483,b0f066a214c2f5e87bad3c948f4d605d)
Start importing Packages/com.unity.collab-proxy/Editor/Assets/Images/iconpressedclosebutton.png using Guid(94fe868620119564f9474f40cd6145aa) Importer(2089858483,b0f066a214c2f5e87bad3c948f4d605d) (ScriptedImporter) -> (artifact id: '1a73928e9b8477d6ddef4c44dd12af74') in 0.0130763 seconds
Number of updated asset objects reloaded before import = 0Number of asset objects unloaded after import = 1

========================================================================
Received Import Request.
  Time since last request: 0.000015 seconds.
  path: Packages/com.unity.collab-proxy/Editor/Assets/Images/iconplasticview@2x.png
  artifactKey: Guid(97a4e2b6ae08b1140a5ba9e22953e029) Importer(2089858483,b0f066a214c2f5e87bad3c948f4d605d)
Start importing Packages/com.unity.collab-proxy/Editor/Assets/Images/iconplasticview@2x.png using Guid(97a4e2b6ae08b1140a5ba9e22953e029) Importer(2089858483,b0f066a214c2f5e87bad3c948f4d605d) (ScriptedImporter) -> (artifact id: 'dd0ffede0bc74c3dcf21f63fff66c43d') in 0.0136363 seconds
Number of updated asset objects reloaded before import = 0Number of asset objects unloaded after import = 1

========================================================================
Received Import Request.
  Time since last request: 0.000018 seconds.
  path: Packages/com.unity.collab-proxy/Editor/Assets/Images/d_iconcheckedoutlocaloverlay.png
  artifactKey: Guid(bb1928aff4fd4cf44af1f629dc14ef9b) Importer(2089858483,b0f066a214c2f5e87bad3c948f4d605d)
Start importing Packages/com.unity.collab-proxy/Editor/Assets/Images/d_iconcheckedoutlocaloverlay.png using Guid(bb1928aff4fd4cf44af1f629dc14ef9b) Importer(2089858483,b0f066a214c2f5e87bad3c948f4d605d) (ScriptedImporter) -> (artifact id: 'c966d4368f2c27da31777153f9871f60') in 0.0110386 seconds
Number of updated asset objects reloaded before import = 0Number of asset objects unloaded after import = 1

========================================================================
Received Import Request.
  Time since last request: 0.000024 seconds.
  path: Packages/com.unity.collab-proxy/Editor/Assets/Images/inclusionrule@2x.png
  artifactKey: Guid(43411f399f49b42eb9a7157481e8747c) Importer(2089858483,b0f066a214c2f5e87bad3c948f4d605d)
Start importing Packages/com.unity.collab-proxy/Editor/Assets/Images/inclusionrule@2x.png using Guid(43411f399f49b42eb9a7157481e8747c) Importer(2089858483,b0f066a214c2f5e87bad3c948f4d605d) (ScriptedImporter) -> (artifact id: 'c93d6efc69ea82275f3ff480f1127c7e') in 0.0110775 seconds
Number of updated asset objects reloaded before import = 0Number of asset objects unloaded after import = 3

========================================================================
Received Import Request.
  Time since last request: 0.000017 seconds.
  path: Packages/com.unity.collab-proxy/Editor/Assets/Images/d_iconprivateoverlay.png
  artifactKey: Guid(4a652ffb5816840768619c35903cb1fa) Importer(2089858483,b0f066a214c2f5e87bad3c948f4d605d)
Start importing Packages/com.unity.collab-proxy/Editor/Assets/Images/d_iconprivateoverlay.png using Guid(4a652ffb5816840768619c35903cb1fa) Importer(2089858483,b0f066a214c2f5e87bad3c948f4d605d) (ScriptedImporter) -> (artifact id: '746ef2e6f2d02798657a4676d34f56c6') in 0.0129708 seconds
Number of updated asset objects reloaded before import = 0Number of asset objects unloaded after import = 3

========================================================================
Received Import Request.
  Time since last request: 0.000015 seconds.
  path: Packages/com.unity.collab-proxy/Editor/Assets/Images/d_stepok@2x.png
  artifactKey: Guid(3494dc956dfd7174abc07060940a2848) Importer(2089858483,b0f066a214c2f5e87bad3c948f4d605d)
Start importing Packages/com.unity.collab-proxy/Editor/Assets/Images/d_stepok@2x.png using Guid(3494dc956dfd7174abc07060940a2848) Importer(2089858483,b0f066a214c2f5e87bad3c948f4d605d) (ScriptedImporter) -> (artifact id: 'ea19dbdf48bfa8c0b40c2a2af8026ffc') in 0.0126798 seconds
Number of updated asset objects reloaded before import = 0Number of asset objects unloaded after import = 1

========================================================================
Received Import Request.
  Time since last request: 0.000020 seconds.
  path: Packages/com.unity.collab-proxy/Editor/Assets/Images/inclusionrule.png
  artifactKey: Guid(63387a17b866347b390227e10a2b1f2e) Importer(2089858483,b0f066a214c2f5e87bad3c948f4d605d)
Start importing Packages/com.unity.collab-proxy/Editor/Assets/Images/inclusionrule.png using Guid(63387a17b866347b390227e10a2b1f2e) Importer(2089858483,b0f066a214c2f5e87bad3c948f4d605d) (ScriptedImporter) -> (artifact id: '39a02031dcad8b7d4f2e1b181236a20d') in 0.0129723 seconds
Number of updated asset objects reloaded before import = 0Number of asset objects unloaded after import = 3

========================================================================
Received Import Request.
  Time since last request: 0.000017 seconds.
  path: Packages/com.unity.collab-proxy/Editor/Assets/Images/d_iconretainedoverlay@2x.png
  artifactKey: Guid(c34cd61ed96ff9a40a54e159467c5155) Importer(2089858483,b0f066a214c2f5e87bad3c948f4d605d)
Start importing Packages/com.unity.collab-proxy/Editor/Assets/Images/d_iconretainedoverlay@2x.png using Guid(c34cd61ed96ff9a40a54e159467c5155) Importer(2089858483,b0f066a214c2f5e87bad3c948f4d605d) (ScriptedImporter) -> (artifact id: '232ca8d5ac84ab0f260fcd18b7e20f7e') in 0.0112386 seconds
Number of updated asset objects reloaded before import = 0Number of asset objects unloaded after import = 3

========================================================================
Received Import Request.
  Time since last request: 0.000015 seconds.
  path: Packages/com.unity.collab-proxy/Editor/Assets/Images/d_iconzoomin@2x.png
  artifactKey: Guid(73d87bc3a27171144985c68fbbd54380) Importer(2089858483,b0f066a214c2f5e87bad3c948f4d605d)
Start importing Packages/com.unity.collab-proxy/Editor/Assets/Images/d_iconzoomin@2x.png using Guid(73d87bc3a27171144985c68fbbd54380) Importer(2089858483,b0f066a214c2f5e87bad3c948f4d605d) (ScriptedImporter) -> (artifact id: '3f5708122fcdca75a7a64c603a7768e4') in 0.0111426 seconds
Number of updated asset objects reloaded before import = 0Number of asset objects unloaded after import = 3

========================================================================
Received Import Request.
  Time since last request: 0.000026 seconds.
  path: Packages/com.unity.collab-proxy/Editor/Assets/Images/d_icondeletedremote@2x.png
  artifactKey: Guid(626b9cddb29049e4cac50cd87b419945) Importer(2089858483,b0f066a214c2f5e87bad3c948f4d605d)
Start importing Packages/com.unity.collab-proxy/Editor/Assets/Images/d_icondeletedremote@2x.png using Guid(626b9cddb29049e4cac50cd87b419945) Importer(2089858483,b0f066a214c2f5e87bad3c948f4d605d) (ScriptedImporter) -> (artifact id: '803ad83d59014ac1892ada736de1b2f2') in 0.0135484 seconds
Number of updated asset objects reloaded before import = 0Number of asset objects unloaded after import = 1

========================================================================
Received Import Request.
  Time since last request: 0.000015 seconds.
  path: Packages/com.unity.collab-proxy/Editor/Assets/Images/iconlock.png
  artifactKey: Guid(6d3f95684dd634b18aa9ab45b3e06cfd) Importer(2089858483,b0f066a214c2f5e87bad3c948f4d605d)
Start importing Packages/com.unity.collab-proxy/Editor/Assets/Images/iconlock.png using Guid(6d3f95684dd634b18aa9ab45b3e06cfd) Importer(2089858483,b0f066a214c2f5e87bad3c948f4d605d) (ScriptedImporter) -> (artifact id: '45c4b0ae816c8f16f0394142c97db995') in 0.0136336 seconds
Number of updated asset objects reloaded before import = 0Number of asset objects unloaded after import = 3

========================================================================
Received Import Request.
  Time since last request: 0.000017 seconds.
  path: Packages/com.unity.collab-proxy/Editor/Assets/Images/d_iconlockedlocaloverlay.png
  artifactKey: Guid(71c45f80bffdb9145ad2c456254c862e) Importer(2089858483,b0f066a214c2f5e87bad3c948f4d605d)
Start importing Packages/com.unity.collab-proxy/Editor/Assets/Images/d_iconlockedlocaloverlay.png using Guid(71c45f80bffdb9145ad2c456254c862e) Importer(2089858483,b0f066a214c2f5e87bad3c948f4d605d) (ScriptedImporter) -> (artifact id: '03326df9c575a48bfbfe509650ad3ff2') in 0.0108715 seconds
Number of updated asset objects reloaded before import = 0Number of asset objects unloaded after import = 1

========================================================================
Received Import Request.
  Time since last request: 0.000022 seconds.
  path: Packages/com.unity.collab-proxy/Editor/CodeEditor/Editing/AbstractMargin.cs
  artifactKey: Guid(a5b0cf5fb60d4f159d80936799b33e55) Importer(2089858483,b0f066a214c2f5e87bad3c948f4d605d)
Start importing Packages/com.unity.collab-proxy/Editor/CodeEditor/Editing/AbstractMargin.cs using Guid(a5b0cf5fb60d4f159d80936799b33e55) Importer(2089858483,b0f066a214c2f5e87bad3c948f4d605d) (ScriptedImporter) -> (artifact id: '6c8f7f524b0078bfc82d16048d7530e4') in 0.0067736 seconds
Number of updated asset objects reloaded before import = 0Number of asset objects unloaded after import = 0

========================================================================
Received Import Request.
  Time since last request: 0.000016 seconds.
  path: Packages/com.unity.collab-proxy/Editor/Assets/Layouts/TeamEditionConfigurationWindow.uxml
  artifactKey: Guid(26d3a583da6079145a52a8bef4beb6c5) Importer(2089858483,b0f066a214c2f5e87bad3c948f4d605d)
Start importing Packages/com.unity.collab-proxy/Editor/Assets/Layouts/TeamEditionConfigurationWindow.uxml using Guid(26d3a583da6079145a52a8bef4beb6c5) Importer(2089858483,b0f066a214c2f5e87bad3c948f4d605d) (ScriptedImporter) -> (artifact id: '2f82e9f815ef3291701a86658b351aba') in 0.0761156 seconds
Number of updated asset objects reloaded before import = 0Number of asset objects unloaded after import = 2

========================================================================
Received Import Request.
  Time since last request: 0.000018 seconds.
  path: Packages/com.unity.collab-proxy/Editor/CodeEditor/Document/DocumentLineTree.cs
  artifactKey: Guid(7d8e4407573404e26af41eacb660eb3e) Importer(2089858483,b0f066a214c2f5e87bad3c948f4d605d)
Start importing Packages/com.unity.collab-proxy/Editor/CodeEditor/Document/DocumentLineTree.cs using Guid(7d8e4407573404e26af41eacb660eb3e) Importer(2089858483,b0f066a214c2f5e87bad3c948f4d605d) (ScriptedImporter) -> (artifact id: 'a55549729cbe7c58767a3f3748736a67') in 0.005311 seconds
Number of updated asset objects reloaded before import = 0Number of asset objects unloaded after import = 0

========================================================================
Received Import Request.
  Time since last request: 0.000024 seconds.
  path: Packages/com.unity.collab-proxy/Editor/CodeEditor/Editing/SelectionSegment.cs
  artifactKey: Guid(72b0ca78cb7b28b4c966c626e0eebf77) Importer(2089858483,b0f066a214c2f5e87bad3c948f4d605d)
Start importing Packages/com.unity.collab-proxy/Editor/CodeEditor/Editing/SelectionSegment.cs using Guid(72b0ca78cb7b28b4c966c626e0eebf77) Importer(2089858483,b0f066a214c2f5e87bad3c948f4d605d) (ScriptedImporter) -> (artifact id: '9d98cffc58f8659bdffdd7608c381715') in 0.0055414 seconds
Number of updated asset objects reloaded before import = 0Number of asset objects unloaded after import = 0

========================================================================
Received Import Request.
  Time since last request: 0.000015 seconds.
  path: Packages/com.unity.collab-proxy/Editor/CloudDrive/CreateWorkspace/CollaboratorsListView.cs
  artifactKey: Guid(a8bf7716389c4dfe840c4e747033debc) Importer(2089858483,b0f066a214c2f5e87bad3c948f4d605d)
Start importing Packages/com.unity.collab-proxy/Editor/CloudDrive/CreateWorkspace/CollaboratorsListView.cs using Guid(a8bf7716389c4dfe840c4e747033debc) Importer(2089858483,b0f066a214c2f5e87bad3c948f4d605d) (ScriptedImporter) -> (artifact id: 'e34d856878d8e46fb9a78fdbe10ff186') in 0.005708 seconds
Number of updated asset objects reloaded before import = 0Number of asset objects unloaded after import = 0

========================================================================
Received Import Request.
  Time since last request: 0.000016 seconds.
  path: Packages/com.unity.collab-proxy/Editor/CloudDrive/CreateWorkspace/CreateWorkspaceView.cs
  artifactKey: Guid(a4dab1ebc3086c245ad199490a29637f) Importer(2089858483,b0f066a214c2f5e87bad3c948f4d605d)
Start importing Packages/com.unity.collab-proxy/Editor/CloudDrive/CreateWorkspace/CreateWorkspaceView.cs using Guid(a4dab1ebc3086c245ad199490a29637f) Importer(2089858483,b0f066a214c2f5e87bad3c948f4d605d) (ScriptedImporter) -> (artifact id: 'b5d4650ead0e72b4916e7707538b2e1d') in 0.0055423 seconds
Number of updated asset objects reloaded before import = 0Number of asset objects unloaded after import = 0

========================================================================
Received Import Request.
  Time since last request: 0.000017 seconds.
  path: Packages/com.unity.collab-proxy/Editor/CodeEditor/Document/DocumentLine.LineNode.cs
  artifactKey: Guid(aba34a0d0084f48f19b98ac1c78902b5) Importer(2089858483,b0f066a214c2f5e87bad3c948f4d605d)
Start importing Packages/com.unity.collab-proxy/Editor/CodeEditor/Document/DocumentLine.LineNode.cs using Guid(aba34a0d0084f48f19b98ac1c78902b5) Importer(2089858483,b0f066a214c2f5e87bad3c948f4d605d) (ScriptedImporter) -> (artifact id: 'ff41f4311bab31b278b79b72439bb8fb') in 0.0053876 seconds
Number of updated asset objects reloaded before import = 0Number of asset objects unloaded after import = 0

========================================================================
Received Import Request.
  Time since last request: 0.000031 seconds.
  path: Packages/com.unity.collab-proxy/Editor/Assets/Layouts/SignInWithEmailPanel.uxml
  artifactKey: Guid(0229db2477529f049aa3683cfba9d23b) Importer(2089858483,b0f066a214c2f5e87bad3c948f4d605d)
Start importing Packages/com.unity.collab-proxy/Editor/Assets/Layouts/SignInWithEmailPanel.uxml using Guid(0229db2477529f049aa3683cfba9d23b) Importer(2089858483,b0f066a214c2f5e87bad3c948f4d605d) (ScriptedImporter) -> (artifact id: '8ad6b1b86abc30ebb8d9fe54d737345c') in 0.0107443 seconds
Number of updated asset objects reloaded before import = 0Number of asset objects unloaded after import = 2

========================================================================
Received Import Request.
  Time since last request: 0.000016 seconds.
  path: Packages/com.unity.collab-proxy/Editor/CodeEditor/Editing/CaretLayer.cs
  artifactKey: Guid(0c13d6a1dbd74659becd6e9d0d519282) Importer(2089858483,b0f066a214c2f5e87bad3c948f4d605d)
Start importing Packages/com.unity.collab-proxy/Editor/CodeEditor/Editing/CaretLayer.cs using Guid(0c13d6a1dbd74659becd6e9d0d519282) Importer(2089858483,b0f066a214c2f5e87bad3c948f4d605d) (ScriptedImporter) -> (artifact id: '8876c4744d49adf56a7a4ff89cd8c55e') in 0.0053559 seconds
Number of updated asset objects reloaded before import = 0Number of asset objects unloaded after import = 0

========================================================================
Received Import Request.
  Time since last request: 0.000015 seconds.
  path: Packages/com.unity.collab-proxy/Editor/Assets/Styles/ProgressControlsForDialogs.uss
  artifactKey: Guid(e05b9be8556f5ae41aa78140b83146d5) Importer(2089858483,b0f066a214c2f5e87bad3c948f4d605d)
Start importing Packages/com.unity.collab-proxy/Editor/Assets/Styles/ProgressControlsForDialogs.uss using Guid(e05b9be8556f5ae41aa78140b83146d5) Importer(2089858483,b0f066a214c2f5e87bad3c948f4d605d) (ScriptedImporter) -> (artifact id: '57e5b61726da57ea3c9422a1189c99e0') in 0.0116131 seconds
Number of updated asset objects reloaded before import = 0Number of asset objects unloaded after import = 2

========================================================================
Received Import Request.
  Time since last request: 0.000020 seconds.
  path: Packages/com.unity.collab-proxy/Editor/CodeEditor/Document/DocumentLine.cs
  artifactKey: Guid(add4a8f16bfab4878bb29c08218cad07) Importer(2089858483,b0f066a214c2f5e87bad3c948f4d605d)
Start importing Packages/com.unity.collab-proxy/Editor/CodeEditor/Document/DocumentLine.cs using Guid(add4a8f16bfab4878bb29c08218cad07) Importer(2089858483,b0f066a214c2f5e87bad3c948f4d605d) (ScriptedImporter) -> (artifact id: '9e0f165857220ea93b960850dd4cec3e') in 0.0054011 seconds
Number of updated asset objects reloaded before import = 0Number of asset objects unloaded after import = 0

========================================================================
Received Import Request.
  Time since last request: 0.000024 seconds.
  path: Packages/com.unity.collab-proxy/Editor/CloudDrive/Workspaces/CloudWorkspacesView.cs
  artifactKey: Guid(c63e2acf5cfd4816b950cf4bf6381b6f) Importer(2089858483,b0f066a214c2f5e87bad3c948f4d605d)
Start importing Packages/com.unity.collab-proxy/Editor/CloudDrive/Workspaces/CloudWorkspacesView.cs using Guid(c63e2acf5cfd4816b950cf4bf6381b6f) Importer(2089858483,b0f066a214c2f5e87bad3c948f4d605d) (ScriptedImporter) -> (artifact id: '5a1b36d41eb393ba4b45d81156278c32') in 0.0062808 seconds
Number of updated asset objects reloaded before import = 0Number of asset objects unloaded after import = 0

========================================================================
Received Import Request.
  Time since last request: 0.000015 seconds.
  path: Packages/com.unity.collab-proxy/Editor/CloudDrive/Welcome/WelcomeView.cs
  artifactKey: Guid(c0819a043e0c64a4780ca8ab3c311d07) Importer(2089858483,b0f066a214c2f5e87bad3c948f4d605d)
Start importing Packages/com.unity.collab-proxy/Editor/CloudDrive/Welcome/WelcomeView.cs using Guid(c0819a043e0c64a4780ca8ab3c311d07) Importer(2089858483,b0f066a214c2f5e87bad3c948f4d605d) (ScriptedImporter) -> (artifact id: '0972535408d7bd295031f543e1ff885c') in 0.0055527 seconds
Number of updated asset objects reloaded before import = 0Number of asset objects unloaded after import = 0

========================================================================
Received Import Request.
  Time since last request: 0.000017 seconds.
  path: Packages/com.unity.collab-proxy/Editor/Assets/Styles/TeamEditionConfigurationWindow.uss
  artifactKey: Guid(1cd69f37df825af4385cd9efe745fc30) Importer(2089858483,b0f066a214c2f5e87bad3c948f4d605d)
Start importing Packages/com.unity.collab-proxy/Editor/Assets/Styles/TeamEditionConfigurationWindow.uss using Guid(1cd69f37df825af4385cd9efe745fc30) Importer(2089858483,b0f066a214c2f5e87bad3c948f4d605d) (ScriptedImporter) -> (artifact id: 'fbdee69644117de740256ff5083cc988') in 0.0089952 seconds
Number of updated asset objects reloaded before import = 0Number of asset objects unloaded after import = 2

========================================================================
Received Import Request.
  Time since last request: 0.000027 seconds.
  path: Packages/com.unity.collab-proxy/Editor/CodeEditor/Document/SimpleSegment.cs
  artifactKey: Guid(f3989142b33d44a0ca19788765ba05cc) Importer(2089858483,b0f066a214c2f5e87bad3c948f4d605d)
Start importing Packages/com.unity.collab-proxy/Editor/CodeEditor/Document/SimpleSegment.cs using Guid(f3989142b33d44a0ca19788765ba05cc) Importer(2089858483,b0f066a214c2f5e87bad3c948f4d605d) (ScriptedImporter) -> (artifact id: '89980092603874b2076cb95aa6894d24') in 0.0054494 seconds
Number of updated asset objects reloaded before import = 0Number of asset objects unloaded after import = 0

========================================================================
Received Import Request.
  Time since last request: 0.000019 seconds.
  path: Packages/com.unity.collab-proxy/Editor/CodeEditor/Document/IDocument.cs
  artifactKey: Guid(d170e6aba78146b09759f774ef27c7fd) Importer(2089858483,b0f066a214c2f5e87bad3c948f4d605d)
Start importing Packages/com.unity.collab-proxy/Editor/CodeEditor/Document/IDocument.cs using Guid(d170e6aba78146b09759f774ef27c7fd) Importer(2089858483,b0f066a214c2f5e87bad3c948f4d605d) (ScriptedImporter) -> (artifact id: '58c6011d3461ffd7ad8346c982c4c18f') in 0.0053531 seconds
Number of updated asset objects reloaded before import = 0Number of asset objects unloaded after import = 0

========================================================================
Received Import Request.
  Time since last request: 0.000016 seconds.
  path: Packages/com.unity.collab-proxy/Editor/CodeEditor/Editing/IReadOnlySectionProvider.cs
  artifactKey: Guid(bf56682e6df72134b81925661287a663) Importer(2089858483,b0f066a214c2f5e87bad3c948f4d605d)
Start importing Packages/com.unity.collab-proxy/Editor/CodeEditor/Editing/IReadOnlySectionProvider.cs using Guid(bf56682e6df72134b81925661287a663) Importer(2089858483,b0f066a214c2f5e87bad3c948f4d605d) (ScriptedImporter) -> (artifact id: 'fc3508a0c18445fdde43a3908311dd8f') in 0.0064039 seconds
Number of updated asset objects reloaded before import = 0Number of asset objects unloaded after import = 0

========================================================================
Received Import Request.
  Time since last request: 0.000023 seconds.
  path: Packages/com.unity.collab-proxy/Editor/CloudDrive/CreateWorkspace/CollaboratorsMultiColumnHeader.cs
  artifactKey: Guid(224736fab6ec4e119f1f69e2c1d7b554) Importer(2089858483,b0f066a214c2f5e87bad3c948f4d605d)
Start importing Packages/com.unity.collab-proxy/Editor/CloudDrive/CreateWorkspace/CollaboratorsMultiColumnHeader.cs using Guid(224736fab6ec4e119f1f69e2c1d7b554) Importer(2089858483,b0f066a214c2f5e87bad3c948f4d605d) (ScriptedImporter) -> (artifact id: 'e4b55f4fc7c48542fc6b0d33270b0b42') in 0.0057589 seconds
Number of updated asset objects reloaded before import = 0Number of asset objects unloaded after import = 0

========================================================================
Received Import Request.
  Time since last request: 0.000013 seconds.
  path: Packages/com.unity.collab-proxy/Editor/AssetsUtils/Processor/AssetsProcessor.cs
  artifactKey: Guid(71cb30384b5f8d64ea7df220cff88d0c) Importer(2089858483,b0f066a214c2f5e87bad3c948f4d605d)
Start importing Packages/com.unity.collab-proxy/Editor/AssetsUtils/Processor/AssetsProcessor.cs using Guid(71cb30384b5f8d64ea7df220cff88d0c) Importer(2089858483,b0f066a214c2f5e87bad3c948f4d605d) (ScriptedImporter) -> (artifact id: '7d1b37e82a78c73391c6e6569d94b280') in 0.0078035 seconds
Number of updated asset objects reloaded before import = 0Number of asset objects unloaded after import = 0

========================================================================
Received Import Request.
  Time since last request: 0.000015 seconds.
  path: Packages/com.unity.collab-proxy/Editor/Assets/Styles/SignInWithEmailPanel.uss
  artifactKey: Guid(b37675bc656348c429a6c56b2eda1345) Importer(2089858483,b0f066a214c2f5e87bad3c948f4d605d)
Start importing Packages/com.unity.collab-proxy/Editor/Assets/Styles/SignInWithEmailPanel.uss using Guid(b37675bc656348c429a6c56b2eda1345) Importer(2089858483,b0f066a214c2f5e87bad3c948f4d605d) (ScriptedImporter) -> (artifact id: '3dc299bafd18d07b9f22d736b388a3cc') in 0.010084 seconds
Number of updated asset objects reloaded before import = 0Number of asset objects unloaded after import = 2

========================================================================
Received Import Request.
  Time since last request: 0.000017 seconds.
  path: Packages/com.unity.collab-proxy/Editor/Assets/Layouts/TabView.uxml
  artifactKey: Guid(d0a8e201e79e1f441bdf295aef957220) Importer(2089858483,b0f066a214c2f5e87bad3c948f4d605d)
Start importing Packages/com.unity.collab-proxy/Editor/Assets/Layouts/TabView.uxml using Guid(d0a8e201e79e1f441bdf295aef957220) Importer(2089858483,b0f066a214c2f5e87bad3c948f4d605d) (ScriptedImporter) -> (artifact id: 'b4080d097e2cb36f9ed5b41af0f4b342') in 0.0081152 seconds
Number of updated asset objects reloaded before import = 0Number of asset objects unloaded after import = 2

========================================================================
Received Import Request.
  Time since last request: 0.000022 seconds.
  path: Packages/com.unity.collab-proxy/Editor/Assets/Styles/OrganizationPanel.uss
  artifactKey: Guid(642639f75f2dfbd4ab01e6708b58f304) Importer(2089858483,b0f066a214c2f5e87bad3c948f4d605d)
Start importing Packages/com.unity.collab-proxy/Editor/Assets/Styles/OrganizationPanel.uss using Guid(642639f75f2dfbd4ab01e6708b58f304) Importer(2089858483,b0f066a214c2f5e87bad3c948f4d605d) (ScriptedImporter) -> (artifact id: '0d792cdfcc0b169499009ae999f6dacd') in 0.0079879 seconds
Number of updated asset objects reloaded before import = 0Number of asset objects unloaded after import = 2

========================================================================
Received Import Request.
  Time since last request: 0.000014 seconds.
  path: Packages/com.unity.collab-proxy/Editor/AssetsUtils/Processor/WorkspaceOperationsMonitor.cs
  artifactKey: Guid(fdec637f96aaa6546ad88a90cae5dcf1) Importer(2089858483,b0f066a214c2f5e87bad3c948f4d605d)
Start importing Packages/com.unity.collab-proxy/Editor/AssetsUtils/Processor/WorkspaceOperationsMonitor.cs using Guid(fdec637f96aaa6546ad88a90cae5dcf1) Importer(2089858483,b0f066a214c2f5e87bad3c948f4d605d) (ScriptedImporter) -> (artifact id: 'ac0278652f5d65595ae0a094373bc94d') in 0.0059178 seconds
Number of updated asset objects reloaded before import = 0Number of asset objects unloaded after import = 0

========================================================================
Received Import Request.
  Time since last request: 0.000015 seconds.
  path: Packages/com.unity.collab-proxy/Editor/CodeEditor/Document/TextDocumentWeakEventManager.cs
  artifactKey: Guid(4e43250273a4d4b3392541c97d1eb150) Importer(2089858483,b0f066a214c2f5e87bad3c948f4d605d)
Start importing Packages/com.unity.collab-proxy/Editor/CodeEditor/Document/TextDocumentWeakEventManager.cs using Guid(4e43250273a4d4b3392541c97d1eb150) Importer(2089858483,b0f066a214c2f5e87bad3c948f4d605d) (ScriptedImporter) -> (artifact id: '4ea5451b0d6aada59ba15bc229ff88d4') in 0.0062355 seconds
Number of updated asset objects reloaded before import = 0Number of asset objects unloaded after import = 0

========================================================================
Received Import Request.
  Time since last request: 0.000019 seconds.
  path: Packages/com.unity.collab-proxy/Editor/CodeEditor/Document/TextSegmentCollection.cs
  artifactKey: Guid(7289a765b886748bcb6d677f6977fc52) Importer(2089858483,b0f066a214c2f5e87bad3c948f4d605d)
Start importing Packages/com.unity.collab-proxy/Editor/CodeEditor/Document/TextSegmentCollection.cs using Guid(7289a765b886748bcb6d677f6977fc52) Importer(2089858483,b0f066a214c2f5e87bad3c948f4d605d) (ScriptedImporter) -> (artifact id: '2550464025e295834baae98b12ef3f60') in 0.0057976 seconds
Number of updated asset objects reloaded before import = 0Number of asset objects unloaded after import = 0

========================================================================
Received Import Request.
  Time since last request: 0.000024 seconds.
  path: Packages/com.unity.collab-proxy/Editor/CodeEditor/Document/TextUtilities.cs
  artifactKey: Guid(ee168e8444b3b420eba9eff487b036ca) Importer(2089858483,b0f066a214c2f5e87bad3c948f4d605d)
Start importing Packages/com.unity.collab-proxy/Editor/CodeEditor/Document/TextUtilities.cs using Guid(ee168e8444b3b420eba9eff487b036ca) Importer(2089858483,b0f066a214c2f5e87bad3c948f4d605d) (ScriptedImporter) -> (artifact id: 'ae02aa4c68c2836fe47e7edef0332cac') in 0.0056626 seconds
Number of updated asset objects reloaded before import = 0Number of asset objects unloaded after import = 0

========================================================================
Received Import Request.
  Time since last request: 0.000014 seconds.
  path: Packages/com.unity.collab-proxy/Editor/Assets/Images/d_iconclosebutton.png
  artifactKey: Guid(9cadde7a0d5f9024ab3f2cd5f6a740d6) Importer(2089858483,b0f066a214c2f5e87bad3c948f4d605d)
Start importing Packages/com.unity.collab-proxy/Editor/Assets/Images/d_iconclosebutton.png using Guid(9cadde7a0d5f9024ab3f2cd5f6a740d6) Importer(2089858483,b0f066a214c2f5e87bad3c948f4d605d) (ScriptedImporter) -> (artifact id: 'bfa8273ddf46888cbc3e89c870b36b7e') in 0.0149205 seconds
Number of updated asset objects reloaded before import = 0Number of asset objects unloaded after import = 1

========================================================================
Received Import Request.
  Time since last request: 0.000013 seconds.
  path: Packages/com.unity.collab-proxy/Editor/Assets/Images/d_iconmergeview@2x.png
  artifactKey: Guid(5bc0112babc1a49bdbd1f6e5d9c13c7b) Importer(2089858483,b0f066a214c2f5e87bad3c948f4d605d)
Start importing Packages/com.unity.collab-proxy/Editor/Assets/Images/d_iconmergeview@2x.png using Guid(5bc0112babc1a49bdbd1f6e5d9c13c7b) Importer(2089858483,b0f066a214c2f5e87bad3c948f4d605d) (ScriptedImporter) -> (artifact id: 'c4514ec5c9daad44d6a562cbc2615b6d') in 0.0147114 seconds
Number of updated asset objects reloaded before import = 0Number of asset objects unloaded after import = 3

========================================================================
Received Import Request.
  Time since last request: 0.000016 seconds.
  path: Packages/com.unity.collab-proxy/Editor/Assets/Images/iconadd@2x.png
  artifactKey: Guid(efa87fc6a7693ac48844726c5391e3ab) Importer(2089858483,b0f066a214c2f5e87bad3c948f4d605d)
Start importing Packages/com.unity.collab-proxy/Editor/Assets/Images/iconadd@2x.png using Guid(efa87fc6a7693ac48844726c5391e3ab) Importer(2089858483,b0f066a214c2f5e87bad3c948f4d605d) (ScriptedImporter) -> (artifact id: '378dfc292fb1b0e5c7811dd1d1998412') in 0.0112677 seconds
Number of updated asset objects reloaded before import = 0Number of asset objects unloaded after import = 3

========================================================================
Received Import Request.
  Time since last request: 0.000023 seconds.
  path: Packages/com.unity.collab-proxy/Editor/AssetsUtils/Processor/UVCSAssetPostprocessor.cs
  artifactKey: Guid(e9ffdef169b1cbb4e9910671a9ee83bc) Importer(2089858483,b0f066a214c2f5e87bad3c948f4d605d)
Start importing Packages/com.unity.collab-proxy/Editor/AssetsUtils/Processor/UVCSAssetPostprocessor.cs using Guid(e9ffdef169b1cbb4e9910671a9ee83bc) Importer(2089858483,b0f066a214c2f5e87bad3c948f4d605d) (ScriptedImporter) -> (artifact id: '620b1dc2e52d033445c59fef3eb6bb97') in 0.0054511 seconds
Number of updated asset objects reloaded before import = 0Number of asset objects unloaded after import = 0

========================================================================
Received Import Request.
  Time since last request: 0.000015 seconds.
  path: Packages/com.unity.collab-proxy/Editor/UI/ColorFromText.cs
  artifactKey: Guid(8b6dfd14d4f1481994014ade2c68e7b9) Importer(2089858483,b0f066a214c2f5e87bad3c948f4d605d)
Start importing Packages/com.unity.collab-proxy/Editor/UI/ColorFromText.cs using Guid(8b6dfd14d4f1481994014ade2c68e7b9) Importer(2089858483,b0f066a214c2f5e87bad3c948f4d605d) (ScriptedImporter) -> (artifact id: 'b40232952ae67d1c74c5b956f9ac58fa') in 0.0052954 seconds
Number of updated asset objects reloaded before import = 0Number of asset objects unloaded after import = 0

========================================================================
Received Import Request.
  Time since last request: 0.000015 seconds.
  path: Packages/com.unity.collab-proxy/Editor/CodeEditor/Utils/Rope.cs
  artifactKey: Guid(be335b59f9a9647afa183fd170bab963) Importer(2089858483,b0f066a214c2f5e87bad3c948f4d605d)
Start importing Packages/com.unity.collab-proxy/Editor/CodeEditor/Utils/Rope.cs using Guid(be335b59f9a9647afa183fd170bab963) Importer(2089858483,b0f066a214c2f5e87bad3c948f4d605d) (ScriptedImporter) -> (artifact id: '7d2e6c60b619795841aa9eca2e5b69b3') in 0.0052028 seconds
Number of updated asset objects reloaded before import = 0Number of asset objects unloaded after import = 0

========================================================================
Received Import Request.
  Time since last request: 0.000020 seconds.
  path: Packages/com.unity.collab-proxy/Editor/Developer/UpdateReport/UpdateReportListHeaderState.cs
  artifactKey: Guid(5b37b989e50b35043bba89d7d660e31e) Importer(2089858483,b0f066a214c2f5e87bad3c948f4d605d)
Start importing Packages/com.unity.collab-proxy/Editor/Developer/UpdateReport/UpdateReportListHeaderState.cs using Guid(5b37b989e50b35043bba89d7d660e31e) Importer(2089858483,b0f066a214c2f5e87bad3c948f4d605d) (ScriptedImporter) -> (artifact id: 'c15a85beafae76d305834cb243daef86') in 0.0062841 seconds
Number of updated asset objects reloaded before import = 0Number of asset objects unloaded after import = 0

========================================================================
Received Import Request.
  Time since last request: 0.000024 seconds.
  path: Packages/com.unity.collab-proxy/Editor/Configuration/TeamEdition/TeamEditionConfigurationWindow.cs
  artifactKey: Guid(c95121e1e2d89e648b9d0aed259caad9) Importer(2089858483,b0f066a214c2f5e87bad3c948f4d605d)
Start importing Packages/com.unity.collab-proxy/Editor/Configuration/TeamEdition/TeamEditionConfigurationWindow.cs using Guid(c95121e1e2d89e648b9d0aed259caad9) Importer(2089858483,b0f066a214c2f5e87bad3c948f4d605d) (ScriptedImporter) -> (artifact id: '5cda060260257870fd133583306fbdac') in 0.0055434 seconds
Number of updated asset objects reloaded before import = 0Number of asset objects unloaded after import = 0

========================================================================
Received Import Request.
  Time since last request: 0.000015 seconds.
  path: Packages/com.unity.collab-proxy/Editor/CodeEditor/Utils/PropertyChangedWeakEventManager.cs
  artifactKey: Guid(8e419520e9d6e49c8bae5052896fe460) Importer(2089858483,b0f066a214c2f5e87bad3c948f4d605d)
Start importing Packages/com.unity.collab-proxy/Editor/CodeEditor/Utils/PropertyChangedWeakEventManager.cs using Guid(8e419520e9d6e49c8bae5052896fe460) Importer(2089858483,b0f066a214c2f5e87bad3c948f4d605d) (ScriptedImporter) -> (artifact id: 'db66ef0fc96937de83874599b9590e48') in 0.0056089 seconds
Number of updated asset objects reloaded before import = 0Number of asset objects unloaded after import = 0

========================================================================
Received Import Request.
  Time since last request: 0.000015 seconds.
  path: Packages/com.unity.collab-proxy/Editor/CodeEditor/Rendering/VisualLineTextSource.cs
  artifactKey: Guid(42f48d12e7fc440891c9b505fcebe808) Importer(2089858483,b0f066a214c2f5e87bad3c948f4d605d)
Start importing Packages/com.unity.collab-proxy/Editor/CodeEditor/Rendering/VisualLineTextSource.cs using Guid(42f48d12e7fc440891c9b505fcebe808) Importer(2089858483,b0f066a214c2f5e87bad3c948f4d605d) (ScriptedImporter) -> (artifact id: '127d546846c0d5479b0aa8817edb58f2') in 0.0060018 seconds
Number of updated asset objects reloaded before import = 0Number of asset objects unloaded after import = 0

========================================================================
Received Import Request.
  Time since last request: 0.000018 seconds.
  path: Packages/com.unity.collab-proxy/Editor/CodeEditor/Editing/TextSegmentReadOnlySectionProvider.cs
  artifactKey: Guid(c70164c20e48fc7478fd88c1613ac05a) Importer(2089858483,b0f066a214c2f5e87bad3c948f4d605d)
Start importing Packages/com.unity.collab-proxy/Editor/CodeEditor/Editing/TextSegmentReadOnlySectionProvider.cs using Guid(c70164c20e48fc7478fd88c1613ac05a) Importer(2089858483,b0f066a214c2f5e87bad3c948f4d605d) (ScriptedImporter) -> (artifact id: 'eafc3ef8773499aed32a0026d3660874') in 0.0056416 seconds
Number of updated asset objects reloaded before import = 0Number of asset objects unloaded after import = 0

========================================================================
Received Import Request.
  Time since last request: 0.000026 seconds.
  path: Packages/com.unity.collab-proxy/Editor/CodeEditor/Utils/NullSafeCollection.cs
  artifactKey: Guid(1e99e51622924592820f5d5c09296780) Importer(2089858483,b0f066a214c2f5e87bad3c948f4d605d)
Start importing Packages/com.unity.collab-proxy/Editor/CodeEditor/Utils/NullSafeCollection.cs using Guid(1e99e51622924592820f5d5c09296780) Importer(2089858483,b0f066a214c2f5e87bad3c948f4d605d) (ScriptedImporter) -> (artifact id: 'ca5b79c9ccf1732aa4a6cf80586e38bb') in 0.006234 seconds
Number of updated asset objects reloaded before import = 0Number of asset objects unloaded after import = 0

========================================================================
Received Import Request.
  Time since last request: 0.000020 seconds.
  path: Packages/com.unity.collab-proxy/Editor/CodeEditor/Rendering/LayerPosition.cs
  artifactKey: Guid(be0c6030e24d4c9ea8bb60d258e05588) Importer(2089858483,b0f066a214c2f5e87bad3c948f4d605d)
Start importing Packages/com.unity.collab-proxy/Editor/CodeEditor/Rendering/LayerPosition.cs using Guid(be0c6030e24d4c9ea8bb60d258e05588) Importer(2089858483,b0f066a214c2f5e87bad3c948f4d605d) (ScriptedImporter) -> (artifact id: '3ffca6e8565f91a67c4dec0062d24e0a') in 0.0071439 seconds
Number of updated asset objects reloaded before import = 0Number of asset objects unloaded after import = 0

========================================================================
Received Import Request.
  Time since last request: 0.000023 seconds.
  path: Packages/com.unity.collab-proxy/Editor/Diff/Image/ImageDiffControl.cs
  artifactKey: Guid(60719a83a6d44bd88a47d43f8393574f) Importer(2089858483,b0f066a214c2f5e87bad3c948f4d605d)
Start importing Packages/com.unity.collab-proxy/Editor/Diff/Image/ImageDiffControl.cs using Guid(60719a83a6d44bd88a47d43f8393574f) Importer(2089858483,b0f066a214c2f5e87bad3c948f4d605d) (ScriptedImporter) -> (artifact id: '0ac8e62c0b9e08538d286316f909c3d5') in 0.0065927 seconds
Number of updated asset objects reloaded before import = 0Number of asset objects unloaded after import = 0

========================================================================
Received Import Request.
  Time since last request: 0.000033 seconds.
  path: Packages/com.unity.collab-proxy/Editor/CodeEditor/Rendering/DocumentColorizingTransformer.cs
  artifactKey: Guid(4c0af467cff74af5b25255706dd5dc26) Importer(2089858483,b0f066a214c2f5e87bad3c948f4d605d)
Start importing Packages/com.unity.collab-proxy/Editor/CodeEditor/Rendering/DocumentColorizingTransformer.cs using Guid(4c0af467cff74af5b25255706dd5dc26) Importer(2089858483,b0f066a214c2f5e87bad3c948f4d605d) (ScriptedImporter) -> (artifact id: '0d8b84ee6a367773afd7f43cd50b838a') in 0.0072935 seconds
Number of updated asset objects reloaded before import = 0Number of asset objects unloaded after import = 0

========================================================================
Received Import Request.
  Time since last request: 0.000016 seconds.
  path: Packages/com.unity.collab-proxy/Editor/CodeEditor/Rendering/LinkElementGenerator.cs
  artifactKey: Guid(19c0616fcade47d78aaa68d248a445e3) Importer(2089858483,b0f066a214c2f5e87bad3c948f4d605d)
Start importing Packages/com.unity.collab-proxy/Editor/CodeEditor/Rendering/LinkElementGenerator.cs using Guid(19c0616fcade47d78aaa68d248a445e3) Importer(2089858483,b0f066a214c2f5e87bad3c948f4d605d) (ScriptedImporter) -> (artifact id: 'c61e38065da4e5e2366404bce54e0c41') in 0.0067335 seconds
Number of updated asset objects reloaded before import = 0Number of asset objects unloaded after import = 0

========================================================================
Received Import Request.
  Time since last request: 0.000019 seconds.
  path: Packages/com.unity.collab-proxy/Editor/CodeEditor/Utils/CallbackOnDispose.cs
  artifactKey: Guid(cb2fb351949604785bb11ffdb44f18b7) Importer(2089858483,b0f066a214c2f5e87bad3c948f4d605d)
Start importing Packages/com.unity.collab-proxy/Editor/CodeEditor/Utils/CallbackOnDispose.cs using Guid(cb2fb351949604785bb11ffdb44f18b7) Importer(2089858483,b0f066a214c2f5e87bad3c948f4d605d) (ScriptedImporter) -> (artifact id: '1fdbaff4feec78ca2ceeeb998f1113e8') in 0.0056819 seconds
Number of updated asset objects reloaded before import = 0Number of asset objects unloaded after import = 0

========================================================================
Received Prepare
Refreshing native plugins compatible for Editor in 6.09 ms, found 5 plugins.
Preloading 0 native plugins for Editor in 0.00 ms.
Unloading 16 Unused Serialized files (Serialized files now loaded: 0)
Unloading 7194 unused Assets / (4.5 MB). Loaded Objects now: 8029.
Memory consumption went from 167.4 MB to 162.9 MB.
Total: 11.577700 ms (FindLiveObjects: 0.902200 ms CreateObjectMapping: 1.368600 ms MarkObjects: 6.428600 ms  DeleteObjects: 2.877300 ms)

Prepare: number of updated asset objects reloaded= 0
========================================================================
Received Import Request.
  Time since last request: 0.558009 seconds.
  path: Assets/Assessment 1 Scripts/GroundSensor.cs
  artifactKey: Guid(0d0d07eb7935b7a4fb43183c15b002e8) Importer(815301076,1909f56bfc062723c751e8b465ee728b)
Start importing Assets/Assessment 1 Scripts/GroundSensor.cs using Guid(0d0d07eb7935b7a4fb43183c15b002e8) Importer(815301076,1909f56bfc062723c751e8b465ee728b) (PreviewImporter) -> (artifact id: '6ded36015ad66332b668584ecfe9c2f8') in 0.0061478 seconds
Number of updated asset objects reloaded before import = 0Number of asset objects unloaded after import = 0

========================================================================
Received Prepare
Refreshing native plugins compatible for Editor in 6.19 ms, found 5 plugins.
Preloading 0 native plugins for Editor in 0.00 ms.
Unloading 16 Unused Serialized files (Serialized files now loaded: 0)
Unloading 7194 unused Assets / (4.5 MB). Loaded Objects now: 8029.
Memory consumption went from 167.4 MB to 162.9 MB.
Total: 11.240000 ms (FindLiveObjects: 0.904900 ms CreateObjectMapping: 1.481100 ms MarkObjects: 6.353200 ms  DeleteObjects: 2.499900 ms)

Prepare: number of updated asset objects reloaded= 0
========================================================================
Received Import Request.
  Time since last request: 1.388017 seconds.
  path: Packages/com.unity.collab-proxy/Editor/UI/Tree/TreeHeaderColumns.cs
  artifactKey: Guid(c3c7b1998f264b443a5b5c67a189149a) Importer(2089858483,b0f066a214c2f5e87bad3c948f4d605d)
Start importing Packages/com.unity.collab-proxy/Editor/UI/Tree/TreeHeaderColumns.cs using Guid(c3c7b1998f264b443a5b5c67a189149a) Importer(2089858483,b0f066a214c2f5e87bad3c948f4d605d) (ScriptedImporter) -> (artifact id: '288fa22ec0b0994cbec17280cf06ddff') in 0.0167098 seconds
Number of updated asset objects reloaded before import = 0Number of asset objects unloaded after import = 0

========================================================================
Received Import Request.
  Time since last request: 0.000021 seconds.
  path: Packages/com.unity.collab-proxy/Editor/UI/Tree/TreeHeaderSettings.cs
  artifactKey: Guid(38b05cc5af29cf844a31910eb512e92f) Importer(2089858483,b0f066a214c2f5e87bad3c948f4d605d)
Start importing Packages/com.unity.collab-proxy/Editor/UI/Tree/TreeHeaderSettings.cs using Guid(38b05cc5af29cf844a31910eb512e92f) Importer(2089858483,b0f066a214c2f5e87bad3c948f4d605d) (ScriptedImporter) -> (artifact id: 'a948bbe6356230063346439abeb054f0') in 0.0080527 seconds
Number of updated asset objects reloaded before import = 0Number of asset objects unloaded after import = 0

========================================================================
Received Import Request.
  Time since last request: 0.000018 seconds.
  path: Packages/com.unity.collab-proxy/Editor/Inspector/Properties/SelectedRepObjectInfoData.cs
  artifactKey: Guid(b6b94b53391e4873a684f61c6f109710) Importer(2089858483,b0f066a214c2f5e87bad3c948f4d605d)
Start importing Packages/com.unity.collab-proxy/Editor/Inspector/Properties/SelectedRepObjectInfoData.cs using Guid(b6b94b53391e4873a684f61c6f109710) Importer(2089858483,b0f066a214c2f5e87bad3c948f4d605d) (ScriptedImporter) -> (artifact id: '7071cf51dea5e739ea978acb5925e304') in 0.0083198 seconds
Number of updated asset objects reloaded before import = 0Number of asset objects unloaded after import = 0

========================================================================
Received Import Request.
  Time since last request: 0.000033 seconds.
  path: Packages/com.unity.collab-proxy/Editor/UI/Errors/ErrorListViewItem.cs
  artifactKey: Guid(71c34e5fa319ca644b6806e573c33d88) Importer(2089858483,b0f066a214c2f5e87bad3c948f4d605d)
Start importing Packages/com.unity.collab-proxy/Editor/UI/Errors/ErrorListViewItem.cs using Guid(71c34e5fa319ca644b6806e573c33d88) Importer(2089858483,b0f066a214c2f5e87bad3c948f4d605d) (ScriptedImporter) -> (artifact id: '27f81fea5f6ca07d8d76e263ee5dd6d1') in 0.0078403 seconds
Number of updated asset objects reloaded before import = 0Number of asset objects unloaded after import = 0

========================================================================
Received Import Request.
  Time since last request: 0.000015 seconds.
  path: Packages/com.unity.collab-proxy/Editor/UI/Tree/TreeViewItemExtensions.cs
  artifactKey: Guid(250ef17e19e621047851bfae85fd84c8) Importer(2089858483,b0f066a214c2f5e87bad3c948f4d605d)
Start importing Packages/com.unity.collab-proxy/Editor/UI/Tree/TreeViewItemExtensions.cs using Guid(250ef17e19e621047851bfae85fd84c8) Importer(2089858483,b0f066a214c2f5e87bad3c948f4d605d) (ScriptedImporter) -> (artifact id: 'bab1baa52cfa95e6b64135caf9fc1b43') in 0.0061776 seconds
Number of updated asset objects reloaded before import = 0Number of asset objects unloaded after import = 0

========================================================================
Received Import Request.
  Time since last request: 0.000019 seconds.
  path: Packages/com.unity.collab-proxy/Editor/UI/Tree/GetChangesOverlayIcon.cs
  artifactKey: Guid(d5366deaa0659eb44aa77a86d8bdc01a) Importer(2089858483,b0f066a214c2f5e87bad3c948f4d605d)
Start importing Packages/com.unity.collab-proxy/Editor/UI/Tree/GetChangesOverlayIcon.cs using Guid(d5366deaa0659eb44aa77a86d8bdc01a) Importer(2089858483,b0f066a214c2f5e87bad3c948f4d605d) (ScriptedImporter) -> (artifact id: 'e60222ecd13cc35a54b485bf0819722e') in 0.0065181 seconds
Number of updated asset objects reloaded before import = 0Number of asset objects unloaded after import = 0

========================================================================
Received Import Request.
  Time since last request: 0.000019 seconds.
  path: Packages/com.unity.collab-proxy/Editor/UI/Tree/PlasticTreeView.cs
  artifactKey: Guid(869a0fefec364e959e534cc842837d91) Importer(2089858483,b0f066a214c2f5e87bad3c948f4d605d)
Start importing Packages/com.unity.collab-proxy/Editor/UI/Tree/PlasticTreeView.cs using Guid(869a0fefec364e959e534cc842837d91) Importer(2089858483,b0f066a214c2f5e87bad3c948f4d605d) (ScriptedImporter) -> (artifact id: '20feb5edd1464bc63fafbabcc9943830') in 0.008417 seconds
Number of updated asset objects reloaded before import = 0Number of asset objects unloaded after import = 0

========================================================================
Received Import Request.
  Time since last request: 0.000025 seconds.
  path: Packages/com.unity.collab-proxy/Editor/UI/UIElements/LoadingSpinner.cs
  artifactKey: Guid(4664c2d6dd034f04eb60d4190ee2ffb7) Importer(2089858483,b0f066a214c2f5e87bad3c948f4d605d)
Start importing Packages/com.unity.collab-proxy/Editor/UI/UIElements/LoadingSpinner.cs using Guid(4664c2d6dd034f04eb60d4190ee2ffb7) Importer(2089858483,b0f066a214c2f5e87bad3c948f4d605d) (ScriptedImporter) -> (artifact id: 'b7946fcf14facc2d21bb5521d869776e') in 0.0076549 seconds
Number of updated asset objects reloaded before import = 0Number of asset objects unloaded after import = 0

========================================================================
Received Import Request.
  Time since last request: 0.000020 seconds.
  path: Packages/com.unity.collab-proxy/Editor/UI/Avatar/ApplyCircleMask.cs
  artifactKey: Guid(e76ce7703143a924b9c0693ee66ebee7) Importer(2089858483,b0f066a214c2f5e87bad3c948f4d605d)
Start importing Packages/com.unity.collab-proxy/Editor/UI/Avatar/ApplyCircleMask.cs using Guid(e76ce7703143a924b9c0693ee66ebee7) Importer(2089858483,b0f066a214c2f5e87bad3c948f4d605d) (ScriptedImporter) -> (artifact id: 'cf071c5f05ac490a7edf48448442ed18') in 0.0059796 seconds
Number of updated asset objects reloaded before import = 0Number of asset objects unloaded after import = 0

========================================================================
Received Import Request.
  Time since last request: 0.000016 seconds.
  path: Packages/com.unity.collab-proxy/Editor/UI/UIElements/ControlBuilder.cs
  artifactKey: Guid(b01e8ea6bc7b48c38aa343ab609290fc) Importer(2089858483,b0f066a214c2f5e87bad3c948f4d605d)
Start importing Packages/com.unity.collab-proxy/Editor/UI/UIElements/ControlBuilder.cs using Guid(b01e8ea6bc7b48c38aa343ab609290fc) Importer(2089858483,b0f066a214c2f5e87bad3c948f4d605d) (ScriptedImporter) -> (artifact id: '24fe170a12ed4b9e7a70d8d201f06f36') in 0.0065727 seconds
Number of updated asset objects reloaded before import = 0Number of asset objects unloaded after import = 0

========================================================================
Received Import Request.
  Time since last request: 0.000035 seconds.
  path: Packages/com.unity.collab-proxy/Editor/UI/Progress/DrawProgressForOperations.cs
  artifactKey: Guid(aa1cd36edf652db46b5fa11c2ed355b9) Importer(2089858483,b0f066a214c2f5e87bad3c948f4d605d)
Start importing Packages/com.unity.collab-proxy/Editor/UI/Progress/DrawProgressForOperations.cs using Guid(aa1cd36edf652db46b5fa11c2ed355b9) Importer(2089858483,b0f066a214c2f5e87bad3c948f4d605d) (ScriptedImporter) -> (artifact id: 'cea9d546ff2fbecf28f4563ca1a86934') in 0.0067428 seconds
Number of updated asset objects reloaded before import = 0Number of asset objects unloaded after import = 0

========================================================================
Received Import Request.
  Time since last request: 0.000015 seconds.
  path: Packages/com.unity.collab-proxy/Editor/Hub/Operations/OperationParams.cs
  artifactKey: Guid(7985a2b6ab3fac849929b1e2d51fe9cf) Importer(2089858483,b0f066a214c2f5e87bad3c948f4d605d)
Start importing Packages/com.unity.collab-proxy/Editor/Hub/Operations/OperationParams.cs using Guid(7985a2b6ab3fac849929b1e2d51fe9cf) Importer(2089858483,b0f066a214c2f5e87bad3c948f4d605d) (ScriptedImporter) -> (artifact id: '0119ed089f8c69af3c66aa9e267b91ec') in 0.0060377 seconds
Number of updated asset objects reloaded before import = 0Number of asset objects unloaded after import = 0

========================================================================
Received Import Request.
  Time since last request: 0.000018 seconds.
  path: Packages/com.unity.collab-proxy/Editor/UI/UIElements/KeyboardEvents.cs
  artifactKey: Guid(59491e42fa7743e193e65d5c778cd8b2) Importer(2089858483,b0f066a214c2f5e87bad3c948f4d605d)
Start importing Packages/com.unity.collab-proxy/Editor/UI/UIElements/KeyboardEvents.cs using Guid(59491e42fa7743e193e65d5c778cd8b2) Importer(2089858483,b0f066a214c2f5e87bad3c948f4d605d) (ScriptedImporter) -> (artifact id: '178f9b9ab7e5b1ea40764a9dfd2fa8cd') in 0.0079323 seconds
Number of updated asset objects reloaded before import = 0Number of asset objects unloaded after import = 0

========================================================================
Received Import Request.
  Time since last request: 0.000026 seconds.
  path: Packages/com.unity.collab-proxy/Editor/Assets/Images/iconclouddriveview.png
  artifactKey: Guid(229870d327005574fb840c2dd8050ec6) Importer(2089858483,b0f066a214c2f5e87bad3c948f4d605d)
Start importing Packages/com.unity.collab-proxy/Editor/Assets/Images/iconclouddriveview.png using Guid(229870d327005574fb840c2dd8050ec6) Importer(2089858483,b0f066a214c2f5e87bad3c948f4d605d) (ScriptedImporter) -> (artifact id: '412805eec74ddc71aa21837c0554a84e') in 0.0128646 seconds
Number of updated asset objects reloaded before import = 0Number of asset objects unloaded after import = 3

========================================================================
Received Import Request.
  Time since last request: 0.000016 seconds.
  path: Packages/com.unity.collab-proxy/Editor/Assets/Images/iconconflictedoverlay.png
  artifactKey: Guid(503a763cc33a6854c86d736c5dd2515c) Importer(2089858483,b0f066a214c2f5e87bad3c948f4d605d)
Start importing Packages/com.unity.collab-proxy/Editor/Assets/Images/iconconflictedoverlay.png using Guid(503a763cc33a6854c86d736c5dd2515c) Importer(2089858483,b0f066a214c2f5e87bad3c948f4d605d) (ScriptedImporter) -> (artifact id: '06ab69d6fe8d53d4fe92a96942929bd8') in 0.0132632 seconds
Number of updated asset objects reloaded before import = 0Number of asset objects unloaded after import = 3

========================================================================
Received Import Request.
  Time since last request: 0.000026 seconds.
  path: Packages/com.unity.collab-proxy/Editor/Assets/Images/iconadd.png
  artifactKey: Guid(99d1cf315f771ae48ab6f41c99a8d7cb) Importer(2089858483,b0f066a214c2f5e87bad3c948f4d605d)
Start importing Packages/com.unity.collab-proxy/Editor/Assets/Images/iconadd.png using Guid(99d1cf315f771ae48ab6f41c99a8d7cb) Importer(2089858483,b0f066a214c2f5e87bad3c948f4d605d) (ScriptedImporter) -> (artifact id: 'bcc92cefa5865e9369f9c47f0d173bef') in 0.0135808 seconds
Number of updated asset objects reloaded before import = 0Number of asset objects unloaded after import = 3

========================================================================
Received Import Request.
  Time since last request: 0.000029 seconds.
  path: Packages/com.unity.collab-proxy/Editor/Assets/Images/iconaddedoverlay@2x.png
  artifactKey: Guid(74ef721fef79c44489d4e3edb0ab0c01) Importer(2089858483,b0f066a214c2f5e87bad3c948f4d605d)
Start importing Packages/com.unity.collab-proxy/Editor/Assets/Images/iconaddedoverlay@2x.png using Guid(74ef721fef79c44489d4e3edb0ab0c01) Importer(2089858483,b0f066a214c2f5e87bad3c948f4d605d) (ScriptedImporter) -> (artifact id: '4014dedd6b79e1fd08bc682f17093cf5') in 0.010829 seconds
Number of updated asset objects reloaded before import = 0Number of asset objects unloaded after import = 1

========================================================================
Received Import Request.
  Time since last request: 0.669015 seconds.
  path: Packages/com.unity.collab-proxy/Editor/Assets/Images/icondeletedlocaloverlay.png
  artifactKey: Guid(cd221d2235472c94491e607ae42942dd) Importer(2089858483,b0f066a214c2f5e87bad3c948f4d605d)
Start importing Packages/com.unity.collab-proxy/Editor/Assets/Images/icondeletedlocaloverlay.png using Guid(cd221d2235472c94491e607ae42942dd) Importer(2089858483,b0f066a214c2f5e87bad3c948f4d605d) (ScriptedImporter) -> (artifact id: '08828ae354d0704c6c19d62367382a22') in 0.016847 seconds
Number of updated asset objects reloaded before import = 0Number of asset objects unloaded after import = 3

========================================================================
Received Import Request.
  Time since last request: 0.000022 seconds.
  path: Packages/com.unity.collab-proxy/Editor/Views/CreateWorkspace/PerformInitialCheckin.cs
  artifactKey: Guid(29e0becc4ce852c439ff3e642f0375bd) Importer(2089858483,b0f066a214c2f5e87bad3c948f4d605d)
Start importing Packages/com.unity.collab-proxy/Editor/Views/CreateWorkspace/PerformInitialCheckin.cs using Guid(29e0becc4ce852c439ff3e642f0375bd) Importer(2089858483,b0f066a214c2f5e87bad3c948f4d605d) (ScriptedImporter) -> (artifact id: '6cbaa6cdabc3b0e8b120e06c54fc10ea') in 0.0064535 seconds
Number of updated asset objects reloaded before import = 0Number of asset objects unloaded after import = 0

========================================================================
Received Import Request.
  Time since last request: 0.000019 seconds.
  path: Packages/com.unity.collab-proxy/Editor/Views/Branch/BranchesSelection.cs
  artifactKey: Guid(73306fe71bf092d4495ff28ee02b766b) Importer(2089858483,b0f066a214c2f5e87bad3c948f4d605d)
Start importing Packages/com.unity.collab-proxy/Editor/Views/Branch/BranchesSelection.cs using Guid(73306fe71bf092d4495ff28ee02b766b) Importer(2089858483,b0f066a214c2f5e87bad3c948f4d605d) (ScriptedImporter) -> (artifact id: '48fcc053d66788d7bea1609a80546dbd') in 0.0062363 seconds
Number of updated asset objects reloaded before import = 0Number of asset objects unloaded after import = 0

========================================================================
Received Import Request.
  Time since last request: 0.000014 seconds.
  path: Packages/com.unity.collab-proxy/Editor/Views/BranchExplorer/BranchExplorerWindow.cs
  artifactKey: Guid(95c33d7b5f64474d9f2c07832c033127) Importer(2089858483,b0f066a214c2f5e87bad3c948f4d605d)
Start importing Packages/com.unity.collab-proxy/Editor/Views/BranchExplorer/BranchExplorerWindow.cs using Guid(95c33d7b5f64474d9f2c07832c033127) Importer(2089858483,b0f066a214c2f5e87bad3c948f4d605d) (ScriptedImporter) -> (artifact id: '6dde8674767b7b30a4adcadb50fe8bce') in 0.0063552 seconds
Number of updated asset objects reloaded before import = 0Number of asset objects unloaded after import = 0

========================================================================
Received Import Request.
  Time since last request: 0.000015 seconds.
  path: Packages/com.unity.collab-proxy/Editor/UVCSToolbar/PopupWindow/PopupWindowDrawing.cs
  artifactKey: Guid(064a7a3d9b9b458f87abe1ec38227570) Importer(2089858483,b0f066a214c2f5e87bad3c948f4d605d)
Start importing Packages/com.unity.collab-proxy/Editor/UVCSToolbar/PopupWindow/PopupWindowDrawing.cs using Guid(064a7a3d9b9b458f87abe1ec38227570) Importer(2089858483,b0f066a214c2f5e87bad3c948f4d605d) (ScriptedImporter) -> (artifact id: 'b22d0beb8c1e32801e93abb614842636') in 0.006257 seconds
Number of updated asset objects reloaded before import = 0Number of asset objects unloaded after import = 0

========================================================================
Received Import Request.
  Time since last request: 0.000023 seconds.
  path: Packages/com.unity.collab-proxy/Editor/Views/Branch/BranchesListView.cs
  artifactKey: Guid(1b909cb14b9a08c45b5d03f0b61feecb) Importer(2089858483,b0f066a214c2f5e87bad3c948f4d605d)
Start importing Packages/com.unity.collab-proxy/Editor/Views/Branch/BranchesListView.cs using Guid(1b909cb14b9a08c45b5d03f0b61feecb) Importer(2089858483,b0f066a214c2f5e87bad3c948f4d605d) (ScriptedImporter) -> (artifact id: '4094a5f51a6418fefd9db83821762860') in 0.0070642 seconds
Number of updated asset objects reloaded before import = 0Number of asset objects unloaded after import = 0

========================================================================
Received Import Request.
  Time since last request: 0.000016 seconds.
  path: Packages/com.unity.collab-proxy/Editor/UVCSToolbar/PopupWindow/ControlledPopupWindow.cs
  artifactKey: Guid(2f1b1f864205414fb1d64a6c465e0378) Importer(2089858483,b0f066a214c2f5e87bad3c948f4d605d)
Start importing Packages/com.unity.collab-proxy/Editor/UVCSToolbar/PopupWindow/ControlledPopupWindow.cs using Guid(2f1b1f864205414fb1d64a6c465e0378) Importer(2089858483,b0f066a214c2f5e87bad3c948f4d605d) (ScriptedImporter) -> (artifact id: '0d3248eb07aa0a902998ff0bc2f1bfa0') in 0.0056211 seconds
Number of updated asset objects reloaded before import = 0Number of asset objects unloaded after import = 0

========================================================================
Received Import Request.
  Time since last request: 0.000028 seconds.
  path: Packages/com.unity.collab-proxy/Editor/Views/Changesets/ChangesetsListView.cs
  artifactKey: Guid(59e682a8b37338a46910fa9a939425e3) Importer(2089858483,b0f066a214c2f5e87bad3c948f4d605d)
Start importing Packages/com.unity.collab-proxy/Editor/Views/Changesets/ChangesetsListView.cs using Guid(59e682a8b37338a46910fa9a939425e3) Importer(2089858483,b0f066a214c2f5e87bad3c948f4d605d) (ScriptedImporter) -> (artifact id: '1de8cfb1019e66b5350918b9ff94c1cb') in 0.0191591 seconds
Number of updated asset objects reloaded before import = 0Number of asset objects unloaded after import = 0

========================================================================
Received Import Request.
  Time since last request: 0.000035 seconds.
  path: Packages/com.unity.collab-proxy/Editor/Views/Diff/ChangesetByChangesetDiffPanel.cs
  artifactKey: Guid(88f7d95ce0bbb004d8b7fb2d5c2b3a64) Importer(2089858483,b0f066a214c2f5e87bad3c948f4d605d)
Start importing Packages/com.unity.collab-proxy/Editor/Views/Diff/ChangesetByChangesetDiffPanel.cs using Guid(88f7d95ce0bbb004d8b7fb2d5c2b3a64) Importer(2089858483,b0f066a214c2f5e87bad3c948f4d605d) (ScriptedImporter) -> (artifact id: 'ed850248e874117dbf8c7b1b19539cca') in 0.023801 seconds
Number of updated asset objects reloaded before import = 0Number of asset objects unloaded after import = 0

========================================================================
Received Import Request.
  Time since last request: 0.000018 seconds.
  path: Packages/com.unity.collab-proxy/Editor/Views/Branch/BranchListViewItem.cs
  artifactKey: Guid(ebbbce5f7ed39ab45b6f43340727ba5e) Importer(2089858483,b0f066a214c2f5e87bad3c948f4d605d)
Start importing Packages/com.unity.collab-proxy/Editor/Views/Branch/BranchListViewItem.cs using Guid(ebbbce5f7ed39ab45b6f43340727ba5e) Importer(2089858483,b0f066a214c2f5e87bad3c948f4d605d) (ScriptedImporter) -> (artifact id: 'a25a5b5367a4020fab5c6e7339f35abe') in 0.0081898 seconds
Number of updated asset objects reloaded before import = 0Number of asset objects unloaded after import = 0

========================================================================
Received Import Request.
  Time since last request: 0.000025 seconds.
  path: Packages/com.unity.collab-proxy/Editor/Views/BrowseRepository/BrowseRepositoryTreeView.cs
  artifactKey: Guid(c296f9dc5d327e24398979cca08c62c9) Importer(2089858483,b0f066a214c2f5e87bad3c948f4d605d)
Start importing Packages/com.unity.collab-proxy/Editor/Views/BrowseRepository/BrowseRepositoryTreeView.cs using Guid(c296f9dc5d327e24398979cca08c62c9) Importer(2089858483,b0f066a214c2f5e87bad3c948f4d605d) (ScriptedImporter) -> (artifact id: '95e92f4099e4f230311792c173ae1ccb') in 0.0063735 seconds
Number of updated asset objects reloaded before import = 0Number of asset objects unloaded after import = 0

========================================================================
Received Import Request.
  Time since last request: 0.000015 seconds.
  path: Packages/com.unity.collab-proxy/Editor/Views/BranchExplorer/BranchExplorerViewer.cs
  artifactKey: Guid(19cfdd73a6f34b2db2d31238e87e09c5) Importer(2089858483,b0f066a214c2f5e87bad3c948f4d605d)
Start importing Packages/com.unity.collab-proxy/Editor/Views/BranchExplorer/BranchExplorerViewer.cs using Guid(19cfdd73a6f34b2db2d31238e87e09c5) Importer(2089858483,b0f066a214c2f5e87bad3c948f4d605d) (ScriptedImporter) -> (artifact id: '76f698e8f69771a9cd3f3212d1aa7494') in 0.0066774 seconds
Number of updated asset objects reloaded before import = 0Number of asset objects unloaded after import = 0

========================================================================
Received Import Request.
  Time since last request: 0.000013 seconds.
  path: Packages/com.unity.collab-proxy/Editor/Views/Changesets/ChangesetsViewMenu.cs
  artifactKey: Guid(397f62458d0ad3441aaaa1a738bd4f94) Importer(2089858483,b0f066a214c2f5e87bad3c948f4d605d)
Start importing Packages/com.unity.collab-proxy/Editor/Views/Changesets/ChangesetsViewMenu.cs using Guid(397f62458d0ad3441aaaa1a738bd4f94) Importer(2089858483,b0f066a214c2f5e87bad3c948f4d605d) (ScriptedImporter) -> (artifact id: '5f07ad6d41a29be46fea564c12598561') in 0.0060796 seconds
Number of updated asset objects reloaded before import = 0Number of asset objects unloaded after import = 0

========================================================================
Received Import Request.
  Time since last request: 0.000017 seconds.
  path: Packages/com.unity.collab-proxy/Editor/Views/BranchExplorer/SelectedObjectDataUpdater.cs
  artifactKey: Guid(401c6c6a56164529a2624d9467eb46ca) Importer(2089858483,b0f066a214c2f5e87bad3c948f4d605d)
Start importing Packages/com.unity.collab-proxy/Editor/Views/BranchExplorer/SelectedObjectDataUpdater.cs using Guid(401c6c6a56164529a2624d9467eb46ca) Importer(2089858483,b0f066a214c2f5e87bad3c948f4d605d) (ScriptedImporter) -> (artifact id: 'a85414ca50e201f1b11d25b29c03900d') in 0.0067788 seconds
Number of updated asset objects reloaded before import = 0Number of asset objects unloaded after import = 0

========================================================================
Received Import Request.
  Time since last request: 0.000024 seconds.
  path: Packages/com.unity.collab-proxy/Editor/Views/BranchExplorer/EmptyStateView.cs
  artifactKey: Guid(42dc3be94f914d4c886ba488248b16b2) Importer(2089858483,b0f066a214c2f5e87bad3c948f4d605d)
Start importing Packages/com.unity.collab-proxy/Editor/Views/BranchExplorer/EmptyStateView.cs using Guid(42dc3be94f914d4c886ba488248b16b2) Importer(2089858483,b0f066a214c2f5e87bad3c948f4d605d) (ScriptedImporter) -> (artifact id: '5a05a65a6f84107c453478cc393d45a3') in 0.0060333 seconds
Number of updated asset objects reloaded before import = 0Number of asset objects unloaded after import = 0

========================================================================
Received Import Request.
  Time since last request: 0.000017 seconds.
  path: Packages/com.unity.collab-proxy/Editor/Views/Attributes/ApplyAttributeView.cs
  artifactKey: Guid(eb8bc19bacda426fb5ae209e56bd32d3) Importer(2089858483,b0f066a214c2f5e87bad3c948f4d605d)
Start importing Packages/com.unity.collab-proxy/Editor/Views/Attributes/ApplyAttributeView.cs using Guid(eb8bc19bacda426fb5ae209e56bd32d3) Importer(2089858483,b0f066a214c2f5e87bad3c948f4d605d) (ScriptedImporter) -> (artifact id: 'c393a65a6a36bb467bd0c91d6dd12581') in 0.0084994 seconds
Number of updated asset objects reloaded before import = 0Number of asset objects unloaded after import = 0

========================================================================
Received Import Request.
  Time since last request: 0.000020 seconds.
  path: Packages/com.unity.collab-proxy/Editor/Views/BrowseRepository/BrowseRepositoryViewItem.cs
  artifactKey: Guid(10358899f0bd35840af31b6f9f5b4ac0) Importer(2089858483,b0f066a214c2f5e87bad3c948f4d605d)
Start importing Packages/com.unity.collab-proxy/Editor/Views/BrowseRepository/BrowseRepositoryViewItem.cs using Guid(10358899f0bd35840af31b6f9f5b4ac0) Importer(2089858483,b0f066a214c2f5e87bad3c948f4d605d) (ScriptedImporter) -> (artifact id: 'ff2e45aa1ee8d3d4a75b45dbf604cbcd') in 0.0059395 seconds
Number of updated asset objects reloaded before import = 0Number of asset objects unloaded after import = 0

========================================================================
Received Import Request.
  Time since last request: 0.000031 seconds.
  path: Packages/com.unity.collab-proxy/Editor/Assets/Images/iconincomingchangesview@2x.png
  artifactKey: Guid(b8263c2f8ead9485180cfeaa9bde0999) Importer(2089858483,b0f066a214c2f5e87bad3c948f4d605d)
Start importing Packages/com.unity.collab-proxy/Editor/Assets/Images/iconincomingchangesview@2x.png using Guid(b8263c2f8ead9485180cfeaa9bde0999) Importer(2089858483,b0f066a214c2f5e87bad3c948f4d605d) (ScriptedImporter) -> (artifact id: '1e3b6b9fb97faa2798b917ec1e78ca57') in 0.0142748 seconds
Number of updated asset objects reloaded before import = 0Number of asset objects unloaded after import = 3

========================================================================
Received Import Request.
  Time since last request: 0.000018 seconds.
  path: Packages/com.unity.collab-proxy/Editor/UI/UIElements/UIElementsExtensions.cs
  artifactKey: Guid(daa34ff7d97bebd41866fd45e507c80e) Importer(2089858483,b0f066a214c2f5e87bad3c948f4d605d)
Start importing Packages/com.unity.collab-proxy/Editor/UI/UIElements/UIElementsExtensions.cs using Guid(daa34ff7d97bebd41866fd45e507c80e) Importer(2089858483,b0f066a214c2f5e87bad3c948f4d605d) (ScriptedImporter) -> (artifact id: '7bb1705a70ca31a1411733fb4f987892') in 0.0062199 seconds
Number of updated asset objects reloaded before import = 0Number of asset objects unloaded after import = 0

========================================================================
Received Import Request.
  Time since last request: 0.000018 seconds.
  path: Packages/com.unity.collab-proxy/Editor/Views/BranchExplorer/BranchExplorerFocusListener.cs
  artifactKey: Guid(02516f77f52743eeb912e608678868ef) Importer(2089858483,b0f066a214c2f5e87bad3c948f4d605d)
Start importing Packages/com.unity.collab-proxy/Editor/Views/BranchExplorer/BranchExplorerFocusListener.cs using Guid(02516f77f52743eeb912e608678868ef) Importer(2089858483,b0f066a214c2f5e87bad3c948f4d605d) (ScriptedImporter) -> (artifact id: 'fc9007317eb666853a9d6e41ab58a8d1') in 0.0062167 seconds
Number of updated asset objects reloaded before import = 0Number of asset objects unloaded after import = 0

========================================================================
Received Import Request.
  Time since last request: 0.000026 seconds.
  path: Packages/com.unity.collab-proxy/Editor/Views/Attributes/AttributesPanel.cs
  artifactKey: Guid(ed6af67100cc4771885346e6963669f6) Importer(2089858483,b0f066a214c2f5e87bad3c948f4d605d)
Start importing Packages/com.unity.collab-proxy/Editor/Views/Attributes/AttributesPanel.cs using Guid(ed6af67100cc4771885346e6963669f6) Importer(2089858483,b0f066a214c2f5e87bad3c948f4d605d) (ScriptedImporter) -> (artifact id: '397438f0fe0958c2be040d5a631aa9d1') in 0.005424 seconds
Number of updated asset objects reloaded before import = 0Number of asset objects unloaded after import = 0

========================================================================
Received Import Request.
  Time since last request: 0.477833 seconds.
  path: Assets/Assessment 1 Scripts/Sprite 1.prefab
  artifactKey: Guid(218d3feb19e896d41b085a259a09bd70) Importer(2089858483,b0f066a214c2f5e87bad3c948f4d605d)
Start importing Assets/Assessment 1 Scripts/Sprite 1.prefab using Guid(218d3feb19e896d41b085a259a09bd70) Importer(2089858483,b0f066a214c2f5e87bad3c948f4d605d) (ScriptedImporter) -> (artifact id: '9ba71d494817c506fc6d4e800392f346') in 0.0519232 seconds
Number of updated asset objects reloaded before import = 0Number of asset objects unloaded after import = 13

========================================================================
Received Import Request.
  Time since last request: 0.000021 seconds.
  path: Packages/com.unity.collab-proxy/Editor/Views/PendingChanges/CreatedChangesetData.cs
  artifactKey: Guid(bec9a691c125414fb6dc237fe5dbdfaa) Importer(2089858483,b0f066a214c2f5e87bad3c948f4d605d)
Start importing Packages/com.unity.collab-proxy/Editor/Views/PendingChanges/CreatedChangesetData.cs using Guid(bec9a691c125414fb6dc237fe5dbdfaa) Importer(2089858483,b0f066a214c2f5e87bad3c948f4d605d) (ScriptedImporter) -> (artifact id: 'f4c758a81ee541c3f58da00bbae13504') in 0.0054532 seconds
Number of updated asset objects reloaded before import = 0Number of asset objects unloaded after import = 0

========================================================================
Received Import Request.
  Time since last request: 0.000024 seconds.
  path: Packages/com.unity.collab-proxy/Editor/Views/History/HistoryListViewItem.cs
  artifactKey: Guid(b1b8657301e8ead4a9389eda02c15883) Importer(2089858483,b0f066a214c2f5e87bad3c948f4d605d)
Start importing Packages/com.unity.collab-proxy/Editor/Views/History/HistoryListViewItem.cs using Guid(b1b8657301e8ead4a9389eda02c15883) Importer(2089858483,b0f066a214c2f5e87bad3c948f4d605d) (ScriptedImporter) -> (artifact id: 'e15a2827c38804f50939f96d25a25712') in 0.0053902 seconds
Number of updated asset objects reloaded before import = 0Number of asset objects unloaded after import = 0

========================================================================
Received Import Request.
  Time since last request: 0.000015 seconds.
  path: Packages/com.unity.collab-proxy/Editor/Views/Labels/LabelsTab_Operations.cs
  artifactKey: Guid(31a95d07803cf9f48a127ae0fc3e5369) Importer(2089858483,b0f066a214c2f5e87bad3c948f4d605d)
Start importing Packages/com.unity.collab-proxy/Editor/Views/Labels/LabelsTab_Operations.cs using Guid(31a95d07803cf9f48a127ae0fc3e5369) Importer(2089858483,b0f066a214c2f5e87bad3c948f4d605d) (ScriptedImporter) -> (artifact id: '50bfb336b0edf3bc6ccef74adcc9f93f') in 0.0056242 seconds
Number of updated asset objects reloaded before import = 0Number of asset objects unloaded after import = 0

========================================================================
Received Import Request.
  Time since last request: 0.000016 seconds.
  path: Packages/com.unity.collab-proxy/Editor/Views/Diff/DiffSelection.cs
  artifactKey: Guid(4ef5fb54cd29b40468eaf5a14e9845ed) Importer(2089858483,b0f066a214c2f5e87bad3c948f4d605d)
Start importing Packages/com.unity.collab-proxy/Editor/Views/Diff/DiffSelection.cs using Guid(4ef5fb54cd29b40468eaf5a14e9845ed) Importer(2089858483,b0f066a214c2f5e87bad3c948f4d605d) (ScriptedImporter) -> (artifact id: 'dde3e541925dc13e2110e69e52153e73') in 0.0055325 seconds
Number of updated asset objects reloaded before import = 0Number of asset objects unloaded after import = 0

========================================================================
Received Import Request.
  Time since last request: 0.000020 seconds.
  path: Packages/com.unity.collab-proxy/Editor/Views/History/HistoryTab.cs
  artifactKey: Guid(3a49359b59c12b74386ca6816923ec2c) Importer(2089858483,b0f066a214c2f5e87bad3c948f4d605d)
Start importing Packages/com.unity.collab-proxy/Editor/Views/History/HistoryTab.cs using Guid(3a49359b59c12b74386ca6816923ec2c) Importer(2089858483,b0f066a214c2f5e87bad3c948f4d605d) (ScriptedImporter) -> (artifact id: 'c0418092f808486ed670af0ccff5046e') in 0.0058495 seconds
Number of updated asset objects reloaded before import = 0Number of asset objects unloaded after import = 0

========================================================================
Received Import Request.
  Time since last request: 0.000025 seconds.
  path: Packages/com.unity.collab-proxy/Editor/Views/History/HistoryListHeaderState.cs
  artifactKey: Guid(5b6e8a80709e2264eb383ef6b40e181f) Importer(2089858483,b0f066a214c2f5e87bad3c948f4d605d)
Start importing Packages/com.unity.collab-proxy/Editor/Views/History/HistoryListHeaderState.cs using Guid(5b6e8a80709e2264eb383ef6b40e181f) Importer(2089858483,b0f066a214c2f5e87bad3c948f4d605d) (ScriptedImporter) -> (artifact id: '30dba7b5d1006b1939df1ec539d35dcf') in 0.0058668 seconds
Number of updated asset objects reloaded before import = 0Number of asset objects unloaded after import = 0

========================================================================
Received Import Request.
  Time since last request: 0.000018 seconds.
  path: Packages/com.unity.collab-proxy/Editor/Views/Locks/LocksSelector.cs
  artifactKey: Guid(8456e83060fd4354a0695680eea6b3cd) Importer(2089858483,b0f066a214c2f5e87bad3c948f4d605d)
Start importing Packages/com.unity.collab-proxy/Editor/Views/Locks/LocksSelector.cs using Guid(8456e83060fd4354a0695680eea6b3cd) Importer(2089858483,b0f066a214c2f5e87bad3c948f4d605d) (ScriptedImporter) -> (artifact id: '830942dce46ad76d6c34c759a4b58ee6') in 0.0052858 seconds
Number of updated asset objects reloaded before import = 0Number of asset objects unloaded after import = 0

========================================================================
Received Import Request.
  Time since last request: 0.000016 seconds.
  path: Packages/com.unity.collab-proxy/Editor/Views/Diff/DiffPanel.cs
  artifactKey: Guid(0ee79162e06c6984a97600b7c0680611) Importer(2089858483,b0f066a214c2f5e87bad3c948f4d605d)
Start importing Packages/com.unity.collab-proxy/Editor/Views/Diff/DiffPanel.cs using Guid(0ee79162e06c6984a97600b7c0680611) Importer(2089858483,b0f066a214c2f5e87bad3c948f4d605d) (ScriptedImporter) -> (artifact id: 'd3550bc3b6aa87138902bfa8ffdd4ff8') in 0.0070315 seconds
Number of updated asset objects reloaded before import = 0Number of asset objects unloaded after import = 0

========================================================================
Received Import Request.
  Time since last request: 0.000026 seconds.
  path: Packages/com.unity.collab-proxy/Editor/Views/Shelves/ShelvesListHeaderState.cs
  artifactKey: Guid(c197d289bbe8d4e418c3de49a40fd1b5) Importer(2089858483,b0f066a214c2f5e87bad3c948f4d605d)
Start importing Packages/com.unity.collab-proxy/Editor/Views/Shelves/ShelvesListHeaderState.cs using Guid(c197d289bbe8d4e418c3de49a40fd1b5) Importer(2089858483,b0f066a214c2f5e87bad3c948f4d605d) (ScriptedImporter) -> (artifact id: 'bf547ef208106ae13632beaa2523667e') in 0.0056668 seconds
Number of updated asset objects reloaded before import = 0Number of asset objects unloaded after import = 0

========================================================================
Received Import Request.
  Time since last request: 0.000027 seconds.
  path: Packages/com.unity.collab-proxy/Editor/Views/Locks/LocksViewMenu.cs
  artifactKey: Guid(0f34fdc6653d640839eaa1d2bc1bd538) Importer(2089858483,b0f066a214c2f5e87bad3c948f4d605d)
Start importing Packages/com.unity.collab-proxy/Editor/Views/Locks/LocksViewMenu.cs using Guid(0f34fdc6653d640839eaa1d2bc1bd538) Importer(2089858483,b0f066a214c2f5e87bad3c948f4d605d) (ScriptedImporter) -> (artifact id: 'ab75eac703f5112d0dc89f675116040e') in 0.0061528 seconds
Number of updated asset objects reloaded before import = 0Number of asset objects unloaded after import = 0

========================================================================
Received Import Request.
  Time since last request: 0.000017 seconds.
  path: Packages/com.unity.collab-proxy/Editor/Views/PendingChanges/DrawCommentTextArea.cs
  artifactKey: Guid(23471c5c18843794fba363cb093b5a05) Importer(2089858483,b0f066a214c2f5e87bad3c948f4d605d)
Start importing Packages/com.unity.collab-proxy/Editor/Views/PendingChanges/DrawCommentTextArea.cs using Guid(23471c5c18843794fba363cb093b5a05) Importer(2089858483,b0f066a214c2f5e87bad3c948f4d605d) (ScriptedImporter) -> (artifact id: '86cb60edd9a420422b80ca8556c8c153') in 0.0059233 seconds
Number of updated asset objects reloaded before import = 0Number of asset objects unloaded after import = 0

========================================================================
Received Import Request.
  Time since last request: 0.000020 seconds.
  path: Packages/com.unity.collab-proxy/Editor/Views/PendingChanges/CommentTextArea.cs
  artifactKey: Guid(9440337dae7b4ecebafa6249b257c940) Importer(2089858483,b0f066a214c2f5e87bad3c948f4d605d)
Start importing Packages/com.unity.collab-proxy/Editor/Views/PendingChanges/CommentTextArea.cs using Guid(9440337dae7b4ecebafa6249b257c940) Importer(2089858483,b0f066a214c2f5e87bad3c948f4d605d) (ScriptedImporter) -> (artifact id: 'fa17ca8426cac26b1ff6cccb328aa411') in 0.0077088 seconds
Number of updated asset objects reloaded before import = 0Number of asset objects unloaded after import = 0

========================================================================
Received Import Request.
  Time since last request: 0.000028 seconds.
  path: Packages/com.unity.collab-proxy/Editor/Views/Shelves/ShelveListViewItem.cs
  artifactKey: Guid(bcc8e3fcf0e9fb0478604e86fa679bcd) Importer(2089858483,b0f066a214c2f5e87bad3c948f4d605d)
Start importing Packages/com.unity.collab-proxy/Editor/Views/Shelves/ShelveListViewItem.cs using Guid(bcc8e3fcf0e9fb0478604e86fa679bcd) Importer(2089858483,b0f066a214c2f5e87bad3c948f4d605d) (ScriptedImporter) -> (artifact id: 'a0a8466f4f50dd3f9e48839300d86cc3') in 0.0063123 seconds
Number of updated asset objects reloaded before import = 0Number of asset objects unloaded after import = 0

========================================================================
Received Import Request.
  Time since last request: 0.000017 seconds.
  path: Packages/com.unity.collab-proxy/Editor/Views/Diff/MergeCategoryTreeViewItem.cs
  artifactKey: Guid(923dacaaac477a941a4a5c7c1657a250) Importer(2089858483,b0f066a214c2f5e87bad3c948f4d605d)
Start importing Packages/com.unity.collab-proxy/Editor/Views/Diff/MergeCategoryTreeViewItem.cs using Guid(923dacaaac477a941a4a5c7c1657a250) Importer(2089858483,b0f066a214c2f5e87bad3c948f4d605d) (ScriptedImporter) -> (artifact id: '81f25eda5d691a6cb4cedc6e0bc5b9fa') in 0.007082 seconds
Number of updated asset objects reloaded before import = 0Number of asset objects unloaded after import = 0

========================================================================
Received Import Request.
  Time since last request: 0.000024 seconds.
  path: Packages/com.unity.collab-proxy/Editor/Views/Filters/FiltersPanel.cs
  artifactKey: Guid(1ee8c894c1a3e644fb379a46b41222d7) Importer(2089858483,b0f066a214c2f5e87bad3c948f4d605d)
Start importing Packages/com.unity.collab-proxy/Editor/Views/Filters/FiltersPanel.cs using Guid(1ee8c894c1a3e644fb379a46b41222d7) Importer(2089858483,b0f066a214c2f5e87bad3c948f4d605d) (ScriptedImporter) -> (artifact id: '77cf2e609765f0169bba71746c8676d7') in 0.006872 seconds
Number of updated asset objects reloaded before import = 0Number of asset objects unloaded after import = 0

========================================================================
Received Import Request.
  Time since last request: 0.000026 seconds.
  path: Packages/com.unity.collab-proxy/Editor/CodeEditor/Document/DocumentTextWriter.cs
  artifactKey: Guid(36d9d402826ee48d8816a061c1aba22e) Importer(2089858483,b0f066a214c2f5e87bad3c948f4d605d)
Start importing Packages/com.unity.collab-proxy/Editor/CodeEditor/Document/DocumentTextWriter.cs using Guid(36d9d402826ee48d8816a061c1aba22e) Importer(2089858483,b0f066a214c2f5e87bad3c948f4d605d) (ScriptedImporter) -> (artifact id: '8daa4d457d9f0e27f290a249e84a01ae') in 0.0083756 seconds
Number of updated asset objects reloaded before import = 0Number of asset objects unloaded after import = 0

========================================================================
Received Import Request.
  Time since last request: 0.000014 seconds.
  path: Packages/com.unity.collab-proxy/Editor/CloudDrive/CreateWorkspace/CreateWorkspacePanel.cs
  artifactKey: Guid(abdd7cad9f7d58546ac746130105711a) Importer(2089858483,b0f066a214c2f5e87bad3c948f4d605d)
Start importing Packages/com.unity.collab-proxy/Editor/CloudDrive/CreateWorkspace/CreateWorkspacePanel.cs using Guid(abdd7cad9f7d58546ac746130105711a) Importer(2089858483,b0f066a214c2f5e87bad3c948f4d605d) (ScriptedImporter) -> (artifact id: 'af634f100dc85a0433be1bab1e9662e1') in 0.0061462 seconds
Number of updated asset objects reloaded before import = 0Number of asset objects unloaded after import = 0

========================================================================
Received Import Request.
  Time since last request: 0.000017 seconds.
  path: Packages/com.unity.collab-proxy/Editor/Views/Merge/IIncomingChangesTab.cs
  artifactKey: Guid(7a04ed4805f84fd4a8ceee51915ba39a) Importer(2089858483,b0f066a214c2f5e87bad3c948f4d605d)
Start importing Packages/com.unity.collab-proxy/Editor/Views/Merge/IIncomingChangesTab.cs using Guid(7a04ed4805f84fd4a8ceee51915ba39a) Importer(2089858483,b0f066a214c2f5e87bad3c948f4d605d) (ScriptedImporter) -> (artifact id: '9e736a49fcb2dc800a1ac833896813d8') in 0.0071348 seconds
Number of updated asset objects reloaded before import = 0Number of asset objects unloaded after import = 0

========================================================================
Received Import Request.
  Time since last request: 0.000034 seconds.
  path: Packages/com.unity.collab-proxy/Editor/Views/Merge/DrawMergeOverview.cs
  artifactKey: Guid(f8686930677b1f44d9ad7deab4888955) Importer(2089858483,b0f066a214c2f5e87bad3c948f4d605d)
Start importing Packages/com.unity.collab-proxy/Editor/Views/Merge/DrawMergeOverview.cs using Guid(f8686930677b1f44d9ad7deab4888955) Importer(2089858483,b0f066a214c2f5e87bad3c948f4d605d) (ScriptedImporter) -> (artifact id: '3be7908226d1dd7c1f4511b5c8a1f44f') in 0.0069754 seconds
Number of updated asset objects reloaded before import = 0Number of asset objects unloaded after import = 0

========================================================================
Received Import Request.
  Time since last request: 0.000017 seconds.
  path: Packages/com.unity.collab-proxy/Editor/AssetsUtils/Processor/UVCSAssetsProcessor.cs
  artifactKey: Guid(d3daa94b5fca9a648b12f6ef2aae752f) Importer(2089858483,b0f066a214c2f5e87bad3c948f4d605d)
Start importing Packages/com.unity.collab-proxy/Editor/AssetsUtils/Processor/UVCSAssetsProcessor.cs using Guid(d3daa94b5fca9a648b12f6ef2aae752f) Importer(2089858483,b0f066a214c2f5e87bad3c948f4d605d) (ScriptedImporter) -> (artifact id: '272db6e04630a922f894cf80692b1d37') in 0.0064754 seconds
Number of updated asset objects reloaded before import = 0Number of asset objects unloaded after import = 0

========================================================================
Received Import Request.
  Time since last request: 0.000021 seconds.
  path: Packages/com.unity.collab-proxy/Editor/Views/Labels/LabelsViewMenu.cs
  artifactKey: Guid(677b354f66fb9d640a93f849362af498) Importer(2089858483,b0f066a214c2f5e87bad3c948f4d605d)
Start importing Packages/com.unity.collab-proxy/Editor/Views/Labels/LabelsViewMenu.cs using Guid(677b354f66fb9d640a93f849362af498) Importer(2089858483,b0f066a214c2f5e87bad3c948f4d605d) (ScriptedImporter) -> (artifact id: '45a8080bc0b37c5f3068163ea5ebfce9') in 0.0087388 seconds
Number of updated asset objects reloaded before import = 0Number of asset objects unloaded after import = 0

========================================================================
Received Import Request.
  Time since last request: 0.000027 seconds.
  path: Packages/com.unity.collab-proxy/Editor/Views/PendingChanges/ChangeTreeViewItem.cs
  artifactKey: Guid(a9e847d045a7744b08c7a37912965cdc) Importer(2089858483,b0f066a214c2f5e87bad3c948f4d605d)
Start importing Packages/com.unity.collab-proxy/Editor/Views/PendingChanges/ChangeTreeViewItem.cs using Guid(a9e847d045a7744b08c7a37912965cdc) Importer(2089858483,b0f066a214c2f5e87bad3c948f4d605d) (ScriptedImporter) -> (artifact id: '88c328bee4ae3e1dc635ccf903946bc4') in 0.0092999 seconds
Number of updated asset objects reloaded before import = 0Number of asset objects unloaded after import = 0

========================================================================
Received Import Request.
  Time since last request: 0.000015 seconds.
  path: Packages/com.unity.collab-proxy/Editor/UVCSNotification.cs
  artifactKey: Guid(ea0c99d9630e5ca40ba541545beec9b8) Importer(2089858483,b0f066a214c2f5e87bad3c948f4d605d)
Start importing Packages/com.unity.collab-proxy/Editor/UVCSNotification.cs using Guid(ea0c99d9630e5ca40ba541545beec9b8) Importer(2089858483,b0f066a214c2f5e87bad3c948f4d605d) (ScriptedImporter) -> (artifact id: '8af5b2ffa345dc81908d32948266dee8') in 0.0058543 seconds
Number of updated asset objects reloaded before import = 0Number of asset objects unloaded after import = 0

========================================================================
Received Import Request.
  Time since last request: 0.000020 seconds.
  path: Packages/com.unity.collab-proxy/Editor/ProjectLoadedCounter.cs
  artifactKey: Guid(d7ab4771a00b0cc4ab99301fc356de49) Importer(2089858483,b0f066a214c2f5e87bad3c948f4d605d)
Start importing Packages/com.unity.collab-proxy/Editor/ProjectLoadedCounter.cs using Guid(d7ab4771a00b0cc4ab99301fc356de49) Importer(2089858483,b0f066a214c2f5e87bad3c948f4d605d) (ScriptedImporter) -> (artifact id: '619599ae678107adf0d2741cb6e2e72b') in 0.0091035 seconds
Number of updated asset objects reloaded before import = 0Number of asset objects unloaded after import = 0

========================================================================
Received Import Request.
  Time since last request: 0.000032 seconds.
  path: Packages/com.unity.collab-proxy/Editor/EnumExtensions.cs
  artifactKey: Guid(f032fd1e0068a2642abd4fe8e1fd4241) Importer(2089858483,b0f066a214c2f5e87bad3c948f4d605d)
Start importing Packages/com.unity.collab-proxy/Editor/EnumExtensions.cs using Guid(f032fd1e0068a2642abd4fe8e1fd4241) Importer(2089858483,b0f066a214c2f5e87bad3c948f4d605d) (ScriptedImporter) -> (artifact id: 'a92823bad0630cb4828ea30b35b72fda') in 0.0070553 seconds
Number of updated asset objects reloaded before import = 0Number of asset objects unloaded after import = 0

========================================================================
Received Import Request.
  Time since last request: 0.000016 seconds.
  path: Packages/com.unity.collab-proxy/Editor/Inspector/DrawInspectorOperations.cs
  artifactKey: Guid(28ce2dedf734c7c4e8ad114c00173d65) Importer(2089858483,b0f066a214c2f5e87bad3c948f4d605d)
Start importing Packages/com.unity.collab-proxy/Editor/Inspector/DrawInspectorOperations.cs using Guid(28ce2dedf734c7c4e8ad114c00173d65) Importer(2089858483,b0f066a214c2f5e87bad3c948f4d605d) (ScriptedImporter) -> (artifact id: '000ec3fff1b8e5395abdf015f0fad830') in 0.0081842 seconds
Number of updated asset objects reloaded before import = 0Number of asset objects unloaded after import = 0

========================================================================
Received Import Request.
  Time since last request: 0.000022 seconds.
  path: Packages/com.unity.collab-proxy/Editor/UVCSToolbar/UVCSToolbar.cs
  artifactKey: Guid(5717b3e29bf6a2b48be2cf9d0707c505) Importer(2089858483,b0f066a214c2f5e87bad3c948f4d605d)
Start importing Packages/com.unity.collab-proxy/Editor/UVCSToolbar/UVCSToolbar.cs using Guid(5717b3e29bf6a2b48be2cf9d0707c505) Importer(2089858483,b0f066a214c2f5e87bad3c948f4d605d) (ScriptedImporter) -> (artifact id: '7c04eb700d1559617f7d2505c62df097') in 0.0072532 seconds
Number of updated asset objects reloaded before import = 0Number of asset objects unloaded after import = 0

========================================================================
Received Import Request.
  Time since last request: 0.000026 seconds.
  path: Packages/com.unity.collab-proxy/Editor/Assets/Images/d_hideversioncontrol.png
  artifactKey: Guid(ec597fbbebec64e4f8725c31ce52fdb7) Importer(2089858483,b0f066a214c2f5e87bad3c948f4d605d)
Start importing Packages/com.unity.collab-proxy/Editor/Assets/Images/d_hideversioncontrol.png using Guid(ec597fbbebec64e4f8725c31ce52fdb7) Importer(2089858483,b0f066a214c2f5e87bad3c948f4d605d) (ScriptedImporter) -> (artifact id: '27aaf7ef8dc2af03a21e05c1402b46e0') in 0.0144451 seconds
Number of updated asset objects reloaded before import = 0Number of asset objects unloaded after import = 3

========================================================================
Received Import Request.
  Time since last request: 0.000017 seconds.
  path: Packages/com.unity.collab-proxy/Lib/Editor/Localization/guihelp.ja.txt
  artifactKey: Guid(5026f4ee4e60a4de089bd9edc13171c0) Importer(2089858483,b0f066a214c2f5e87bad3c948f4d605d)
Start importing Packages/com.unity.collab-proxy/Lib/Editor/Localization/guihelp.ja.txt using Guid(5026f4ee4e60a4de089bd9edc13171c0) Importer(2089858483,b0f066a214c2f5e87bad3c948f4d605d) (ScriptedImporter) -> (artifact id: 'e9d6f400ab6f623b9f5f7237c9a8abc1') in 0.0073343 seconds
Number of updated asset objects reloaded before import = 0Number of asset objects unloaded after import = 1

========================================================================
Received Import Request.
  Time since last request: 0.000018 seconds.
  path: Packages/com.unity.collab-proxy/Lib/Editor/Localization/cm-help.en.txt
  artifactKey: Guid(63b4d85ff9a8149b0b6e6ac494e06c70) Importer(2089858483,b0f066a214c2f5e87bad3c948f4d605d)
Start importing Packages/com.unity.collab-proxy/Lib/Editor/Localization/cm-help.en.txt using Guid(63b4d85ff9a8149b0b6e6ac494e06c70) Importer(2089858483,b0f066a214c2f5e87bad3c948f4d605d) (ScriptedImporter) -> (artifact id: 'c47c69cf4dca98e84faa1f5b2f01b99f') in 0.007085 seconds
Number of updated asset objects reloaded before import = 0Number of asset objects unloaded after import = 1

========================================================================
Received Import Request.
  Time since last request: 0.000029 seconds.
  path: Packages/com.unity.collab-proxy/Editor/Views/Welcome/DownloadAndInstallOperation.cs
  artifactKey: Guid(f00521067f54ce541951ab90047cc3f4) Importer(2089858483,b0f066a214c2f5e87bad3c948f4d605d)
Start importing Packages/com.unity.collab-proxy/Editor/Views/Welcome/DownloadAndInstallOperation.cs using Guid(f00521067f54ce541951ab90047cc3f4) Importer(2089858483,b0f066a214c2f5e87bad3c948f4d605d) (ScriptedImporter) -> (artifact id: '274da9f26c81b2b97365750fa5170580') in 0.0067881 seconds
Number of updated asset objects reloaded before import = 0Number of asset objects unloaded after import = 0

========================================================================
Received Import Request.
  Time since last request: 0.000017 seconds.
  path: Packages/com.unity.collab-proxy/Editor/Views/Shelves/ShelvesTab.cs
  artifactKey: Guid(9a496dda1132f2942b00c4f1c427454d) Importer(2089858483,b0f066a214c2f5e87bad3c948f4d605d)
Start importing Packages/com.unity.collab-proxy/Editor/Views/Shelves/ShelvesTab.cs using Guid(9a496dda1132f2942b00c4f1c427454d) Importer(2089858483,b0f066a214c2f5e87bad3c948f4d605d) (ScriptedImporter) -> (artifact id: 'bbf74631cbacf740cf3a426ff66072de') in 0.0060223 seconds
Number of updated asset objects reloaded before import = 0Number of asset objects unloaded after import = 0

========================================================================
Received Import Request.
  Time since last request: 0.000017 seconds.
  path: Packages/com.unity.collab-proxy/Lib/Editor/Localization/configurehelper.es.txt
  artifactKey: Guid(3c17ce0c67c7e45ab84aa8d1d060f085) Importer(2089858483,b0f066a214c2f5e87bad3c948f4d605d)
Start importing Packages/com.unity.collab-proxy/Lib/Editor/Localization/configurehelper.es.txt using Guid(3c17ce0c67c7e45ab84aa8d1d060f085) Importer(2089858483,b0f066a214c2f5e87bad3c948f4d605d) (ScriptedImporter) -> (artifact id: 'bd479584cac361755a1421a3e91dd1da') in 0.006479 seconds
Number of updated asset objects reloaded before import = 0Number of asset objects unloaded after import = 1

========================================================================
Received Import Request.
  Time since last request: 0.000023 seconds.
  path: Packages/com.unity.collab-proxy/Lib/Editor/Localization/common.en.txt
  artifactKey: Guid(29abf003bc40e4f079730eb88d538d98) Importer(2089858483,b0f066a214c2f5e87bad3c948f4d605d)
Start importing Packages/com.unity.collab-proxy/Lib/Editor/Localization/common.en.txt using Guid(29abf003bc40e4f079730eb88d538d98) Importer(2089858483,b0f066a214c2f5e87bad3c948f4d605d) (ScriptedImporter) -> (artifact id: '4e310a9a7336d28bf9743c4f5609338a') in 0.0075354 seconds
Number of updated asset objects reloaded before import = 0Number of asset objects unloaded after import = 1

========================================================================
Received Import Request.
  Time since last request: 0.000020 seconds.
  path: Packages/com.unity.collab-proxy/Lib/Editor/Localization/common.es.txt
  artifactKey: Guid(0d4ef9387a3bc423f96d7bfbdb7cf122) Importer(2089858483,b0f066a214c2f5e87bad3c948f4d605d)
Start importing Packages/com.unity.collab-proxy/Lib/Editor/Localization/common.es.txt using Guid(0d4ef9387a3bc423f96d7bfbdb7cf122) Importer(2089858483,b0f066a214c2f5e87bad3c948f4d605d) (ScriptedImporter) -> (artifact id: 'ffcb08ea6e59092889e35b4770ab6436') in 0.0067181 seconds
Number of updated asset objects reloaded before import = 0Number of asset objects unloaded after import = 1

========================================================================
Received Import Request.
  Time since last request: 0.000017 seconds.
  path: Packages/com.unity.collab-proxy/Editor/Views/Welcome/WelcomeView.cs
  artifactKey: Guid(a9298a2c04dfc944bbc6ea156f4e2104) Importer(2089858483,b0f066a214c2f5e87bad3c948f4d605d)
Start importing Packages/com.unity.collab-proxy/Editor/Views/Welcome/WelcomeView.cs using Guid(a9298a2c04dfc944bbc6ea156f4e2104) Importer(2089858483,b0f066a214c2f5e87bad3c948f4d605d) (ScriptedImporter) -> (artifact id: '910c53866d5d5b0ead8690bfef0272b7') in 0.0058417 seconds
Number of updated asset objects reloaded before import = 0Number of asset objects unloaded after import = 0

========================================================================
Received Import Request.
  Time since last request: 0.000026 seconds.
  path: Packages/com.unity.collab-proxy/Lib/Editor/Localization/mergetool.ko.txt
  artifactKey: Guid(d9ab4f4718d5d4ba19f63f47a03e8f06) Importer(2089858483,b0f066a214c2f5e87bad3c948f4d605d)
Start importing Packages/com.unity.collab-proxy/Lib/Editor/Localization/mergetool.ko.txt using Guid(d9ab4f4718d5d4ba19f63f47a03e8f06) Importer(2089858483,b0f066a214c2f5e87bad3c948f4d605d) (ScriptedImporter) -> (artifact id: '9baab4ea905cc7ff081b31da30f52e96') in 0.0062109 seconds
Number of updated asset objects reloaded before import = 0Number of asset objects unloaded after import = 1

========================================================================
Received Import Request.
  Time since last request: 0.000016 seconds.
  path: Packages/com.unity.collab-proxy/Lib/Editor/Localization/cm.zh-Hans.txt
  artifactKey: Guid(2c0548b030b4443e1bba441773bbc14b) Importer(2089858483,b0f066a214c2f5e87bad3c948f4d605d)
Start importing Packages/com.unity.collab-proxy/Lib/Editor/Localization/cm.zh-Hans.txt using Guid(2c0548b030b4443e1bba441773bbc14b) Importer(2089858483,b0f066a214c2f5e87bad3c948f4d605d) (ScriptedImporter) -> (artifact id: '933ccf0a24615be9b31fff926799d67b') in 0.0078989 seconds
Number of updated asset objects reloaded before import = 0Number of asset objects unloaded after import = 1

========================================================================
Received Import Request.
  Time since last request: 0.000017 seconds.
  path: Packages/com.unity.collab-proxy/Lib/Editor/Localization/i3.es.txt
  artifactKey: Guid(402a37c67f95c46d98827069b3b65e4c) Importer(2089858483,b0f066a214c2f5e87bad3c948f4d605d)
Start importing Packages/com.unity.collab-proxy/Lib/Editor/Localization/i3.es.txt using Guid(402a37c67f95c46d98827069b3b65e4c) Importer(2089858483,b0f066a214c2f5e87bad3c948f4d605d) (ScriptedImporter) -> (artifact id: '5efe1dbcd65a21ae945290261da5ce90') in 0.0067668 seconds
Number of updated asset objects reloaded before import = 0Number of asset objects unloaded after import = 1

========================================================================
Received Import Request.
  Time since last request: 0.000019 seconds.
  path: Packages/com.unity.collab-proxy/Lib/Editor/Localization/cm.en.txt
  artifactKey: Guid(ab6257926b76242c39331cb6c7e0d180) Importer(2089858483,b0f066a214c2f5e87bad3c948f4d605d)
Start importing Packages/com.unity.collab-proxy/Lib/Editor/Localization/cm.en.txt using Guid(ab6257926b76242c39331cb6c7e0d180) Importer(2089858483,b0f066a214c2f5e87bad3c948f4d605d) (ScriptedImporter) -> (artifact id: '1697a5f1caea5b5a7599aacad94f6421') in 0.0058093 seconds
Number of updated asset objects reloaded before import = 0Number of asset objects unloaded after import = 1

========================================================================
Received Import Request.
  Time since last request: 0.000029 seconds.
  path: Packages/com.unity.collab-proxy/Lib/Editor/Localization/mergetool.zh-Hant.txt
  artifactKey: Guid(659cea81136eb4fa9afc4f5f9e2ce497) Importer(2089858483,b0f066a214c2f5e87bad3c948f4d605d)
Start importing Packages/com.unity.collab-proxy/Lib/Editor/Localization/mergetool.zh-Hant.txt using Guid(659cea81136eb4fa9afc4f5f9e2ce497) Importer(2089858483,b0f066a214c2f5e87bad3c948f4d605d) (ScriptedImporter) -> (artifact id: '2239591df05c4e68a16b539ae89fe709') in 0.0076798 seconds
Number of updated asset objects reloaded before import = 0Number of asset objects unloaded after import = 1

========================================================================
Received Import Request.
  Time since last request: 0.000016 seconds.
  path: Packages/com.unity.collab-proxy/Editor/Gluon/UpdateReport/ErrorListViewItem.cs
  artifactKey: Guid(0188683ab76112f4897348feb19a3b77) Importer(2089858483,b0f066a214c2f5e87bad3c948f4d605d)
Start importing Packages/com.unity.collab-proxy/Editor/Gluon/UpdateReport/ErrorListViewItem.cs using Guid(0188683ab76112f4897348feb19a3b77) Importer(2089858483,b0f066a214c2f5e87bad3c948f4d605d) (ScriptedImporter) -> (artifact id: '22c748c37cf9e70768b1686d93dfe919') in 0.0066107 seconds
Number of updated asset objects reloaded before import = 0Number of asset objects unloaded after import = 0

========================================================================
Received Import Request.
  Time since last request: 0.000020 seconds.
  path: Packages/com.unity.collab-proxy/Editor/Developer/UpdateReport/UpdateReportListView.cs
  artifactKey: Guid(e8bf7425cfbdd094da5dc809a5eaa8ff) Importer(2089858483,b0f066a214c2f5e87bad3c948f4d605d)
Start importing Packages/com.unity.collab-proxy/Editor/Developer/UpdateReport/UpdateReportListView.cs using Guid(e8bf7425cfbdd094da5dc809a5eaa8ff) Importer(2089858483,b0f066a214c2f5e87bad3c948f4d605d) (ScriptedImporter) -> (artifact id: '57a259f6c15db00a1907844a31cd5546') in 0.0073095 seconds
Number of updated asset objects reloaded before import = 0Number of asset objects unloaded after import = 0

========================================================================
Received Import Request.
  Time since last request: 0.000024 seconds.
  path: Packages/com.unity.collab-proxy/Lib/Editor/Localization/guihelp.zh-Hant.txt
  artifactKey: Guid(9879fbd25a5d642c89459f0d61359e34) Importer(2089858483,b0f066a214c2f5e87bad3c948f4d605d)
Start importing Packages/com.unity.collab-proxy/Lib/Editor/Localization/guihelp.zh-Hant.txt using Guid(9879fbd25a5d642c89459f0d61359e34) Importer(2089858483,b0f066a214c2f5e87bad3c948f4d605d) (ScriptedImporter) -> (artifact id: '1dd65aaf602c2052f9b7da72e60c21eb') in 0.0059432 seconds
Number of updated asset objects reloaded before import = 0Number of asset objects unloaded after import = 1

========================================================================
Received Import Request.
  Time since last request: 0.000015 seconds.
  path: Packages/com.unity.collab-proxy/Editor/CodeEditor/Utils/DelayedEvents.cs
  artifactKey: Guid(b82decbecd7e9441b9e870133239aeee) Importer(2089858483,b0f066a214c2f5e87bad3c948f4d605d)
Start importing Packages/com.unity.collab-proxy/Editor/CodeEditor/Utils/DelayedEvents.cs using Guid(b82decbecd7e9441b9e870133239aeee) Importer(2089858483,b0f066a214c2f5e87bad3c948f4d605d) (ScriptedImporter) -> (artifact id: 'da19394e642faa7ee854718c503fde03') in 0.005536 seconds
Number of updated asset objects reloaded before import = 0Number of asset objects unloaded after import = 0

========================================================================
Received Import Request.
  Time since last request: 0.000016 seconds.
  path: Packages/com.unity.collab-proxy/Editor/CodeEditor/Rendering/Layer.cs
  artifactKey: Guid(c46fba980ad348788e35c490b31b1330) Importer(2089858483,b0f066a214c2f5e87bad3c948f4d605d)
Start importing Packages/com.unity.collab-proxy/Editor/CodeEditor/Rendering/Layer.cs using Guid(c46fba980ad348788e35c490b31b1330) Importer(2089858483,b0f066a214c2f5e87bad3c948f4d605d) (ScriptedImporter) -> (artifact id: 'b657552134777a56781113dac98a0650') in 0.0055103 seconds
Number of updated asset objects reloaded before import = 0Number of asset objects unloaded after import = 0

========================================================================
Received Import Request.
  Time since last request: 0.000024 seconds.
  path: Packages/com.unity.collab-proxy/Lib/Editor/Localization/cm.es.txt
  artifactKey: Guid(719a6e14901354868b50c5756cb51194) Importer(2089858483,b0f066a214c2f5e87bad3c948f4d605d)
Start importing Packages/com.unity.collab-proxy/Lib/Editor/Localization/cm.es.txt using Guid(719a6e14901354868b50c5756cb51194) Importer(2089858483,b0f066a214c2f5e87bad3c948f4d605d) (ScriptedImporter) -> (artifact id: 'ce4e047bf3ea94ce4c96262874c07a15') in 0.007033 seconds
Number of updated asset objects reloaded before import = 0Number of asset objects unloaded after import = 1

========================================================================
Received Import Request.
  Time since last request: 0.000026 seconds.
  path: Packages/com.unity.collab-proxy/Editor/CodeEditor/Utils/CursorExtensions.cs
  artifactKey: Guid(a80fc8b0253249d6854d309ad124fc7c) Importer(2089858483,b0f066a214c2f5e87bad3c948f4d605d)
Start importing Packages/com.unity.collab-proxy/Editor/CodeEditor/Utils/CursorExtensions.cs using Guid(a80fc8b0253249d6854d309ad124fc7c) Importer(2089858483,b0f066a214c2f5e87bad3c948f4d605d) (ScriptedImporter) -> (artifact id: 'e88394418936c7a2e8ca92c35d36068c') in 0.0056477 seconds
Number of updated asset objects reloaded before import = 0Number of asset objects unloaded after import = 0

========================================================================
Received Import Request.
  Time since last request: 0.000017 seconds.
  path: Packages/com.unity.collab-proxy/Lib/Editor/Localization/differences.en.txt
  artifactKey: Guid(f043e5489ede848928e1a5292dfdf645) Importer(2089858483,b0f066a214c2f5e87bad3c948f4d605d)
Start importing Packages/com.unity.collab-proxy/Lib/Editor/Localization/differences.en.txt using Guid(f043e5489ede848928e1a5292dfdf645) Importer(2089858483,b0f066a214c2f5e87bad3c948f4d605d) (ScriptedImporter) -> (artifact id: '4a8409f6c8cc33b155b1713491c3ca7b') in 0.0058828 seconds
Number of updated asset objects reloaded before import = 0Number of asset objects unloaded after import = 1

========================================================================
Received Import Request.
  Time since last request: 0.000017 seconds.
  path: Packages/com.unity.collab-proxy/Editor/CodeEditor/Indentation/DefaultIndentationStrategy.cs
  artifactKey: Guid(8b0cdc15cea7d4af08eb36490bdb68b4) Importer(2089858483,b0f066a214c2f5e87bad3c948f4d605d)
Start importing Packages/com.unity.collab-proxy/Editor/CodeEditor/Indentation/DefaultIndentationStrategy.cs using Guid(8b0cdc15cea7d4af08eb36490bdb68b4) Importer(2089858483,b0f066a214c2f5e87bad3c948f4d605d) (ScriptedImporter) -> (artifact id: 'e39b6e45a83d7951436a2c558a11d1fe') in 0.0058022 seconds
Number of updated asset objects reloaded before import = 0Number of asset objects unloaded after import = 0

========================================================================
Received Import Request.
  Time since last request: 0.000025 seconds.
  path: Packages/com.unity.collab-proxy/Editor/CodeEditor/Utils/CharRope.cs
  artifactKey: Guid(5ee3d35631cb64c49a9cbb6083e3757c) Importer(2089858483,b0f066a214c2f5e87bad3c948f4d605d)
Start importing Packages/com.unity.collab-proxy/Editor/CodeEditor/Utils/CharRope.cs using Guid(5ee3d35631cb64c49a9cbb6083e3757c) Importer(2089858483,b0f066a214c2f5e87bad3c948f4d605d) (ScriptedImporter) -> (artifact id: 'c971c8538205f9d0ee807477802da68a') in 0.0074237 seconds
Number of updated asset objects reloaded before import = 0Number of asset objects unloaded after import = 0

========================================================================
Received Import Request.
  Time since last request: 0.000015 seconds.
  path: Packages/com.unity.collab-proxy/Lib/Editor/Localization/commontypes.en.txt
  artifactKey: Guid(75d502302be264c9186a574e5db8f340) Importer(2089858483,b0f066a214c2f5e87bad3c948f4d605d)
Start importing Packages/com.unity.collab-proxy/Lib/Editor/Localization/commontypes.en.txt using Guid(75d502302be264c9186a574e5db8f340) Importer(2089858483,b0f066a214c2f5e87bad3c948f4d605d) (ScriptedImporter) -> (artifact id: '7a09e7321bdd1bbd2545017ee220af34') in 0.0063884 seconds
Number of updated asset objects reloaded before import = 0Number of asset objects unloaded after import = 1

========================================================================
Received Import Request.
  Time since last request: 0.000017 seconds.
  path: Packages/com.unity.collab-proxy/Editor/CodeEditor/Rendering/TextParagraphProperties.cs
  artifactKey: Guid(2c47049c0f9b47c1840bda2ed3283ae7) Importer(2089858483,b0f066a214c2f5e87bad3c948f4d605d)
Start importing Packages/com.unity.collab-proxy/Editor/CodeEditor/Rendering/TextParagraphProperties.cs using Guid(2c47049c0f9b47c1840bda2ed3283ae7) Importer(2089858483,b0f066a214c2f5e87bad3c948f4d605d) (ScriptedImporter) -> (artifact id: 'ca9d202ca1db391fc5c1b6c069f14f0d') in 0.0056039 seconds
Number of updated asset objects reloaded before import = 0Number of asset objects unloaded after import = 0

========================================================================
Received Import Request.
  Time since last request: 0.000035 seconds.
  path: Packages/com.unity.collab-proxy/Editor/CodeEditor/Utils/IImmutableStack.cs
  artifactKey: Guid(3dce8f801e8649c8951ef1edd8c8df5c) Importer(2089858483,b0f066a214c2f5e87bad3c948f4d605d)
Start importing Packages/com.unity.collab-proxy/Editor/CodeEditor/Utils/IImmutableStack.cs using Guid(3dce8f801e8649c8951ef1edd8c8df5c) Importer(2089858483,b0f066a214c2f5e87bad3c948f4d605d) (ScriptedImporter) -> (artifact id: 'a3a9c38fadd5407656e3e9232eda0a87') in 0.0056164 seconds
Number of updated asset objects reloaded before import = 0Number of asset objects unloaded after import = 0

========================================================================
Received Import Request.
  Time since last request: 0.000017 seconds.
  path: Packages/com.unity.collab-proxy/Lib/Editor/Localization/i3.zh-Hant.txt
  artifactKey: Guid(3d9a394b78f3e4ba48aa868771edfcb4) Importer(2089858483,b0f066a214c2f5e87bad3c948f4d605d)
Start importing Packages/com.unity.collab-proxy/Lib/Editor/Localization/i3.zh-Hant.txt using Guid(3d9a394b78f3e4ba48aa868771edfcb4) Importer(2089858483,b0f066a214c2f5e87bad3c948f4d605d) (ScriptedImporter) -> (artifact id: 'ad159cf5ff04241f27f7a4bbcebdfd01') in 0.005975 seconds
Number of updated asset objects reloaded before import = 0Number of asset objects unloaded after import = 1

========================================================================
Received Import Request.
  Time since last request: 0.000020 seconds.
  path: Packages/com.unity.collab-proxy/Editor/CodeEditor/Text/TextFormatter.cs
  artifactKey: Guid(6ff43a353ef749139882e055ebd32a3d) Importer(2089858483,b0f066a214c2f5e87bad3c948f4d605d)
Start importing Packages/com.unity.collab-proxy/Editor/CodeEditor/Text/TextFormatter.cs using Guid(6ff43a353ef749139882e055ebd32a3d) Importer(2089858483,b0f066a214c2f5e87bad3c948f4d605d) (ScriptedImporter) -> (artifact id: 'b7e835871a8ce7326837537de69eb3ac') in 0.0067038 seconds
Number of updated asset objects reloaded before import = 0Number of asset objects unloaded after import = 0

========================================================================
Received Import Request.
  Time since last request: 0.000026 seconds.
  path: Packages/com.unity.collab-proxy/Editor/CodeEditor/Rendering/IVisualLineTransformer.cs
  artifactKey: Guid(62395497a7ea46539f001c6080803e64) Importer(2089858483,b0f066a214c2f5e87bad3c948f4d605d)
Start importing Packages/com.unity.collab-proxy/Editor/CodeEditor/Rendering/IVisualLineTransformer.cs using Guid(62395497a7ea46539f001c6080803e64) Importer(2089858483,b0f066a214c2f5e87bad3c948f4d605d) (ScriptedImporter) -> (artifact id: 'f603879788afd06e21a077334c1c6dac') in 0.0071027 seconds
Number of updated asset objects reloaded before import = 0Number of asset objects unloaded after import = 0

========================================================================
Received Import Request.
  Time since last request: 0.000019 seconds.
  path: Packages/com.unity.collab-proxy/Editor/Inspector/Properties/Changeset/ChangesetPropertiesPanel.cs
  artifactKey: Guid(87e7b84ff9884881b9aceb446cee6ee5) Importer(2089858483,b0f066a214c2f5e87bad3c948f4d605d)
Start importing Packages/com.unity.collab-proxy/Editor/Inspector/Properties/Changeset/ChangesetPropertiesPanel.cs using Guid(87e7b84ff9884881b9aceb446cee6ee5) Importer(2089858483,b0f066a214c2f5e87bad3c948f4d605d) (ScriptedImporter) -> (artifact id: '73e81c57686f9debf18f2aa378713055') in 0.0073511 seconds
Number of updated asset objects reloaded before import = 0Number of asset objects unloaded after import = 0

========================================================================
Received Import Request.
  Time since last request: 0.000018 seconds.
  path: Packages/com.unity.collab-proxy/Editor/Views/Branch/Dialogs/DeleteBranchDialog.cs
  artifactKey: Guid(6780ea954e283bd4f82686f6e5ebafee) Importer(2089858483,b0f066a214c2f5e87bad3c948f4d605d)
Start importing Packages/com.unity.collab-proxy/Editor/Views/Branch/Dialogs/DeleteBranchDialog.cs using Guid(6780ea954e283bd4f82686f6e5ebafee) Importer(2089858483,b0f066a214c2f5e87bad3c948f4d605d) (ScriptedImporter) -> (artifact id: 'a36c123b929366369097af0780a705a6') in 0.006049 seconds
Number of updated asset objects reloaded before import = 0Number of asset objects unloaded after import = 0

========================================================================
Received Import Request.
  Time since last request: 0.000025 seconds.
  path: Packages/com.unity.collab-proxy/Lib/Editor/Localization/semantic.zh-Hans.txt
  artifactKey: Guid(f029733eb8bb74bfe9157299b13bcc27) Importer(2089858483,b0f066a214c2f5e87bad3c948f4d605d)
Start importing Packages/com.unity.collab-proxy/Lib/Editor/Localization/semantic.zh-Hans.txt using Guid(f029733eb8bb74bfe9157299b13bcc27) Importer(2089858483,b0f066a214c2f5e87bad3c948f4d605d) (ScriptedImporter) -> (artifact id: 'df07693c5f032c10adaf336c2328003a') in 0.0067421 seconds
Number of updated asset objects reloaded before import = 0Number of asset objects unloaded after import = 1

========================================================================
Received Import Request.
  Time since last request: 0.000015 seconds.
  path: Packages/com.unity.collab-proxy/Editor/UVCSToolbar/PopupWindow/Operations/ToolbarOperationsShortcut.cs
  artifactKey: Guid(306e2c310ad3b7a4794346ffb0088c69) Importer(2089858483,b0f066a214c2f5e87bad3c948f4d605d)
Start importing Packages/com.unity.collab-proxy/Editor/UVCSToolbar/PopupWindow/Operations/ToolbarOperationsShortcut.cs using Guid(306e2c310ad3b7a4794346ffb0088c69) Importer(2089858483,b0f066a214c2f5e87bad3c948f4d605d) (ScriptedImporter) -> (artifact id: 'fc474dbec1056ba99000a03f33aa9992') in 0.0067748 seconds
Number of updated asset objects reloaded before import = 0Number of asset objects unloaded after import = 0

========================================================================
Received Import Request.
  Time since last request: 0.000017 seconds.
  path: Packages/com.unity.collab-proxy/Editor/UVCSToolbar/PopupWindow/Operations/ControlledPopupOperations.cs
  artifactKey: Guid(4acd46006c88d7844ac06086ca0b1481) Importer(2089858483,b0f066a214c2f5e87bad3c948f4d605d)
Start importing Packages/com.unity.collab-proxy/Editor/UVCSToolbar/PopupWindow/Operations/ControlledPopupOperations.cs using Guid(4acd46006c88d7844ac06086ca0b1481) Importer(2089858483,b0f066a214c2f5e87bad3c948f4d605d) (ScriptedImporter) -> (artifact id: '96dee0945e817a7ea9b67165e730d444') in 0.0059917 seconds
Number of updated asset objects reloaded before import = 0Number of asset objects unloaded after import = 0

========================================================================
Received Import Request.
  Time since last request: 0.000039 seconds.
  path: Packages/com.unity.collab-proxy/Editor/CodeEditor/Indentation/CSharp/CSharpIndentationStrategy.cs
  artifactKey: Guid(14b3605f9aeca40c1b4f815f4fb0229f) Importer(2089858483,b0f066a214c2f5e87bad3c948f4d605d)
Start importing Packages/com.unity.collab-proxy/Editor/CodeEditor/Indentation/CSharp/CSharpIndentationStrategy.cs using Guid(14b3605f9aeca40c1b4f815f4fb0229f) Importer(2089858483,b0f066a214c2f5e87bad3c948f4d605d) (ScriptedImporter) -> (artifact id: '721fc3f2692e8e39fd91c9ab8cbd01d5') in 0.0071129 seconds
Number of updated asset objects reloaded before import = 0Number of asset objects unloaded after import = 0

========================================================================
Received Import Request.
  Time since last request: 0.000015 seconds.
  path: Packages/com.unity.collab-proxy/Lib/Editor/Localization/semantic.en.txt
  artifactKey: Guid(5d93a4f9061c5464db4edc4b2787e604) Importer(2089858483,b0f066a214c2f5e87bad3c948f4d605d)
Start importing Packages/com.unity.collab-proxy/Lib/Editor/Localization/semantic.en.txt using Guid(5d93a4f9061c5464db4edc4b2787e604) Importer(2089858483,b0f066a214c2f5e87bad3c948f4d605d) (ScriptedImporter) -> (artifact id: '7540baa41a88d023db6b35935209eedc') in 0.0066617 seconds
Number of updated asset objects reloaded before import = 0Number of asset objects unloaded after import = 1

========================================================================
Received Import Request.
  Time since last request: 0.000017 seconds.
  path: Packages/com.unity.collab-proxy/Editor/UI/UnityInternals/UnityEditor/EditorUtility.cs
  artifactKey: Guid(399b9baa7c7d47729fb3930f4d588602) Importer(2089858483,b0f066a214c2f5e87bad3c948f4d605d)
Start importing Packages/com.unity.collab-proxy/Editor/UI/UnityInternals/UnityEditor/EditorUtility.cs using Guid(399b9baa7c7d47729fb3930f4d588602) Importer(2089858483,b0f066a214c2f5e87bad3c948f4d605d) (ScriptedImporter) -> (artifact id: 'bf800aad20b4f81429d8852b6f5a7562') in 0.0092457 seconds
Number of updated asset objects reloaded before import = 0Number of asset objects unloaded after import = 0

========================================================================
Received Import Request.
  Time since last request: 0.000024 seconds.
  path: Packages/com.unity.collab-proxy/Editor/UI/UnityInternals/UnityEditor/EditorWindowInternal.cs
  artifactKey: Guid(68257d0bed044311b8c3688c35a4497b) Importer(2089858483,b0f066a214c2f5e87bad3c948f4d605d)
Start importing Packages/com.unity.collab-proxy/Editor/UI/UnityInternals/UnityEditor/EditorWindowInternal.cs using Guid(68257d0bed044311b8c3688c35a4497b) Importer(2089858483,b0f066a214c2f5e87bad3c948f4d605d) (ScriptedImporter) -> (artifact id: '66523bb5b232a7c1fca764f55c98fc40') in 0.0058537 seconds
Number of updated asset objects reloaded before import = 0Number of asset objects unloaded after import = 0

========================================================================
Received Import Request.
  Time since last request: 0.000018 seconds.
  path: Packages/com.unity.collab-proxy/Editor/Inspector/Properties/Label/LabelPropertiesPanel.cs
  artifactKey: Guid(9a10c8be3cfa470199e57ef38283bcfd) Importer(2089858483,b0f066a214c2f5e87bad3c948f4d605d)
Start importing Packages/com.unity.collab-proxy/Editor/Inspector/Properties/Label/LabelPropertiesPanel.cs using Guid(9a10c8be3cfa470199e57ef38283bcfd) Importer(2089858483,b0f066a214c2f5e87bad3c948f4d605d) (ScriptedImporter) -> (artifact id: '2427f94b9dbd424835ce029c71f7a9b1') in 0.0061567 seconds
Number of updated asset objects reloaded before import = 0Number of asset objects unloaded after import = 0

========================================================================
Received Import Request.
  Time since last request: 0.000016 seconds.
  path: Packages/com.unity.collab-proxy/Editor/Configuration/CloudEdition/Welcome/WaitingSignInPanel.cs
  artifactKey: Guid(077387e98bf29fb4a97bccfb592cfaf7) Importer(2089858483,b0f066a214c2f5e87bad3c948f4d605d)
Start importing Packages/com.unity.collab-proxy/Editor/Configuration/CloudEdition/Welcome/WaitingSignInPanel.cs using Guid(077387e98bf29fb4a97bccfb592cfaf7) Importer(2089858483,b0f066a214c2f5e87bad3c948f4d605d) (ScriptedImporter) -> (artifact id: '4154be61f19c325c72b4fac729d380c6') in 0.0056393 seconds
Number of updated asset objects reloaded before import = 0Number of asset objects unloaded after import = 0

========================================================================
Received Import Request.
  Time since last request: 0.000023 seconds.
  path: Packages/com.unity.collab-proxy/Lib/Editor/Localization/semantic.ja.txt
  artifactKey: Guid(f0b7b5a372cfb44338daa1754f8285f8) Importer(2089858483,b0f066a214c2f5e87bad3c948f4d605d)
Start importing Packages/com.unity.collab-proxy/Lib/Editor/Localization/semantic.ja.txt using Guid(f0b7b5a372cfb44338daa1754f8285f8) Importer(2089858483,b0f066a214c2f5e87bad3c948f4d605d) (ScriptedImporter) -> (artifact id: '05a5771c8d06f71ee6b32a87e824a049') in 0.0067759 seconds
Number of updated asset objects reloaded before import = 0Number of asset objects unloaded after import = 1

========================================================================
Received Import Request.
  Time since last request: 0.000031 seconds.
  path: Packages/com.unity.collab-proxy/Editor/Configuration/CloudEdition/Welcome/SignInPanel.cs
  artifactKey: Guid(bba806fdb20eb5a4da6cc856323d6273) Importer(2089858483,b0f066a214c2f5e87bad3c948f4d605d)
Start importing Packages/com.unity.collab-proxy/Editor/Configuration/CloudEdition/Welcome/SignInPanel.cs using Guid(bba806fdb20eb5a4da6cc856323d6273) Importer(2089858483,b0f066a214c2f5e87bad3c948f4d605d) (ScriptedImporter) -> (artifact id: '787a8a96f5a3b2cff67758a1459b34d4') in 0.0078773 seconds
Number of updated asset objects reloaded before import = 0Number of asset objects unloaded after import = 0

========================================================================
Received Import Request.
  Time since last request: 0.000028 seconds.
  path: Packages/com.unity.collab-proxy/Editor/CloudDrive/Workspaces/Tree/CloudWorkspacesTreeViewMenu.cs
  artifactKey: Guid(413847c0678742c299af4cfac5ce8cb1) Importer(2089858483,b0f066a214c2f5e87bad3c948f4d605d)
Start importing Packages/com.unity.collab-proxy/Editor/CloudDrive/Workspaces/Tree/CloudWorkspacesTreeViewMenu.cs using Guid(413847c0678742c299af4cfac5ce8cb1) Importer(2089858483,b0f066a214c2f5e87bad3c948f4d605d) (ScriptedImporter) -> (artifact id: '1378d409b007ba1b4041d087ab672931') in 0.0088727 seconds
Number of updated asset objects reloaded before import = 0Number of asset objects unloaded after import = 0

========================================================================
Received Import Request.
  Time since last request: 0.000025 seconds.
  path: Packages/com.unity.collab-proxy/Editor/Views/Branch/Dialogs/CreateBranchDialog.cs
  artifactKey: Guid(a0fc5252a48d8b34f945b4ae3ad45030) Importer(2089858483,b0f066a214c2f5e87bad3c948f4d605d)
Start importing Packages/com.unity.collab-proxy/Editor/Views/Branch/Dialogs/CreateBranchDialog.cs using Guid(a0fc5252a48d8b34f945b4ae3ad45030) Importer(2089858483,b0f066a214c2f5e87bad3c948f4d605d) (ScriptedImporter) -> (artifact id: 'ff8eb6f072805df3c02cf6c1516829f9') in 0.0068982 seconds
Number of updated asset objects reloaded before import = 0Number of asset objects unloaded after import = 0

========================================================================
Received Import Request.
  Time since last request: 0.000035 seconds.
  path: Packages/com.unity.collab-proxy/Editor/Views/BranchExplorer/Menu/BranchExplorerViewBranchMenuOperations.cs
  artifactKey: Guid(91af864187ea4d65841241cea79c3f71) Importer(2089858483,b0f066a214c2f5e87bad3c948f4d605d)
Start importing Packages/com.unity.collab-proxy/Editor/Views/BranchExplorer/Menu/BranchExplorerViewBranchMenuOperations.cs using Guid(91af864187ea4d65841241cea79c3f71) Importer(2089858483,b0f066a214c2f5e87bad3c948f4d605d) (ScriptedImporter) -> (artifact id: 'f4542f068b90e96288ed8f92ec923485') in 0.0064243 seconds
Number of updated asset objects reloaded before import = 0Number of asset objects unloaded after import = 0

========================================================================
Received Import Request.
  Time since last request: 0.000020 seconds.
  path: Packages/com.unity.collab-proxy/Editor/UI/UnityInternals/UnityEditor/EditorGUI.cs
  artifactKey: Guid(66b140cd6be9479ab524a58f460a694d) Importer(2089858483,b0f066a214c2f5e87bad3c948f4d605d)
Start importing Packages/com.unity.collab-proxy/Editor/UI/UnityInternals/UnityEditor/EditorGUI.cs using Guid(66b140cd6be9479ab524a58f460a694d) Importer(2089858483,b0f066a214c2f5e87bad3c948f4d605d) (ScriptedImporter) -> (artifact id: 'c91bbb85eaae55ce4362eae89222c870') in 0.0066188 seconds
Number of updated asset objects reloaded before import = 0Number of asset objects unloaded after import = 0

========================================================================
Received Import Request.
  Time since last request: 0.000017 seconds.
  path: Packages/com.unity.collab-proxy/Editor/Views/BranchExplorer/Menu/BranchExplorerViewChangesetMenuOperations.cs
  artifactKey: Guid(c9b4bc0669b544cb9b754dc80d82e74c) Importer(2089858483,b0f066a214c2f5e87bad3c948f4d605d)
Start importing Packages/com.unity.collab-proxy/Editor/Views/BranchExplorer/Menu/BranchExplorerViewChangesetMenuOperations.cs using Guid(c9b4bc0669b544cb9b754dc80d82e74c) Importer(2089858483,b0f066a214c2f5e87bad3c948f4d605d) (ScriptedImporter) -> (artifact id: '192438c86e25f85f64779b58efbef0f4') in 0.0060677 seconds
Number of updated asset objects reloaded before import = 0Number of asset objects unloaded after import = 0

========================================================================
Received Import Request.
  Time since last request: 0.000028 seconds.
  path: Packages/com.unity.collab-proxy/Editor/UI/UnityInternals/UnityEditor/GenericMenu.cs
  artifactKey: Guid(821bfc9e29fe4f879430e080c75925f9) Importer(2089858483,b0f066a214c2f5e87bad3c948f4d605d)
Start importing Packages/com.unity.collab-proxy/Editor/UI/UnityInternals/UnityEditor/GenericMenu.cs using Guid(821bfc9e29fe4f879430e080c75925f9) Importer(2089858483,b0f066a214c2f5e87bad3c948f4d605d) (ScriptedImporter) -> (artifact id: '7fb518159572ba80ad98576e27e77972') in 0.0079093 seconds
Number of updated asset objects reloaded before import = 0Number of asset objects unloaded after import = 0

========================================================================
Received Import Request.
  Time since last request: 0.000015 seconds.
  path: Packages/com.unity.collab-proxy/Lib/Editor/Localization/workspaceserver.en.txt
  artifactKey: Guid(baab213a9735c4229971127c41e276fa) Importer(2089858483,b0f066a214c2f5e87bad3c948f4d605d)
Start importing Packages/com.unity.collab-proxy/Lib/Editor/Localization/workspaceserver.en.txt using Guid(baab213a9735c4229971127c41e276fa) Importer(2089858483,b0f066a214c2f5e87bad3c948f4d605d) (ScriptedImporter) -> (artifact id: 'f2c9a774f5df930bcb1a4b3a52b2f694') in 0.0080807 seconds
Number of updated asset objects reloaded before import = 0Number of asset objects unloaded after import = 1

========================================================================
Received Import Request.
  Time since last request: 0.000019 seconds.
  path: Packages/com.unity.collab-proxy/Lib/Editor/Localization/mergetool.ja.txt
  artifactKey: Guid(8983c337cf5ff4fb4b063735c7249470) Importer(2089858483,b0f066a214c2f5e87bad3c948f4d605d)
Start importing Packages/com.unity.collab-proxy/Lib/Editor/Localization/mergetool.ja.txt using Guid(8983c337cf5ff4fb4b063735c7249470) Importer(2089858483,b0f066a214c2f5e87bad3c948f4d605d) (ScriptedImporter) -> (artifact id: '124a32eb9e52394f7cb98622074d52fc') in 0.0076071 seconds
Number of updated asset objects reloaded before import = 0Number of asset objects unloaded after import = 1

========================================================================
Received Import Request.
  Time since last request: 0.000040 seconds.
  path: Packages/com.unity.collab-proxy/Editor/Views/BranchExplorer/Game/Launcher.cs
  artifactKey: Guid(b048016cba8a4416cb18b2e78eb1705e) Importer(2089858483,b0f066a214c2f5e87bad3c948f4d605d)
Start importing Packages/com.unity.collab-proxy/Editor/Views/BranchExplorer/Game/Launcher.cs using Guid(b048016cba8a4416cb18b2e78eb1705e) Importer(2089858483,b0f066a214c2f5e87bad3c948f4d605d) (ScriptedImporter) -> (artifact id: '91cd374333b200d5a9e6610d2a7b8bf5') in 0.0085479 seconds
Number of updated asset objects reloaded before import = 0Number of asset objects unloaded after import = 0

========================================================================
Received Import Request.
  Time since last request: 0.000022 seconds.
  path: Packages/com.unity.collab-proxy/Editor/UI/UnityInternals/UnityEditor/SplitterGUILayout.cs
  artifactKey: Guid(cb7cc48c799b4b86937fe77898c0c8c4) Importer(2089858483,b0f066a214c2f5e87bad3c948f4d605d)
Start importing Packages/com.unity.collab-proxy/Editor/UI/UnityInternals/UnityEditor/SplitterGUILayout.cs using Guid(cb7cc48c799b4b86937fe77898c0c8c4) Importer(2089858483,b0f066a214c2f5e87bad3c948f4d605d) (ScriptedImporter) -> (artifact id: '4b1ecc8de0a10be9925d6f4b59a959b3') in 0.0072614 seconds
Number of updated asset objects reloaded before import = 0Number of asset objects unloaded after import = 0

========================================================================
Received Import Request.
  Time since last request: 0.000023 seconds.
  path: Packages/com.unity.collab-proxy/Editor/CodeEditor/TextMate/TextEditorModel.cs
  artifactKey: Guid(9bcb62e10f5c4f029b5bc5046ed41d51) Importer(2089858483,b0f066a214c2f5e87bad3c948f4d605d)
Start importing Packages/com.unity.collab-proxy/Editor/CodeEditor/TextMate/TextEditorModel.cs using Guid(9bcb62e10f5c4f029b5bc5046ed41d51) Importer(2089858483,b0f066a214c2f5e87bad3c948f4d605d) (ScriptedImporter) -> (artifact id: 'c981b9e71cd438e3cfd0ef1f0b4e0faf') in 0.0068182 seconds
Number of updated asset objects reloaded before import = 0Number of asset objects unloaded after import = 0

========================================================================
Received Import Request.
  Time since last request: 0.000027 seconds.
  path: Packages/com.unity.collab-proxy/Editor/CloudDrive/Workspaces/DirectoryContent/DrawExpandedTreeNode.cs
  artifactKey: Guid(b4c28e55281f4ec5bc041b8f52b7d891) Importer(2089858483,b0f066a214c2f5e87bad3c948f4d605d)
Start importing Packages/com.unity.collab-proxy/Editor/CloudDrive/Workspaces/DirectoryContent/DrawExpandedTreeNode.cs using Guid(b4c28e55281f4ec5bc041b8f52b7d891) Importer(2089858483,b0f066a214c2f5e87bad3c948f4d605d) (ScriptedImporter) -> (artifact id: '629b3f3387382d54a186abf27c41114c') in 0.0056984 seconds
Number of updated asset objects reloaded before import = 0Number of asset objects unloaded after import = 0

========================================================================
Received Import Request.
  Time since last request: 0.000020 seconds.
  path: Packages/com.unity.collab-proxy/Lib/Editor/Localization/clientcommon.ja.txt
  artifactKey: Guid(f04ab50f8452f4367be9271932ec2cd4) Importer(2089858483,b0f066a214c2f5e87bad3c948f4d605d)
Start importing Packages/com.unity.collab-proxy/Lib/Editor/Localization/clientcommon.ja.txt using Guid(f04ab50f8452f4367be9271932ec2cd4) Importer(2089858483,b0f066a214c2f5e87bad3c948f4d605d) (ScriptedImporter) -> (artifact id: '138eb90f15cb0555a11021229d821cbe') in 0.0067042 seconds
Number of updated asset objects reloaded before import = 0Number of asset objects unloaded after import = 1

========================================================================
Received Import Request.
  Time since last request: 0.000021 seconds.
  path: Packages/com.unity.collab-proxy/Editor/Configuration/CloudEdition/Welcome/AutoLogin.cs
  artifactKey: Guid(806bdb4f911275c4ca1ee81fde4b4d4f) Importer(2089858483,b0f066a214c2f5e87bad3c948f4d605d)
Start importing Packages/com.unity.collab-proxy/Editor/Configuration/CloudEdition/Welcome/AutoLogin.cs using Guid(806bdb4f911275c4ca1ee81fde4b4d4f) Importer(2089858483,b0f066a214c2f5e87bad3c948f4d605d) (ScriptedImporter) -> (artifact id: 'a2848333f89a80ebd7a889ccd697b764') in 0.0070126 seconds
Number of updated asset objects reloaded before import = 0Number of asset objects unloaded after import = 0

========================================================================
Received Import Request.
  Time since last request: 0.000025 seconds.
  path: Packages/com.unity.collab-proxy/Editor/Views/Merge/Gluon/UnityIncomingChangesTree.cs
  artifactKey: Guid(6fb9548ec1290b943b7beca241c81e7d) Importer(2089858483,b0f066a214c2f5e87bad3c948f4d605d)
Start importing Packages/com.unity.collab-proxy/Editor/Views/Merge/Gluon/UnityIncomingChangesTree.cs using Guid(6fb9548ec1290b943b7beca241c81e7d) Importer(2089858483,b0f066a214c2f5e87bad3c948f4d605d) (ScriptedImporter) -> (artifact id: 'fa57fe55161c345e8664da8cb36a7099') in 0.0056573 seconds
Number of updated asset objects reloaded before import = 0Number of asset objects unloaded after import = 0

========================================================================
Received Import Request.
  Time since last request: 0.000019 seconds.
  path: Packages/com.unity.collab-proxy/Editor/Views/Merge/Gluon/IncomingChangesSelection.cs
  artifactKey: Guid(d287890d8b11cb7498506935c825b43d) Importer(2089858483,b0f066a214c2f5e87bad3c948f4d605d)
Start importing Packages/com.unity.collab-proxy/Editor/Views/Merge/Gluon/IncomingChangesSelection.cs using Guid(d287890d8b11cb7498506935c825b43d) Importer(2089858483,b0f066a214c2f5e87bad3c948f4d605d) (ScriptedImporter) -> (artifact id: '37d7e4a37680a33649d0db3d65c38dd8') in 0.0064258 seconds
Number of updated asset objects reloaded before import = 0Number of asset objects unloaded after import = 0

========================================================================
Received Import Request.
  Time since last request: 0.000018 seconds.
  path: Packages/com.unity.collab-proxy/Editor/Views/BranchExplorer/Virtualization/VirtualShapeFactory.cs
  artifactKey: Guid(be0d618f3c51404cb94628b6b6cdc8d7) Importer(2089858483,b0f066a214c2f5e87bad3c948f4d605d)
Start importing Packages/com.unity.collab-proxy/Editor/Views/BranchExplorer/Virtualization/VirtualShapeFactory.cs using Guid(be0d618f3c51404cb94628b6b6cdc8d7) Importer(2089858483,b0f066a214c2f5e87bad3c948f4d605d) (ScriptedImporter) -> (artifact id: 'd6341a9242e245dcb4605c066002efc4') in 0.0069695 seconds
Number of updated asset objects reloaded before import = 0Number of asset objects unloaded after import = 0

========================================================================
Received Import Request.
  Time since last request: 0.000030 seconds.
  path: Packages/com.unity.collab-proxy/Editor/Views/BranchExplorer/Drawing/Shapes/HomeImageOverlay.cs
  artifactKey: Guid(654349dfd493477d9aeb2dd5bd80b566) Importer(2089858483,b0f066a214c2f5e87bad3c948f4d605d)
Start importing Packages/com.unity.collab-proxy/Editor/Views/BranchExplorer/Drawing/Shapes/HomeImageOverlay.cs using Guid(654349dfd493477d9aeb2dd5bd80b566) Importer(2089858483,b0f066a214c2f5e87bad3c948f4d605d) (ScriptedImporter) -> (artifact id: '557de6f54e4b09191d3cc0f62b32fcd8') in 0.0066326 seconds
Number of updated asset objects reloaded before import = 0Number of asset objects unloaded after import = 0

========================================================================
Received Import Request.
  Time since last request: 0.000030 seconds.
  path: Packages/com.unity.collab-proxy/Editor/Views/Merge/Gluon/ChangeCategoryTreeViewItem.cs
  artifactKey: Guid(faf2afd8696f4604f82f46b06b357f06) Importer(2089858483,b0f066a214c2f5e87bad3c948f4d605d)
Start importing Packages/com.unity.collab-proxy/Editor/Views/Merge/Gluon/ChangeCategoryTreeViewItem.cs using Guid(faf2afd8696f4604f82f46b06b357f06) Importer(2089858483,b0f066a214c2f5e87bad3c948f4d605d) (ScriptedImporter) -> (artifact id: '266c7bc43841cb6b34171a47a3b6463d') in 0.006212 seconds
Number of updated asset objects reloaded before import = 0Number of asset objects unloaded after import = 0

========================================================================
Received Import Request.
  Time since last request: 0.000040 seconds.
  path: Packages/com.unity.collab-proxy/Editor/Views/Merge/Developer/ChangeCategoryTreeViewItem.cs
  artifactKey: Guid(c408e05e88bc93c458a3195b15e9d625) Importer(2089858483,b0f066a214c2f5e87bad3c948f4d605d)
Start importing Packages/com.unity.collab-proxy/Editor/Views/Merge/Developer/ChangeCategoryTreeViewItem.cs using Guid(c408e05e88bc93c458a3195b15e9d625) Importer(2089858483,b0f066a214c2f5e87bad3c948f4d605d) (ScriptedImporter) -> (artifact id: '114ef69076ec5cfffbcf856eadeb952c') in 0.0064414 seconds
Number of updated asset objects reloaded before import = 0Number of asset objects unloaded after import = 0

========================================================================
Received Import Request.
  Time since last request: 0.000021 seconds.
  path: Packages/com.unity.collab-proxy/Editor/Views/BranchExplorer/Drawing/Shapes/EllipticalArc.cs
  artifactKey: Guid(97d25960402b4e1e98351c7168ef189f) Importer(2089858483,b0f066a214c2f5e87bad3c948f4d605d)
Start importing Packages/com.unity.collab-proxy/Editor/Views/BranchExplorer/Drawing/Shapes/EllipticalArc.cs using Guid(97d25960402b4e1e98351c7168ef189f) Importer(2089858483,b0f066a214c2f5e87bad3c948f4d605d) (ScriptedImporter) -> (artifact id: 'f46704f24afe524a2350845540f05778') in 0.0076713 seconds
Number of updated asset objects reloaded before import = 0Number of asset objects unloaded after import = 0

========================================================================
Received Import Request.
  Time since last request: 0.000033 seconds.
  path: Packages/com.unity.collab-proxy/Editor/Views/PendingChanges/PendingMergeLinks/MergeLinksListView.cs
  artifactKey: Guid(3ee6978573f6f410a9b799889ea0ad13) Importer(2089858483,b0f066a214c2f5e87bad3c948f4d605d)
Start importing Packages/com.unity.collab-proxy/Editor/Views/PendingChanges/PendingMergeLinks/MergeLinksListView.cs using Guid(3ee6978573f6f410a9b799889ea0ad13) Importer(2089858483,b0f066a214c2f5e87bad3c948f4d605d) (ScriptedImporter) -> (artifact id: '5ac70d410d84add3f520bb4f9d0edebe') in 0.0073207 seconds
Number of updated asset objects reloaded before import = 0Number of asset objects unloaded after import = 0

========================================================================
Received Import Request.
  Time since last request: 0.000019 seconds.
  path: Packages/com.unity.collab-proxy/Editor/Views/PendingChanges/PendingMergeLinks/MergeLinkListViewItem.cs
  artifactKey: Guid(fb7decaf4f8be254dafddd860f82f560) Importer(2089858483,b0f066a214c2f5e87bad3c948f4d605d)
Start importing Packages/com.unity.collab-proxy/Editor/Views/PendingChanges/PendingMergeLinks/MergeLinkListViewItem.cs using Guid(fb7decaf4f8be254dafddd860f82f560) Importer(2089858483,b0f066a214c2f5e87bad3c948f4d605d) (ScriptedImporter) -> (artifact id: '99df2984c03cef05d17a4c0e9b467e95') in 0.0066326 seconds
Number of updated asset objects reloaded before import = 0Number of asset objects unloaded after import = 0

========================================================================
Received Import Request.
  Time since last request: 0.000019 seconds.
  path: Packages/com.unity.collab-proxy/Editor/Views/BranchExplorer/Virtualization/VirtualCanvas.cs
  artifactKey: Guid(cc8c3a097e504aeabef3c8c2f7669916) Importer(2089858483,b0f066a214c2f5e87bad3c948f4d605d)
Start importing Packages/com.unity.collab-proxy/Editor/Views/BranchExplorer/Virtualization/VirtualCanvas.cs using Guid(cc8c3a097e504aeabef3c8c2f7669916) Importer(2089858483,b0f066a214c2f5e87bad3c948f4d605d) (ScriptedImporter) -> (artifact id: 'ad9b55ab3c9213f23ca9e957bedb7ada') in 0.0067009 seconds
Number of updated asset objects reloaded before import = 0Number of asset objects unloaded after import = 0

========================================================================
Received Import Request.
  Time since last request: 0.000024 seconds.
  path: Packages/com.unity.collab-proxy/Editor/Views/Merge/Developer/IsResolved.cs
  artifactKey: Guid(d6db53f93de967c489902da57a7290a1) Importer(2089858483,b0f066a214c2f5e87bad3c948f4d605d)
Start importing Packages/com.unity.collab-proxy/Editor/Views/Merge/Developer/IsResolved.cs using Guid(d6db53f93de967c489902da57a7290a1) Importer(2089858483,b0f066a214c2f5e87bad3c948f4d605d) (ScriptedImporter) -> (artifact id: '6b675dcb0333a925caae69577e3057a5') in 0.0069372 seconds
Number of updated asset objects reloaded before import = 0Number of asset objects unloaded after import = 0

========================================================================
Received Import Request.
  Time since last request: 0.000014 seconds.
  path: Packages/com.unity.collab-proxy/Editor/Views/PendingChanges/Dialogs/FilterRulesConfirmationDialog.cs
  artifactKey: Guid(45d03e5c984da3448b417289e95e4291) Importer(2089858483,b0f066a214c2f5e87bad3c948f4d605d)
Start importing Packages/com.unity.collab-proxy/Editor/Views/PendingChanges/Dialogs/FilterRulesConfirmationDialog.cs using Guid(45d03e5c984da3448b417289e95e4291) Importer(2089858483,b0f066a214c2f5e87bad3c948f4d605d) (ScriptedImporter) -> (artifact id: '8f813f923e5a8041504aac314e81cf6f') in 0.0058419 seconds
Number of updated asset objects reloaded before import = 0Number of asset objects unloaded after import = 0

========================================================================
Received Import Request.
  Time since last request: 0.000016 seconds.
  path: Packages/com.unity.collab-proxy/Editor/Views/BranchExplorer/Virtualization/CanvasScrollView.cs
  artifactKey: Guid(e894a18d7962e4847a912b6e5058a75e) Importer(2089858483,b0f066a214c2f5e87bad3c948f4d605d)
Start importing Packages/com.unity.collab-proxy/Editor/Views/BranchExplorer/Virtualization/CanvasScrollView.cs using Guid(e894a18d7962e4847a912b6e5058a75e) Importer(2089858483,b0f066a214c2f5e87bad3c948f4d605d) (ScriptedImporter) -> (artifact id: '722cf47ec34f81aff864a35434daf860') in 0.0067864 seconds
Number of updated asset objects reloaded before import = 0Number of asset objects unloaded after import = 0

========================================================================
Received Import Request.
  Time since last request: 0.000018 seconds.
  path: Packages/com.unity.collab-proxy/Editor/Views/BranchExplorer/Zoom/EdgePoint.cs
  artifactKey: Guid(8aa737bc4a2343caa54fc09f658a62bb) Importer(2089858483,b0f066a214c2f5e87bad3c948f4d605d)
Start importing Packages/com.unity.collab-proxy/Editor/Views/BranchExplorer/Zoom/EdgePoint.cs using Guid(8aa737bc4a2343caa54fc09f658a62bb) Importer(2089858483,b0f066a214c2f5e87bad3c948f4d605d) (ScriptedImporter) -> (artifact id: '5b846a3ff1e576deac74ac295ac66e49') in 0.0061588 seconds
Number of updated asset objects reloaded before import = 0Number of asset objects unloaded after import = 0

========================================================================
Received Import Request.
  Time since last request: 0.000026 seconds.
  path: Packages/com.unity.collab-proxy/Editor/Views/BranchExplorer/Menu/BranchExplorerViewMenu.cs
  artifactKey: Guid(8f5b967c51ec477bb1f1b6aad7b6839f) Importer(2089858483,b0f066a214c2f5e87bad3c948f4d605d)
Start importing Packages/com.unity.collab-proxy/Editor/Views/BranchExplorer/Menu/BranchExplorerViewMenu.cs using Guid(8f5b967c51ec477bb1f1b6aad7b6839f) Importer(2089858483,b0f066a214c2f5e87bad3c948f4d605d) (ScriptedImporter) -> (artifact id: '9d64dfbae0dda10566f148989fce39a9') in 0.0084803 seconds
Number of updated asset objects reloaded before import = 0Number of asset objects unloaded after import = 0

========================================================================
Received Import Request.
  Time since last request: 0.000016 seconds.
  path: Packages/com.unity.collab-proxy/Editor/Views/Labels/Dialogs/RenameLabelDialog.cs
  artifactKey: Guid(31fe6c8e7de5e554b8d261d6870cde2b) Importer(2089858483,b0f066a214c2f5e87bad3c948f4d605d)
Start importing Packages/com.unity.collab-proxy/Editor/Views/Labels/Dialogs/RenameLabelDialog.cs using Guid(31fe6c8e7de5e554b8d261d6870cde2b) Importer(2089858483,b0f066a214c2f5e87bad3c948f4d605d) (ScriptedImporter) -> (artifact id: '6723f25615e382bbbe550f21fa8e80df') in 0.0066706 seconds
Number of updated asset objects reloaded before import = 0Number of asset objects unloaded after import = 0

========================================================================
Received Import Request.
  Time since last request: 0.000019 seconds.
  path: Packages/com.unity.collab-proxy/Editor/Views/BranchExplorer/Drawing/Shapes/Painter2DExtensions.cs
  artifactKey: Guid(90c35417a995402084cf69d05578c8de) Importer(2089858483,b0f066a214c2f5e87bad3c948f4d605d)
Start importing Packages/com.unity.collab-proxy/Editor/Views/BranchExplorer/Drawing/Shapes/Painter2DExtensions.cs using Guid(90c35417a995402084cf69d05578c8de) Importer(2089858483,b0f066a214c2f5e87bad3c948f4d605d) (ScriptedImporter) -> (artifact id: '07a3916c3d33ad3fc34b24a81df2bcd4') in 0.0077407 seconds
Number of updated asset objects reloaded before import = 0Number of asset objects unloaded after import = 0

========================================================================
Received Import Request.
  Time since last request: 0.000027 seconds.
  path: Packages/com.unity.collab-proxy/Editor/Views/Changesets/Dialogs/LabelChangesetDialog.cs
  artifactKey: Guid(6e19ed08370c2e6419986e350c6d4c20) Importer(2089858483,b0f066a214c2f5e87bad3c948f4d605d)
Start importing Packages/com.unity.collab-proxy/Editor/Views/Changesets/Dialogs/LabelChangesetDialog.cs using Guid(6e19ed08370c2e6419986e350c6d4c20) Importer(2089858483,b0f066a214c2f5e87bad3c948f4d605d) (ScriptedImporter) -> (artifact id: '4d6ee7ad02e4fae765c7ff1cf5ed29ed') in 0.0071237 seconds
Number of updated asset objects reloaded before import = 0Number of asset objects unloaded after import = 0

========================================================================
Received Import Request.
  Time since last request: 0.000014 seconds.
  path: Packages/com.unity.collab-proxy/Editor/Views/BranchExplorer/Virtualization/VirtualShape.cs
  artifactKey: Guid(21e4725fe8214df78113a02c68fff633) Importer(2089858483,b0f066a214c2f5e87bad3c948f4d605d)
Start importing Packages/com.unity.collab-proxy/Editor/Views/BranchExplorer/Virtualization/VirtualShape.cs using Guid(21e4725fe8214df78113a02c68fff633) Importer(2089858483,b0f066a214c2f5e87bad3c948f4d605d) (ScriptedImporter) -> (artifact id: '9de8a8c68b55270e12649131fb53c493') in 0.0063792 seconds
Number of updated asset objects reloaded before import = 0Number of asset objects unloaded after import = 0

========================================================================
Received Import Request.
  Time since last request: 0.000014 seconds.
  path: Packages/com.unity.collab-proxy/Editor/Views/PendingChanges/Dialogs/CreateChangelistDialog.cs
  artifactKey: Guid(5aee5a8d0d126ca48a331d298005381f) Importer(2089858483,b0f066a214c2f5e87bad3c948f4d605d)
Start importing Packages/com.unity.collab-proxy/Editor/Views/PendingChanges/Dialogs/CreateChangelistDialog.cs using Guid(5aee5a8d0d126ca48a331d298005381f) Importer(2089858483,b0f066a214c2f5e87bad3c948f4d605d) (ScriptedImporter) -> (artifact id: '0bd89488b24288af34ca9b1f27449674') in 0.0061065 seconds
Number of updated asset objects reloaded before import = 0Number of asset objects unloaded after import = 0

========================================================================
Received Import Request.
  Time since last request: 0.000017 seconds.
  path: Packages/com.unity.collab-proxy/Editor/Views/BranchExplorer/Virtualization/QuadTree.cs
  artifactKey: Guid(f2d293552be94873903931c954e5e935) Importer(2089858483,b0f066a214c2f5e87bad3c948f4d605d)
Start importing Packages/com.unity.collab-proxy/Editor/Views/BranchExplorer/Virtualization/QuadTree.cs using Guid(f2d293552be94873903931c954e5e935) Importer(2089858483,b0f066a214c2f5e87bad3c948f4d605d) (ScriptedImporter) -> (artifact id: '8d0bf36590cfb29170ce5c9f26207ee4') in 0.0056527 seconds
Number of updated asset objects reloaded before import = 0Number of asset objects unloaded after import = 0

========================================================================
Received Import Request.
  Time since last request: 0.000025 seconds.
  path: Packages/com.unity.collab-proxy/Editor/Views/BranchExplorer/Menu/LinkMenu.cs
  artifactKey: Guid(0cb9ab9a238c443dacbb00b24cf7377a) Importer(2089858483,b0f066a214c2f5e87bad3c948f4d605d)
Start importing Packages/com.unity.collab-proxy/Editor/Views/BranchExplorer/Menu/LinkMenu.cs using Guid(0cb9ab9a238c443dacbb00b24cf7377a) Importer(2089858483,b0f066a214c2f5e87bad3c948f4d605d) (ScriptedImporter) -> (artifact id: 'ad73d121f0c2d8c2be5155c086f8be93') in 0.008207 seconds
Number of updated asset objects reloaded before import = 0Number of asset objects unloaded after import = 0

========================================================================
Received Import Request.
  Time since last request: 0.000017 seconds.
  path: Packages/com.unity.collab-proxy/Editor/CodeEditor/TextMate/TextTransformation.cs
  artifactKey: Guid(3e10ccf51dd64155bace2cf6aadd2614) Importer(2089858483,b0f066a214c2f5e87bad3c948f4d605d)
Start importing Packages/com.unity.collab-proxy/Editor/CodeEditor/TextMate/TextTransformation.cs using Guid(3e10ccf51dd64155bace2cf6aadd2614) Importer(2089858483,b0f066a214c2f5e87bad3c948f4d605d) (ScriptedImporter) -> (artifact id: '26c6d157f6fd8c91c57ed0daf8c7c45f') in 0.0069355 seconds
Number of updated asset objects reloaded before import = 0Number of asset objects unloaded after import = 0

========================================================================
Received Import Request.
  Time since last request: 0.000019 seconds.
  path: Packages/com.unity.collab-proxy/Editor/Views/PendingChanges/Dialogs/LaunchDependenciesDialog.cs
  artifactKey: Guid(3ccc9b689652f0b40b53c731af81f034) Importer(2089858483,b0f066a214c2f5e87bad3c948f4d605d)
Start importing Packages/com.unity.collab-proxy/Editor/Views/PendingChanges/Dialogs/LaunchDependenciesDialog.cs using Guid(3ccc9b689652f0b40b53c731af81f034) Importer(2089858483,b0f066a214c2f5e87bad3c948f4d605d) (ScriptedImporter) -> (artifact id: '85770e1606d7c67d8b673f0d6dc15467') in 0.006243 seconds
Number of updated asset objects reloaded before import = 0Number of asset objects unloaded after import = 0

========================================================================
Received Import Request.
  Time since last request: 0.000028 seconds.
  path: Packages/com.unity.collab-proxy/Editor/Views/BranchExplorer/Drawing/Shapes/BranchGeometry.cs
  artifactKey: Guid(9dd73ad7202d44c7ac002aeb112ff0fa) Importer(2089858483,b0f066a214c2f5e87bad3c948f4d605d)
Start importing Packages/com.unity.collab-proxy/Editor/Views/BranchExplorer/Drawing/Shapes/BranchGeometry.cs using Guid(9dd73ad7202d44c7ac002aeb112ff0fa) Importer(2089858483,b0f066a214c2f5e87bad3c948f4d605d) (ScriptedImporter) -> (artifact id: 'd5fa80ab6821837769d6f786b8f36eed') in 0.0072206 seconds
Number of updated asset objects reloaded before import = 0Number of asset objects unloaded after import = 0

========================================================================
Received Import Request.
  Time since last request: 0.000018 seconds.
  path: Packages/com.unity.collab-proxy/Editor/Diff/Text/ContentControl.cs
  artifactKey: Guid(2c80adc488044eddbad72e2e92f8bba2) Importer(2089858483,b0f066a214c2f5e87bad3c948f4d605d)
Start importing Packages/com.unity.collab-proxy/Editor/Diff/Text/ContentControl.cs using Guid(2c80adc488044eddbad72e2e92f8bba2) Importer(2089858483,b0f066a214c2f5e87bad3c948f4d605d) (ScriptedImporter) -> (artifact id: '82f1c90c60813b3f03d683a791a34a6a') in 0.008985 seconds
Number of updated asset objects reloaded before import = 0Number of asset objects unloaded after import = 0

========================================================================
Received Import Request.
  Time since last request: 0.000024 seconds.
  path: Packages/com.unity.collab-proxy/Editor/_Deprecated/CollabMigration/MigrateCollabProject.cs
  artifactKey: Guid(d877163a4d5b71945ae435ce29592751) Importer(2089858483,b0f066a214c2f5e87bad3c948f4d605d)
Start importing Packages/com.unity.collab-proxy/Editor/_Deprecated/CollabMigration/MigrateCollabProject.cs using Guid(d877163a4d5b71945ae435ce29592751) Importer(2089858483,b0f066a214c2f5e87bad3c948f4d605d) (ScriptedImporter) -> (artifact id: '065f3e66d0ab7c57418108901d9982c4') in 0.0126914 seconds
Number of updated asset objects reloaded before import = 0Number of asset objects unloaded after import = 0

========================================================================
Received Import Request.
  Time since last request: 0.000037 seconds.
  path: Packages/com.unity.collab-proxy/Editor/Developer/UpdateReport/UpdateReportLineListViewItem.cs
  artifactKey: Guid(146c16184e337574f9f3baf6d467907a) Importer(2089858483,b0f066a214c2f5e87bad3c948f4d605d)
Start importing Packages/com.unity.collab-proxy/Editor/Developer/UpdateReport/UpdateReportLineListViewItem.cs using Guid(146c16184e337574f9f3baf6d467907a) Importer(2089858483,b0f066a214c2f5e87bad3c948f4d605d) (ScriptedImporter) -> (artifact id: 'd0884800078a8739755a73bb35aecb2c') in 0.0275144 seconds
Number of updated asset objects reloaded before import = 0Number of asset objects unloaded after import = 0

========================================================================
Received Import Request.
  Time since last request: 0.000017 seconds.
  path: Packages/com.unity.collab-proxy/Editor/Views/Merge/Developer/DirectoryConflicts/MergeViewDirectoryConflictMenu.cs
  artifactKey: Guid(4d2132ff97b487e4c9986528556871ed) Importer(2089858483,b0f066a214c2f5e87bad3c948f4d605d)
Start importing Packages/com.unity.collab-proxy/Editor/Views/Merge/Developer/DirectoryConflicts/MergeViewDirectoryConflictMenu.cs using Guid(4d2132ff97b487e4c9986528556871ed) Importer(2089858483,b0f066a214c2f5e87bad3c948f4d605d) (ScriptedImporter) -> (artifact id: 'fc6098fdb6ee9ad89a5d10c4bfef9236') in 0.0073785 seconds
Number of updated asset objects reloaded before import = 0Number of asset objects unloaded after import = 0

========================================================================
Received Import Request.
  Time since last request: 0.000017 seconds.
  path: Packages/com.unity.modules.tilemap/package.json
  artifactKey: Guid(92a378669877c05c6071d0fed687bb95) Importer(2089858483,b0f066a214c2f5e87bad3c948f4d605d)
Start importing Packages/com.unity.modules.tilemap/package.json using Guid(92a378669877c05c6071d0fed687bb95) Importer(2089858483,b0f066a214c2f5e87bad3c948f4d605d) (ScriptedImporter) -> (artifact id: 'f8b00f9ca02750badfd0e2f47857418a') in 0.0063494 seconds
Number of updated asset objects reloaded before import = 0Number of asset objects unloaded after import = 1

========================================================================
Received Import Request.
  Time since last request: 0.000027 seconds.
  path: Packages/com.unity.collab-proxy/Editor/Views/Merge/Developer/DirectoryConflicts/AddMoveMenu.cs
  artifactKey: Guid(d06d818a8b620bd4fb87f10782aec42b) Importer(2089858483,b0f066a214c2f5e87bad3c948f4d605d)
Start importing Packages/com.unity.collab-proxy/Editor/Views/Merge/Developer/DirectoryConflicts/AddMoveMenu.cs using Guid(d06d818a8b620bd4fb87f10782aec42b) Importer(2089858483,b0f066a214c2f5e87bad3c948f4d605d) (ScriptedImporter) -> (artifact id: '8a44362f8fdc38b25af0ee6ed22db5cf') in 0.0061565 seconds
Number of updated asset objects reloaded before import = 0Number of asset objects unloaded after import = 0

========================================================================
Received Import Request.
  Time since last request: 0.000015 seconds.
  path: Packages/com.unity.burst/Editor/BurstDisassembler.Core.LLVMIR.cs
  artifactKey: Guid(782955a5862f386abfcec83b7a2d0f2c) Importer(2089858483,b0f066a214c2f5e87bad3c948f4d605d)
Start importing Packages/com.unity.burst/Editor/BurstDisassembler.Core.LLVMIR.cs using Guid(782955a5862f386abfcec83b7a2d0f2c) Importer(2089858483,b0f066a214c2f5e87bad3c948f4d605d) (ScriptedImporter) -> (artifact id: 'fa7ae8dc4ac3885417f7ee1ece2c121e') in 0.0060384 seconds
Number of updated asset objects reloaded before import = 0Number of asset objects unloaded after import = 0

========================================================================
Received Import Request.
  Time since last request: 0.000019 seconds.
  path: Packages/com.unity.collab-proxy/Editor/Views/Merge/Developer/DirectoryConflicts/CycleMoveMenu.cs
  artifactKey: Guid(b66027c0b25336640a989133aa6ebdc9) Importer(2089858483,b0f066a214c2f5e87bad3c948f4d605d)
Start importing Packages/com.unity.collab-proxy/Editor/Views/Merge/Developer/DirectoryConflicts/CycleMoveMenu.cs using Guid(b66027c0b25336640a989133aa6ebdc9) Importer(2089858483,b0f066a214c2f5e87bad3c948f4d605d) (ScriptedImporter) -> (artifact id: '07d552a44cf99f0b9861dd57d381cefa') in 0.0058616 seconds
Number of updated asset objects reloaded before import = 0Number of asset objects unloaded after import = 0

========================================================================
Received Import Request.
  Time since last request: 0.000028 seconds.
  path: Packages/com.unity.burst/Runtime/BurstString.Float.cs
  artifactKey: Guid(4592eab4973c370d8a7a7bb9cb4e4344) Importer(2089858483,b0f066a214c2f5e87bad3c948f4d605d)
Start importing Packages/com.unity.burst/Runtime/BurstString.Float.cs using Guid(4592eab4973c370d8a7a7bb9cb4e4344) Importer(2089858483,b0f066a214c2f5e87bad3c948f4d605d) (ScriptedImporter) -> (artifact id: 'a8973cf62360cf6f18a04162041a445a') in 0.0059335 seconds
Number of updated asset objects reloaded before import = 0Number of asset objects unloaded after import = 0

========================================================================
Received Import Request.
  Time since last request: 0.000016 seconds.
  path: Packages/com.unity.burst/Runtime/BurstRuntime.cs
  artifactKey: Guid(26d2421d124d30c4b5dbee7057243ab2) Importer(2089858483,b0f066a214c2f5e87bad3c948f4d605d)
Start importing Packages/com.unity.burst/Runtime/BurstRuntime.cs using Guid(26d2421d124d30c4b5dbee7057243ab2) Importer(2089858483,b0f066a214c2f5e87bad3c948f4d605d) (ScriptedImporter) -> (artifact id: '0c5bf75df3dd61ec5739f658d49fe41d') in 0.0072133 seconds
Number of updated asset objects reloaded before import = 0Number of asset objects unloaded after import = 0

========================================================================
Received Import Request.
  Time since last request: 0.000019 seconds.
  path: Packages/com.unity.collab-proxy/Editor/Views/BranchExplorer/Drawing/Shapes/Colors/BrExLineWidths.cs
  artifactKey: Guid(22fddd1dbabe4f35b6d26dd7691d9882) Importer(2089858483,b0f066a214c2f5e87bad3c948f4d605d)
Start importing Packages/com.unity.collab-proxy/Editor/Views/BranchExplorer/Drawing/Shapes/Colors/BrExLineWidths.cs using Guid(22fddd1dbabe4f35b6d26dd7691d9882) Importer(2089858483,b0f066a214c2f5e87bad3c948f4d605d) (ScriptedImporter) -> (artifact id: '152dc2d27ff45268c8a5902c887dcb0e') in 0.0058791 seconds
Number of updated asset objects reloaded before import = 0Number of asset objects unloaded after import = 0

========================================================================
Received Import Request.
  Time since last request: 0.000027 seconds.
  path: Packages/com.unity.burst/Unity.Burst.CodeGen/CecilExtensions.cs
  artifactKey: Guid(f0f1d1ee0d88384188ad6cdcffc5e9d8) Importer(2089858483,b0f066a214c2f5e87bad3c948f4d605d)
Start importing Packages/com.unity.burst/Unity.Burst.CodeGen/CecilExtensions.cs using Guid(f0f1d1ee0d88384188ad6cdcffc5e9d8) Importer(2089858483,b0f066a214c2f5e87bad3c948f4d605d) (ScriptedImporter) -> (artifact id: '4ec31bbe219459f7fc060c7fb8ef9903') in 0.0058425 seconds
Number of updated asset objects reloaded before import = 0Number of asset objects unloaded after import = 0

========================================================================
Received Import Request.
  Time since last request: 0.000016 seconds.
  path: Packages/com.unity.collab-proxy/Editor/Views/BranchExplorer/Drawing/Shapes/Connections/ShapeConnectionBuilder.cs
  artifactKey: Guid(e68a46ad78cc4cec9266e64ae51c807f) Importer(2089858483,b0f066a214c2f5e87bad3c948f4d605d)
Start importing Packages/com.unity.collab-proxy/Editor/Views/BranchExplorer/Drawing/Shapes/Connections/ShapeConnectionBuilder.cs using Guid(e68a46ad78cc4cec9266e64ae51c807f) Importer(2089858483,b0f066a214c2f5e87bad3c948f4d605d) (ScriptedImporter) -> (artifact id: '3773c8655adaa503f8bf89489c8b2ff5') in 0.0072673 seconds
Number of updated asset objects reloaded before import = 0Number of asset objects unloaded after import = 0

========================================================================
Received Import Request.
  Time since last request: 0.000016 seconds.
  path: Packages/com.unity.burst/package.json
  artifactKey: Guid(60714b3a36613ab2918a1439869a826f) Importer(2089858483,b0f066a214c2f5e87bad3c948f4d605d)
Start importing Packages/com.unity.burst/package.json using Guid(60714b3a36613ab2918a1439869a826f) Importer(2089858483,b0f066a214c2f5e87bad3c948f4d605d) (ScriptedImporter) -> (artifact id: 'b01ecf2a904cd086fa2b87473d3f2785') in 0.0103148 seconds
Number of updated asset objects reloaded before import = 0Number of asset objects unloaded after import = 1

========================================================================
Received Import Request.
  Time since last request: 0.000021 seconds.
  path: Packages/com.unity.burst/Editor/BurstDisassembler.Core.x86.info.cs
  artifactKey: Guid(2eea866710d936a0aa2b698e88b26884) Importer(2089858483,b0f066a214c2f5e87bad3c948f4d605d)
Start importing Packages/com.unity.burst/Editor/BurstDisassembler.Core.x86.info.cs using Guid(2eea866710d936a0aa2b698e88b26884) Importer(2089858483,b0f066a214c2f5e87bad3c948f4d605d) (ScriptedImporter) -> (artifact id: '013e2c2d9363bf57f9838173d623a4fb') in 0.0081576 seconds
Number of updated asset objects reloaded before import = 0Number of asset objects unloaded after import = 0

========================================================================
Received Import Request.
  Time since last request: 0.000027 seconds.
  path: Packages/com.unity.burst/Runtime/BurstString.cs
  artifactKey: Guid(72b6a43cfa793c05b1a76ea3f3ba6367) Importer(2089858483,b0f066a214c2f5e87bad3c948f4d605d)
Start importing Packages/com.unity.burst/Runtime/BurstString.cs using Guid(72b6a43cfa793c05b1a76ea3f3ba6367) Importer(2089858483,b0f066a214c2f5e87bad3c948f4d605d) (ScriptedImporter) -> (artifact id: '26108e97f63452d439653badd277b217') in 0.0074964 seconds
Number of updated asset objects reloaded before import = 0Number of asset objects unloaded after import = 0

========================================================================
Received Import Request.
  Time since last request: 0.000025 seconds.
  path: Packages/com.unity.collab-proxy/Editor/Views/BranchExplorer/Options/DisplayOptions/DisplayOptionsPanel.cs
  artifactKey: Guid(601fa35b365bf4075b5ef778935ad1b8) Importer(2089858483,b0f066a214c2f5e87bad3c948f4d605d)
Start importing Packages/com.unity.collab-proxy/Editor/Views/BranchExplorer/Options/DisplayOptions/DisplayOptionsPanel.cs using Guid(601fa35b365bf4075b5ef778935ad1b8) Importer(2089858483,b0f066a214c2f5e87bad3c948f4d605d) (ScriptedImporter) -> (artifact id: 'e4d7512cc508de83494730cb2df97175') in 0.00689 seconds
Number of updated asset objects reloaded before import = 0Number of asset objects unloaded after import = 0

========================================================================
Received Import Request.
  Time since last request: 0.000018 seconds.
  path: Packages/com.unity.burst/Editor/BurstDisassembler.cs
  artifactKey: Guid(8fcac8aba2ba344697e10c770e5e0bc0) Importer(2089858483,b0f066a214c2f5e87bad3c948f4d605d)
Start importing Packages/com.unity.burst/Editor/BurstDisassembler.cs using Guid(8fcac8aba2ba344697e10c770e5e0bc0) Importer(2089858483,b0f066a214c2f5e87bad3c948f4d605d) (ScriptedImporter) -> (artifact id: 'eb925a734787e13309efc2a00cd50e6d') in 0.0063661 seconds
Number of updated asset objects reloaded before import = 0Number of asset objects unloaded after import = 0

========================================================================
Received Import Request.
  Time since last request: 0.000025 seconds.
  path: Packages/com.unity.burst/Editor/BurstDisassembler.Core.ARM64.info.cs
  artifactKey: Guid(58bea487d1963bbab5d6d2ca5e5e495d) Importer(2089858483,b0f066a214c2f5e87bad3c948f4d605d)
Start importing Packages/com.unity.burst/Editor/BurstDisassembler.Core.ARM64.info.cs using Guid(58bea487d1963bbab5d6d2ca5e5e495d) Importer(2089858483,b0f066a214c2f5e87bad3c948f4d605d) (ScriptedImporter) -> (artifact id: 'bce198757e17dcc7b9a8db4e63aa67fd') in 0.0064116 seconds
Number of updated asset objects reloaded before import = 0Number of asset objects unloaded after import = 0

========================================================================
Received Import Request.
  Time since last request: 0.000021 seconds.
  path: Packages/com.unity.collab-proxy/Editor/Views/Merge/Developer/DirectoryConflicts/EvilTwinMenu.cs
  artifactKey: Guid(e2d5cd35402925349b237e34add0cabf) Importer(2089858483,b0f066a214c2f5e87bad3c948f4d605d)
Start importing Packages/com.unity.collab-proxy/Editor/Views/Merge/Developer/DirectoryConflicts/EvilTwinMenu.cs using Guid(e2d5cd35402925349b237e34add0cabf) Importer(2089858483,b0f066a214c2f5e87bad3c948f4d605d) (ScriptedImporter) -> (artifact id: 'e9d9f76ca4b4b64cb0894bf5d979bc6a') in 0.0081481 seconds
Number of updated asset objects reloaded before import = 0Number of asset objects unloaded after import = 0

========================================================================
Received Import Request.
  Time since last request: 0.000019 seconds.
  path: Packages/com.unity.burst/Editor/BurstInspectorGUI.cs
  artifactKey: Guid(044207dff891379ab68ba54b0d4307b2) Importer(2089858483,b0f066a214c2f5e87bad3c948f4d605d)
Start importing Packages/com.unity.burst/Editor/BurstInspectorGUI.cs using Guid(044207dff891379ab68ba54b0d4307b2) Importer(2089858483,b0f066a214c2f5e87bad3c948f4d605d) (ScriptedImporter) -> (artifact id: 'be75b96e7080e10efe6e6786ae17481d') in 0.0065941 seconds
Number of updated asset objects reloaded before import = 0Number of asset objects unloaded after import = 0

========================================================================
Received Import Request.
  Time since last request: 0.000022 seconds.
  path: Packages/com.unity.collab-proxy/Editor/Views/Merge/Developer/DirectoryConflicts/LoadedTwiceMenu.cs
  artifactKey: Guid(845dfcf12f5e02b4ba5ecf690afdfee6) Importer(2089858483,b0f066a214c2f5e87bad3c948f4d605d)
Start importing Packages/com.unity.collab-proxy/Editor/Views/Merge/Developer/DirectoryConflicts/LoadedTwiceMenu.cs using Guid(845dfcf12f5e02b4ba5ecf690afdfee6) Importer(2089858483,b0f066a214c2f5e87bad3c948f4d605d) (ScriptedImporter) -> (artifact id: '603e5ce22a17eef907e6860b720dc674') in 0.0065281 seconds
Number of updated asset objects reloaded before import = 0Number of asset objects unloaded after import = 0

========================================================================
Received Import Request.
  Time since last request: 0.000016 seconds.
  path: Packages/com.unity.burst/LICENSE.md
  artifactKey: Guid(3adebabc9c53348aab08029333dba930) Importer(2089858483,b0f066a214c2f5e87bad3c948f4d605d)
Start importing Packages/com.unity.burst/LICENSE.md using Guid(3adebabc9c53348aab08029333dba930) Importer(2089858483,b0f066a214c2f5e87bad3c948f4d605d) (ScriptedImporter) -> (artifact id: 'ac3ddfa5b90e92718eddaad18a1d3264') in 0.0060999 seconds
Number of updated asset objects reloaded before import = 0Number of asset objects unloaded after import = 1

========================================================================
Received Import Request.
  Time since last request: 0.000022 seconds.
  path: Packages/com.unity.collab-proxy/Editor/Views/Merge/Developer/DirectoryConflicts/DivergentMoveMenu.cs
  artifactKey: Guid(0b53a404fdd93a8449b983861c7f0e88) Importer(2089858483,b0f066a214c2f5e87bad3c948f4d605d)
Start importing Packages/com.unity.collab-proxy/Editor/Views/Merge/Developer/DirectoryConflicts/DivergentMoveMenu.cs using Guid(0b53a404fdd93a8449b983861c7f0e88) Importer(2089858483,b0f066a214c2f5e87bad3c948f4d605d) (ScriptedImporter) -> (artifact id: '355a37933abce27bf5b1f3b953689248') in 0.0079875 seconds
Number of updated asset objects reloaded before import = 0Number of asset objects unloaded after import = 0

========================================================================
Received Import Request.
  Time since last request: 0.000027 seconds.
  path: Packages/com.unity.collab-proxy/Editor/Views/Merge/Developer/DirectoryConflicts/DrawDirectoryResolutionPanel.cs
  artifactKey: Guid(a9881fce7e445b84bbbd53752db30fe9) Importer(2089858483,b0f066a214c2f5e87bad3c948f4d605d)
Start importing Packages/com.unity.collab-proxy/Editor/Views/Merge/Developer/DirectoryConflicts/DrawDirectoryResolutionPanel.cs using Guid(a9881fce7e445b84bbbd53752db30fe9) Importer(2089858483,b0f066a214c2f5e87bad3c948f4d605d) (ScriptedImporter) -> (artifact id: '31465786549d2752435e2beefb23a5b1') in 0.0065218 seconds
Number of updated asset objects reloaded before import = 0Number of asset objects unloaded after import = 0

========================================================================
Received Import Request.
  Time since last request: 0.000017 seconds.
  path: Packages/com.unity.burst/Runtime/BurstExecutionEnvironment.cs
  artifactKey: Guid(b85cbcd785ff3b1597b89eb2c453f4fe) Importer(2089858483,b0f066a214c2f5e87bad3c948f4d605d)
Start importing Packages/com.unity.burst/Runtime/BurstExecutionEnvironment.cs using Guid(b85cbcd785ff3b1597b89eb2c453f4fe) Importer(2089858483,b0f066a214c2f5e87bad3c948f4d605d) (ScriptedImporter) -> (artifact id: 'd3be8a6dfefb4c5d21f925fc898d3901') in 0.0061607 seconds
Number of updated asset objects reloaded before import = 0Number of asset objects unloaded after import = 0

========================================================================
Received Import Request.
  Time since last request: 0.000018 seconds.
  path: Packages/com.unity.burst/Unity.Burst.CodeGen/GenericContext.cs
  artifactKey: Guid(35f3382bcc423b60acc9af62d10d008b) Importer(2089858483,b0f066a214c2f5e87bad3c948f4d605d)
Start importing Packages/com.unity.burst/Unity.Burst.CodeGen/GenericContext.cs using Guid(35f3382bcc423b60acc9af62d10d008b) Importer(2089858483,b0f066a214c2f5e87bad3c948f4d605d) (ScriptedImporter) -> (artifact id: '5843c04b2bc0ebc11d5138f7d180e0b3') in 0.0068573 seconds
Number of updated asset objects reloaded before import = 0Number of asset objects unloaded after import = 0

========================================================================
Received Import Request.
  Time since last request: 0.000027 seconds.
  path: Packages/com.unity.burst/Editor/BurstMath.cs
  artifactKey: Guid(e2e47707a3663434b10485daf061e14c) Importer(2089858483,b0f066a214c2f5e87bad3c948f4d605d)
Start importing Packages/com.unity.burst/Editor/BurstMath.cs using Guid(e2e47707a3663434b10485daf061e14c) Importer(2089858483,b0f066a214c2f5e87bad3c948f4d605d) (ScriptedImporter) -> (artifact id: 'bff0067ee5488d20f8aeb210dc6abb0a') in 0.0061088 seconds
Number of updated asset objects reloaded before import = 0Number of asset objects unloaded after import = 0

========================================================================
Received Import Request.
  Time since last request: 0.000016 seconds.
  path: Packages/com.unity.collab-proxy/Editor/Views/BranchExplorer/Drawing/Shapes/HomeGeometry.cs
  artifactKey: Guid(254497d6403494baa8cf3544ec92749d) Importer(2089858483,b0f066a214c2f5e87bad3c948f4d605d)
Start importing Packages/com.unity.collab-proxy/Editor/Views/BranchExplorer/Drawing/Shapes/HomeGeometry.cs using Guid(254497d6403494baa8cf3544ec92749d) Importer(2089858483,b0f066a214c2f5e87bad3c948f4d605d) (ScriptedImporter) -> (artifact id: '28d402adaa0e5e05e517c009a2c20941') in 0.0065026 seconds
Number of updated asset objects reloaded before import = 0Number of asset objects unloaded after import = 0

========================================================================
Received Import Request.
  Time since last request: 0.000024 seconds.
  path: Packages/com.unity.burst/Runtime/Intrinsics/Arm/NEON_AArch64_rdma.cs
  artifactKey: Guid(082593b719933f8b9f8feb40687d867e) Importer(2089858483,b0f066a214c2f5e87bad3c948f4d605d)
Start importing Packages/com.unity.burst/Runtime/Intrinsics/Arm/NEON_AArch64_rdma.cs using Guid(082593b719933f8b9f8feb40687d867e) Importer(2089858483,b0f066a214c2f5e87bad3c948f4d605d) (ScriptedImporter) -> (artifact id: '546a664119c0a12ca5df1a2b2d7785e8') in 0.0068693 seconds
Number of updated asset objects reloaded before import = 0Number of asset objects unloaded after import = 0

========================================================================
Received Import Request.
  Time since last request: 0.000034 seconds.
  path: Packages/com.unity.2d.tilemap/Editor/GridPaintPaletteWindow.cs
  artifactKey: Guid(3f683d99f24875748a6656966ca9cea0) Importer(2089858483,b0f066a214c2f5e87bad3c948f4d605d)
Start importing Packages/com.unity.2d.tilemap/Editor/GridPaintPaletteWindow.cs using Guid(3f683d99f24875748a6656966ca9cea0) Importer(2089858483,b0f066a214c2f5e87bad3c948f4d605d) (ScriptedImporter) -> (artifact id: 'b3c54a12c49b427ef25fe7d44802815e') in 0.0069086 seconds
Number of updated asset objects reloaded before import = 0Number of asset objects unloaded after import = 0

========================================================================
Received Import Request.
  Time since last request: 0.000025 seconds.
  path: Packages/com.unity.burst/Runtime/CompilerServices/SPMD.cs
  artifactKey: Guid(2d8f464f6c9033c89a0ee334f0aad30c) Importer(2089858483,b0f066a214c2f5e87bad3c948f4d605d)
Start importing Packages/com.unity.burst/Runtime/CompilerServices/SPMD.cs using Guid(2d8f464f6c9033c89a0ee334f0aad30c) Importer(2089858483,b0f066a214c2f5e87bad3c948f4d605d) (ScriptedImporter) -> (artifact id: '924b82a6ed17a416b9509b31e1590a5c') in 0.0063109 seconds
Number of updated asset objects reloaded before import = 0Number of asset objects unloaded after import = 0

========================================================================
Received Import Request.
  Time since last request: 0.000018 seconds.
  path: Packages/com.unity.burst/Runtime/Intrinsics/x86/Sse3.cs
  artifactKey: Guid(084c864f475138fba5e71aa0c9653558) Importer(2089858483,b0f066a214c2f5e87bad3c948f4d605d)
Start importing Packages/com.unity.burst/Runtime/Intrinsics/x86/Sse3.cs using Guid(084c864f475138fba5e71aa0c9653558) Importer(2089858483,b0f066a214c2f5e87bad3c948f4d605d) (ScriptedImporter) -> (artifact id: 'ef4b64523b611ff21792f899ce8dcb85') in 0.0065138 seconds
Number of updated asset objects reloaded before import = 0Number of asset objects unloaded after import = 0

========================================================================
Received Import Request.
  Time since last request: 0.000024 seconds.
  path: Packages/com.unity.modules.terrainphysics/package.ModuleCompilationTrigger
  artifactKey: Guid(cbb1a39d56ce4d9ac1a46ac505893fa7) Importer(2089858483,b0f066a214c2f5e87bad3c948f4d605d)
Start importing Packages/com.unity.modules.terrainphysics/package.ModuleCompilationTrigger using Guid(cbb1a39d56ce4d9ac1a46ac505893fa7) Importer(2089858483,b0f066a214c2f5e87bad3c948f4d605d) (ScriptedImporter) -> (artifact id: '813dc85ee49ae393778959550ca4256c') in 0.007103 seconds
Number of updated asset objects reloaded before import = 0Number of asset objects unloaded after import = 1

========================================================================
Received Import Request.
  Time since last request: 0.000020 seconds.
  path: Packages/com.unity.burst/Runtime/Intrinsics/x86/Sse2.cs
  artifactKey: Guid(f0de54c00de3304699fdf0bedf123944) Importer(2089858483,b0f066a214c2f5e87bad3c948f4d605d)
Start importing Packages/com.unity.burst/Runtime/Intrinsics/x86/Sse2.cs using Guid(f0de54c00de3304699fdf0bedf123944) Importer(2089858483,b0f066a214c2f5e87bad3c948f4d605d) (ScriptedImporter) -> (artifact id: '340825844da86162b7f77c6395c642b1') in 0.0093979 seconds
Number of updated asset objects reloaded before import = 0Number of asset objects unloaded after import = 0

========================================================================
Received Import Request.
  Time since last request: 0.000021 seconds.
  path: Packages/com.unity.burst/Runtime/Intrinsics/x86/Popcnt.cs
  artifactKey: Guid(e4725d04fd6336efbc80f25ae908c344) Importer(2089858483,b0f066a214c2f5e87bad3c948f4d605d)
Start importing Packages/com.unity.burst/Runtime/Intrinsics/x86/Popcnt.cs using Guid(e4725d04fd6336efbc80f25ae908c344) Importer(2089858483,b0f066a214c2f5e87bad3c948f4d605d) (ScriptedImporter) -> (artifact id: '0879cec2977dd5d48e5629847a0a6ca2') in 0.0063758 seconds
Number of updated asset objects reloaded before import = 0Number of asset objects unloaded after import = 0

========================================================================
Received Import Request.
  Time since last request: 0.000027 seconds.
  path: Packages/com.unity.2d.tilemap/Editor/GridBrushPickStoreSettings.cs
  artifactKey: Guid(6fcb7dc175a14a4eb2348f2d5e002dd6) Importer(2089858483,b0f066a214c2f5e87bad3c948f4d605d)
Start importing Packages/com.unity.2d.tilemap/Editor/GridBrushPickStoreSettings.cs using Guid(6fcb7dc175a14a4eb2348f2d5e002dd6) Importer(2089858483,b0f066a214c2f5e87bad3c948f4d605d) (ScriptedImporter) -> (artifact id: '237a1fa776cf7d9743f1f9b6a5efe7d6') in 0.0091608 seconds
Number of updated asset objects reloaded before import = 0Number of asset objects unloaded after import = 0

========================================================================
Received Import Request.
  Time since last request: 0.000016 seconds.
  path: Packages/com.unity.burst/Runtime/Intrinsics/x86/Fma.cs
  artifactKey: Guid(4d7325591616354d86b1492e282843f4) Importer(2089858483,b0f066a214c2f5e87bad3c948f4d605d)
Start importing Packages/com.unity.burst/Runtime/Intrinsics/x86/Fma.cs using Guid(4d7325591616354d86b1492e282843f4) Importer(2089858483,b0f066a214c2f5e87bad3c948f4d605d) (ScriptedImporter) -> (artifact id: '6154eba12bc5e5db326c4b822a81f8b9') in 0.0085887 seconds
Number of updated asset objects reloaded before import = 0Number of asset objects unloaded after import = 0

========================================================================
Received Import Request.
  Time since last request: 0.000019 seconds.
  path: Packages/com.unity.2d.tilemap/Editor/GridBrushEditorBase.cs
  artifactKey: Guid(97de1f11b5a5dbf41baa1b0bc8ab989e) Importer(2089858483,b0f066a214c2f5e87bad3c948f4d605d)
Start importing Packages/com.unity.2d.tilemap/Editor/GridBrushEditorBase.cs using Guid(97de1f11b5a5dbf41baa1b0bc8ab989e) Importer(2089858483,b0f066a214c2f5e87bad3c948f4d605d) (ScriptedImporter) -> (artifact id: '471cf53321a5dc668eadf2e7418ae028') in 0.0071837 seconds
Number of updated asset objects reloaded before import = 0Number of asset objects unloaded after import = 0

========================================================================
Received Import Request.
  Time since last request: 0.000027 seconds.
  path: Packages/com.unity.2d.tilemap/Editor/GridPaintTargetsDropdown.cs
  artifactKey: Guid(a714f9a492de26847891e2833d0f9235) Importer(2089858483,b0f066a214c2f5e87bad3c948f4d605d)
Start importing Packages/com.unity.2d.tilemap/Editor/GridPaintTargetsDropdown.cs using Guid(a714f9a492de26847891e2833d0f9235) Importer(2089858483,b0f066a214c2f5e87bad3c948f4d605d) (ScriptedImporter) -> (artifact id: '55a46083089a04497aa835fb047f69a1') in 0.0081306 seconds
Number of updated asset objects reloaded before import = 0Number of asset objects unloaded after import = 0

========================================================================
Received Import Request.
  Time since last request: 0.000016 seconds.
  path: Packages/com.unity.2d.tilemap/Editor/AssemblyInfo.cs
  artifactKey: Guid(b870da3ede4ee144d8631c9ef0a3a66c) Importer(2089858483,b0f066a214c2f5e87bad3c948f4d605d)
Start importing Packages/com.unity.2d.tilemap/Editor/AssemblyInfo.cs using Guid(b870da3ede4ee144d8631c9ef0a3a66c) Importer(2089858483,b0f066a214c2f5e87bad3c948f4d605d) (ScriptedImporter) -> (artifact id: '604ed17fc4c1627c635ce1009b62524c') in 0.0068896 seconds
Number of updated asset objects reloaded before import = 0Number of asset objects unloaded after import = 0

========================================================================
Received Import Request.
  Time since last request: 0.000017 seconds.
  path: Packages/com.unity.burst/Runtime/Editor/BurstAssemblyDisable.cs
  artifactKey: Guid(24e5242d7f213ce49a52eefb5d544d24) Importer(2089858483,b0f066a214c2f5e87bad3c948f4d605d)
Start importing Packages/com.unity.burst/Runtime/Editor/BurstAssemblyDisable.cs using Guid(24e5242d7f213ce49a52eefb5d544d24) Importer(2089858483,b0f066a214c2f5e87bad3c948f4d605d) (ScriptedImporter) -> (artifact id: 'fba30eddfaeaaea96e6c96d5f743c99e') in 0.0068626 seconds
Number of updated asset objects reloaded before import = 0Number of asset objects unloaded after import = 0

========================================================================
Received Import Request.
  Time since last request: 0.000024 seconds.
  path: Packages/com.unity.2d.tilemap/Editor/GridPaletteAddWhiteboxPopup.cs
  artifactKey: Guid(9b35ffc51af54aeaa2384cef4465d664) Importer(2089858483,b0f066a214c2f5e87bad3c948f4d605d)
Start importing Packages/com.unity.2d.tilemap/Editor/GridPaletteAddWhiteboxPopup.cs using Guid(9b35ffc51af54aeaa2384cef4465d664) Importer(2089858483,b0f066a214c2f5e87bad3c948f4d605d) (ScriptedImporter) -> (artifact id: '4e9a1fffda1a7385b7d0259367d34f2c') in 0.006814 seconds
Number of updated asset objects reloaded before import = 0Number of asset objects unloaded after import = 0

========================================================================
Received Import Request.
  Time since last request: 0.000017 seconds.
  path: Packages/com.unity.burst/Runtime/Editor/BurstReflection.cs
  artifactKey: Guid(661ba2a1bdac339cb55c6a43b9eaa0ee) Importer(2089858483,b0f066a214c2f5e87bad3c948f4d605d)
Start importing Packages/com.unity.burst/Runtime/Editor/BurstReflection.cs using Guid(661ba2a1bdac339cb55c6a43b9eaa0ee) Importer(2089858483,b0f066a214c2f5e87bad3c948f4d605d) (ScriptedImporter) -> (artifact id: 'dd850e55b56639fc537e4343b5fc3b58') in 0.0069745 seconds
Number of updated asset objects reloaded before import = 0Number of asset objects unloaded after import = 0

========================================================================
Received Import Request.
  Time since last request: 0.000019 seconds.
  path: Packages/com.unity.2d.tilemap/Editor/GridEditorUtility.cs
  artifactKey: Guid(b74537feff4831541a8c3bf81913649d) Importer(2089858483,b0f066a214c2f5e87bad3c948f4d605d)
Start importing Packages/com.unity.2d.tilemap/Editor/GridEditorUtility.cs using Guid(b74537feff4831541a8c3bf81913649d) Importer(2089858483,b0f066a214c2f5e87bad3c948f4d605d) (ScriptedImporter) -> (artifact id: '58a06e4feb7d412198fb6bb95c6ca8f1') in 0.0070149 seconds
Number of updated asset objects reloaded before import = 0Number of asset objects unloaded after import = 0

========================================================================
Received Import Request.
  Time since last request: 0.000027 seconds.
  path: Packages/com.unity.2d.tilemap/Editor/GridPaintPaletteClipboard.cs
  artifactKey: Guid(384ea3a769d6ffd44bcc7f03793e3adc) Importer(2089858483,b0f066a214c2f5e87bad3c948f4d605d)
Start importing Packages/com.unity.2d.tilemap/Editor/GridPaintPaletteClipboard.cs using Guid(384ea3a769d6ffd44bcc7f03793e3adc) Importer(2089858483,b0f066a214c2f5e87bad3c948f4d605d) (ScriptedImporter) -> (artifact id: '1103f77e48aee9c90c7d5fc2558667ab') in 0.0071078 seconds
Number of updated asset objects reloaded before import = 0Number of asset objects unloaded after import = 0

========================================================================
Received Import Request.
  Time since last request: 0.000016 seconds.
  path: Packages/com.unity.burst/Runtime/Intrinsics/Arm/NEON_ctor.cs
  artifactKey: Guid(05892f401645378395984f5ca02f11f1) Importer(2089858483,b0f066a214c2f5e87bad3c948f4d605d)
Start importing Packages/com.unity.burst/Runtime/Intrinsics/Arm/NEON_ctor.cs using Guid(05892f401645378395984f5ca02f11f1) Importer(2089858483,b0f066a214c2f5e87bad3c948f4d605d) (ScriptedImporter) -> (artifact id: 'c7c896052feb68b60a65d2fcacffaf6b') in 0.0058854 seconds
Number of updated asset objects reloaded before import = 0Number of asset objects unloaded after import = 0

========================================================================
Received Import Request.
  Time since last request: 0.000019 seconds.
  path: Packages/com.unity.burst/Runtime/Intrinsics/v256.cs
  artifactKey: Guid(b7010e2961793c8ab9d5fec3d5c886d0) Importer(2089858483,b0f066a214c2f5e87bad3c948f4d605d)
Start importing Packages/com.unity.burst/Runtime/Intrinsics/v256.cs using Guid(b7010e2961793c8ab9d5fec3d5c886d0) Importer(2089858483,b0f066a214c2f5e87bad3c948f4d605d) (ScriptedImporter) -> (artifact id: '70a2322d252c30ee81f28dbc508a8bc5') in 0.0059752 seconds
Number of updated asset objects reloaded before import = 0Number of asset objects unloaded after import = 0

========================================================================
Received Import Request.
  Time since last request: 0.000027 seconds.
  path: Packages/com.unity.2d.tilemap/LICENSE.md
  artifactKey: Guid(b0560f6f4fbd3a341a3d14343c000889) Importer(2089858483,b0f066a214c2f5e87bad3c948f4d605d)
Start importing Packages/com.unity.2d.tilemap/LICENSE.md using Guid(b0560f6f4fbd3a341a3d14343c000889) Importer(2089858483,b0f066a214c2f5e87bad3c948f4d605d) (ScriptedImporter) -> (artifact id: 'd0bc287f6800e76686e7eb50b16b2914') in 0.0083192 seconds
Number of updated asset objects reloaded before import = 0Number of asset objects unloaded after import = 1

========================================================================
Received Import Request.
  Time since last request: 0.000020 seconds.
  path: Packages/com.unity.burst/Runtime/Intrinsics/x86/Ssse3.cs
  artifactKey: Guid(0904d56406a93977ad6ef642b548155d) Importer(2089858483,b0f066a214c2f5e87bad3c948f4d605d)
Start importing Packages/com.unity.burst/Runtime/Intrinsics/x86/Ssse3.cs using Guid(0904d56406a93977ad6ef642b548155d) Importer(2089858483,b0f066a214c2f5e87bad3c948f4d605d) (ScriptedImporter) -> (artifact id: '7c621a8edc54efe3f55843d26642c677') in 0.0085731 seconds
Number of updated asset objects reloaded before import = 0Number of asset objects unloaded after import = 0

========================================================================
Received Import Request.
  Time since last request: 0.000018 seconds.
  path: Packages/com.unity.burst/Unity.Burst.CodeGen/Unity.Burst.CodeGen.asmdef
  artifactKey: Guid(9c6dda6c7922c624cb7ea9a7f1c7d54a) Importer(2089858483,b0f066a214c2f5e87bad3c948f4d605d)
Start importing Packages/com.unity.burst/Unity.Burst.CodeGen/Unity.Burst.CodeGen.asmdef using Guid(9c6dda6c7922c624cb7ea9a7f1c7d54a) Importer(2089858483,b0f066a214c2f5e87bad3c948f4d605d) (ScriptedImporter) -> (artifact id: '98c7eea2d75eb8d218e1ae693f99de37') in 0.0061569 seconds
Number of updated asset objects reloaded before import = 0Number of asset objects unloaded after import = 1

========================================================================
Received Import Request.
  Time since last request: 0.000034 seconds.
  path: Packages/com.unity.burst/Runtime/Editor/Unity.Burst.ForEditor.asmref
  artifactKey: Guid(268a64be2367b3248a24f317d458861a) Importer(2089858483,b0f066a214c2f5e87bad3c948f4d605d)
Start importing Packages/com.unity.burst/Runtime/Editor/Unity.Burst.ForEditor.asmref using Guid(268a64be2367b3248a24f317d458861a) Importer(2089858483,b0f066a214c2f5e87bad3c948f4d605d) (ScriptedImporter) -> (artifact id: '0596eac275a7e48232a40fdb9ebf4dd1') in 0.0076336 seconds
Number of updated asset objects reloaded before import = 0Number of asset objects unloaded after import = 1

========================================================================
Received Import Request.
  Time since last request: 0.000017 seconds.
  path: Packages/com.unity.burst/Runtime/FunctionPointer.cs
  artifactKey: Guid(d0f0ce9b0e7739228810ce3bc2330437) Importer(2089858483,b0f066a214c2f5e87bad3c948f4d605d)
Start importing Packages/com.unity.burst/Runtime/FunctionPointer.cs using Guid(d0f0ce9b0e7739228810ce3bc2330437) Importer(2089858483,b0f066a214c2f5e87bad3c948f4d605d) (ScriptedImporter) -> (artifact id: 'd39b3d78364ebcc69afba12f980e6e5f') in 0.0081112 seconds
Number of updated asset objects reloaded before import = 0Number of asset objects unloaded after import = 0

========================================================================
Received Import Request.
  Time since last request: 0.000019 seconds.
  path: Packages/com.unity.collab-proxy/Lib/Editor/Localization/commontypes.ja.txt
  artifactKey: Guid(74621c72e13ad47d88571eae06795323) Importer(2089858483,b0f066a214c2f5e87bad3c948f4d605d)
Start importing Packages/com.unity.collab-proxy/Lib/Editor/Localization/commontypes.ja.txt using Guid(74621c72e13ad47d88571eae06795323) Importer(2089858483,b0f066a214c2f5e87bad3c948f4d605d) (ScriptedImporter) -> (artifact id: '615f232fccfe9159770df459fb0d5a8d') in 0.0065632 seconds
Number of updated asset objects reloaded before import = 0Number of asset objects unloaded after import = 1

========================================================================
Received Import Request.
  Time since last request: 0.000032 seconds.
  path: Packages/com.unity.2d.tilemap/Editor/GridSelectionEditor.cs
  artifactKey: Guid(007e8b9701e00aa4b934ca58ee397b03) Importer(2089858483,b0f066a214c2f5e87bad3c948f4d605d)
Start importing Packages/com.unity.2d.tilemap/Editor/GridSelectionEditor.cs using Guid(007e8b9701e00aa4b934ca58ee397b03) Importer(2089858483,b0f066a214c2f5e87bad3c948f4d605d) (ScriptedImporter) -> (artifact id: '282e7a5d6b154d4bb9d026caa57655d3') in 0.0072616 seconds
Number of updated asset objects reloaded before import = 0Number of asset objects unloaded after import = 0

========================================================================
Received Import Request.
  Time since last request: 0.000017 seconds.
  path: Packages/com.unity.2d.tilemap/Editor/TilemapFocusModeUtility.cs
  artifactKey: Guid(5fb3ada6b424478f868d114ce6117c0a) Importer(2089858483,b0f066a214c2f5e87bad3c948f4d605d)
Start importing Packages/com.unity.2d.tilemap/Editor/TilemapFocusModeUtility.cs using Guid(5fb3ada6b424478f868d114ce6117c0a) Importer(2089858483,b0f066a214c2f5e87bad3c948f4d605d) (ScriptedImporter) -> (artifact id: 'e79e8af357df2bb73f1bbf1c18b372f2') in 0.0059176 seconds
Number of updated asset objects reloaded before import = 0Number of asset objects unloaded after import = 0

========================================================================
Received Import Request.
  Time since last request: 0.000024 seconds.
  path: Packages/com.unity.2d.tilemap/Editor/Icons/d_Tilemap.EditPalette@4x.png
  artifactKey: Guid(9c4b584fdcc16e84391e2a1f5235a9d3) Importer(2089858483,b0f066a214c2f5e87bad3c948f4d605d)
Start importing Packages/com.unity.2d.tilemap/Editor/Icons/d_Tilemap.EditPalette@4x.png using Guid(9c4b584fdcc16e84391e2a1f5235a9d3) Importer(2089858483,b0f066a214c2f5e87bad3c948f4d605d) (ScriptedImporter) -> (artifact id: 'd952ed39dc2ee3060804831fd96d3e00') in 0.017589 seconds
Number of updated asset objects reloaded before import = 0Number of asset objects unloaded after import = 3

========================================================================
Received Import Request.
  Time since last request: 0.000034 seconds.
  path: Packages/com.unity.2d.tilemap/Editor/TileDragAndDropManager.cs
  artifactKey: Guid(3fc02dcfcd4e9ed4abdcb443df9146b5) Importer(2089858483,b0f066a214c2f5e87bad3c948f4d605d)
Start importing Packages/com.unity.2d.tilemap/Editor/TileDragAndDropManager.cs using Guid(3fc02dcfcd4e9ed4abdcb443df9146b5) Importer(2089858483,b0f066a214c2f5e87bad3c948f4d605d) (ScriptedImporter) -> (artifact id: '1f4cf1b78c0964f437d99b41f4adde97') in 0.0065198 seconds
Number of updated asset objects reloaded before import = 0Number of asset objects unloaded after import = 0

========================================================================
Received Import Request.
  Time since last request: 0.000016 seconds.
  path: Packages/com.unity.2d.tilemap/Editor/GridPaletteUtility.cs
  artifactKey: Guid(8b5e0f8599da083488da675fc79c5c66) Importer(2089858483,b0f066a214c2f5e87bad3c948f4d605d)
Start importing Packages/com.unity.2d.tilemap/Editor/GridPaletteUtility.cs using Guid(8b5e0f8599da083488da675fc79c5c66) Importer(2089858483,b0f066a214c2f5e87bad3c948f4d605d) (ScriptedImporter) -> (artifact id: 'abc6dd2f0f8eb9167c0dbf2cc61dc506') in 0.0058854 seconds
Number of updated asset objects reloaded before import = 0Number of asset objects unloaded after import = 0

========================================================================
Received Import Request.
  Time since last request: 0.000019 seconds.
  path: Packages/com.unity.2d.tilemap/Editor/EditorTools/PaintTool.cs
  artifactKey: Guid(85f3a978696fd26438b3df20ad1eb853) Importer(2089858483,b0f066a214c2f5e87bad3c948f4d605d)
Start importing Packages/com.unity.2d.tilemap/Editor/EditorTools/PaintTool.cs using Guid(85f3a978696fd26438b3df20ad1eb853) Importer(2089858483,b0f066a214c2f5e87bad3c948f4d605d) (ScriptedImporter) -> (artifact id: 'b24b336382980b71551f813ae823f458') in 0.006148 seconds
Number of updated asset objects reloaded before import = 0Number of asset objects unloaded after import = 0

========================================================================
Received Import Request.
  Time since last request: 0.000026 seconds.
  path: Packages/com.unity.2d.tilemap/Editor/Icons/d_Grid.FlipX@2x.png
  artifactKey: Guid(1f26945e970839e41ba35badd04237ef) Importer(2089858483,b0f066a214c2f5e87bad3c948f4d605d)
Start importing Packages/com.unity.2d.tilemap/Editor/Icons/d_Grid.FlipX@2x.png using Guid(1f26945e970839e41ba35badd04237ef) Importer(2089858483,b0f066a214c2f5e87bad3c948f4d605d) (ScriptedImporter) -> (artifact id: 'fd506486c20a5565f4eb3be063881ab6') in 0.012907 seconds
Number of updated asset objects reloaded before import = 0Number of asset objects unloaded after import = 3

========================================================================
Received Import Request.
  Time since last request: 0.000017 seconds.
  path: Packages/com.unity.2d.tilemap/Editor/GridSelection.cs
  artifactKey: Guid(67ffa6242c6ee9246a64038878f96adc) Importer(2089858483,b0f066a214c2f5e87bad3c948f4d605d)
Start importing Packages/com.unity.2d.tilemap/Editor/GridSelection.cs using Guid(67ffa6242c6ee9246a64038878f96adc) Importer(2089858483,b0f066a214c2f5e87bad3c948f4d605d) (ScriptedImporter) -> (artifact id: 'c485a7f798554e5a83c9230f04260808') in 0.0060316 seconds
Number of updated asset objects reloaded before import = 0Number of asset objects unloaded after import = 0

========================================================================
Received Import Request.
  Time since last request: 0.000018 seconds.
  path: Packages/com.unity.2d.tilemap/Editor/Icons/d_Grid.RotateCW@2x.png
  artifactKey: Guid(e41a6ab3ac7354642a9006c03183e95e) Importer(2089858483,b0f066a214c2f5e87bad3c948f4d605d)
Start importing Packages/com.unity.2d.tilemap/Editor/Icons/d_Grid.RotateCW@2x.png using Guid(e41a6ab3ac7354642a9006c03183e95e) Importer(2089858483,b0f066a214c2f5e87bad3c948f4d605d) (ScriptedImporter) -> (artifact id: 'bc21dab5da445085eb708fd67bb30c46') in 0.0126639 seconds
Number of updated asset objects reloaded before import = 0Number of asset objects unloaded after import = 3

========================================================================
Received Import Request.
  Time since last request: 0.000027 seconds.
  path: Packages/com.unity.2d.tilemap/Editor/Icons/d_Tilemap.BrushSettings@2x.png
  artifactKey: Guid(03d93c388f90a6248983677a29c72b38) Importer(2089858483,b0f066a214c2f5e87bad3c948f4d605d)
Start importing Packages/com.unity.2d.tilemap/Editor/Icons/d_Tilemap.BrushSettings@2x.png using Guid(03d93c388f90a6248983677a29c72b38) Importer(2089858483,b0f066a214c2f5e87bad3c948f4d605d) (ScriptedImporter) -> (artifact id: '8b38911b1df291dc568a043738fafee7') in 0.0127985 seconds
Number of updated asset objects reloaded before import = 0Number of asset objects unloaded after import = 3

========================================================================
Received Import Request.
  Time since last request: 0.000018 seconds.
  path: Packages/com.unity.2d.tilemap/Editor/Icons/d_Tilemap.DefaultBrush.png
  artifactKey: Guid(12e04f72413abf04fb4a5f79e70822ff) Importer(2089858483,b0f066a214c2f5e87bad3c948f4d605d)
Start importing Packages/com.unity.2d.tilemap/Editor/Icons/d_Tilemap.DefaultBrush.png using Guid(12e04f72413abf04fb4a5f79e70822ff) Importer(2089858483,b0f066a214c2f5e87bad3c948f4d605d) (ScriptedImporter) -> (artifact id: '1c485cf21cca582ae204882282309d35') in 0.013657 seconds
Number of updated asset objects reloaded before import = 0Number of asset objects unloaded after import = 3

========================================================================
Received Import Request.
  Time since last request: 0.000023 seconds.
  path: Packages/com.unity.2d.tilemap/Editor/Icons/d_Tilemap.ActiveTargetLayers@4x.png
  artifactKey: Guid(82f78c36add1c2c4795c911a7abfb93e) Importer(2089858483,b0f066a214c2f5e87bad3c948f4d605d)
Start importing Packages/com.unity.2d.tilemap/Editor/Icons/d_Tilemap.ActiveTargetLayers@4x.png using Guid(82f78c36add1c2c4795c911a7abfb93e) Importer(2089858483,b0f066a214c2f5e87bad3c948f4d605d) (ScriptedImporter) -> (artifact id: '11ee66d9622fbf80aa12987e6c78352a') in 0.0130987 seconds
Number of updated asset objects reloaded before import = 0Number of asset objects unloaded after import = 3

========================================================================
Received Import Request.
  Time since last request: 0.000026 seconds.
  path: Packages/com.unity.2d.tilemap/Editor/Icons/d_Tilemap.FocusGrid.png
  artifactKey: Guid(b46d3a07716bc8b4296166d5ac10e492) Importer(2089858483,b0f066a214c2f5e87bad3c948f4d605d)
Start importing Packages/com.unity.2d.tilemap/Editor/Icons/d_Tilemap.FocusGrid.png using Guid(b46d3a07716bc8b4296166d5ac10e492) Importer(2089858483,b0f066a214c2f5e87bad3c948f4d605d) (ScriptedImporter) -> (artifact id: 'd732600a71b1faf5da4c355737721692') in 0.0122098 seconds
Number of updated asset objects reloaded before import = 0Number of asset objects unloaded after import = 3

========================================================================
Received Import Request.
  Time since last request: 0.000021 seconds.
  path: Packages/com.unity.2d.tilemap/Editor/Icons/d_Tilemap.FocusTilemap@2x.png
  artifactKey: Guid(1d8efe8a75b351d4d9aa8b28ddf93196) Importer(2089858483,b0f066a214c2f5e87bad3c948f4d605d)
Start importing Packages/com.unity.2d.tilemap/Editor/Icons/d_Tilemap.FocusTilemap@2x.png using Guid(1d8efe8a75b351d4d9aa8b28ddf93196) Importer(2089858483,b0f066a214c2f5e87bad3c948f4d605d) (ScriptedImporter) -> (artifact id: '1dd3cdc55c753e81c6be6262290c26cf') in 0.012192 seconds
Number of updated asset objects reloaded before import = 0Number of asset objects unloaded after import = 3

========================================================================
Received Import Request.
  Time since last request: 0.000024 seconds.
  path: Packages/com.unity.2d.tilemap/Editor/Icons/d_Grid.RotateCW.png
  artifactKey: Guid(66bb00887f3170c4a95b989d392049ec) Importer(2089858483,b0f066a214c2f5e87bad3c948f4d605d)
Start importing Packages/com.unity.2d.tilemap/Editor/Icons/d_Grid.RotateCW.png using Guid(66bb00887f3170c4a95b989d392049ec) Importer(2089858483,b0f066a214c2f5e87bad3c948f4d605d) (ScriptedImporter) -> (artifact id: 'a1ed5e23fc59dd1d9ad31f28c3ab22ba') in 0.0139852 seconds
Number of updated asset objects reloaded before import = 0Number of asset objects unloaded after import = 3

========================================================================
Received Import Request.
  Time since last request: 0.000026 seconds.
  path: Packages/com.unity.2d.tilemap/Editor/Icons/d_EditorUI.Filter@2x.png
  artifactKey: Guid(24a4dd7831e4a46f593e94273994b42c) Importer(2089858483,b0f066a214c2f5e87bad3c948f4d605d)
Start importing Packages/com.unity.2d.tilemap/Editor/Icons/d_EditorUI.Filter@2x.png using Guid(24a4dd7831e4a46f593e94273994b42c) Importer(2089858483,b0f066a214c2f5e87bad3c948f4d605d) (ScriptedImporter) -> (artifact id: '04ebb30d1431e55404b4eff63973da92') in 0.015739 seconds
Number of updated asset objects reloaded before import = 0Number of asset objects unloaded after import = 3

========================================================================
Received Import Request.
  Time since last request: 0.000017 seconds.
  path: Packages/com.unity.2d.tilemap/Editor/TileUtility.cs
  artifactKey: Guid(c7e47ae35297a95488555fe429032567) Importer(2089858483,b0f066a214c2f5e87bad3c948f4d605d)
Start importing Packages/com.unity.2d.tilemap/Editor/TileUtility.cs using Guid(c7e47ae35297a95488555fe429032567) Importer(2089858483,b0f066a214c2f5e87bad3c948f4d605d) (ScriptedImporter) -> (artifact id: '9cebc049f6c2ad14629093bce8e3a8dc') in 0.0062549 seconds
Number of updated asset objects reloaded before import = 0Number of asset objects unloaded after import = 0

========================================================================
Received Import Request.
  Time since last request: 0.000025 seconds.
  path: Packages/com.unity.2d.tilemap/Editor/Icons/d_Grid.RotateACW.png
  artifactKey: Guid(53da314bfe3845741ad14976e09ee6cf) Importer(2089858483,b0f066a214c2f5e87bad3c948f4d605d)
Start importing Packages/com.unity.2d.tilemap/Editor/Icons/d_Grid.RotateACW.png using Guid(53da314bfe3845741ad14976e09ee6cf) Importer(2089858483,b0f066a214c2f5e87bad3c948f4d605d) (ScriptedImporter) -> (artifact id: '345a193d0cf48e5f48605584ec2c87a6') in 0.021127 seconds
Number of updated asset objects reloaded before import = 0Number of asset objects unloaded after import = 3

========================================================================
Received Import Request.
  Time since last request: 0.000028 seconds.
  path: Packages/com.unity.2d.tilemap/Editor/Icons/d_Tilemap.BrushPicks@2x.png
  artifactKey: Guid(4e2a3d7e5b5b01843a978d90f553b672) Importer(2089858483,b0f066a214c2f5e87bad3c948f4d605d)
Start importing Packages/com.unity.2d.tilemap/Editor/Icons/d_Tilemap.BrushPicks@2x.png using Guid(4e2a3d7e5b5b01843a978d90f553b672) Importer(2089858483,b0f066a214c2f5e87bad3c948f4d605d) (ScriptedImporter) -> (artifact id: '3a9ee301dc323b112d4f967be95419df') in 0.0171335 seconds
Number of updated asset objects reloaded before import = 0Number of asset objects unloaded after import = 3

========================================================================
Received Import Request.
  Time since last request: 0.000017 seconds.
  path: Packages/com.unity.2d.tilemap/Editor/Icons/d_EditorUI.Filter.png
  artifactKey: Guid(c33b82aa5373c4e1f8e2d43210c97c45) Importer(2089858483,b0f066a214c2f5e87bad3c948f4d605d)
Start importing Packages/com.unity.2d.tilemap/Editor/Icons/d_EditorUI.Filter.png using Guid(c33b82aa5373c4e1f8e2d43210c97c45) Importer(2089858483,b0f066a214c2f5e87bad3c948f4d605d) (ScriptedImporter) -> (artifact id: '8e4684446a31957e60f4a340a9633d0c') in 0.0129519 seconds
Number of updated asset objects reloaded before import = 0Number of asset objects unloaded after import = 3

========================================================================
Received Import Request.
  Time since last request: 0.000023 seconds.
  path: Packages/com.unity.2d.tilemap/Editor/Icons/d_Tilemap.EditPalette@2x.png
  artifactKey: Guid(8cbab190b527bd44e8bf5afbc79095e8) Importer(2089858483,b0f066a214c2f5e87bad3c948f4d605d)
Start importing Packages/com.unity.2d.tilemap/Editor/Icons/d_Tilemap.EditPalette@2x.png using Guid(8cbab190b527bd44e8bf5afbc79095e8) Importer(2089858483,b0f066a214c2f5e87bad3c948f4d605d) (ScriptedImporter) -> (artifact id: '35207a6945fee55c40a3fca4a27893b3') in 0.0180023 seconds
Number of updated asset objects reloaded before import = 0Number of asset objects unloaded after import = 3

========================================================================
Received Import Request.
  Time since last request: 0.000034 seconds.
  path: Packages/com.unity.2d.tilemap/Editor/Icons/d_GridSelection@2x.png
  artifactKey: Guid(63a012608de367444a8cfb3b43e4da64) Importer(2089858483,b0f066a214c2f5e87bad3c948f4d605d)
Start importing Packages/com.unity.2d.tilemap/Editor/Icons/d_GridSelection@2x.png using Guid(63a012608de367444a8cfb3b43e4da64) Importer(2089858483,b0f066a214c2f5e87bad3c948f4d605d) (ScriptedImporter) -> (artifact id: '8423a25850f14791fa626b35839f4ca0') in 0.0151974 seconds
Number of updated asset objects reloaded before import = 0Number of asset objects unloaded after import = 1

========================================================================
Received Import Request.
  Time since last request: 0.000016 seconds.
  path: Packages/com.unity.2d.tilemap/Editor/Icons/d_Grid.FlipY@2x.png
  artifactKey: Guid(a3c4ea29a117e3f418ded11a50e4d52d) Importer(2089858483,b0f066a214c2f5e87bad3c948f4d605d)
Start importing Packages/com.unity.2d.tilemap/Editor/Icons/d_Grid.FlipY@2x.png using Guid(a3c4ea29a117e3f418ded11a50e4d52d) Importer(2089858483,b0f066a214c2f5e87bad3c948f4d605d) (ScriptedImporter) -> (artifact id: '62a2b28d6cb561a6b73ca3397a485daf') in 0.0127333 seconds
Number of updated asset objects reloaded before import = 0Number of asset objects unloaded after import = 3

========================================================================
Received Import Request.
  Time since last request: 0.000019 seconds.
  path: Packages/com.unity.2d.tilemap/Editor/TilePaletteSaveUtility.cs
  artifactKey: Guid(1bbd61a4999d4fbd81f3e5bdc6c71fbd) Importer(2089858483,b0f066a214c2f5e87bad3c948f4d605d)
Start importing Packages/com.unity.2d.tilemap/Editor/TilePaletteSaveUtility.cs using Guid(1bbd61a4999d4fbd81f3e5bdc6c71fbd) Importer(2089858483,b0f066a214c2f5e87bad3c948f4d605d) (ScriptedImporter) -> (artifact id: '6e18c7bd720c5c4ffa146766b5d5cdc8') in 0.0065026 seconds
Number of updated asset objects reloaded before import = 0Number of asset objects unloaded after import = 0

========================================================================
Received Import Request.
  Time since last request: 0.000033 seconds.
  path: Packages/com.unity.2d.tilemap/Editor/Icons/d_Tilemap.FocusNone.png
  artifactKey: Guid(5dfb96fd1c7a1bf4f9f606597de935cf) Importer(2089858483,b0f066a214c2f5e87bad3c948f4d605d)
Start importing Packages/com.unity.2d.tilemap/Editor/Icons/d_Tilemap.FocusNone.png using Guid(5dfb96fd1c7a1bf4f9f606597de935cf) Importer(2089858483,b0f066a214c2f5e87bad3c948f4d605d) (ScriptedImporter) -> (artifact id: 'ba6ba64481acffe4c67e787f78877d8d') in 0.012649 seconds
Number of updated asset objects reloaded before import = 0Number of asset objects unloaded after import = 3

========================================================================
Received Import Request.
  Time since last request: 0.000017 seconds.
  path: Packages/com.unity.2d.tilemap/Editor/Icons/Tilemap.DefaultBrush.png
  artifactKey: Guid(53439e5dcebe4d74e8358cf7104c4666) Importer(2089858483,b0f066a214c2f5e87bad3c948f4d605d)
Start importing Packages/com.unity.2d.tilemap/Editor/Icons/Tilemap.DefaultBrush.png using Guid(53439e5dcebe4d74e8358cf7104c4666) Importer(2089858483,b0f066a214c2f5e87bad3c948f4d605d) (ScriptedImporter) -> (artifact id: '4642eb6a58bd3f04c2f6affe8efa9c90') in 0.0135623 seconds
Number of updated asset objects reloaded before import = 0Number of asset objects unloaded after import = 3

========================================================================
Received Import Request.
  Time since last request: 0.000022 seconds.
  path: Packages/com.unity.2d.tilemap/Editor/Icons/Tilemap.ShowTilePalette.png
  artifactKey: Guid(4b6b0d10629b2ea40846b0eed5b74f43) Importer(2089858483,b0f066a214c2f5e87bad3c948f4d605d)
Start importing Packages/com.unity.2d.tilemap/Editor/Icons/Tilemap.ShowTilePalette.png using Guid(4b6b0d10629b2ea40846b0eed5b74f43) Importer(2089858483,b0f066a214c2f5e87bad3c948f4d605d) (ScriptedImporter) -> (artifact id: 'f20bced347205b156c7271094796710e') in 0.0190936 seconds
Number of updated asset objects reloaded before import = 0Number of asset objects unloaded after import = 3

========================================================================
Received Import Request.
  Time since last request: 0.000025 seconds.
  path: Packages/com.unity.2d.tilemap/Editor/Icons/d_Tilemap.ShowTilePalette.png
  artifactKey: Guid(95b2d1ff151dd2f479bf1f6321b44179) Importer(2089858483,b0f066a214c2f5e87bad3c948f4d605d)
Start importing Packages/com.unity.2d.tilemap/Editor/Icons/d_Tilemap.ShowTilePalette.png using Guid(95b2d1ff151dd2f479bf1f6321b44179) Importer(2089858483,b0f066a214c2f5e87bad3c948f4d605d) (ScriptedImporter) -> (artifact id: '3dc5da39ea840b6e703b3be3a914240c') in 0.013045 seconds
Number of updated asset objects reloaded before import = 0Number of asset objects unloaded after import = 3

========================================================================
Received Import Request.
  Time since last request: 0.000017 seconds.
  path: Packages/com.unity.2d.tilemap/Editor/Icons/EditorUI.Target@2x.png
  artifactKey: Guid(f8eef1ebd82d467428620ec2c02bc50a) Importer(2089858483,b0f066a214c2f5e87bad3c948f4d605d)
Start importing Packages/com.unity.2d.tilemap/Editor/Icons/EditorUI.Target@2x.png using Guid(f8eef1ebd82d467428620ec2c02bc50a) Importer(2089858483,b0f066a214c2f5e87bad3c948f4d605d) (ScriptedImporter) -> (artifact id: 'a239153672af1c0ee291e908e401bb94') in 0.0128056 seconds
Number of updated asset objects reloaded before import = 0Number of asset objects unloaded after import = 3

========================================================================
Received Import Request.
  Time since last request: 0.000019 seconds.
  path: Packages/com.unity.2d.tilemap/Editor/Icons/Tilemap.FocusGrid@2x.png
  artifactKey: Guid(929e44994130ee644ac47965b289aec4) Importer(2089858483,b0f066a214c2f5e87bad3c948f4d605d)
Start importing Packages/com.unity.2d.tilemap/Editor/Icons/Tilemap.FocusGrid@2x.png using Guid(929e44994130ee644ac47965b289aec4) Importer(2089858483,b0f066a214c2f5e87bad3c948f4d605d) (ScriptedImporter) -> (artifact id: '157df6b4bf823c20c5b504c5b3a8d0a6') in 0.0126473 seconds
Number of updated asset objects reloaded before import = 0Number of asset objects unloaded after import = 3

========================================================================
Received Import Request.
  Time since last request: 0.000027 seconds.
  path: Packages/com.unity.2d.tilemap/Editor/Icons/d_Tilemap.ShowGrid@4x.png
  artifactKey: Guid(2d35623559ffd044682af7e09affdcc8) Importer(2089858483,b0f066a214c2f5e87bad3c948f4d605d)
Start importing Packages/com.unity.2d.tilemap/Editor/Icons/d_Tilemap.ShowGrid@4x.png using Guid(2d35623559ffd044682af7e09affdcc8) Importer(2089858483,b0f066a214c2f5e87bad3c948f4d605d) (ScriptedImporter) -> (artifact id: '650ff6580257ab9473de8335032a8fdd') in 0.0161687 seconds
Number of updated asset objects reloaded before import = 0Number of asset objects unloaded after import = 3

========================================================================
Received Import Request.
  Time since last request: 0.000017 seconds.
  path: Packages/com.unity.2d.tilemap/Editor/Icons/Tilemap.ShowGrid@4x.png
  artifactKey: Guid(b375422385f769844a35ff7743e8f1bb) Importer(2089858483,b0f066a214c2f5e87bad3c948f4d605d)
Start importing Packages/com.unity.2d.tilemap/Editor/Icons/Tilemap.ShowGrid@4x.png using Guid(b375422385f769844a35ff7743e8f1bb) Importer(2089858483,b0f066a214c2f5e87bad3c948f4d605d) (ScriptedImporter) -> (artifact id: '3d05e6360054b624441f71e2b3b7147d') in 0.0153074 seconds
Number of updated asset objects reloaded before import = 0Number of asset objects unloaded after import = 3

========================================================================
Received Import Request.
  Time since last request: 0.000021 seconds.
  path: Packages/com.unity.2d.tilemap/Editor/Icons/d_Tilemap.GridPaint.png
  artifactKey: Guid(26f3d342b8e95b24da7ec4638d7f2322) Importer(2089858483,b0f066a214c2f5e87bad3c948f4d605d)
Start importing Packages/com.unity.2d.tilemap/Editor/Icons/d_Tilemap.GridPaint.png using Guid(26f3d342b8e95b24da7ec4638d7f2322) Importer(2089858483,b0f066a214c2f5e87bad3c948f4d605d) (ScriptedImporter) -> (artifact id: 'c9680f3bc4211ab78718162d86e0fc43') in 0.0134413 seconds
Number of updated asset objects reloaded before import = 0Number of asset objects unloaded after import = 3

========================================================================
Received Import Request.
  Time since last request: 0.000037 seconds.
  path: Packages/com.unity.2d.tilemap/Editor/Icons/EditorUI.TargetHover.png
  artifactKey: Guid(fdc8bace2b7ef504d91d22cca2a5d905) Importer(2089858483,b0f066a214c2f5e87bad3c948f4d605d)
Start importing Packages/com.unity.2d.tilemap/Editor/Icons/EditorUI.TargetHover.png using Guid(fdc8bace2b7ef504d91d22cca2a5d905) Importer(2089858483,b0f066a214c2f5e87bad3c948f4d605d) (ScriptedImporter) -> (artifact id: 'afb594b0b604a03daf8df7f467f88250') in 0.0165023 seconds
Number of updated asset objects reloaded before import = 0Number of asset objects unloaded after import = 3

========================================================================
Received Import Request.
  Time since last request: 0.000019 seconds.
  path: Packages/com.unity.2d.tilemap/Editor/Icons/GridSelection@2x.png
  artifactKey: Guid(949e98ac1c07e424685f43f530864a7c) Importer(2089858483,b0f066a214c2f5e87bad3c948f4d605d)
Start importing Packages/com.unity.2d.tilemap/Editor/Icons/GridSelection@2x.png using Guid(949e98ac1c07e424685f43f530864a7c) Importer(2089858483,b0f066a214c2f5e87bad3c948f4d605d) (ScriptedImporter) -> (artifact id: 'a2ee20babf7d205e01b7b69260018c4c') in 0.0116009 seconds
Number of updated asset objects reloaded before import = 0Number of asset objects unloaded after import = 1

========================================================================
Received Import Request.
  Time since last request: 0.000020 seconds.
  path: Packages/com.unity.2d.tilemap/Editor/Icons/Tilemap.ShowGrid@2x.png
  artifactKey: Guid(db1e8fc8f15be484bb9f866640b84c04) Importer(2089858483,b0f066a214c2f5e87bad3c948f4d605d)
Start importing Packages/com.unity.2d.tilemap/Editor/Icons/Tilemap.ShowGrid@2x.png using Guid(db1e8fc8f15be484bb9f866640b84c04) Importer(2089858483,b0f066a214c2f5e87bad3c948f4d605d) (ScriptedImporter) -> (artifact id: 'cba7a33a459f20194cb6abeae675872b') in 0.0178265 seconds
Number of updated asset objects reloaded before import = 0Number of asset objects unloaded after import = 3

========================================================================
Received Import Request.
  Time since last request: 0.000030 seconds.
  path: Packages/com.unity.2d.tilemap/Editor/Icons/Grid.RotateCW@2x.png
  artifactKey: Guid(3239e705bdc364b47a21e44901809b91) Importer(2089858483,b0f066a214c2f5e87bad3c948f4d605d)
Start importing Packages/com.unity.2d.tilemap/Editor/Icons/Grid.RotateCW@2x.png using Guid(3239e705bdc364b47a21e44901809b91) Importer(2089858483,b0f066a214c2f5e87bad3c948f4d605d) (ScriptedImporter) -> (artifact id: '82edeef980cd140b7eb2bc85cd27c979') in 0.017735 seconds
Number of updated asset objects reloaded before import = 0Number of asset objects unloaded after import = 3

========================================================================
Received Import Request.
  Time since last request: 0.000018 seconds.
  path: Packages/com.unity.2d.tilemap/Editor/Icons/Tilemap.ActiveTargetLayers@4x.png
  artifactKey: Guid(ce315ea6e6e86a740b10e02dda0d0e9c) Importer(2089858483,b0f066a214c2f5e87bad3c948f4d605d)
Start importing Packages/com.unity.2d.tilemap/Editor/Icons/Tilemap.ActiveTargetLayers@4x.png using Guid(ce315ea6e6e86a740b10e02dda0d0e9c) Importer(2089858483,b0f066a214c2f5e87bad3c948f4d605d) (ScriptedImporter) -> (artifact id: '40c0c3e2f32da89fbaf1c6a1edd38eb9') in 0.0254734 seconds
Number of updated asset objects reloaded before import = 0Number of asset objects unloaded after import = 3

========================================================================
Received Import Request.
  Time since last request: 0.000023 seconds.
  path: Packages/com.unity.2d.tilemap/Editor/Icons/Tilemap.GridPaint@2x.png
  artifactKey: Guid(42fb19d14e266e4409770bbcdbc6a1e5) Importer(2089858483,b0f066a214c2f5e87bad3c948f4d605d)
Start importing Packages/com.unity.2d.tilemap/Editor/Icons/Tilemap.GridPaint@2x.png using Guid(42fb19d14e266e4409770bbcdbc6a1e5) Importer(2089858483,b0f066a214c2f5e87bad3c948f4d605d) (ScriptedImporter) -> (artifact id: '10f64dcef092fa1f9ca697a7390ac6f1') in 0.0130175 seconds
Number of updated asset objects reloaded before import = 0Number of asset objects unloaded after import = 3

========================================================================
Received Import Request.
  Time since last request: 0.000025 seconds.
  path: Packages/com.unity.2d.tilemap/Editor/Icons/EditorUI.TargetHover@4x.png
  artifactKey: Guid(9cdb1d83bdac1554287041973d268c1d) Importer(2089858483,b0f066a214c2f5e87bad3c948f4d605d)
Start importing Packages/com.unity.2d.tilemap/Editor/Icons/EditorUI.TargetHover@4x.png using Guid(9cdb1d83bdac1554287041973d268c1d) Importer(2089858483,b0f066a214c2f5e87bad3c948f4d605d) (ScriptedImporter) -> (artifact id: 'cb734e4bf1c31375aecf937932c8dd9f') in 0.0160752 seconds
Number of updated asset objects reloaded before import = 0Number of asset objects unloaded after import = 3

========================================================================
Received Import Request.
  Time since last request: 0.000419 seconds.
  path: Packages/com.unity.2d.tilemap/Editor/Icons/d_Tilemap.TilePalette.png
  artifactKey: Guid(a16432554ffe69042985d012d1df2637) Importer(2089858483,b0f066a214c2f5e87bad3c948f4d605d)
Start importing Packages/com.unity.2d.tilemap/Editor/Icons/d_Tilemap.TilePalette.png using Guid(a16432554ffe69042985d012d1df2637) Importer(2089858483,b0f066a214c2f5e87bad3c948f4d605d) (ScriptedImporter) -> (artifact id: '20e410747677f82d443cf9b4638223ea') in 0.0141953 seconds
Number of updated asset objects reloaded before import = 0Number of asset objects unloaded after import = 3

========================================================================
Received Import Request.
  Time since last request: 0.000019 seconds.
  path: Packages/com.unity.2d.tilemap/Editor/Icons/Tilemap.BrushSettings@4x.png
  artifactKey: Guid(ff827e3a021bd1b4493ddbcd90ed460f) Importer(2089858483,b0f066a214c2f5e87bad3c948f4d605d)
Start importing Packages/com.unity.2d.tilemap/Editor/Icons/Tilemap.BrushSettings@4x.png using Guid(ff827e3a021bd1b4493ddbcd90ed460f) Importer(2089858483,b0f066a214c2f5e87bad3c948f4d605d) (ScriptedImporter) -> (artifact id: 'ac1607dc34d3e2f1ba9541cabdfcd9f9') in 0.0244893 seconds
Number of updated asset objects reloaded before import = 0Number of asset objects unloaded after import = 3

========================================================================
Received Import Request.
  Time since last request: 0.000032 seconds.
  path: Packages/com.unity.2d.tilemap/Editor/Icons/Tilemap.BrushSettings@2x.png
  artifactKey: Guid(47500a6fba22d6849a3f9335aa198ba5) Importer(2089858483,b0f066a214c2f5e87bad3c948f4d605d)
Start importing Packages/com.unity.2d.tilemap/Editor/Icons/Tilemap.BrushSettings@2x.png using Guid(47500a6fba22d6849a3f9335aa198ba5) Importer(2089858483,b0f066a214c2f5e87bad3c948f4d605d) (ScriptedImporter) -> (artifact id: '10723367ff3b36c66c9ff5c5b2171736') in 0.0129226 seconds
Number of updated asset objects reloaded before import = 0Number of asset objects unloaded after import = 3

========================================================================
Received Import Request.
  Time since last request: 0.000017 seconds.
  path: Packages/com.unity.2d.tilemap/Editor/Icons/Tilemap.EditPalette.png
  artifactKey: Guid(4858e04232af5e340922812cd3697086) Importer(2089858483,b0f066a214c2f5e87bad3c948f4d605d)
Start importing Packages/com.unity.2d.tilemap/Editor/Icons/Tilemap.EditPalette.png using Guid(4858e04232af5e340922812cd3697086) Importer(2089858483,b0f066a214c2f5e87bad3c948f4d605d) (ScriptedImporter) -> (artifact id: '2f9c174d91c9a13ad13d438ad251229c') in 0.0172491 seconds
Number of updated asset objects reloaded before import = 0Number of asset objects unloaded after import = 3

========================================================================
Received Import Request.
  Time since last request: 0.000019 seconds.
  path: Packages/com.unity.2d.tilemap/Editor/UI/BoolFieldOverlayPopupWindow.cs
  artifactKey: Guid(4e560db51173b924aa59f1e95d7ed195) Importer(2089858483,b0f066a214c2f5e87bad3c948f4d605d)
Start importing Packages/com.unity.2d.tilemap/Editor/UI/BoolFieldOverlayPopupWindow.cs using Guid(4e560db51173b924aa59f1e95d7ed195) Importer(2089858483,b0f066a214c2f5e87bad3c948f4d605d) (ScriptedImporter) -> (artifact id: 'de825cae6c5de8137ea06c39c8fc2bbf') in 0.006499 seconds
Number of updated asset objects reloaded before import = 0Number of asset objects unloaded after import = 0

========================================================================
Received Import Request.
  Time since last request: 0.000037 seconds.
  path: Packages/com.unity.2d.tilemap/Editor/Icons/Tilemap.FocusNone@4x.png
  artifactKey: Guid(070c631c5a8d05e41baf0a64b742067d) Importer(2089858483,b0f066a214c2f5e87bad3c948f4d605d)
Start importing Packages/com.unity.2d.tilemap/Editor/Icons/Tilemap.FocusNone@4x.png using Guid(070c631c5a8d05e41baf0a64b742067d) Importer(2089858483,b0f066a214c2f5e87bad3c948f4d605d) (ScriptedImporter) -> (artifact id: '8d391d36743bca3974c7082944651bfa') in 0.0141914 seconds
Number of updated asset objects reloaded before import = 0Number of asset objects unloaded after import = 3

========================================================================
Received Import Request.
  Time since last request: 0.000017 seconds.
  path: Packages/com.unity.2d.tilemap/Editor/Icons/Tilemap.GridPaint.png
  artifactKey: Guid(1915f55bbb9484044b7829d1df0b4abf) Importer(2089858483,b0f066a214c2f5e87bad3c948f4d605d)
Start importing Packages/com.unity.2d.tilemap/Editor/Icons/Tilemap.GridPaint.png using Guid(1915f55bbb9484044b7829d1df0b4abf) Importer(2089858483,b0f066a214c2f5e87bad3c948f4d605d) (ScriptedImporter) -> (artifact id: '46b160f2dfc1f1e64d97b5baae76590d') in 0.019443 seconds
Number of updated asset objects reloaded before import = 0Number of asset objects unloaded after import = 3

========================================================================
Received Import Request.
  Time since last request: 0.000018 seconds.
  path: Packages/com.unity.2d.tilemap/Editor/TileSet/TileTemplate.cs
  artifactKey: Guid(7f05a25b258e43f09384cfc0062723ed) Importer(2089858483,b0f066a214c2f5e87bad3c948f4d605d)
Start importing Packages/com.unity.2d.tilemap/Editor/TileSet/TileTemplate.cs using Guid(7f05a25b258e43f09384cfc0062723ed) Importer(2089858483,b0f066a214c2f5e87bad3c948f4d605d) (ScriptedImporter) -> (artifact id: 'e6400d692ffc0eba12fbe2cd415603dd') in 0.00911 seconds
Number of updated asset objects reloaded before import = 0Number of asset objects unloaded after import = 0

========================================================================
Received Import Request.
  Time since last request: 0.000028 seconds.
  path: Packages/com.unity.2d.tilemap/Editor/Icons/d_Tilemap.GridPaint@4x.png
  artifactKey: Guid(4e62fa74d1eac074cac268c2997a658c) Importer(2089858483,b0f066a214c2f5e87bad3c948f4d605d)
Start importing Packages/com.unity.2d.tilemap/Editor/Icons/d_Tilemap.GridPaint@4x.png using Guid(4e62fa74d1eac074cac268c2997a658c) Importer(2089858483,b0f066a214c2f5e87bad3c948f4d605d) (ScriptedImporter) -> (artifact id: '89ac3d1579a35db504d3e5282438d201') in 0.0131552 seconds
Number of updated asset objects reloaded before import = 0Number of asset objects unloaded after import = 3

========================================================================
Received Import Request.
  Time since last request: 0.000018 seconds.
  path: Packages/com.unity.collab-proxy/Editor/Views/Merge/Gluon/IncomingChangesTreeView.cs
  artifactKey: Guid(7f2f2eb277e02054cbc5ccee904b593b) Importer(2089858483,b0f066a214c2f5e87bad3c948f4d605d)
Start importing Packages/com.unity.collab-proxy/Editor/Views/Merge/Gluon/IncomingChangesTreeView.cs using Guid(7f2f2eb277e02054cbc5ccee904b593b) Importer(2089858483,b0f066a214c2f5e87bad3c948f4d605d) (ScriptedImporter) -> (artifact id: 'e012c9c767c513b83ee50fd984569201') in 0.007211 seconds
Number of updated asset objects reloaded before import = 0Number of asset objects unloaded after import = 0

========================================================================
Received Import Request.
  Time since last request: 0.000019 seconds.
  path: Packages/com.unity.2d.tilemap/Editor/UI/TilePaletteClipboardElement.cs
  artifactKey: Guid(8ee0058b5fad546478a6e24d435de0b9) Importer(2089858483,b0f066a214c2f5e87bad3c948f4d605d)
Start importing Packages/com.unity.2d.tilemap/Editor/UI/TilePaletteClipboardElement.cs using Guid(8ee0058b5fad546478a6e24d435de0b9) Importer(2089858483,b0f066a214c2f5e87bad3c948f4d605d) (ScriptedImporter) -> (artifact id: 'c67965a7b5c2a34ab70d99a6d7424a03') in 0.0069127 seconds
Number of updated asset objects reloaded before import = 0Number of asset objects unloaded after import = 0

========================================================================
Received Import Request.
  Time since last request: 0.000025 seconds.
  path: Packages/com.unity.2d.tilemap/Editor/UI/TilePaletteClipboardButton.cs
  artifactKey: Guid(6fdcfff56bbd49c4bb9843e21b6b386a) Importer(2089858483,b0f066a214c2f5e87bad3c948f4d605d)
Start importing Packages/com.unity.2d.tilemap/Editor/UI/TilePaletteClipboardButton.cs using Guid(6fdcfff56bbd49c4bb9843e21b6b386a) Importer(2089858483,b0f066a214c2f5e87bad3c948f4d605d) (ScriptedImporter) -> (artifact id: 'f9ee9c35670543e348df83ca589ddeb8') in 0.0065838 seconds
Number of updated asset objects reloaded before import = 0Number of asset objects unloaded after import = 0

========================================================================
Received Import Request.
  Time since last request: 0.000015 seconds.
  path: Packages/com.unity.2d.tilemap/Tests/Editor/Unity.2D.Tilemap.Package.EditorTests.asmdef
  artifactKey: Guid(8ce1fc14411aade4b81c0e6dd86950be) Importer(2089858483,b0f066a214c2f5e87bad3c948f4d605d)
Start importing Packages/com.unity.2d.tilemap/Tests/Editor/Unity.2D.Tilemap.Package.EditorTests.asmdef using Guid(8ce1fc14411aade4b81c0e6dd86950be) Importer(2089858483,b0f066a214c2f5e87bad3c948f4d605d) (ScriptedImporter) -> (artifact id: 'd98466b8198c1360923415604fc7dbcc') in 0.0078491 seconds
Number of updated asset objects reloaded before import = 0Number of asset objects unloaded after import = 1

========================================================================
Received Import Request.
  Time since last request: 0.000023 seconds.
  path: Packages/com.unity.2d.tilemap/Editor/UI/TilePaletteClipboardFirstUserElement.cs
  artifactKey: Guid(9919eddc8d3d4729926ac96ef2b1e244) Importer(2089858483,b0f066a214c2f5e87bad3c948f4d605d)
Start importing Packages/com.unity.2d.tilemap/Editor/UI/TilePaletteClipboardFirstUserElement.cs using Guid(9919eddc8d3d4729926ac96ef2b1e244) Importer(2089858483,b0f066a214c2f5e87bad3c948f4d605d) (ScriptedImporter) -> (artifact id: 'c7febe7de93643255e45d33bec4e141f') in 0.0062067 seconds
Number of updated asset objects reloaded before import = 0Number of asset objects unloaded after import = 0

========================================================================
Received Import Request.
  Time since last request: 0.000028 seconds.
  path: Packages/com.unity.2d.tilemap/Editor/EditorTools/GridSelection/GridSelectionToolEditor.cs
  artifactKey: Guid(dd427a5a6fffcba478ecfbccb81b5852) Importer(2089858483,b0f066a214c2f5e87bad3c948f4d605d)
Start importing Packages/com.unity.2d.tilemap/Editor/EditorTools/GridSelection/GridSelectionToolEditor.cs using Guid(dd427a5a6fffcba478ecfbccb81b5852) Importer(2089858483,b0f066a214c2f5e87bad3c948f4d605d) (ScriptedImporter) -> (artifact id: '71e6ccf14e9996aa3eb7a9bbed88d510') in 0.0189969 seconds
Number of updated asset objects reloaded before import = 0Number of asset objects unloaded after import = 0

========================================================================
Received Import Request.
  Time since last request: 0.000021 seconds.
  path: Packages/com.unity.2d.tilemap/Editor/UI/TilePaletteBrushesPopup.cs
  artifactKey: Guid(c6ffe8c68dad8fa45bcd0e1a68b64201) Importer(2089858483,b0f066a214c2f5e87bad3c948f4d605d)
Start importing Packages/com.unity.2d.tilemap/Editor/UI/TilePaletteBrushesPopup.cs using Guid(c6ffe8c68dad8fa45bcd0e1a68b64201) Importer(2089858483,b0f066a214c2f5e87bad3c948f4d605d) (ScriptedImporter) -> (artifact id: 'c7f94ba8a7a55518de3c529d24ba0175') in 0.0124763 seconds
Number of updated asset objects reloaded before import = 0Number of asset objects unloaded after import = 0

========================================================================
Received Import Request.
  Time since last request: 0.000022 seconds.
  path: Packages/com.unity.2d.tilemap/Editor/UI/External/GridView.cs
  artifactKey: Guid(ce7c098d3ea5489fa6ab87ebfef6bbd4) Importer(2089858483,b0f066a214c2f5e87bad3c948f4d605d)
Start importing Packages/com.unity.2d.tilemap/Editor/UI/External/GridView.cs using Guid(ce7c098d3ea5489fa6ab87ebfef6bbd4) Importer(2089858483,b0f066a214c2f5e87bad3c948f4d605d) (ScriptedImporter) -> (artifact id: '8e88195d374d2a016cf50bb50f6a32eb') in 0.0064344 seconds
Number of updated asset objects reloaded before import = 0Number of asset objects unloaded after import = 0

========================================================================
Received Import Request.
  Time since last request: 0.000029 seconds.
  path: Packages/com.unity.ide.visualstudio/ThirdPartyNotices.md
  artifactKey: Guid(7809f42f64c877f4b90ac233e5ec2372) Importer(2089858483,b0f066a214c2f5e87bad3c948f4d605d)
Start importing Packages/com.unity.ide.visualstudio/ThirdPartyNotices.md using Guid(7809f42f64c877f4b90ac233e5ec2372) Importer(2089858483,b0f066a214c2f5e87bad3c948f4d605d) (ScriptedImporter) -> (artifact id: '1889d186c3038cb21cf579b74790684f') in 0.012712 seconds
Number of updated asset objects reloaded before import = 0Number of asset objects unloaded after import = 1

========================================================================
Received Import Request.
  Time since last request: 0.000019 seconds.
  path: Packages/com.unity.2d.tilemap/Editor/UI/TilePaletteBrushModalElement.cs
  artifactKey: Guid(a700028b9cda49fd94ebc3806a2185f9) Importer(2089858483,b0f066a214c2f5e87bad3c948f4d605d)
Start importing Packages/com.unity.2d.tilemap/Editor/UI/TilePaletteBrushModalElement.cs using Guid(a700028b9cda49fd94ebc3806a2185f9) Importer(2089858483,b0f066a214c2f5e87bad3c948f4d605d) (ScriptedImporter) -> (artifact id: '10a5a05eba578a7f10a82a11feda4fb8') in 0.0093489 seconds
Number of updated asset objects reloaded before import = 0Number of asset objects unloaded after import = 0

========================================================================
Received Import Request.
  Time since last request: 0.000026 seconds.
  path: Packages/com.unity.ide.visualstudio/CHANGELOG.md
  artifactKey: Guid(6022bdd5b2896a54f94123b812705321) Importer(2089858483,b0f066a214c2f5e87bad3c948f4d605d)
Start importing Packages/com.unity.ide.visualstudio/CHANGELOG.md using Guid(6022bdd5b2896a54f94123b812705321) Importer(2089858483,b0f066a214c2f5e87bad3c948f4d605d) (ScriptedImporter) -> (artifact id: 'ddc7b355212ede362bf59c7ed8a50e8a') in 0.0075617 seconds
Number of updated asset objects reloaded before import = 0Number of asset objects unloaded after import = 1

========================================================================
Received Import Request.
  Time since last request: 0.000022 seconds.
  path: Packages/com.unity.2d.tilemap/Editor/UI/TileSetImporterDragAndDropManipulator.cs
  artifactKey: Guid(6f7eca7d22ec4c948af0f5bb5da7844c) Importer(2089858483,b0f066a214c2f5e87bad3c948f4d605d)
Start importing Packages/com.unity.2d.tilemap/Editor/UI/TileSetImporterDragAndDropManipulator.cs using Guid(6f7eca7d22ec4c948af0f5bb5da7844c) Importer(2089858483,b0f066a214c2f5e87bad3c948f4d605d) (ScriptedImporter) -> (artifact id: '2d232b64339d997adee9dc97831173a3') in 0.0153975 seconds
Number of updated asset objects reloaded before import = 0Number of asset objects unloaded after import = 0

========================================================================
Received Import Request.
  Time since last request: 0.000021 seconds.
  path: Packages/com.unity.2d.tilemap/Editor/UI/TilePaletteBrushInspector.cs
  artifactKey: Guid(0c10d1eefabef044aa513fa1cff210a8) Importer(2089858483,b0f066a214c2f5e87bad3c948f4d605d)
Start importing Packages/com.unity.2d.tilemap/Editor/UI/TilePaletteBrushInspector.cs using Guid(0c10d1eefabef044aa513fa1cff210a8) Importer(2089858483,b0f066a214c2f5e87bad3c948f4d605d) (ScriptedImporter) -> (artifact id: 'e34a36e35434bc2b269ddcc378e113c4') in 0.0082354 seconds
Number of updated asset objects reloaded before import = 0Number of asset objects unloaded after import = 0

========================================================================
Received Import Request.
  Time since last request: 0.000026 seconds.
  path: Packages/com.unity.2d.tilemap/Editor/UI/TextUtility.cs
  artifactKey: Guid(e88839abd78a4233a27f8885c9c95714) Importer(2089858483,b0f066a214c2f5e87bad3c948f4d605d)
Start importing Packages/com.unity.2d.tilemap/Editor/UI/TextUtility.cs using Guid(e88839abd78a4233a27f8885c9c95714) Importer(2089858483,b0f066a214c2f5e87bad3c948f4d605d) (ScriptedImporter) -> (artifact id: '3c9925ae8509e6d7e21ec899b2813bc4') in 0.0073493 seconds
Number of updated asset objects reloaded before import = 0Number of asset objects unloaded after import = 0

========================================================================
Received Import Request.
  Time since last request: 0.000016 seconds.
  path: Packages/com.unity.2d.tilemap/Editor/UI/TilePaletteBrushPickPanelPopup.cs
  artifactKey: Guid(298cc9ee1ef84b288cb3748dd279d282) Importer(2089858483,b0f066a214c2f5e87bad3c948f4d605d)
Start importing Packages/com.unity.2d.tilemap/Editor/UI/TilePaletteBrushPickPanelPopup.cs using Guid(298cc9ee1ef84b288cb3748dd279d282) Importer(2089858483,b0f066a214c2f5e87bad3c948f4d605d) (ScriptedImporter) -> (artifact id: 'a3a027eb6be4d31352922a32cb4e0a47') in 0.0068256 seconds
Number of updated asset objects reloaded before import = 0Number of asset objects unloaded after import = 0

========================================================================
Received Import Request.
  Time since last request: 0.000022 seconds.
  path: Packages/com.unity.modules.jsonserialize/package.ModuleCompilationTrigger
  artifactKey: Guid(e6a135e3ea9cb46795d1b0e05ac3e1e5) Importer(2089858483,b0f066a214c2f5e87bad3c948f4d605d)
Start importing Packages/com.unity.modules.jsonserialize/package.ModuleCompilationTrigger using Guid(e6a135e3ea9cb46795d1b0e05ac3e1e5) Importer(2089858483,b0f066a214c2f5e87bad3c948f4d605d) (ScriptedImporter) -> (artifact id: '101e454a241c21232e830086d88be797') in 0.0065444 seconds
Number of updated asset objects reloaded before import = 0Number of asset objects unloaded after import = 1

========================================================================
Received Import Request.
  Time since last request: 0.000028 seconds.
  path: Packages/com.unity.2d.tilemap/Editor/UI/TilemapEditorToolbarStrip.cs
  artifactKey: Guid(46b9a1f80f56fdd4d93e4e24e4826cc8) Importer(2089858483,b0f066a214c2f5e87bad3c948f4d605d)
Start importing Packages/com.unity.2d.tilemap/Editor/UI/TilemapEditorToolbarStrip.cs using Guid(46b9a1f80f56fdd4d93e4e24e4826cc8) Importer(2089858483,b0f066a214c2f5e87bad3c948f4d605d) (ScriptedImporter) -> (artifact id: '23fc0757b2d561022e48b54e45af8b52') in 0.0075555 seconds
Number of updated asset objects reloaded before import = 0Number of asset objects unloaded after import = 0

========================================================================
Received Import Request.
  Time since last request: 0.000016 seconds.
  path: Packages/com.unity.ide.visualstudio/CONTRIBUTING.md
  artifactKey: Guid(cd78ce5b75b8be84d8b94cd99903161f) Importer(2089858483,b0f066a214c2f5e87bad3c948f4d605d)
Start importing Packages/com.unity.ide.visualstudio/CONTRIBUTING.md using Guid(cd78ce5b75b8be84d8b94cd99903161f) Importer(2089858483,b0f066a214c2f5e87bad3c948f4d605d) (ScriptedImporter) -> (artifact id: '41f2bff951cccb727ff78f361feb2eae') in 0.0069007 seconds
Number of updated asset objects reloaded before import = 0Number of asset objects unloaded after import = 1

========================================================================
Received Import Request.
  Time since last request: 0.000024 seconds.
  path: Packages/com.unity.2d.tilemap/Editor/UI/TilePaletteBrushPickOverlay.cs
  artifactKey: Guid(c899067ddf12498abd0cafa97b560107) Importer(2089858483,b0f066a214c2f5e87bad3c948f4d605d)
Start importing Packages/com.unity.2d.tilemap/Editor/UI/TilePaletteBrushPickOverlay.cs using Guid(c899067ddf12498abd0cafa97b560107) Importer(2089858483,b0f066a214c2f5e87bad3c948f4d605d) (ScriptedImporter) -> (artifact id: 'a7a1bf7f62368a83d2904e02d02dfb9a') in 0.0077348 seconds
Number of updated asset objects reloaded before import = 0Number of asset objects unloaded after import = 0

========================================================================
Received Import Request.
  Time since last request: 0.000027 seconds.
  path: Packages/com.unity.modules.jsonserialize/package.json
  artifactKey: Guid(40bf3cec17fa0b49fe04443c8332d638) Importer(2089858483,b0f066a214c2f5e87bad3c948f4d605d)
Start importing Packages/com.unity.modules.jsonserialize/package.json using Guid(40bf3cec17fa0b49fe04443c8332d638) Importer(2089858483,b0f066a214c2f5e87bad3c948f4d605d) (ScriptedImporter) -> (artifact id: '6b1d68774c7735778193a438d0811838') in 0.0060786 seconds
Number of updated asset objects reloaded before import = 0Number of asset objects unloaded after import = 1

========================================================================
Received Import Request.
  Time since last request: 0.000021 seconds.
  path: Packages/com.unity.2d.tilemap/Editor/UI/TilePaletteOverlayUtility.cs
  artifactKey: Guid(bd87ef44d388dfd45b295d03e963f0d9) Importer(2089858483,b0f066a214c2f5e87bad3c948f4d605d)
Start importing Packages/com.unity.2d.tilemap/Editor/UI/TilePaletteOverlayUtility.cs using Guid(bd87ef44d388dfd45b295d03e963f0d9) Importer(2089858483,b0f066a214c2f5e87bad3c948f4d605d) (ScriptedImporter) -> (artifact id: '28f29f154aa87969698458e1169ea771') in 0.0071329 seconds
Number of updated asset objects reloaded before import = 0Number of asset objects unloaded after import = 0

========================================================================
Received Import Request.
  Time since last request: 0.000020 seconds.
  path: Packages/com.unity.2d.tilemap/Editor/UI/TilePaletteOverlayToolbarElementAttribute.cs
  artifactKey: Guid(6ff589f8277c4d61bb54c6a1a0923c9b) Importer(2089858483,b0f066a214c2f5e87bad3c948f4d605d)
Start importing Packages/com.unity.2d.tilemap/Editor/UI/TilePaletteOverlayToolbarElementAttribute.cs using Guid(6ff589f8277c4d61bb54c6a1a0923c9b) Importer(2089858483,b0f066a214c2f5e87bad3c948f4d605d) (ScriptedImporter) -> (artifact id: '072d3d4b710490cb9238fa452b2aec60') in 0.007222 seconds
Number of updated asset objects reloaded before import = 0Number of asset objects unloaded after import = 0

========================================================================
Received Import Request.
  Time since last request: 0.000030 seconds.
  path: Packages/com.unity.2d.tilemap/Editor/UI/TilePaletteContextMenuHandler.cs
  artifactKey: Guid(e6ccb94c25befa84d8d07a2b0374bc63) Importer(2089858483,b0f066a214c2f5e87bad3c948f4d605d)
Start importing Packages/com.unity.2d.tilemap/Editor/UI/TilePaletteContextMenuHandler.cs using Guid(e6ccb94c25befa84d8d07a2b0374bc63) Importer(2089858483,b0f066a214c2f5e87bad3c948f4d605d) (ScriptedImporter) -> (artifact id: '86a4e79c9b76696fbbb8035b7c40d60c') in 0.0075062 seconds
Number of updated asset objects reloaded before import = 0Number of asset objects unloaded after import = 0

========================================================================
Received Import Request.
  Time since last request: 0.000017 seconds.
  path: Packages/com.unity.collab-proxy/Editor/Assets/Images/d_icondeletedremote.png
  artifactKey: Guid(23e66f7264c74424889342127f229577) Importer(2089858483,b0f066a214c2f5e87bad3c948f4d605d)
Start importing Packages/com.unity.collab-proxy/Editor/Assets/Images/d_icondeletedremote.png using Guid(23e66f7264c74424889342127f229577) Importer(2089858483,b0f066a214c2f5e87bad3c948f4d605d) (ScriptedImporter) -> (artifact id: '6265e12529819cebb789749055cee055') in 0.0182071 seconds
Number of updated asset objects reloaded before import = 0Number of asset objects unloaded after import = 1

========================================================================
Received Import Request.
  Time since last request: 0.000024 seconds.
  path: Packages/com.unity.burst/Runtime/CompilerServices/Loop.cs
  artifactKey: Guid(31e17c7531d63dcfa71f892d658bc44c) Importer(2089858483,b0f066a214c2f5e87bad3c948f4d605d)
Start importing Packages/com.unity.burst/Runtime/CompilerServices/Loop.cs using Guid(31e17c7531d63dcfa71f892d658bc44c) Importer(2089858483,b0f066a214c2f5e87bad3c948f4d605d) (ScriptedImporter) -> (artifact id: 'db112a3560c12ca2cecbefd791088509') in 0.006326 seconds
Number of updated asset objects reloaded before import = 0Number of asset objects unloaded after import = 0

========================================================================
Received Import Request.
  Time since last request: 0.000035 seconds.
  path: Packages/com.unity.ugui/Package Resources/TMP Essential Resources.unitypackage
  artifactKey: Guid(ce4ff17ca867d2b48b5c8a4181611901) Importer(2089858483,b0f066a214c2f5e87bad3c948f4d605d)
Start importing Packages/com.unity.ugui/Package Resources/TMP Essential Resources.unitypackage using Guid(ce4ff17ca867d2b48b5c8a4181611901) Importer(2089858483,b0f066a214c2f5e87bad3c948f4d605d) (ScriptedImporter) -> (artifact id: '0c17671c29cb55da85a4976c9cba7a6e') in 0.0081863 seconds
Number of updated asset objects reloaded before import = 0Number of asset objects unloaded after import = 1

========================================================================
Received Import Request.
  Time since last request: 0.000018 seconds.
  path: Packages/com.unity.ugui/Editor/Analytics/UGUIBuildAnalytics.cs
  artifactKey: Guid(ea11495227d864849bdb4fa69e931cbc) Importer(2089858483,b0f066a214c2f5e87bad3c948f4d605d)
Start importing Packages/com.unity.ugui/Editor/Analytics/UGUIBuildAnalytics.cs using Guid(ea11495227d864849bdb4fa69e931cbc) Importer(2089858483,b0f066a214c2f5e87bad3c948f4d605d) (ScriptedImporter) -> (artifact id: 'a1efadd3aeac62753566c218ec2d7a4c') in 0.006761 seconds
Number of updated asset objects reloaded before import = 0Number of asset objects unloaded after import = 0

========================================================================
Received Import Request.
  Time since last request: 0.000021 seconds.
  path: Packages/com.unity.ide.visualstudio/Editor/Testing/TestRunnerCallbacks.cs
  artifactKey: Guid(fae6007c1ac2cc744b2891fd4d279c96) Importer(2089858483,b0f066a214c2f5e87bad3c948f4d605d)
Start importing Packages/com.unity.ide.visualstudio/Editor/Testing/TestRunnerCallbacks.cs using Guid(fae6007c1ac2cc744b2891fd4d279c96) Importer(2089858483,b0f066a214c2f5e87bad3c948f4d605d) (ScriptedImporter) -> (artifact id: 'fa88ce25439df1089b66a2bd1951b9eb') in 0.0057889 seconds
Number of updated asset objects reloaded before import = 0Number of asset objects unloaded after import = 0

========================================================================
Received Import Request.
  Time since last request: 0.000029 seconds.
  path: Packages/com.unity.ide.visualstudio/Editor/Cli.cs
  artifactKey: Guid(f7b5530092b3a7646bdc7865f1f6ee94) Importer(2089858483,b0f066a214c2f5e87bad3c948f4d605d)
Start importing Packages/com.unity.ide.visualstudio/Editor/Cli.cs using Guid(f7b5530092b3a7646bdc7865f1f6ee94) Importer(2089858483,b0f066a214c2f5e87bad3c948f4d605d) (ScriptedImporter) -> (artifact id: 'c8d58d250c4afc6d911028ac552797b8') in 0.0061486 seconds
Number of updated asset objects reloaded before import = 0Number of asset objects unloaded after import = 0

========================================================================
Received Import Request.
  Time since last request: 0.000019 seconds.
  path: Packages/com.unity.ide.visualstudio/Editor/VSWhere/vswhere.exe
  artifactKey: Guid(585c3fb85b32bd64e8814074e754163e) Importer(2089858483,b0f066a214c2f5e87bad3c948f4d605d)
Start importing Packages/com.unity.ide.visualstudio/Editor/VSWhere/vswhere.exe using Guid(585c3fb85b32bd64e8814074e754163e) Importer(2089858483,b0f066a214c2f5e87bad3c948f4d605d) (ScriptedImporter) -> (artifact id: '0d1c67fe9bd5f52af1022a0099e58fdf') in 0.0053885 seconds
Number of updated asset objects reloaded before import = 0Number of asset objects unloaded after import = 1

========================================================================
Received Import Request.
  Time since last request: 0.000020 seconds.
  path: Packages/com.unity.ide.visualstudio/Editor/Symbols.cs
  artifactKey: Guid(b9308b762484008498bb5cd1886aa491) Importer(2089858483,b0f066a214c2f5e87bad3c948f4d605d)
Start importing Packages/com.unity.ide.visualstudio/Editor/Symbols.cs using Guid(b9308b762484008498bb5cd1886aa491) Importer(2089858483,b0f066a214c2f5e87bad3c948f4d605d) (ScriptedImporter) -> (artifact id: '764d8e9aecae9df2716c750fb3658dd8') in 0.0064243 seconds
Number of updated asset objects reloaded before import = 0Number of asset objects unloaded after import = 0

========================================================================
Received Import Request.
  Time since last request: 0.000031 seconds.
  path: Packages/com.unity.ide.visualstudio/Editor/VersionPair.cs
  artifactKey: Guid(ffe1bdf971d321f4db593c4c6ebd6e47) Importer(2089858483,b0f066a214c2f5e87bad3c948f4d605d)
Start importing Packages/com.unity.ide.visualstudio/Editor/VersionPair.cs using Guid(ffe1bdf971d321f4db593c4c6ebd6e47) Importer(2089858483,b0f066a214c2f5e87bad3c948f4d605d) (ScriptedImporter) -> (artifact id: '9c067e172f28d82b28ab1504f9f21562') in 0.005804 seconds
Number of updated asset objects reloaded before import = 0Number of asset objects unloaded after import = 0

========================================================================
Received Import Request.
  Time since last request: 0.000017 seconds.
  path: Packages/com.unity.ide.visualstudio/Editor/VisualStudioEditor.cs
  artifactKey: Guid(0173aff8c07e06b42af07ebdd7f08032) Importer(2089858483,b0f066a214c2f5e87bad3c948f4d605d)
Start importing Packages/com.unity.ide.visualstudio/Editor/VisualStudioEditor.cs using Guid(0173aff8c07e06b42af07ebdd7f08032) Importer(2089858483,b0f066a214c2f5e87bad3c948f4d605d) (ScriptedImporter) -> (artifact id: '28b131a7072c08a920515aa818f0418d') in 0.005496 seconds
Number of updated asset objects reloaded before import = 0Number of asset objects unloaded after import = 0

========================================================================
Received Import Request.
  Time since last request: 0.000020 seconds.
  path: Packages/com.unity.ide.visualstudio/Editor/VisualStudioIntegration.cs
  artifactKey: Guid(48fcd6ebd5ce8fd4cbe931895233677d) Importer(2089858483,b0f066a214c2f5e87bad3c948f4d605d)
Start importing Packages/com.unity.ide.visualstudio/Editor/VisualStudioIntegration.cs using Guid(48fcd6ebd5ce8fd4cbe931895233677d) Importer(2089858483,b0f066a214c2f5e87bad3c948f4d605d) (ScriptedImporter) -> (artifact id: 'cc385171968779cf721375d0b0dfb992') in 0.006145 seconds
Number of updated asset objects reloaded before import = 0Number of asset objects unloaded after import = 0

========================================================================
Received Import Request.
  Time since last request: 0.000028 seconds.
  path: Packages/com.unity.2d.tilemap/Editor/UI/GridPaintPaletteWindowActiveTargets.cs
  artifactKey: Guid(598707f5ba035484c94b0cf6452ab5ba) Importer(2089858483,b0f066a214c2f5e87bad3c948f4d605d)
Start importing Packages/com.unity.2d.tilemap/Editor/UI/GridPaintPaletteWindowActiveTargets.cs using Guid(598707f5ba035484c94b0cf6452ab5ba) Importer(2089858483,b0f066a214c2f5e87bad3c948f4d605d) (ScriptedImporter) -> (artifact id: '05f229b81e9293ab2d44c01b5060e8b9') in 0.008995 seconds
Number of updated asset objects reloaded before import = 0Number of asset objects unloaded after import = 0

========================================================================
Received Import Request.
  Time since last request: 0.000023 seconds.
  path: Packages/com.unity.ide.visualstudio/Editor/ProjectGeneration/ProjectGeneration.cs
  artifactKey: Guid(9f3705b95d031e84c82f140d8e980867) Importer(2089858483,b0f066a214c2f5e87bad3c948f4d605d)
Start importing Packages/com.unity.ide.visualstudio/Editor/ProjectGeneration/ProjectGeneration.cs using Guid(9f3705b95d031e84c82f140d8e980867) Importer(2089858483,b0f066a214c2f5e87bad3c948f4d605d) (ScriptedImporter) -> (artifact id: '11552235b5da21e1bc6bb54eaad5eea8') in 0.0057334 seconds
Number of updated asset objects reloaded before import = 0Number of asset objects unloaded after import = 0

========================================================================
Received Import Request.
  Time since last request: 0.000019 seconds.
  path: Packages/com.unity.ide.visualstudio/Editor/Messaging/Serializer.cs
  artifactKey: Guid(369c09afe05d2c346af49faef943c773) Importer(2089858483,b0f066a214c2f5e87bad3c948f4d605d)
Start importing Packages/com.unity.ide.visualstudio/Editor/Messaging/Serializer.cs using Guid(369c09afe05d2c346af49faef943c773) Importer(2089858483,b0f066a214c2f5e87bad3c948f4d605d) (ScriptedImporter) -> (artifact id: '61a0e08a23d997116cd0ef4d0762f444') in 0.0061184 seconds
Number of updated asset objects reloaded before import = 0Number of asset objects unloaded after import = 0

========================================================================
Received Import Request.
  Time since last request: 0.000028 seconds.
  path: Packages/com.unity.ide.visualstudio/Editor/ProjectGeneration/GeneratorFactory.cs
  artifactKey: Guid(c94f13e05ef0a7a49bdd39f197f39e5e) Importer(2089858483,b0f066a214c2f5e87bad3c948f4d605d)
Start importing Packages/com.unity.ide.visualstudio/Editor/ProjectGeneration/GeneratorFactory.cs using Guid(c94f13e05ef0a7a49bdd39f197f39e5e) Importer(2089858483,b0f066a214c2f5e87bad3c948f4d605d) (ScriptedImporter) -> (artifact id: 'bfffcc54327264c57ec93a4314a2a8d8') in 0.0057901 seconds
Number of updated asset objects reloaded before import = 0Number of asset objects unloaded after import = 0

========================================================================
Received Import Request.
  Time since last request: 0.000017 seconds.
  path: Packages/com.unity.feature.2d/package.json
  artifactKey: Guid(6bd185401d1a755408d5a59cec274444) Importer(2089858483,b0f066a214c2f5e87bad3c948f4d605d)
Start importing Packages/com.unity.feature.2d/package.json using Guid(6bd185401d1a755408d5a59cec274444) Importer(2089858483,b0f066a214c2f5e87bad3c948f4d605d) (ScriptedImporter) -> (artifact id: '5b1052266f1d9dde16517d8bbf1f5812') in 0.0088815 seconds
Number of updated asset objects reloaded before import = 0Number of asset objects unloaded after import = 1

========================================================================
Received Import Request.
  Time since last request: 0.000020 seconds.
  path: Packages/com.unity.ide.visualstudio/Editor/ProjectGeneration/ProjectGenerationFlag.cs
  artifactKey: Guid(555fcccd6b79a864f83e7a319daa1c3e) Importer(2089858483,b0f066a214c2f5e87bad3c948f4d605d)
Start importing Packages/com.unity.ide.visualstudio/Editor/ProjectGeneration/ProjectGenerationFlag.cs using Guid(555fcccd6b79a864f83e7a319daa1c3e) Importer(2089858483,b0f066a214c2f5e87bad3c948f4d605d) (ScriptedImporter) -> (artifact id: '09d8be463f787e41e15cecded50d5e60') in 0.0056612 seconds
Number of updated asset objects reloaded before import = 0Number of asset objects unloaded after import = 0

========================================================================
Received Import Request.
  Time since last request: 0.000028 seconds.
  path: Packages/com.unity.ide.visualstudio/Editor/VisualStudioCodeInstallation.cs
  artifactKey: Guid(1be5c96ff30e6ec40876f28fd9ab7e24) Importer(2089858483,b0f066a214c2f5e87bad3c948f4d605d)
Start importing Packages/com.unity.ide.visualstudio/Editor/VisualStudioCodeInstallation.cs using Guid(1be5c96ff30e6ec40876f28fd9ab7e24) Importer(2089858483,b0f066a214c2f5e87bad3c948f4d605d) (ScriptedImporter) -> (artifact id: 'd39d4513eb6f6c8c057d910924f41fe1') in 0.006359 seconds
Number of updated asset objects reloaded before import = 0Number of asset objects unloaded after import = 0

========================================================================
Received Import Request.
  Time since last request: 0.000018 seconds.
  path: Packages/com.unity.ide.visualstudio/Editor/Messaging/ExceptionEventArgs.cs
  artifactKey: Guid(917a51fff055ce547b4ad1215321f3da) Importer(2089858483,b0f066a214c2f5e87bad3c948f4d605d)
Start importing Packages/com.unity.ide.visualstudio/Editor/Messaging/ExceptionEventArgs.cs using Guid(917a51fff055ce547b4ad1215321f3da) Importer(2089858483,b0f066a214c2f5e87bad3c948f4d605d) (ScriptedImporter) -> (artifact id: '674a4e677e001f42224be05826ac0f70') in 0.0061399 seconds
Number of updated asset objects reloaded before import = 0Number of asset objects unloaded after import = 0

========================================================================
Received Import Request.
  Time since last request: 0.000021 seconds.
  path: Packages/com.unity.ide.visualstudio/Editor/KnownAssemblies.cs
  artifactKey: Guid(cbccb6292dce08a489e6e742243154e7) Importer(2089858483,b0f066a214c2f5e87bad3c948f4d605d)
Start importing Packages/com.unity.ide.visualstudio/Editor/KnownAssemblies.cs using Guid(cbccb6292dce08a489e6e742243154e7) Importer(2089858483,b0f066a214c2f5e87bad3c948f4d605d) (ScriptedImporter) -> (artifact id: 'd556985f6cb6e135ed53e716b0500b81') in 0.0057459 seconds
Number of updated asset objects reloaded before import = 0Number of asset objects unloaded after import = 0

========================================================================
Received Import Request.
  Time since last request: 0.000039 seconds.
  path: Packages/com.unity.ugui/Editor/TMP/TMPro_ContextMenus.cs
  artifactKey: Guid(44e1d646473a40178712cb2150f54cec) Importer(2089858483,b0f066a214c2f5e87bad3c948f4d605d)
Start importing Packages/com.unity.ugui/Editor/TMP/TMPro_ContextMenus.cs using Guid(44e1d646473a40178712cb2150f54cec) Importer(2089858483,b0f066a214c2f5e87bad3c948f4d605d) (ScriptedImporter) -> (artifact id: '9f9f61b3fcb3dbb554d921030c7d92b5') in 0.0064225 seconds
Number of updated asset objects reloaded before import = 0Number of asset objects unloaded after import = 0

========================================================================
Received Import Request.
  Time since last request: 0.000016 seconds.
  path: Packages/com.unity.ide.visualstudio/Editor/Messaging/MessageEventArgs.cs
  artifactKey: Guid(275143c81d816ef4286fdc67aabc20c8) Importer(2089858483,b0f066a214c2f5e87bad3c948f4d605d)
Start importing Packages/com.unity.ide.visualstudio/Editor/Messaging/MessageEventArgs.cs using Guid(275143c81d816ef4286fdc67aabc20c8) Importer(2089858483,b0f066a214c2f5e87bad3c948f4d605d) (ScriptedImporter) -> (artifact id: 'e44c33491a88114463e76ea2d69ad45a') in 0.0061995 seconds
Number of updated asset objects reloaded before import = 0Number of asset objects unloaded after import = 0

========================================================================
Received Import Request.
  Time since last request: 0.000020 seconds.
  path: Packages/com.unity.collab-proxy/Editor/Views/Merge/Developer/DirectoryConflicts/ChangeDeleteMenu.cs
  artifactKey: Guid(aba7053d59726d64b86f2c4f98dbb910) Importer(2089858483,b0f066a214c2f5e87bad3c948f4d605d)
Start importing Packages/com.unity.collab-proxy/Editor/Views/Merge/Developer/DirectoryConflicts/ChangeDeleteMenu.cs using Guid(aba7053d59726d64b86f2c4f98dbb910) Importer(2089858483,b0f066a214c2f5e87bad3c948f4d605d) (ScriptedImporter) -> (artifact id: '9d5c7accf709699bd284921eba7ad031') in 0.0059695 seconds
Number of updated asset objects reloaded before import = 0Number of asset objects unloaded after import = 0

========================================================================
Received Import Request.
  Time since last request: 0.000028 seconds.
  path: Packages/com.unity.2d.tilemap/Editor/EditorTools/GridSelection/GridSelectionTool.cs
  artifactKey: Guid(e3dfa6de9ba76974d864f021fdb7d162) Importer(2089858483,b0f066a214c2f5e87bad3c948f4d605d)
Start importing Packages/com.unity.2d.tilemap/Editor/EditorTools/GridSelection/GridSelectionTool.cs using Guid(e3dfa6de9ba76974d864f021fdb7d162) Importer(2089858483,b0f066a214c2f5e87bad3c948f4d605d) (ScriptedImporter) -> (artifact id: 'd9eb4de79a7e24be83300a03566aad47') in 0.0062101 seconds
Number of updated asset objects reloaded before import = 0Number of asset objects unloaded after import = 0

========================================================================
Received Import Request.
  Time since last request: 0.000017 seconds.
  path: Packages/com.unity.2d.tilemap/Editor/Icons/Tilemap.FocusTilemap@4x.png
  artifactKey: Guid(7360ac83b6bff7149836a436a4920d53) Importer(2089858483,b0f066a214c2f5e87bad3c948f4d605d)
Start importing Packages/com.unity.2d.tilemap/Editor/Icons/Tilemap.FocusTilemap@4x.png using Guid(7360ac83b6bff7149836a436a4920d53) Importer(2089858483,b0f066a214c2f5e87bad3c948f4d605d) (ScriptedImporter) -> (artifact id: '391d40bb76bb5ac702afb52b06abae49') in 0.0134353 seconds
Number of updated asset objects reloaded before import = 0Number of asset objects unloaded after import = 3

========================================================================
Received Import Request.
  Time since last request: 0.000029 seconds.
  path: Packages/com.unity.collab-proxy/Lib/Editor/Localization/differences.ja.txt
  artifactKey: Guid(aff69f03cce064727895a8e6867325c6) Importer(2089858483,b0f066a214c2f5e87bad3c948f4d605d)
Start importing Packages/com.unity.collab-proxy/Lib/Editor/Localization/differences.ja.txt using Guid(aff69f03cce064727895a8e6867325c6) Importer(2089858483,b0f066a214c2f5e87bad3c948f4d605d) (ScriptedImporter) -> (artifact id: '7896960966d660553fe5d360e5e2707b') in 0.0080613 seconds
Number of updated asset objects reloaded before import = 0Number of asset objects unloaded after import = 1

========================================================================
Received Import Request.
  Time since last request: 0.000028 seconds.
  path: Packages/com.unity.collab-proxy/Editor/Views/Merge/Developer/MergeViewMenu.cs
  artifactKey: Guid(182343c61d477e2449cfbc9cb20dfb35) Importer(2089858483,b0f066a214c2f5e87bad3c948f4d605d)
Start importing Packages/com.unity.collab-proxy/Editor/Views/Merge/Developer/MergeViewMenu.cs using Guid(182343c61d477e2449cfbc9cb20dfb35) Importer(2089858483,b0f066a214c2f5e87bad3c948f4d605d) (ScriptedImporter) -> (artifact id: 'eb26e526b04285bc7301ced78ff376f8') in 0.006743 seconds
Number of updated asset objects reloaded before import = 0Number of asset objects unloaded after import = 0

========================================================================
Received Import Request.
  Time since last request: 0.000017 seconds.
  path: Packages/com.unity.ugui/Editor/TMP/TMP_SDFShaderGUI.cs
  artifactKey: Guid(8413ca0e506d42a1a4bd9769f204ad16) Importer(2089858483,b0f066a214c2f5e87bad3c948f4d605d)
Start importing Packages/com.unity.ugui/Editor/TMP/TMP_SDFShaderGUI.cs using Guid(8413ca0e506d42a1a4bd9769f204ad16) Importer(2089858483,b0f066a214c2f5e87bad3c948f4d605d) (ScriptedImporter) -> (artifact id: '29c2138558fbfb373e314d3230babb44') in 0.0058519 seconds
Number of updated asset objects reloaded before import = 0Number of asset objects unloaded after import = 0

========================================================================
Received Import Request.
  Time since last request: 0.000020 seconds.
  path: Packages/com.unity.ugui/Runtime/InternalBridge/Unity.InternalAPIEngineBridge.004.asmdef
  artifactKey: Guid(43b111c4a445f446abd2c02e77750ff5) Importer(2089858483,b0f066a214c2f5e87bad3c948f4d605d)
Start importing Packages/com.unity.ugui/Runtime/InternalBridge/Unity.InternalAPIEngineBridge.004.asmdef using Guid(43b111c4a445f446abd2c02e77750ff5) Importer(2089858483,b0f066a214c2f5e87bad3c948f4d605d) (ScriptedImporter) -> (artifact id: '72889a750a1139180975dc3a21a851c6') in 0.0059214 seconds
Number of updated asset objects reloaded before import = 0Number of asset objects unloaded after import = 1

========================================================================
Received Import Request.
  Time since last request: 0.000034 seconds.
  path: Packages/com.unity.ugui/Editor/TMP/TMP_BaseEditorPanel.cs
  artifactKey: Guid(91950f78729ab144aa36e94690b28fad) Importer(2089858483,b0f066a214c2f5e87bad3c948f4d605d)
Start importing Packages/com.unity.ugui/Editor/TMP/TMP_BaseEditorPanel.cs using Guid(91950f78729ab144aa36e94690b28fad) Importer(2089858483,b0f066a214c2f5e87bad3c948f4d605d) (ScriptedImporter) -> (artifact id: 'e34587f5986dae8352963cccc3f3d982') in 0.0075879 seconds
Number of updated asset objects reloaded before import = 0Number of asset objects unloaded after import = 0

========================================================================
Received Import Request.
  Time since last request: 0.000016 seconds.
  path: Packages/com.unity.ugui/Editor/TMP/TMP_PackageUtilities.cs
  artifactKey: Guid(68eedd4e5b33b37429c02c4add0036fe) Importer(2089858483,b0f066a214c2f5e87bad3c948f4d605d)
Start importing Packages/com.unity.ugui/Editor/TMP/TMP_PackageUtilities.cs using Guid(68eedd4e5b33b37429c02c4add0036fe) Importer(2089858483,b0f066a214c2f5e87bad3c948f4d605d) (ScriptedImporter) -> (artifact id: 'ebc6e868cff6979f58aea1cec3db1675') in 0.0060951 seconds
Number of updated asset objects reloaded before import = 0Number of asset objects unloaded after import = 0

========================================================================
Received Import Request.
  Time since last request: 0.000023 seconds.
  path: Packages/com.unity.ugui/Runtime/TMP/FontFeatureCommonGSUB.cs
  artifactKey: Guid(77b2d47bca9376f4a8ae69084a485957) Importer(2089858483,b0f066a214c2f5e87bad3c948f4d605d)
Start importing Packages/com.unity.ugui/Runtime/TMP/FontFeatureCommonGSUB.cs using Guid(77b2d47bca9376f4a8ae69084a485957) Importer(2089858483,b0f066a214c2f5e87bad3c948f4d605d) (ScriptedImporter) -> (artifact id: '68494bb8ffca999f6bcbac2eb7c5b491') in 0.0070529 seconds
Number of updated asset objects reloaded before import = 0Number of asset objects unloaded after import = 0

========================================================================
Received Import Request.
  Time since last request: 0.000025 seconds.
  path: Packages/com.unity.ugui/Editor Resources/Textures/btn_AlignBaseLine_Light.psd
  artifactKey: Guid(18775b51e3bd42299fd30bd036ea982f) Importer(2089858483,b0f066a214c2f5e87bad3c948f4d605d)
Start importing Packages/com.unity.ugui/Editor Resources/Textures/btn_AlignBaseLine_Light.psd using Guid(18775b51e3bd42299fd30bd036ea982f) Importer(2089858483,b0f066a214c2f5e87bad3c948f4d605d) (ScriptedImporter) -> (artifact id: '56343eac9a0f4accd5a3a03f3cb6a958') in 0.0114838 seconds
Number of updated asset objects reloaded before import = 0Number of asset objects unloaded after import = 1

========================================================================
Received Import Request.
  Time since last request: 0.000015 seconds.
  path: Packages/com.unity.ugui/Editor/TMP/TMP_EditorUtility.cs
  artifactKey: Guid(2300e75732d74890b38a8ff257a3ae15) Importer(2089858483,b0f066a214c2f5e87bad3c948f4d605d)
Start importing Packages/com.unity.ugui/Editor/TMP/TMP_EditorUtility.cs using Guid(2300e75732d74890b38a8ff257a3ae15) Importer(2089858483,b0f066a214c2f5e87bad3c948f4d605d) (ScriptedImporter) -> (artifact id: 'a58d032b304c55ab8851cbae1d90b148') in 0.0065296 seconds
Number of updated asset objects reloaded before import = 0Number of asset objects unloaded after import = 0

========================================================================
Received Import Request.
  Time since last request: 0.000018 seconds.
  path: Packages/com.unity.ugui/Editor Resources/Textures/btn_AlignCenterGeo_Light.psd
  artifactKey: Guid(35ff0937876540d3bd4b6a941df62a92) Importer(2089858483,b0f066a214c2f5e87bad3c948f4d605d)
Start importing Packages/com.unity.ugui/Editor Resources/Textures/btn_AlignCenterGeo_Light.psd using Guid(35ff0937876540d3bd4b6a941df62a92) Importer(2089858483,b0f066a214c2f5e87bad3c948f4d605d) (ScriptedImporter) -> (artifact id: 'f73be0e62aecc32a5fc28df5df901b46') in 0.0115231 seconds
Number of updated asset objects reloaded before import = 0Number of asset objects unloaded after import = 1

========================================================================
Received Import Request.
  Time since last request: 0.000030 seconds.
  path: Packages/com.unity.ugui/Editor Resources/Gizmos/TMP - Input Field Icon.psd
  artifactKey: Guid(3ee40aa79cd242a5b53b0b0ca4f13f0f) Importer(2089858483,b0f066a214c2f5e87bad3c948f4d605d)
Start importing Packages/com.unity.ugui/Editor Resources/Gizmos/TMP - Input Field Icon.psd using Guid(3ee40aa79cd242a5b53b0b0ca4f13f0f) Importer(2089858483,b0f066a214c2f5e87bad3c948f4d605d) (ScriptedImporter) -> (artifact id: '4e7cacca849bd4a764d624f64a8710b2') in 0.0112961 seconds
Number of updated asset objects reloaded before import = 0Number of asset objects unloaded after import = 1

========================================================================
Received Import Request.
  Time since last request: 0.000015 seconds.
  path: Packages/com.unity.ugui/Runtime/TMP/TextMeshProUGUI.cs
  artifactKey: Guid(f4688fdb7df04437aeb418b961361dc5) Importer(2089858483,b0f066a214c2f5e87bad3c948f4d605d)
Start importing Packages/com.unity.ugui/Runtime/TMP/TextMeshProUGUI.cs using Guid(f4688fdb7df04437aeb418b961361dc5) Importer(2089858483,b0f066a214c2f5e87bad3c948f4d605d) (ScriptedImporter) -> (artifact id: '9ddab667b0375b91d7dab06c8b046b47') in 0.0067004 seconds
Number of updated asset objects reloaded before import = 0Number of asset objects unloaded after import = 1

========================================================================
Received Import Request.
  Time since last request: 0.000025 seconds.
  path: Packages/com.unity.ugui/Runtime/TMP/TextMeshPro.cs
  artifactKey: Guid(9541d86e2fd84c1d9990edf0852d74ab) Importer(2089858483,b0f066a214c2f5e87bad3c948f4d605d)
Start importing Packages/com.unity.ugui/Runtime/TMP/TextMeshPro.cs using Guid(9541d86e2fd84c1d9990edf0852d74ab) Importer(2089858483,b0f066a214c2f5e87bad3c948f4d605d) (ScriptedImporter) -> (artifact id: '0d3239c6493168f084304b52b60e8449') in 0.0098792 seconds
Number of updated asset objects reloaded before import = 0Number of asset objects unloaded after import = 1

========================================================================
Received Import Request.
  Time since last request: 0.000029 seconds.
  path: Packages/com.unity.ugui/Editor Resources/Textures/btn_AlignBaseLine.psd
  artifactKey: Guid(8bc445bb79654bf496c92d0407840a92) Importer(2089858483,b0f066a214c2f5e87bad3c948f4d605d)
Start importing Packages/com.unity.ugui/Editor Resources/Textures/btn_AlignBaseLine.psd using Guid(8bc445bb79654bf496c92d0407840a92) Importer(2089858483,b0f066a214c2f5e87bad3c948f4d605d) (ScriptedImporter) -> (artifact id: 'ccb851ca2a256bfd6856339befa30147') in 0.0116204 seconds
Number of updated asset objects reloaded before import = 0Number of asset objects unloaded after import = 1

========================================================================
Received Import Request.
  Time since last request: 0.000015 seconds.
  path: Packages/com.unity.ugui/Editor/TMP/TMP_SettingsEditor.cs
  artifactKey: Guid(0386b6eb838c47138cd51d1c1b879a35) Importer(2089858483,b0f066a214c2f5e87bad3c948f4d605d)
Start importing Packages/com.unity.ugui/Editor/TMP/TMP_SettingsEditor.cs using Guid(0386b6eb838c47138cd51d1c1b879a35) Importer(2089858483,b0f066a214c2f5e87bad3c948f4d605d) (ScriptedImporter) -> (artifact id: '5b1882e05ebf267b74fcf6a6cf9356d9') in 0.0061739 seconds
Number of updated asset objects reloaded before import = 0Number of asset objects unloaded after import = 0

========================================================================
Received Import Request.
  Time since last request: 0.000019 seconds.
  path: Packages/com.unity.ugui/Editor/TMP/TMP_ProjectTextSettings.cs
  artifactKey: Guid(0e751e877ed14d71a6b8e63ac54949cf) Importer(2089858483,b0f066a214c2f5e87bad3c948f4d605d)
Start importing Packages/com.unity.ugui/Editor/TMP/TMP_ProjectTextSettings.cs using Guid(0e751e877ed14d71a6b8e63ac54949cf) Importer(2089858483,b0f066a214c2f5e87bad3c948f4d605d) (ScriptedImporter) -> (artifact id: '5bd49fe359583c15859a309d3d4165e4') in 0.0055245 seconds
Number of updated asset objects reloaded before import = 0Number of asset objects unloaded after import = 0

========================================================================
Received Import Request.
  Time since last request: 0.000025 seconds.
  path: Packages/com.unity.ugui/Editor Resources/Textures/btn_AlignLeft_Light.psd
  artifactKey: Guid(12736c98af174f91827a26b66d2b01b9) Importer(2089858483,b0f066a214c2f5e87bad3c948f4d605d)
Start importing Packages/com.unity.ugui/Editor Resources/Textures/btn_AlignLeft_Light.psd using Guid(12736c98af174f91827a26b66d2b01b9) Importer(2089858483,b0f066a214c2f5e87bad3c948f4d605d) (ScriptedImporter) -> (artifact id: 'a7a9e1732c978ccf423feaa629042871') in 0.0137265 seconds
Number of updated asset objects reloaded before import = 0Number of asset objects unloaded after import = 1

========================================================================
Received Import Request.
  Time since last request: 0.000015 seconds.
  path: Packages/com.unity.ugui/Editor/TMP/TMP_SubMesh_Editor.cs
  artifactKey: Guid(dd2fe74169b54bf58fca17288513ef38) Importer(2089858483,b0f066a214c2f5e87bad3c948f4d605d)
Start importing Packages/com.unity.ugui/Editor/TMP/TMP_SubMesh_Editor.cs using Guid(dd2fe74169b54bf58fca17288513ef38) Importer(2089858483,b0f066a214c2f5e87bad3c948f4d605d) (ScriptedImporter) -> (artifact id: '9ceb4657d70ad67371ae7a110a3480ce') in 0.0084573 seconds
Number of updated asset objects reloaded before import = 0Number of asset objects unloaded after import = 0

========================================================================
Received Import Request.
  Time since last request: 0.000018 seconds.
  path: Packages/com.unity.ugui/Editor/TMP/TMPro_TextContainerEditor.cs
  artifactKey: Guid(02893ffb522b490a9fa28eedd2584309) Importer(2089858483,b0f066a214c2f5e87bad3c948f4d605d)
Start importing Packages/com.unity.ugui/Editor/TMP/TMPro_TextContainerEditor.cs using Guid(02893ffb522b490a9fa28eedd2584309) Importer(2089858483,b0f066a214c2f5e87bad3c948f4d605d) (ScriptedImporter) -> (artifact id: '6daafccdcdc603b0fffa29a627252b8c') in 0.0075235 seconds
Number of updated asset objects reloaded before import = 0Number of asset objects unloaded after import = 0

========================================================================
Received Import Request.
  Time since last request: 0.000028 seconds.
  path: Packages/com.unity.ugui/Editor/TMP/TMP_SpriteAssetEditor.cs
  artifactKey: Guid(b09be1f217d34247af54863a2f5587e1) Importer(2089858483,b0f066a214c2f5e87bad3c948f4d605d)
Start importing Packages/com.unity.ugui/Editor/TMP/TMP_SpriteAssetEditor.cs using Guid(b09be1f217d34247af54863a2f5587e1) Importer(2089858483,b0f066a214c2f5e87bad3c948f4d605d) (ScriptedImporter) -> (artifact id: 'd2ebc022721402e9ff1f900b3af9a6c8') in 0.0084349 seconds
Number of updated asset objects reloaded before import = 0Number of asset objects unloaded after import = 0

========================================================================
Received Import Request.
  Time since last request: 0.000022 seconds.
  path: Packages/com.unity.ugui/Editor Resources/Gizmos/TMP - Font Asset Icon.psd
  artifactKey: Guid(ee148e281f3c41c5b4ff5f8a5afe5a6c) Importer(2089858483,b0f066a214c2f5e87bad3c948f4d605d)
Start importing Packages/com.unity.ugui/Editor Resources/Gizmos/TMP - Font Asset Icon.psd using Guid(ee148e281f3c41c5b4ff5f8a5afe5a6c) Importer(2089858483,b0f066a214c2f5e87bad3c948f4d605d) (ScriptedImporter) -> (artifact id: '796f545e528c7c1f285071b517c44f14') in 0.0120481 seconds
Number of updated asset objects reloaded before import = 0Number of asset objects unloaded after import = 1

========================================================================
Received Import Request.
  Time since last request: 0.000018 seconds.
  path: Packages/com.unity.ugui/Editor Resources/Gizmos/TMP - Sprite Asset Icon.psd
  artifactKey: Guid(ec7c645d93308c04d8840982af12101e) Importer(2089858483,b0f066a214c2f5e87bad3c948f4d605d)
Start importing Packages/com.unity.ugui/Editor Resources/Gizmos/TMP - Sprite Asset Icon.psd using Guid(ec7c645d93308c04d8840982af12101e) Importer(2089858483,b0f066a214c2f5e87bad3c948f4d605d) (ScriptedImporter) -> (artifact id: '2539c3ef0a2cd0cd1e5cdb7bb2438f0d') in 0.0113622 seconds
Number of updated asset objects reloaded before import = 0Number of asset objects unloaded after import = 1

========================================================================
Received Import Request.
  Time since last request: 0.000029 seconds.
  path: Packages/com.unity.ugui/Editor/TMP/TMP_MarkupTagUpdateUtility.cs
  artifactKey: Guid(225b67dcce9247b4c806e435b34695d2) Importer(2089858483,b0f066a214c2f5e87bad3c948f4d605d)
Start importing Packages/com.unity.ugui/Editor/TMP/TMP_MarkupTagUpdateUtility.cs using Guid(225b67dcce9247b4c806e435b34695d2) Importer(2089858483,b0f066a214c2f5e87bad3c948f4d605d) (ScriptedImporter) -> (artifact id: 'c6e94ada1443498e1ff1ce7834050528') in 0.0060911 seconds
Number of updated asset objects reloaded before import = 0Number of asset objects unloaded after import = 0

========================================================================
Received Import Request.
  Time since last request: 0.000017 seconds.
  path: Packages/com.unity.ugui/Editor Resources/Gizmos/TMP - Text Component Icon.psd
  artifactKey: Guid(2fd6421f253b4ef1a19526541f9ffc0c) Importer(2089858483,b0f066a214c2f5e87bad3c948f4d605d)
Start importing Packages/com.unity.ugui/Editor Resources/Gizmos/TMP - Text Component Icon.psd using Guid(2fd6421f253b4ef1a19526541f9ffc0c) Importer(2089858483,b0f066a214c2f5e87bad3c948f4d605d) (ScriptedImporter) -> (artifact id: '290073eeed1638567bdb249b96f305ba') in 0.0140083 seconds
Number of updated asset objects reloaded before import = 0Number of asset objects unloaded after import = 1

========================================================================
Received Import Request.
  Time since last request: 0.000019 seconds.
  path: Packages/com.unity.ugui/Editor Resources/Textures/btn_AlignRight.psd
  artifactKey: Guid(342a0f8aca7f4f0691338912faec0494) Importer(2089858483,b0f066a214c2f5e87bad3c948f4d605d)
Start importing Packages/com.unity.ugui/Editor Resources/Textures/btn_AlignRight.psd using Guid(342a0f8aca7f4f0691338912faec0494) Importer(2089858483,b0f066a214c2f5e87bad3c948f4d605d) (ScriptedImporter) -> (artifact id: '59d7ede0559bfc49becc5effd862fe62') in 0.0120246 seconds
Number of updated asset objects reloaded before import = 0Number of asset objects unloaded after import = 1

========================================================================
Received Import Request.
  Time since last request: 0.000026 seconds.
  path: Packages/com.unity.ugui/Editor Resources/Shaders/TMP_SDF_SSD.cginc
  artifactKey: Guid(abe6991365a27d341a10580f3b7c0f44) Importer(2089858483,b0f066a214c2f5e87bad3c948f4d605d)
Start importing Packages/com.unity.ugui/Editor Resources/Shaders/TMP_SDF_SSD.cginc using Guid(abe6991365a27d341a10580f3b7c0f44) Importer(2089858483,b0f066a214c2f5e87bad3c948f4d605d) (ScriptedImporter) -> (artifact id: 'ca233bf52e8d1f71669ccf649d730ea5') in 0.0072134 seconds
Number of updated asset objects reloaded before import = 0Number of asset objects unloaded after import = 1

========================================================================
Received Import Request.
  Time since last request: 0.000016 seconds.
  path: Packages/com.unity.ugui/Editor Resources/Textures/btn_AlignCenterGeo.psd
  artifactKey: Guid(c76700ea0062413d9f69409b4e9e151b) Importer(2089858483,b0f066a214c2f5e87bad3c948f4d605d)
Start importing Packages/com.unity.ugui/Editor Resources/Textures/btn_AlignCenterGeo.psd using Guid(c76700ea0062413d9f69409b4e9e151b) Importer(2089858483,b0f066a214c2f5e87bad3c948f4d605d) (ScriptedImporter) -> (artifact id: 'e805101c30ebadf7d365a06cacb2707f') in 0.0173826 seconds
Number of updated asset objects reloaded before import = 0Number of asset objects unloaded after import = 1

========================================================================
Received Import Request.
  Time since last request: 0.000018 seconds.
  path: Packages/com.unity.ugui/Editor Resources/Gizmos/TMP - Dropdown Icon.psd
  artifactKey: Guid(a7ec9e7ad8b847b7ae4510af83c5d868) Importer(2089858483,b0f066a214c2f5e87bad3c948f4d605d)
Start importing Packages/com.unity.ugui/Editor Resources/Gizmos/TMP - Dropdown Icon.psd using Guid(a7ec9e7ad8b847b7ae4510af83c5d868) Importer(2089858483,b0f066a214c2f5e87bad3c948f4d605d) (ScriptedImporter) -> (artifact id: 'ab03c8dec3e82e0830ee5480be191967') in 0.0115344 seconds
Number of updated asset objects reloaded before import = 0Number of asset objects unloaded after import = 1

========================================================================
Received Import Request.
  Time since last request: 0.000027 seconds.
  path: Packages/com.unity.ugui/Editor Resources/Textures/btn_AlignMidline_Light.psd
  artifactKey: Guid(bb42b2d967d6427983c901a4ffc8ecd9) Importer(2089858483,b0f066a214c2f5e87bad3c948f4d605d)
Start importing Packages/com.unity.ugui/Editor Resources/Textures/btn_AlignMidline_Light.psd using Guid(bb42b2d967d6427983c901a4ffc8ecd9) Importer(2089858483,b0f066a214c2f5e87bad3c948f4d605d) (ScriptedImporter) -> (artifact id: '50cbf887c8a46beb0ca8e239338f6dba') in 0.0180011 seconds
Number of updated asset objects reloaded before import = 0Number of asset objects unloaded after import = 1

========================================================================
Received Import Request.
  Time since last request: 0.000016 seconds.
  path: Packages/com.unity.ugui/Runtime/TMP/TMP_RichTextTagsCommon.cs
  artifactKey: Guid(b458b2c7f196bdc4581b2f9fd6a5d931) Importer(2089858483,b0f066a214c2f5e87bad3c948f4d605d)
Start importing Packages/com.unity.ugui/Runtime/TMP/TMP_RichTextTagsCommon.cs using Guid(b458b2c7f196bdc4581b2f9fd6a5d931) Importer(2089858483,b0f066a214c2f5e87bad3c948f4d605d) (ScriptedImporter) -> (artifact id: '43ab4be5d453e7c796f947597b0202c3') in 0.0074714 seconds
Number of updated asset objects reloaded before import = 0Number of asset objects unloaded after import = 0

========================================================================
Received Import Request.
  Time since last request: 0.000018 seconds.
  path: Packages/com.unity.ugui/Runtime/TMP/TMP_MaterialManager.cs
  artifactKey: Guid(6d9df2bc198c417db00037803568139c) Importer(2089858483,b0f066a214c2f5e87bad3c948f4d605d)
Start importing Packages/com.unity.ugui/Runtime/TMP/TMP_MaterialManager.cs using Guid(6d9df2bc198c417db00037803568139c) Importer(2089858483,b0f066a214c2f5e87bad3c948f4d605d) (ScriptedImporter) -> (artifact id: '87aef6289f6d50732c1950c446b52dfc') in 0.0058393 seconds
Number of updated asset objects reloaded before import = 0Number of asset objects unloaded after import = 0

========================================================================
Received Import Request.
  Time since last request: 0.000026 seconds.
  path: Packages/com.unity.ugui/Editor/TMP/PropertyDrawers/TMP_MarkToMarkAdjustmentRecordPropertyDrawer.cs
  artifactKey: Guid(149e85704eb73624ba2d705408274f3e) Importer(2089858483,b0f066a214c2f5e87bad3c948f4d605d)
Start importing Packages/com.unity.ugui/Editor/TMP/PropertyDrawers/TMP_MarkToMarkAdjustmentRecordPropertyDrawer.cs using Guid(149e85704eb73624ba2d705408274f3e) Importer(2089858483,b0f066a214c2f5e87bad3c948f4d605d) (ScriptedImporter) -> (artifact id: '1f8133d001ff362c63e95af3f3ffd473') in 0.0067254 seconds
Number of updated asset objects reloaded before import = 0Number of asset objects unloaded after import = 0

========================================================================
Received Import Request.
  Time since last request: 0.000016 seconds.
  path: Packages/com.unity.ugui/Editor/TMP/PropertyDrawers/TMP_CharacterPropertyDrawer.cs
  artifactKey: Guid(01ada73c4792aba4c937ff5d92cce866) Importer(2089858483,b0f066a214c2f5e87bad3c948f4d605d)
Start importing Packages/com.unity.ugui/Editor/TMP/PropertyDrawers/TMP_CharacterPropertyDrawer.cs using Guid(01ada73c4792aba4c937ff5d92cce866) Importer(2089858483,b0f066a214c2f5e87bad3c948f4d605d) (ScriptedImporter) -> (artifact id: 'b33f1f8b678e5744f929c39f30a426f8') in 0.0065562 seconds
Number of updated asset objects reloaded before import = 0Number of asset objects unloaded after import = 0

========================================================================
Received Import Request.
  Time since last request: 0.000019 seconds.
  path: Packages/com.unity.ugui/Runtime/TMP/TMP_UpdateManager.cs
  artifactKey: Guid(691db8cb70c4426a8ae718465c21345f) Importer(2089858483,b0f066a214c2f5e87bad3c948f4d605d)
Start importing Packages/com.unity.ugui/Runtime/TMP/TMP_UpdateManager.cs using Guid(691db8cb70c4426a8ae718465c21345f) Importer(2089858483,b0f066a214c2f5e87bad3c948f4d605d) (ScriptedImporter) -> (artifact id: '58ae0f2f4a664dfdd5d25e7c4af902da') in 0.0058115 seconds
Number of updated asset objects reloaded before import = 0Number of asset objects unloaded after import = 0

========================================================================
Received Import Request.
  Time since last request: 0.000028 seconds.
  path: Packages/com.unity.ugui/Runtime/TMP/TMP_CoroutineTween.cs
  artifactKey: Guid(658c1fb149e7498aa072b0c0f3bf13f0) Importer(2089858483,b0f066a214c2f5e87bad3c948f4d605d)
Start importing Packages/com.unity.ugui/Runtime/TMP/TMP_CoroutineTween.cs using Guid(658c1fb149e7498aa072b0c0f3bf13f0) Importer(2089858483,b0f066a214c2f5e87bad3c948f4d605d) (ScriptedImporter) -> (artifact id: 'e62fdd107627fd338b6f6f2ff0dfe186') in 0.0063502 seconds
Number of updated asset objects reloaded before import = 0Number of asset objects unloaded after import = 0

========================================================================
Received Import Request.
  Time since last request: 0.000017 seconds.
  path: Packages/com.unity.ugui/Runtime/TMP/TMP_FontAssetUtilities.cs
  artifactKey: Guid(0a017569bfe174e4890797b4d64cbabc) Importer(2089858483,b0f066a214c2f5e87bad3c948f4d605d)
Start importing Packages/com.unity.ugui/Runtime/TMP/TMP_FontAssetUtilities.cs using Guid(0a017569bfe174e4890797b4d64cbabc) Importer(2089858483,b0f066a214c2f5e87bad3c948f4d605d) (ScriptedImporter) -> (artifact id: '7b2f8305851674985bb5409d1641dce5') in 0.0059107 seconds
Number of updated asset objects reloaded before import = 0Number of asset objects unloaded after import = 0

========================================================================
Received Import Request.
  Time since last request: 0.000018 seconds.
  path: Packages/com.unity.ugui/Runtime/TMP/TMPro_ExtensionMethods.cs
  artifactKey: Guid(77476292f9fa4905a787e6417853846b) Importer(2089858483,b0f066a214c2f5e87bad3c948f4d605d)
Start importing Packages/com.unity.ugui/Runtime/TMP/TMPro_ExtensionMethods.cs using Guid(77476292f9fa4905a787e6417853846b) Importer(2089858483,b0f066a214c2f5e87bad3c948f4d605d) (ScriptedImporter) -> (artifact id: 'd5ce37e15c36d0d861b7b22e0b922aac') in 0.0088358 seconds
Number of updated asset objects reloaded before import = 0Number of asset objects unloaded after import = 0

========================================================================
Received Import Request.
  Time since last request: 0.000026 seconds.
  path: Packages/com.unity.ugui/Runtime/TMP/TMP_MeshInfo.cs
  artifactKey: Guid(e21bec35f48a44298911b25ead550ce3) Importer(2089858483,b0f066a214c2f5e87bad3c948f4d605d)
Start importing Packages/com.unity.ugui/Runtime/TMP/TMP_MeshInfo.cs using Guid(e21bec35f48a44298911b25ead550ce3) Importer(2089858483,b0f066a214c2f5e87bad3c948f4d605d) (ScriptedImporter) -> (artifact id: 'f72f81bccc8ad93aa36d4abc2afe3154') in 0.0058053 seconds
Number of updated asset objects reloaded before import = 0Number of asset objects unloaded after import = 0

========================================================================
Received Import Request.
  Time since last request: 0.000016 seconds.
  path: Packages/com.unity.ugui/Editor/UGUI/EventSystem/InputModuleComponentFactory.cs
  artifactKey: Guid(765f7aac6597fc444a90dac4294e929d) Importer(2089858483,b0f066a214c2f5e87bad3c948f4d605d)
Start importing Packages/com.unity.ugui/Editor/UGUI/EventSystem/InputModuleComponentFactory.cs using Guid(765f7aac6597fc444a90dac4294e929d) Importer(2089858483,b0f066a214c2f5e87bad3c948f4d605d) (ScriptedImporter) -> (artifact id: 'e2d54c0b1b1c179f0cff87e27c042000') in 0.0066379 seconds
Number of updated asset objects reloaded before import = 0Number of asset objects unloaded after import = 0

========================================================================
Received Import Request.
  Time since last request: 0.000017 seconds.
  path: Packages/com.unity.ugui/Editor/UGUI/EventSystem/PhysicsRaycasterEditor.cs
  artifactKey: Guid(e976a5e755c7016418f66e15223c1b90) Importer(2089858483,b0f066a214c2f5e87bad3c948f4d605d)
Start importing Packages/com.unity.ugui/Editor/UGUI/EventSystem/PhysicsRaycasterEditor.cs using Guid(e976a5e755c7016418f66e15223c1b90) Importer(2089858483,b0f066a214c2f5e87bad3c948f4d605d) (ScriptedImporter) -> (artifact id: 'cecb6f95d4d8178793e03f93f12c1ea6') in 0.0073487 seconds
Number of updated asset objects reloaded before import = 0Number of asset objects unloaded after import = 0

========================================================================
Received Import Request.
  Time since last request: 0.000026 seconds.
  path: Packages/com.unity.ugui/Runtime/TMP/TMP_ResourcesManager.cs
  artifactKey: Guid(4877f87131635e6408f8c44e5d86791e) Importer(2089858483,b0f066a214c2f5e87bad3c948f4d605d)
Start importing Packages/com.unity.ugui/Runtime/TMP/TMP_ResourcesManager.cs using Guid(4877f87131635e6408f8c44e5d86791e) Importer(2089858483,b0f066a214c2f5e87bad3c948f4d605d) (ScriptedImporter) -> (artifact id: 'c0c8901184bc7c31e19428dfaf3bc104') in 0.005994 seconds
Number of updated asset objects reloaded before import = 0Number of asset objects unloaded after import = 0

========================================================================
Received Import Request.
  Time since last request: 0.000023 seconds.
  path: Packages/com.unity.ugui/Runtime/TMP/TMP_InputValidator.cs
  artifactKey: Guid(79ff392d1bde4ad78a3836a4a480392d) Importer(2089858483,b0f066a214c2f5e87bad3c948f4d605d)
Start importing Packages/com.unity.ugui/Runtime/TMP/TMP_InputValidator.cs using Guid(79ff392d1bde4ad78a3836a4a480392d) Importer(2089858483,b0f066a214c2f5e87bad3c948f4d605d) (ScriptedImporter) -> (artifact id: 'cd512a2f3f33d70bc8090ce6c898fb0e') in 0.0099442 seconds
Number of updated asset objects reloaded before import = 0Number of asset objects unloaded after import = 0

========================================================================
Received Import Request.
  Time since last request: 0.000022 seconds.
  path: Packages/com.unity.ugui/Runtime/TMP/TMP_UpdateRegistery.cs
  artifactKey: Guid(a55fb7b4961a425381d1282fc424f966) Importer(2089858483,b0f066a214c2f5e87bad3c948f4d605d)
Start importing Packages/com.unity.ugui/Runtime/TMP/TMP_UpdateRegistery.cs using Guid(a55fb7b4961a425381d1282fc424f966) Importer(2089858483,b0f066a214c2f5e87bad3c948f4d605d) (ScriptedImporter) -> (artifact id: '81d9b8b2ef62ff0f03c0a7a8efb11962') in 0.0059273 seconds
Number of updated asset objects reloaded before import = 0Number of asset objects unloaded after import = 0

========================================================================
Received Import Request.
  Time since last request: 0.000026 seconds.
  path: Packages/com.unity.ugui/Runtime/TMP/TMP_ShaderUtilities.cs
  artifactKey: Guid(fea49a0730244a98bf1087f7ca9410a8) Importer(2089858483,b0f066a214c2f5e87bad3c948f4d605d)
Start importing Packages/com.unity.ugui/Runtime/TMP/TMP_ShaderUtilities.cs using Guid(fea49a0730244a98bf1087f7ca9410a8) Importer(2089858483,b0f066a214c2f5e87bad3c948f4d605d) (ScriptedImporter) -> (artifact id: 'd20b1dde3cc0ab8b9b198c39fa1d0db4') in 0.0060666 seconds
Number of updated asset objects reloaded before import = 0Number of asset objects unloaded after import = 0

========================================================================
Received Import Request.
  Time since last request: 0.000016 seconds.
  path: Packages/com.unity.ugui/Editor/TMP/PropertyDrawers/TMP_SpriteCharacterPropertyDrawer.cs
  artifactKey: Guid(37cff9f5a86ae494c8cb04423580480d) Importer(2089858483,b0f066a214c2f5e87bad3c948f4d605d)
Start importing Packages/com.unity.ugui/Editor/TMP/PropertyDrawers/TMP_SpriteCharacterPropertyDrawer.cs using Guid(37cff9f5a86ae494c8cb04423580480d) Importer(2089858483,b0f066a214c2f5e87bad3c948f4d605d) (ScriptedImporter) -> (artifact id: 'd7cea45fa54fe6fe8cc5634c7b3f4bed') in 0.006404 seconds
Number of updated asset objects reloaded before import = 0Number of asset objects unloaded after import = 0

========================================================================
Received Import Request.
  Time since last request: 0.000020 seconds.
  path: Packages/com.unity.ugui/Editor/TMP/HDRP/TMP_BaseHDRPUnlitShaderGUI.cs
  artifactKey: Guid(645409e9544820042937871953f20509) Importer(2089858483,b0f066a214c2f5e87bad3c948f4d605d)
Start importing Packages/com.unity.ugui/Editor/TMP/HDRP/TMP_BaseHDRPUnlitShaderGUI.cs using Guid(645409e9544820042937871953f20509) Importer(2089858483,b0f066a214c2f5e87bad3c948f4d605d) (ScriptedImporter) -> (artifact id: 'de55d097806fd36dd18a44b5a7a21d89') in 0.0075184 seconds
Number of updated asset objects reloaded before import = 0Number of asset objects unloaded after import = 0

========================================================================
Received Import Request.
  Time since last request: 0.000026 seconds.
  path: Packages/com.unity.ugui/Runtime/TMP/TMPro_EventManager.cs
  artifactKey: Guid(96e9072453a441618754c478755b3028) Importer(2089858483,b0f066a214c2f5e87bad3c948f4d605d)
Start importing Packages/com.unity.ugui/Runtime/TMP/TMPro_EventManager.cs using Guid(96e9072453a441618754c478755b3028) Importer(2089858483,b0f066a214c2f5e87bad3c948f4d605d) (ScriptedImporter) -> (artifact id: '70760e00d3991b3fe194d28ea542581d') in 0.0075717 seconds
Number of updated asset objects reloaded before import = 0Number of asset objects unloaded after import = 0

========================================================================
Received Import Request.
  Time since last request: 0.000018 seconds.
  path: Packages/com.unity.ugui/Editor/UGUI/EventSystem/EventSystemEditor.cs
  artifactKey: Guid(6f72aa6eab9392548b9e9d92eb6b2ef8) Importer(2089858483,b0f066a214c2f5e87bad3c948f4d605d)
Start importing Packages/com.unity.ugui/Editor/UGUI/EventSystem/EventSystemEditor.cs using Guid(6f72aa6eab9392548b9e9d92eb6b2ef8) Importer(2089858483,b0f066a214c2f5e87bad3c948f4d605d) (ScriptedImporter) -> (artifact id: '6bc65cfe0044ca096e9bbf00b00a3dd1') in 0.0060226 seconds
Number of updated asset objects reloaded before import = 0Number of asset objects unloaded after import = 0

========================================================================
Received Import Request.
  Time since last request: 0.000020 seconds.
  path: Packages/com.unity.ugui/Runtime/TMP/TMP_TextProcessingCommon.cs
  artifactKey: Guid(c8f647c4cc6a64e4ba36c171768ab9a7) Importer(2089858483,b0f066a214c2f5e87bad3c948f4d605d)
Start importing Packages/com.unity.ugui/Runtime/TMP/TMP_TextProcessingCommon.cs using Guid(c8f647c4cc6a64e4ba36c171768ab9a7) Importer(2089858483,b0f066a214c2f5e87bad3c948f4d605d) (ScriptedImporter) -> (artifact id: '050290c2aaa9fc0dedacc40560371364') in 0.0068656 seconds
Number of updated asset objects reloaded before import = 0Number of asset objects unloaded after import = 0

========================================================================
Received Import Request.
  Time since last request: 0.000029 seconds.
  path: Packages/com.unity.ugui/Editor/UGUI/EventSystem/Physics2DRaycasterEditor.cs
  artifactKey: Guid(1143ae6bb91836f4a8f8ebfaabb9396d) Importer(2089858483,b0f066a214c2f5e87bad3c948f4d605d)
Start importing Packages/com.unity.ugui/Editor/UGUI/EventSystem/Physics2DRaycasterEditor.cs using Guid(1143ae6bb91836f4a8f8ebfaabb9396d) Importer(2089858483,b0f066a214c2f5e87bad3c948f4d605d) (ScriptedImporter) -> (artifact id: '3dc9a44e745833087e9eb5d054f94f20') in 0.006964 seconds
Number of updated asset objects reloaded before import = 0Number of asset objects unloaded after import = 0

========================================================================
Received Import Request.
  Time since last request: 0.000021 seconds.
  path: Packages/com.unity.ugui/Runtime/TMP/TMP_Text.cs
  artifactKey: Guid(5143f58107604835ab1a5efa2d8818fd) Importer(2089858483,b0f066a214c2f5e87bad3c948f4d605d)
Start importing Packages/com.unity.ugui/Runtime/TMP/TMP_Text.cs using Guid(5143f58107604835ab1a5efa2d8818fd) Importer(2089858483,b0f066a214c2f5e87bad3c948f4d605d) (ScriptedImporter) -> (artifact id: 'aec29c2afa91113ee9c7488012bed509') in 0.0083717 seconds
Number of updated asset objects reloaded before import = 0Number of asset objects unloaded after import = 0

========================================================================
Received Import Request.
  Time since last request: 0.000020 seconds.
  path: Packages/com.unity.ugui/Editor/TMP/PropertyDrawers/DropdownOptionListDrawer.cs
  artifactKey: Guid(9545c9eb3bf94265810463794fec8334) Importer(2089858483,b0f066a214c2f5e87bad3c948f4d605d)
Start importing Packages/com.unity.ugui/Editor/TMP/PropertyDrawers/DropdownOptionListDrawer.cs using Guid(9545c9eb3bf94265810463794fec8334) Importer(2089858483,b0f066a214c2f5e87bad3c948f4d605d) (ScriptedImporter) -> (artifact id: 'ae9b87f96528f05a2af4da8b0bc01d9e') in 0.0069725 seconds
Number of updated asset objects reloaded before import = 0Number of asset objects unloaded after import = 0

========================================================================
Received Import Request.
  Time since last request: 0.000026 seconds.
  path: Packages/com.unity.ugui/Editor/UGUI/Properties/AssemblyInfo.cs
  artifactKey: Guid(d51458b261e0ecc4a98904e53924dc1c) Importer(2089858483,b0f066a214c2f5e87bad3c948f4d605d)
Start importing Packages/com.unity.ugui/Editor/UGUI/Properties/AssemblyInfo.cs using Guid(d51458b261e0ecc4a98904e53924dc1c) Importer(2089858483,b0f066a214c2f5e87bad3c948f4d605d) (ScriptedImporter) -> (artifact id: '484351dd561167fcad78d63d27fb1065') in 0.0070411 seconds
Number of updated asset objects reloaded before import = 0Number of asset objects unloaded after import = 0

========================================================================
Received Import Request.
  Time since last request: 0.000016 seconds.
  path: Packages/com.unity.ugui/Editor/TMP/HDRP/TMP_BaseHDRPLitShaderGUI.cs
  artifactKey: Guid(e3795795b029fde4395e6953ce72b5a6) Importer(2089858483,b0f066a214c2f5e87bad3c948f4d605d)
Start importing Packages/com.unity.ugui/Editor/TMP/HDRP/TMP_BaseHDRPLitShaderGUI.cs using Guid(e3795795b029fde4395e6953ce72b5a6) Importer(2089858483,b0f066a214c2f5e87bad3c948f4d605d) (ScriptedImporter) -> (artifact id: '368b6fc5bcbe700a4360de9189f01697') in 0.0063074 seconds
Number of updated asset objects reloaded before import = 0Number of asset objects unloaded after import = 0

========================================================================
Received Import Request.
  Time since last request: 0.000018 seconds.
  path: Packages/com.unity.ugui/Runtime/TMP/TMP_TextElement_Legacy.cs
  artifactKey: Guid(87ab1bebe13f41f89d5427e7d2c34d58) Importer(2089858483,b0f066a214c2f5e87bad3c948f4d605d)
Start importing Packages/com.unity.ugui/Runtime/TMP/TMP_TextElement_Legacy.cs using Guid(87ab1bebe13f41f89d5427e7d2c34d58) Importer(2089858483,b0f066a214c2f5e87bad3c948f4d605d) (ScriptedImporter) -> (artifact id: '4e244b1ffcc55f41146d18c1db96877c') in 0.006629 seconds
Number of updated asset objects reloaded before import = 0Number of asset objects unloaded after import = 0

========================================================================
Received Import Request.
  Time since last request: 0.000030 seconds.
  path: Packages/com.unity.ugui/Runtime/TMP/TMP_DefaultControls.cs
  artifactKey: Guid(322392995be44d23a3c86cfd972f838f) Importer(2089858483,b0f066a214c2f5e87bad3c948f4d605d)
Start importing Packages/com.unity.ugui/Runtime/TMP/TMP_DefaultControls.cs using Guid(322392995be44d23a3c86cfd972f838f) Importer(2089858483,b0f066a214c2f5e87bad3c948f4d605d) (ScriptedImporter) -> (artifact id: '7622c8fd19623b2f929de03f351daa8e') in 0.0064799 seconds
Number of updated asset objects reloaded before import = 0Number of asset objects unloaded after import = 0

========================================================================
Received Import Request.
  Time since last request: 0.000019 seconds.
  path: Packages/com.unity.ugui/Runtime/UGUI/EventSystem/Raycasters/BaseRaycaster.cs
  artifactKey: Guid(426106349a0ff964fa4e7178c1d3a4f5) Importer(2089858483,b0f066a214c2f5e87bad3c948f4d605d)
Start importing Packages/com.unity.ugui/Runtime/UGUI/EventSystem/Raycasters/BaseRaycaster.cs using Guid(426106349a0ff964fa4e7178c1d3a4f5) Importer(2089858483,b0f066a214c2f5e87bad3c948f4d605d) (ScriptedImporter) -> (artifact id: 'cfc0e85edd3e534564974059e064a280') in 0.0070003 seconds
Number of updated asset objects reloaded before import = 0Number of asset objects unloaded after import = 0

========================================================================
Received Import Request.
  Time since last request: 0.000017 seconds.
  path: Packages/com.unity.ugui/Runtime/UGUI/EventSystem/UIBehaviour.cs
  artifactKey: Guid(0aaa057ce5566e940b18a0ccd0344693) Importer(2089858483,b0f066a214c2f5e87bad3c948f4d605d)
Start importing Packages/com.unity.ugui/Runtime/UGUI/EventSystem/UIBehaviour.cs using Guid(0aaa057ce5566e940b18a0ccd0344693) Importer(2089858483,b0f066a214c2f5e87bad3c948f4d605d) (ScriptedImporter) -> (artifact id: '7b22f558bea468e33858e53816aa1498') in 0.0066465 seconds
Number of updated asset objects reloaded before import = 0Number of asset objects unloaded after import = 0

========================================================================
Received Import Request.
  Time since last request: 0.000035 seconds.
  path: Packages/com.unity.ugui/Runtime/UGUI/EventSystem/EventSystem.cs
  artifactKey: Guid(76c392e42b5098c458856cdf6ecaaaa1) Importer(2089858483,b0f066a214c2f5e87bad3c948f4d605d)
Start importing Packages/com.unity.ugui/Runtime/UGUI/EventSystem/EventSystem.cs using Guid(76c392e42b5098c458856cdf6ecaaaa1) Importer(2089858483,b0f066a214c2f5e87bad3c948f4d605d) (ScriptedImporter) -> (artifact id: '8e6e1ab575ae57697d71518f46e8c76b') in 0.0065963 seconds
Number of updated asset objects reloaded before import = 0Number of asset objects unloaded after import = 0

========================================================================
Received Import Request.
  Time since last request: 0.000017 seconds.
  path: Packages/com.unity.ugui/Runtime/UGUI/UI/Core/GraphicRebuildTracker.cs
  artifactKey: Guid(445cdcfc747eba94288b97f5869aa2fb) Importer(2089858483,b0f066a214c2f5e87bad3c948f4d605d)
Start importing Packages/com.unity.ugui/Runtime/UGUI/UI/Core/GraphicRebuildTracker.cs using Guid(445cdcfc747eba94288b97f5869aa2fb) Importer(2089858483,b0f066a214c2f5e87bad3c948f4d605d) (ScriptedImporter) -> (artifact id: '2651e4874261f22d0859bdd75ae9fc29') in 0.00763 seconds
Number of updated asset objects reloaded before import = 0Number of asset objects unloaded after import = 0

========================================================================
Received Import Request.
  Time since last request: 0.000021 seconds.
  path: Packages/com.unity.ugui/Editor/UGUI/UI/PropertyDrawers/SpriteStateDrawer.cs
  artifactKey: Guid(728d2c19676ea3743aaa087aa28c4a16) Importer(2089858483,b0f066a214c2f5e87bad3c948f4d605d)
Start importing Packages/com.unity.ugui/Editor/UGUI/UI/PropertyDrawers/SpriteStateDrawer.cs using Guid(728d2c19676ea3743aaa087aa28c4a16) Importer(2089858483,b0f066a214c2f5e87bad3c948f4d605d) (ScriptedImporter) -> (artifact id: '673329aec2a20cae336756d8ad1c9871') in 0.0071825 seconds
Number of updated asset objects reloaded before import = 0Number of asset objects unloaded after import = 0

========================================================================
Received Import Request.
  Time since last request: 0.000028 seconds.
  path: Packages/com.unity.ugui/Tests/Editor/TMP/Unity.TextMeshPro.Editor.Tests.asmdef
  artifactKey: Guid(656e461844099ae43a609ff6109b0877) Importer(2089858483,b0f066a214c2f5e87bad3c948f4d605d)
Start importing Packages/com.unity.ugui/Tests/Editor/TMP/Unity.TextMeshPro.Editor.Tests.asmdef using Guid(656e461844099ae43a609ff6109b0877) Importer(2089858483,b0f066a214c2f5e87bad3c948f4d605d) (ScriptedImporter) -> (artifact id: '450f7db105ef289ffdfa299de36f9d7f') in 0.0127329 seconds
Number of updated asset objects reloaded before import = 0Number of asset objects unloaded after import = 1

========================================================================
Received Import Request.
  Time since last request: 0.000016 seconds.
  path: Packages/com.unity.ugui/Runtime/UGUI/UI/Core/FontUpdateTracker.cs
  artifactKey: Guid(39ab466162988eb4f83443f911bbf5c8) Importer(2089858483,b0f066a214c2f5e87bad3c948f4d605d)
Start importing Packages/com.unity.ugui/Runtime/UGUI/UI/Core/FontUpdateTracker.cs using Guid(39ab466162988eb4f83443f911bbf5c8) Importer(2089858483,b0f066a214c2f5e87bad3c948f4d605d) (ScriptedImporter) -> (artifact id: 'c321fce0057e56d63df46178717b357f') in 0.0068238 seconds
Number of updated asset objects reloaded before import = 0Number of asset objects unloaded after import = 0

========================================================================
Received Import Request.
  Time since last request: 0.000030 seconds.
  path: Packages/com.unity.ugui/Editor/UGUI/UI/ImageEditor.cs
  artifactKey: Guid(b759d61544e231c41bc88530b1d94ee8) Importer(2089858483,b0f066a214c2f5e87bad3c948f4d605d)
Start importing Packages/com.unity.ugui/Editor/UGUI/UI/ImageEditor.cs using Guid(b759d61544e231c41bc88530b1d94ee8) Importer(2089858483,b0f066a214c2f5e87bad3c948f4d605d) (ScriptedImporter) -> (artifact id: '88a98a5bff291fe0ebdf7f75e3e3c882') in 0.0095475 seconds
Number of updated asset objects reloaded before import = 0Number of asset objects unloaded after import = 0

========================================================================
Received Import Request.
  Time since last request: 0.000159 seconds.
  path: Packages/com.unity.ugui/Runtime/UGUI/UI/Core/DefaultControls.cs
  artifactKey: Guid(bf87e20fb5440ec498f441167b5291f8) Importer(2089858483,b0f066a214c2f5e87bad3c948f4d605d)
Start importing Packages/com.unity.ugui/Runtime/UGUI/UI/Core/DefaultControls.cs using Guid(bf87e20fb5440ec498f441167b5291f8) Importer(2089858483,b0f066a214c2f5e87bad3c948f4d605d) (ScriptedImporter) -> (artifact id: 'f35982dd72ed135177c102dd12e4214c') in 0.0090127 seconds
Number of updated asset objects reloaded before import = 0Number of asset objects unloaded after import = 0

========================================================================
Received Import Request.
  Time since last request: 0.000025 seconds.
  path: Packages/com.unity.ugui/Runtime/UGUI/UI/Animation/CoroutineTween.cs
  artifactKey: Guid(7be84a49bb2cd7e4a9ed097ba22794d0) Importer(2089858483,b0f066a214c2f5e87bad3c948f4d605d)
Start importing Packages/com.unity.ugui/Runtime/UGUI/UI/Animation/CoroutineTween.cs using Guid(7be84a49bb2cd7e4a9ed097ba22794d0) Importer(2089858483,b0f066a214c2f5e87bad3c948f4d605d) (ScriptedImporter) -> (artifact id: 'bd9eec2e6bb00ba993300a4b28737070') in 0.0083153 seconds
Number of updated asset objects reloaded before import = 0Number of asset objects unloaded after import = 0

========================================================================
Received Import Request.
  Time since last request: 0.000020 seconds.
  path: Packages/com.unity.ugui/Editor/UGUI/UI/ContentSizeFitterEditor.cs
  artifactKey: Guid(35d143b352678294ab0f5feb97b67f88) Importer(2089858483,b0f066a214c2f5e87bad3c948f4d605d)
Start importing Packages/com.unity.ugui/Editor/UGUI/UI/ContentSizeFitterEditor.cs using Guid(35d143b352678294ab0f5feb97b67f88) Importer(2089858483,b0f066a214c2f5e87bad3c948f4d605d) (ScriptedImporter) -> (artifact id: '3b4b6ad6cfda2a6499ca3ce438e3dc12') in 0.0068795 seconds
Number of updated asset objects reloaded before import = 0Number of asset objects unloaded after import = 0

========================================================================
Received Import Request.
  Time since last request: 0.000028 seconds.
  path: Packages/com.unity.ugui/Runtime/UGUI/UI/Core/GraphicRaycaster.cs
  artifactKey: Guid(dc42784cf147c0c48a680349fa168899) Importer(2089858483,b0f066a214c2f5e87bad3c948f4d605d)
Start importing Packages/com.unity.ugui/Runtime/UGUI/UI/Core/GraphicRaycaster.cs using Guid(dc42784cf147c0c48a680349fa168899) Importer(2089858483,b0f066a214c2f5e87bad3c948f4d605d) (ScriptedImporter) -> (artifact id: '4ca6eaa5c11c48986f3a9a49f4559ab2') in 0.006063 seconds
Number of updated asset objects reloaded before import = 0Number of asset objects unloaded after import = 0

========================================================================
Received Import Request.
  Time since last request: 0.000015 seconds.
  path: Packages/com.unity.ugui/Editor/UGUI/UI/PropertyDrawers/DropdownOptionListDrawer.cs
  artifactKey: Guid(1385bc74f3945c943be16ecbb1381063) Importer(2089858483,b0f066a214c2f5e87bad3c948f4d605d)
Start importing Packages/com.unity.ugui/Editor/UGUI/UI/PropertyDrawers/DropdownOptionListDrawer.cs using Guid(1385bc74f3945c943be16ecbb1381063) Importer(2089858483,b0f066a214c2f5e87bad3c948f4d605d) (ScriptedImporter) -> (artifact id: '64c058e51b00865356feaebcbe369e1f') in 0.0060042 seconds
Number of updated asset objects reloaded before import = 0Number of asset objects unloaded after import = 0

========================================================================
Received Import Request.
  Time since last request: 0.000026 seconds.
  path: Packages/com.unity.ugui/Runtime/UGUI/UI/Core/CanvasUpdateRegistry.cs
  artifactKey: Guid(bfb788a43e03363419155b8af77da971) Importer(2089858483,b0f066a214c2f5e87bad3c948f4d605d)
Start importing Packages/com.unity.ugui/Runtime/UGUI/UI/Core/CanvasUpdateRegistry.cs using Guid(bfb788a43e03363419155b8af77da971) Importer(2089858483,b0f066a214c2f5e87bad3c948f4d605d) (ScriptedImporter) -> (artifact id: 'ac4b7c9fdc07d936c679ae4014d56b12') in 0.0061631 seconds
Number of updated asset objects reloaded before import = 0Number of asset objects unloaded after import = 0

========================================================================
Received Import Request.
  Time since last request: 0.000026 seconds.
  path: Packages/com.unity.ugui/Runtime/UGUI/EventSystem/Raycasters/PhysicsRaycaster.cs
  artifactKey: Guid(c49b4cc203aa6414fae5c798d1d0e7d6) Importer(2089858483,b0f066a214c2f5e87bad3c948f4d605d)
Start importing Packages/com.unity.ugui/Runtime/UGUI/EventSystem/Raycasters/PhysicsRaycaster.cs using Guid(c49b4cc203aa6414fae5c798d1d0e7d6) Importer(2089858483,b0f066a214c2f5e87bad3c948f4d605d) (ScriptedImporter) -> (artifact id: '12ed96d6445d5dd6b651dc79084374be') in 0.0083265 seconds
Number of updated asset objects reloaded before import = 0Number of asset objects unloaded after import = 0

========================================================================
Received Import Request.
  Time since last request: 0.000018 seconds.
  path: Packages/com.unity.ugui/Runtime/UGUI/EventSystem/RaycasterManager.cs
  artifactKey: Guid(26570be2af04195458e6f1ac1f5c48e0) Importer(2089858483,b0f066a214c2f5e87bad3c948f4d605d)
Start importing Packages/com.unity.ugui/Runtime/UGUI/EventSystem/RaycasterManager.cs using Guid(26570be2af04195458e6f1ac1f5c48e0) Importer(2089858483,b0f066a214c2f5e87bad3c948f4d605d) (ScriptedImporter) -> (artifact id: '1b79fd57c7824e3bdde3a52348284d17') in 0.0068455 seconds
Number of updated asset objects reloaded before import = 0Number of asset objects unloaded after import = 0

========================================================================
Received Import Request.
  Time since last request: 0.000024 seconds.
  path: Packages/com.unity.ugui/Runtime/UGUI/EventSystem/InputModules/StandaloneInputModule.cs
  artifactKey: Guid(4f231c4fb786f3946a6b90b886c48677) Importer(2089858483,b0f066a214c2f5e87bad3c948f4d605d)
Start importing Packages/com.unity.ugui/Runtime/UGUI/EventSystem/InputModules/StandaloneInputModule.cs using Guid(4f231c4fb786f3946a6b90b886c48677) Importer(2089858483,b0f066a214c2f5e87bad3c948f4d605d) (ScriptedImporter) -> (artifact id: 'd682ea47cf8387691c19a37d73e527d1') in 0.0108421 seconds
Number of updated asset objects reloaded before import = 0Number of asset objects unloaded after import = 0

========================================================================
Received Import Request.
  Time since last request: 0.000033 seconds.
  path: Packages/com.unity.ugui/Editor/UGUI/UI/MenuOptions.cs
  artifactKey: Guid(f867743975592a743a3581ff042bcc25) Importer(2089858483,b0f066a214c2f5e87bad3c948f4d605d)
Start importing Packages/com.unity.ugui/Editor/UGUI/UI/MenuOptions.cs using Guid(f867743975592a743a3581ff042bcc25) Importer(2089858483,b0f066a214c2f5e87bad3c948f4d605d) (ScriptedImporter) -> (artifact id: '4b9319fd9199917eccec53e882a30d60') in 0.0068623 seconds
Number of updated asset objects reloaded before import = 0Number of asset objects unloaded after import = 0

========================================================================
Received Import Request.
  Time since last request: 0.000017 seconds.
  path: Packages/com.unity.ugui/Runtime/UGUI/EventSystem/EventTriggerType.cs
  artifactKey: Guid(3fa274f26b1574c40b949e114327022e) Importer(2089858483,b0f066a214c2f5e87bad3c948f4d605d)
Start importing Packages/com.unity.ugui/Runtime/UGUI/EventSystem/EventTriggerType.cs using Guid(3fa274f26b1574c40b949e114327022e) Importer(2089858483,b0f066a214c2f5e87bad3c948f4d605d) (ScriptedImporter) -> (artifact id: '47241985919bfb6994a9a83b283be55a') in 0.0074981 seconds
Number of updated asset objects reloaded before import = 0Number of asset objects unloaded after import = 0

========================================================================
Received Import Request.
  Time since last request: 0.000026 seconds.
  path: Packages/com.unity.ugui/Runtime/UGUI/UI/Core/GraphicRegistry.cs
  artifactKey: Guid(69e3979b7029e8a4da2d96b714ba5c3a) Importer(2089858483,b0f066a214c2f5e87bad3c948f4d605d)
Start importing Packages/com.unity.ugui/Runtime/UGUI/UI/Core/GraphicRegistry.cs using Guid(69e3979b7029e8a4da2d96b714ba5c3a) Importer(2089858483,b0f066a214c2f5e87bad3c948f4d605d) (ScriptedImporter) -> (artifact id: '7368720d509b609d9245ef690030ea77') in 0.0080759 seconds
Number of updated asset objects reloaded before import = 0Number of asset objects unloaded after import = 0

========================================================================
Received Import Request.
  Time since last request: 0.000025 seconds.
  path: Packages/com.unity.ugui/Runtime/UGUI/EventSystem/UIElements/WorldDocumentRaycaster.cs
  artifactKey: Guid(2c727e4c005e5114fb3348a38c4cebbf) Importer(2089858483,b0f066a214c2f5e87bad3c948f4d605d)
Start importing Packages/com.unity.ugui/Runtime/UGUI/EventSystem/UIElements/WorldDocumentRaycaster.cs using Guid(2c727e4c005e5114fb3348a38c4cebbf) Importer(2089858483,b0f066a214c2f5e87bad3c948f4d605d) (ScriptedImporter) -> (artifact id: '185d25c6217c56494ffb1aaa767c4dae') in 0.0071594 seconds
Number of updated asset objects reloaded before import = 0Number of asset objects unloaded after import = 0

========================================================================
Received Import Request.
  Time since last request: 0.000018 seconds.
  path: Packages/com.unity.ugui/Editor/UGUI/UI/ScrollbarEditor.cs
  artifactKey: Guid(f700f31b2e40d7f4bb69753fdbbbc2b5) Importer(2089858483,b0f066a214c2f5e87bad3c948f4d605d)
Start importing Packages/com.unity.ugui/Editor/UGUI/UI/ScrollbarEditor.cs using Guid(f700f31b2e40d7f4bb69753fdbbbc2b5) Importer(2089858483,b0f066a214c2f5e87bad3c948f4d605d) (ScriptedImporter) -> (artifact id: '058141d482ec6c063a0ef7998f67f537') in 0.0067419 seconds
Number of updated asset objects reloaded before import = 0Number of asset objects unloaded after import = 0

========================================================================
Received Import Request.
  Time since last request: 0.000029 seconds.
  path: Packages/com.unity.ugui/Runtime/UGUI/EventSystem/InputModules/BaseInput.cs
  artifactKey: Guid(1511ccae7919cfc46b603b9b337fdc94) Importer(2089858483,b0f066a214c2f5e87bad3c948f4d605d)
Start importing Packages/com.unity.ugui/Runtime/UGUI/EventSystem/InputModules/BaseInput.cs using Guid(1511ccae7919cfc46b603b9b337fdc94) Importer(2089858483,b0f066a214c2f5e87bad3c948f4d605d) (ScriptedImporter) -> (artifact id: '101d0014b9a5670d8a688372bd99cea0') in 0.0085933 seconds
Number of updated asset objects reloaded before import = 0Number of asset objects unloaded after import = 0

========================================================================
Received Import Request.
  Time since last request: 0.000032 seconds.
  path: Packages/com.unity.ugui/Runtime/UGUI/UI/Core/Toggle.cs
  artifactKey: Guid(9085046f02f69544eb97fd06b6048fe2) Importer(2089858483,b0f066a214c2f5e87bad3c948f4d605d)
Start importing Packages/com.unity.ugui/Runtime/UGUI/UI/Core/Toggle.cs using Guid(9085046f02f69544eb97fd06b6048fe2) Importer(2089858483,b0f066a214c2f5e87bad3c948f4d605d) (ScriptedImporter) -> (artifact id: 'ed77d27c9604089dbdbc6be89b0974ea') in 0.0077141 seconds
Number of updated asset objects reloaded before import = 0Number of asset objects unloaded after import = 0

========================================================================
Received Import Request.
  Time since last request: 0.000022 seconds.
  path: Packages/com.unity.ugui/Tests/Editor/UGUI/InputField/ContentValidation.cs
  artifactKey: Guid(5a2e98b03511c6f43bc645238cd40857) Importer(2089858483,b0f066a214c2f5e87bad3c948f4d605d)
Start importing Packages/com.unity.ugui/Tests/Editor/UGUI/InputField/ContentValidation.cs using Guid(5a2e98b03511c6f43bc645238cd40857) Importer(2089858483,b0f066a214c2f5e87bad3c948f4d605d) (ScriptedImporter) -> (artifact id: 'd9f3cfc93189bdc9fee16a1ff9cd54c4') in 0.0091945 seconds
Number of updated asset objects reloaded before import = 0Number of asset objects unloaded after import = 0

========================================================================
Received Import Request.
  Time since last request: 0.000025 seconds.
  path: Packages/com.unity.ugui/Tests/Runtime/UGUI/Canvas/CoroutineWorksIfUIObjectIsAttached.cs
  artifactKey: Guid(8573c56c34e616248a3881b2c56280ef) Importer(2089858483,b0f066a214c2f5e87bad3c948f4d605d)
Start importing Packages/com.unity.ugui/Tests/Runtime/UGUI/Canvas/CoroutineWorksIfUIObjectIsAttached.cs using Guid(8573c56c34e616248a3881b2c56280ef) Importer(2089858483,b0f066a214c2f5e87bad3c948f4d605d) (ScriptedImporter) -> (artifact id: '99472f6dee8ca634562e7957d3afa701') in 0.00949 seconds
Number of updated asset objects reloaded before import = 0Number of asset objects unloaded after import = 0

========================================================================
Received Import Request.
  Time since last request: 0.000039 seconds.
  path: Packages/com.unity.ugui/Runtime/UGUI/UI/Core/Misc.cs
  artifactKey: Guid(828075bc53f2de84982a943870529b7b) Importer(2089858483,b0f066a214c2f5e87bad3c948f4d605d)
Start importing Packages/com.unity.ugui/Runtime/UGUI/UI/Core/Misc.cs using Guid(828075bc53f2de84982a943870529b7b) Importer(2089858483,b0f066a214c2f5e87bad3c948f4d605d) (ScriptedImporter) -> (artifact id: '22ff9d88ed361c9b68c867adf35f5b21') in 0.007521 seconds
Number of updated asset objects reloaded before import = 0Number of asset objects unloaded after import = 0

========================================================================
Received Import Request.
  Time since last request: 0.000016 seconds.
  path: Packages/com.unity.ugui/Tests/Runtime/UGUI/Canvas/NoActiveCameraInSceneDoesNotCrashEditor.cs
  artifactKey: Guid(9c21cfda3336137438c3001d40564be0) Importer(2089858483,b0f066a214c2f5e87bad3c948f4d605d)
Start importing Packages/com.unity.ugui/Tests/Runtime/UGUI/Canvas/NoActiveCameraInSceneDoesNotCrashEditor.cs using Guid(9c21cfda3336137438c3001d40564be0) Importer(2089858483,b0f066a214c2f5e87bad3c948f4d605d) (ScriptedImporter) -> (artifact id: '8335ff5d0e0b9a2d5b065cbc38c2fa41') in 0.0071814 seconds
Number of updated asset objects reloaded before import = 0Number of asset objects unloaded after import = 0

========================================================================
Received Import Request.
  Time since last request: 0.000019 seconds.
  path: Packages/com.unity.ugui/Runtime/UGUI/UI/Core/MultipleDisplayUtilities.cs
  artifactKey: Guid(5ebeb75bd91642048bb3f6c1939fde66) Importer(2089858483,b0f066a214c2f5e87bad3c948f4d605d)
Start importing Packages/com.unity.ugui/Runtime/UGUI/UI/Core/MultipleDisplayUtilities.cs using Guid(5ebeb75bd91642048bb3f6c1939fde66) Importer(2089858483,b0f066a214c2f5e87bad3c948f4d605d) (ScriptedImporter) -> (artifact id: '4944b68d158187862cc03e4ef6985cc3') in 0.008458 seconds
Number of updated asset objects reloaded before import = 0Number of asset objects unloaded after import = 0

========================================================================
Received Import Request.
  Time since last request: 0.000027 seconds.
  path: Packages/com.unity.ugui/Tests/Runtime/UGUI/Canvas/CanvasResizeCorrectlyForRenderTexture.cs
  artifactKey: Guid(d4dbe29df1b294c4f8f0a2fb529d19fd) Importer(2089858483,b0f066a214c2f5e87bad3c948f4d605d)
Start importing Packages/com.unity.ugui/Tests/Runtime/UGUI/Canvas/CanvasResizeCorrectlyForRenderTexture.cs using Guid(d4dbe29df1b294c4f8f0a2fb529d19fd) Importer(2089858483,b0f066a214c2f5e87bad3c948f4d605d) (ScriptedImporter) -> (artifact id: 'c7825644cc615989f048a89f4d7cc532') in 0.0078905 seconds
Number of updated asset objects reloaded before import = 0Number of asset objects unloaded after import = 0

========================================================================
Received Import Request.
  Time since last request: 0.000022 seconds.
  path: Packages/com.unity.ugui/Runtime/UGUI/UI/Core/SpriteState.cs
  artifactKey: Guid(25b01819c6e1649428db2a9b274cf364) Importer(2089858483,b0f066a214c2f5e87bad3c948f4d605d)
Start importing Packages/com.unity.ugui/Runtime/UGUI/UI/Core/SpriteState.cs using Guid(25b01819c6e1649428db2a9b274cf364) Importer(2089858483,b0f066a214c2f5e87bad3c948f4d605d) (ScriptedImporter) -> (artifact id: 'b4a4c3001d44c91da071f03a91d37d22') in 0.0066161 seconds
Number of updated asset objects reloaded before import = 0Number of asset objects unloaded after import = 0

========================================================================
Received Import Request.
  Time since last request: 0.000019 seconds.
  path: Packages/com.unity.ugui/Tests/Runtime/UGUI/EventSystem/GraphicRaycasterButtonTests.cs
  artifactKey: Guid(53ee1d135588bf447a7af7ba2e8709d7) Importer(2089858483,b0f066a214c2f5e87bad3c948f4d605d)
Start importing Packages/com.unity.ugui/Tests/Runtime/UGUI/EventSystem/GraphicRaycasterButtonTests.cs using Guid(53ee1d135588bf447a7af7ba2e8709d7) Importer(2089858483,b0f066a214c2f5e87bad3c948f4d605d) (ScriptedImporter) -> (artifact id: 'f617f7224ed704ee2c788d18ef99fc32') in 0.0099428 seconds
Number of updated asset objects reloaded before import = 0Number of asset objects unloaded after import = 0

========================================================================
Received Import Request.
  Time since last request: 0.000027 seconds.
  path: Packages/com.unity.ugui/Tests/Editor/UGUI/EventSystem/EventTriggerRemoveDuringExecution.cs
  artifactKey: Guid(4adb1f65bbae8004a88d8f5bc3523298) Importer(2089858483,b0f066a214c2f5e87bad3c948f4d605d)
Start importing Packages/com.unity.ugui/Tests/Editor/UGUI/EventSystem/EventTriggerRemoveDuringExecution.cs using Guid(4adb1f65bbae8004a88d8f5bc3523298) Importer(2089858483,b0f066a214c2f5e87bad3c948f4d605d) (ScriptedImporter) -> (artifact id: '8385834f4c13dbdb8d6e6af2ec0e5bb5') in 0.005903 seconds
Number of updated asset objects reloaded before import = 0Number of asset objects unloaded after import = 0

========================================================================
Received Import Request.
  Time since last request: 0.000017 seconds.
  path: Packages/com.unity.ugui/Tests/Runtime/UGUI/EventSystem/PhysicsRaycasterTests.cs
  artifactKey: Guid(833143c443f979e44ae0b8ed899e3b59) Importer(2089858483,b0f066a214c2f5e87bad3c948f4d605d)
Start importing Packages/com.unity.ugui/Tests/Runtime/UGUI/EventSystem/PhysicsRaycasterTests.cs using Guid(833143c443f979e44ae0b8ed899e3b59) Importer(2089858483,b0f066a214c2f5e87bad3c948f4d605d) (ScriptedImporter) -> (artifact id: '7ffa392e39c705663321db5a6f2011cd') in 0.0066576 seconds
Number of updated asset objects reloaded before import = 0Number of asset objects unloaded after import = 0

========================================================================
Received Import Request.
  Time since last request: 0.000020 seconds.
  path: Packages/com.unity.ugui/Tests/Editor/UGUI/Canvas/CanvasWidthAssertionErrorWithRectTransform.cs
  artifactKey: Guid(4585b5feb801bdb44b0e5eafdd95a3be) Importer(2089858483,b0f066a214c2f5e87bad3c948f4d605d)
Start importing Packages/com.unity.ugui/Tests/Editor/UGUI/Canvas/CanvasWidthAssertionErrorWithRectTransform.cs using Guid(4585b5feb801bdb44b0e5eafdd95a3be) Importer(2089858483,b0f066a214c2f5e87bad3c948f4d605d) (ScriptedImporter) -> (artifact id: '92207df410406a2324c385aecf984b6e') in 0.0082286 seconds
Number of updated asset objects reloaded before import = 0Number of asset objects unloaded after import = 0

========================================================================
Received Import Request.
  Time since last request: 0.000061 seconds.
  path: Packages/com.unity.ugui/Tests/Editor/UGUI/Dropdown/DropdownOptionsListDrawer.cs
  artifactKey: Guid(b180d0cec21671c45a32a9ce99bff2f5) Importer(2089858483,b0f066a214c2f5e87bad3c948f4d605d)
Start importing Packages/com.unity.ugui/Tests/Editor/UGUI/Dropdown/DropdownOptionsListDrawer.cs using Guid(b180d0cec21671c45a32a9ce99bff2f5) Importer(2089858483,b0f066a214c2f5e87bad3c948f4d605d) (ScriptedImporter) -> (artifact id: '750a07fe935af6fee12e798c38e2e814') in 0.0064382 seconds
Number of updated asset objects reloaded before import = 0Number of asset objects unloaded after import = 0

========================================================================
Received Import Request.
  Time since last request: 0.000021 seconds.
  path: Packages/com.unity.ugui/Tests/Editor/UGUI/UnityEvent/UnityEventInvoke.cs
  artifactKey: Guid(977190a4db46de442aed27279d247df4) Importer(2089858483,b0f066a214c2f5e87bad3c948f4d605d)
Start importing Packages/com.unity.ugui/Tests/Editor/UGUI/UnityEvent/UnityEventInvoke.cs using Guid(977190a4db46de442aed27279d247df4) Importer(2089858483,b0f066a214c2f5e87bad3c948f4d605d) (ScriptedImporter) -> (artifact id: 'aa7e7e7999f51a7eac293d454b50fecd') in 0.0063731 seconds
Number of updated asset objects reloaded before import = 0Number of asset objects unloaded after import = 0

========================================================================
Received Import Request.
  Time since last request: 0.000019 seconds.
  path: Packages/com.unity.ugui/Runtime/UGUI/UI/Core/Mask.cs
  artifactKey: Guid(31a19414c41e5ae4aae2af33fee712f6) Importer(2089858483,b0f066a214c2f5e87bad3c948f4d605d)
Start importing Packages/com.unity.ugui/Runtime/UGUI/UI/Core/Mask.cs using Guid(31a19414c41e5ae4aae2af33fee712f6) Importer(2089858483,b0f066a214c2f5e87bad3c948f4d605d) (ScriptedImporter) -> (artifact id: 'ecdc6d8b8e6021b42d646951db1e9807') in 0.0065125 seconds
Number of updated asset objects reloaded before import = 0Number of asset objects unloaded after import = 0

========================================================================
Received Import Request.
  Time since last request: 0.000027 seconds.
  path: Packages/com.unity.ugui/Tests/Runtime/UGUI/CanvasRenderer/CanvasRendererTests.cs
  artifactKey: Guid(6fac6d65d2fb7472d94e95ddb8b8798c) Importer(2089858483,b0f066a214c2f5e87bad3c948f4d605d)
Start importing Packages/com.unity.ugui/Tests/Runtime/UGUI/CanvasRenderer/CanvasRendererTests.cs using Guid(6fac6d65d2fb7472d94e95ddb8b8798c) Importer(2089858483,b0f066a214c2f5e87bad3c948f4d605d) (ScriptedImporter) -> (artifact id: '06cca98aad01e1fea327f34105d4c4b6') in 0.0062705 seconds
Number of updated asset objects reloaded before import = 0Number of asset objects unloaded after import = 0

========================================================================
Received Import Request.
  Time since last request: 0.000017 seconds.
  path: Packages/com.unity.ugui/Runtime/UGUI/UI/Core/InputField.cs
  artifactKey: Guid(d199490a83bb2b844b9695cbf13b01ef) Importer(2089858483,b0f066a214c2f5e87bad3c948f4d605d)
Start importing Packages/com.unity.ugui/Runtime/UGUI/UI/Core/InputField.cs using Guid(d199490a83bb2b844b9695cbf13b01ef) Importer(2089858483,b0f066a214c2f5e87bad3c948f4d605d) (ScriptedImporter) -> (artifact id: 'd1ef48b3a7771bc89e7acbdc1b397c26') in 0.0079223 seconds
Number of updated asset objects reloaded before import = 0Number of asset objects unloaded after import = 0

========================================================================
Received Import Request.
  Time since last request: 0.000022 seconds.
  path: Packages/com.unity.ugui/Tests/Runtime/UGUI/EventSystem/RaycastSortingTests.cs
  artifactKey: Guid(0ca2545d76d1fb34fa45a9f1e432d259) Importer(2089858483,b0f066a214c2f5e87bad3c948f4d605d)
Start importing Packages/com.unity.ugui/Tests/Runtime/UGUI/EventSystem/RaycastSortingTests.cs using Guid(0ca2545d76d1fb34fa45a9f1e432d259) Importer(2089858483,b0f066a214c2f5e87bad3c948f4d605d) (ScriptedImporter) -> (artifact id: '3db36bf44b0c7dc0e687b933eb266edd') in 0.0057544 seconds
Number of updated asset objects reloaded before import = 0Number of asset objects unloaded after import = 0

========================================================================
Received Import Request.
  Time since last request: 0.000037 seconds.
  path: Packages/com.unity.ugui/Tests/Runtime/UGUI/Canvas/NestedCanvasMaintainsCorrectSize.cs
  artifactKey: Guid(be07f70ee67e6d74e851a9333719bbb6) Importer(2089858483,b0f066a214c2f5e87bad3c948f4d605d)
Start importing Packages/com.unity.ugui/Tests/Runtime/UGUI/Canvas/NestedCanvasMaintainsCorrectSize.cs using Guid(be07f70ee67e6d74e851a9333719bbb6) Importer(2089858483,b0f066a214c2f5e87bad3c948f4d605d) (ScriptedImporter) -> (artifact id: 'e5b0228f58357453b3c71af5ab79c99c') in 0.006638 seconds
Number of updated asset objects reloaded before import = 0Number of asset objects unloaded after import = 0

========================================================================
Received Import Request.
  Time since last request: 0.000023 seconds.
  path: Packages/com.unity.ugui/Tests/Runtime/UGUI/EventSystem/GraphicRaycasterWorldSpaceCanvasTests.cs
  artifactKey: Guid(3d42c4854f9093e409cd90c00ef26de0) Importer(2089858483,b0f066a214c2f5e87bad3c948f4d605d)
Start importing Packages/com.unity.ugui/Tests/Runtime/UGUI/EventSystem/GraphicRaycasterWorldSpaceCanvasTests.cs using Guid(3d42c4854f9093e409cd90c00ef26de0) Importer(2089858483,b0f066a214c2f5e87bad3c948f4d605d) (ScriptedImporter) -> (artifact id: '7837a84767aa14a124df40ac76aeca6a') in 0.0065893 seconds
Number of updated asset objects reloaded before import = 0Number of asset objects unloaded after import = 0

========================================================================
Received Import Request.
  Time since last request: 0.000019 seconds.
  path: Packages/com.unity.ugui/Tests/Runtime/UGUI/Canvas/NestedCanvas.cs
  artifactKey: Guid(fc8d686a4c18b8d49bb1db4150de0459) Importer(2089858483,b0f066a214c2f5e87bad3c948f4d605d)
Start importing Packages/com.unity.ugui/Tests/Runtime/UGUI/Canvas/NestedCanvas.cs using Guid(fc8d686a4c18b8d49bb1db4150de0459) Importer(2089858483,b0f066a214c2f5e87bad3c948f4d605d) (ScriptedImporter) -> (artifact id: '645c178a9157d4d94af4c0a156ea6a98') in 0.0061004 seconds
Number of updated asset objects reloaded before import = 0Number of asset objects unloaded after import = 0

========================================================================
Received Import Request.
  Time since last request: 0.000042 seconds.
  path: Packages/com.unity.ugui/Tests/Runtime/UGUI/UnityEngine.UI.Tests.asmdef
  artifactKey: Guid(e9745f6a32442194c8dc5a43e9ab86f9) Importer(2089858483,b0f066a214c2f5e87bad3c948f4d605d)
Start importing Packages/com.unity.ugui/Tests/Runtime/UGUI/UnityEngine.UI.Tests.asmdef using Guid(e9745f6a32442194c8dc5a43e9ab86f9) Importer(2089858483,b0f066a214c2f5e87bad3c948f4d605d) (ScriptedImporter) -> (artifact id: '03c3f99a96eea31998dd433be7912ae7') in 0.0096739 seconds
Number of updated asset objects reloaded before import = 0Number of asset objects unloaded after import = 1

========================================================================
Received Import Request.
  Time since last request: 0.000022 seconds.
  path: Packages/com.unity.ugui/Editor/UGUI/UI/DropdownEditor.cs
  artifactKey: Guid(05f582d4fbc8e0c40afccb76bbbe0935) Importer(2089858483,b0f066a214c2f5e87bad3c948f4d605d)
Start importing Packages/com.unity.ugui/Editor/UGUI/UI/DropdownEditor.cs using Guid(05f582d4fbc8e0c40afccb76bbbe0935) Importer(2089858483,b0f066a214c2f5e87bad3c948f4d605d) (ScriptedImporter) -> (artifact id: '5ea3b701dfc24863c8f6056b567b1142') in 0.0078877 seconds
Number of updated asset objects reloaded before import = 0Number of asset objects unloaded after import = 0

========================================================================
Received Import Request.
  Time since last request: 0.000027 seconds.
  path: Packages/com.unity.ugui/Runtime/UGUI/UI/Core/RectMask2D.cs
  artifactKey: Guid(3312d7739989d2b4e91e6319e9a96d76) Importer(2089858483,b0f066a214c2f5e87bad3c948f4d605d)
Start importing Packages/com.unity.ugui/Runtime/UGUI/UI/Core/RectMask2D.cs using Guid(3312d7739989d2b4e91e6319e9a96d76) Importer(2089858483,b0f066a214c2f5e87bad3c948f4d605d) (ScriptedImporter) -> (artifact id: '1615ecb46bf622fc507656252c45102e') in 0.0094866 seconds
Number of updated asset objects reloaded before import = 0Number of asset objects unloaded after import = 0

========================================================================
Received Import Request.
  Time since last request: 0.000026 seconds.
  path: Packages/com.unity.collab-proxy/Editor/Inspector/Properties/Branch/BranchPropertiesPanel.cs
  artifactKey: Guid(14b7fa9fffe443888cccb93957dea182) Importer(2089858483,b0f066a214c2f5e87bad3c948f4d605d)
Start importing Packages/com.unity.collab-proxy/Editor/Inspector/Properties/Branch/BranchPropertiesPanel.cs using Guid(14b7fa9fffe443888cccb93957dea182) Importer(2089858483,b0f066a214c2f5e87bad3c948f4d605d) (ScriptedImporter) -> (artifact id: '6243cfe17ec3327f14db1533d11a5986') in 0.0063785 seconds
Number of updated asset objects reloaded before import = 0Number of asset objects unloaded after import = 0

========================================================================
Received Import Request.
  Time since last request: 0.000018 seconds.
  path: Packages/com.unity.collab-proxy/Lib/Editor/Localization/xdiff.en.txt
  artifactKey: Guid(219627149b7534b6b80dd713cf17c866) Importer(2089858483,b0f066a214c2f5e87bad3c948f4d605d)
Start importing Packages/com.unity.collab-proxy/Lib/Editor/Localization/xdiff.en.txt using Guid(219627149b7534b6b80dd713cf17c866) Importer(2089858483,b0f066a214c2f5e87bad3c948f4d605d) (ScriptedImporter) -> (artifact id: '031214e2d7aae09fca772bf1e270cd8d') in 0.00622 seconds
Number of updated asset objects reloaded before import = 0Number of asset objects unloaded after import = 1

========================================================================
Received Import Request.
  Time since last request: 0.000017 seconds.
  path: Packages/com.unity.ugui/Tests/Runtime/UGUI/Graphic/RawImageTestHook.cs
  artifactKey: Guid(40c83ba6a1a64cb4baac27028dd1acc1) Importer(2089858483,b0f066a214c2f5e87bad3c948f4d605d)
Start importing Packages/com.unity.ugui/Tests/Runtime/UGUI/Graphic/RawImageTestHook.cs using Guid(40c83ba6a1a64cb4baac27028dd1acc1) Importer(2089858483,b0f066a214c2f5e87bad3c948f4d605d) (ScriptedImporter) -> (artifact id: '23975998bcbd01f83fe13df17062545c') in 0.0058467 seconds
Number of updated asset objects reloaded before import = 0Number of asset objects unloaded after import = 0

========================================================================
Received Import Request.
  Time since last request: 0.000028 seconds.
  path: Packages/com.unity.ugui/Runtime/UGUI/UI/Core/Utility/VertexHelper.cs
  artifactKey: Guid(c459424081436584c8cec10767f9ac38) Importer(2089858483,b0f066a214c2f5e87bad3c948f4d605d)
Start importing Packages/com.unity.ugui/Runtime/UGUI/UI/Core/Utility/VertexHelper.cs using Guid(c459424081436584c8cec10767f9ac38) Importer(2089858483,b0f066a214c2f5e87bad3c948f4d605d) (ScriptedImporter) -> (artifact id: '2ab08b833f74a7184032dab3b4bc391e') in 0.0076724 seconds
Number of updated asset objects reloaded before import = 0Number of asset objects unloaded after import = 0

========================================================================
Received Import Request.
  Time since last request: 0.000020 seconds.
  path: Packages/com.unity.ugui/Runtime/UGUI/UI/Core/VertexModifiers/IMeshModifier.cs
  artifactKey: Guid(85f3c3a3c2623cd4da1661b0479e2ef2) Importer(2089858483,b0f066a214c2f5e87bad3c948f4d605d)
Start importing Packages/com.unity.ugui/Runtime/UGUI/UI/Core/VertexModifiers/IMeshModifier.cs using Guid(85f3c3a3c2623cd4da1661b0479e2ef2) Importer(2089858483,b0f066a214c2f5e87bad3c948f4d605d) (ScriptedImporter) -> (artifact id: '555acda6c9042c9535a8661e91843d7a') in 0.0062204 seconds
Number of updated asset objects reloaded before import = 0Number of asset objects unloaded after import = 0

========================================================================
Received Import Request.
  Time since last request: 0.000023 seconds.
  path: Packages/com.unity.ugui/Runtime/UGUI/UI/Core/Utility/ReflectionMethodsCache.cs
  artifactKey: Guid(fcae021c30eccf74790a4e816ba97c19) Importer(2089858483,b0f066a214c2f5e87bad3c948f4d605d)
Start importing Packages/com.unity.ugui/Runtime/UGUI/UI/Core/Utility/ReflectionMethodsCache.cs using Guid(fcae021c30eccf74790a4e816ba97c19) Importer(2089858483,b0f066a214c2f5e87bad3c948f4d605d) (ScriptedImporter) -> (artifact id: '3deb36cd19ccf96496fad6ecca553534') in 0.0070565 seconds
Number of updated asset objects reloaded before import = 0Number of asset objects unloaded after import = 0

========================================================================
Received Import Request.
  Time since last request: 0.000034 seconds.
  path: Packages/com.unity.ugui/Runtime/UGUI/UI/Core/MaterialModifiers/IMaterialModifier.cs
  artifactKey: Guid(20ff4283f687e044087714f82c4d6d3f) Importer(2089858483,b0f066a214c2f5e87bad3c948f4d605d)
Start importing Packages/com.unity.ugui/Runtime/UGUI/UI/Core/MaterialModifiers/IMaterialModifier.cs using Guid(20ff4283f687e044087714f82c4d6d3f) Importer(2089858483,b0f066a214c2f5e87bad3c948f4d605d) (ScriptedImporter) -> (artifact id: 'fafb56840a470f555945564d91c89926') in 0.0066567 seconds
Number of updated asset objects reloaded before import = 0Number of asset objects unloaded after import = 0

========================================================================
Received Import Request.
  Time since last request: 0.000016 seconds.
  path: Packages/com.unity.ugui/Runtime/UGUI/UI/Core/Layout/HorizontalOrVerticalLayoutGroup.cs
  artifactKey: Guid(a5c214e5846a99242b348c37e49b2f59) Importer(2089858483,b0f066a214c2f5e87bad3c948f4d605d)
Start importing Packages/com.unity.ugui/Runtime/UGUI/UI/Core/Layout/HorizontalOrVerticalLayoutGroup.cs using Guid(a5c214e5846a99242b348c37e49b2f59) Importer(2089858483,b0f066a214c2f5e87bad3c948f4d605d) (ScriptedImporter) -> (artifact id: '78347855107e3b9817f4c482ac896818') in 0.0073249 seconds
Number of updated asset objects reloaded before import = 0Number of asset objects unloaded after import = 0

========================================================================
Received Import Request.
  Time since last request: 0.000019 seconds.
  path: Packages/com.unity.ugui/Tests/Runtime/UGUI/Graphic/ToggleTestImageHook.cs
  artifactKey: Guid(5c004b1354944164fb076276c289afc1) Importer(2089858483,b0f066a214c2f5e87bad3c948f4d605d)
Start importing Packages/com.unity.ugui/Tests/Runtime/UGUI/Graphic/ToggleTestImageHook.cs using Guid(5c004b1354944164fb076276c289afc1) Importer(2089858483,b0f066a214c2f5e87bad3c948f4d605d) (ScriptedImporter) -> (artifact id: 'fc274f321afc0085d7286bb528d347da') in 0.0069317 seconds
Number of updated asset objects reloaded before import = 0Number of asset objects unloaded after import = 0

========================================================================
Received Import Request.
  Time since last request: 0.000027 seconds.
  path: Packages/com.unity.ugui/Tests/Runtime/UGUI/Layout/GridLayoutGroupTests.cs
  artifactKey: Guid(b9eb962217e00bf4fbc734e109991fca) Importer(2089858483,b0f066a214c2f5e87bad3c948f4d605d)
Start importing Packages/com.unity.ugui/Tests/Runtime/UGUI/Layout/GridLayoutGroupTests.cs using Guid(b9eb962217e00bf4fbc734e109991fca) Importer(2089858483,b0f066a214c2f5e87bad3c948f4d605d) (ScriptedImporter) -> (artifact id: '53713950fe34d6dff0122864fa4eccdc') in 0.0079246 seconds
Number of updated asset objects reloaded before import = 0Number of asset objects unloaded after import = 0

========================================================================
Received Import Request.
  Time since last request: 0.000020 seconds.
  path: Packages/com.unity.ugui/Runtime/UGUI/UI/Core/VertexModifiers/PositionAsUV1.cs
  artifactKey: Guid(020ee4c1798a3d243a4b8cbfee6cac2d) Importer(2089858483,b0f066a214c2f5e87bad3c948f4d605d)
Start importing Packages/com.unity.ugui/Runtime/UGUI/UI/Core/VertexModifiers/PositionAsUV1.cs using Guid(020ee4c1798a3d243a4b8cbfee6cac2d) Importer(2089858483,b0f066a214c2f5e87bad3c948f4d605d) (ScriptedImporter) -> (artifact id: 'b9ad588e9d038ea1f22e285c95f3e205') in 0.0065136 seconds
Number of updated asset objects reloaded before import = 0Number of asset objects unloaded after import = 0

========================================================================
Received Import Request.
  Time since last request: 0.000020 seconds.
  path: Packages/com.unity.ugui/Tests/Runtime/UGUI/Graphic/NavigationTests.cs
  artifactKey: Guid(aca0de4e74f6cdf41a449805f345a4f5) Importer(2089858483,b0f066a214c2f5e87bad3c948f4d605d)
Start importing Packages/com.unity.ugui/Tests/Runtime/UGUI/Graphic/NavigationTests.cs using Guid(aca0de4e74f6cdf41a449805f345a4f5) Importer(2089858483,b0f066a214c2f5e87bad3c948f4d605d) (ScriptedImporter) -> (artifact id: 'fd424fa78c86cff23466507391b65b88') in 0.0076061 seconds
Number of updated asset objects reloaded before import = 0Number of asset objects unloaded after import = 0

========================================================================
Received Import Request.
  Time since last request: 0.000034 seconds.
  path: Packages/com.unity.ugui/Tests/Runtime/UGUI/ScrollBar/ScrollBarTests.cs
  artifactKey: Guid(00f9a68859b850648902e0c98c25b590) Importer(2089858483,b0f066a214c2f5e87bad3c948f4d605d)
Start importing Packages/com.unity.ugui/Tests/Runtime/UGUI/ScrollBar/ScrollBarTests.cs using Guid(00f9a68859b850648902e0c98c25b590) Importer(2089858483,b0f066a214c2f5e87bad3c948f4d605d) (ScriptedImporter) -> (artifact id: '5ccd10082acf9b819322578f0c873e00') in 0.0063953 seconds
Number of updated asset objects reloaded before import = 0Number of asset objects unloaded after import = 0

========================================================================
Received Import Request.
  Time since last request: 0.000019 seconds.
  path: Packages/com.unity.ugui/Runtime/UGUI/UI/Core/Layout/VerticalLayoutGroup.cs
  artifactKey: Guid(59f8146938fff824cb5fd77236b75775) Importer(2089858483,b0f066a214c2f5e87bad3c948f4d605d)
Start importing Packages/com.unity.ugui/Runtime/UGUI/UI/Core/Layout/VerticalLayoutGroup.cs using Guid(59f8146938fff824cb5fd77236b75775) Importer(2089858483,b0f066a214c2f5e87bad3c948f4d605d) (ScriptedImporter) -> (artifact id: '39881f20f313935a99320c375ae747d6') in 0.007876 seconds
Number of updated asset objects reloaded before import = 0Number of asset objects unloaded after import = 0

========================================================================
Received Import Request.
  Time since last request: 0.000017 seconds.
  path: Packages/com.unity.ugui/Runtime/UGUI/UI/Core/Layout/HorizontalLayoutGroup.cs
  artifactKey: Guid(30649d3a9faa99c48a7b1166b86bf2a0) Importer(2089858483,b0f066a214c2f5e87bad3c948f4d605d)
Start importing Packages/com.unity.ugui/Runtime/UGUI/UI/Core/Layout/HorizontalLayoutGroup.cs using Guid(30649d3a9faa99c48a7b1166b86bf2a0) Importer(2089858483,b0f066a214c2f5e87bad3c948f4d605d) (ScriptedImporter) -> (artifact id: '661378cde1f8b43674b3024c4db0d6be') in 0.0077561 seconds
Number of updated asset objects reloaded before import = 0Number of asset objects unloaded after import = 0

========================================================================
Received Import Request.
  Time since last request: 0.000027 seconds.
  path: Packages/com.unity.ugui/Tests/Runtime/UGUI/EventSystem/InputModuleTests/DragCallbackCheck.cs
  artifactKey: Guid(76c82729ad712f14bae1a8a279c52ac3) Importer(2089858483,b0f066a214c2f5e87bad3c948f4d605d)
Start importing Packages/com.unity.ugui/Tests/Runtime/UGUI/EventSystem/InputModuleTests/DragCallbackCheck.cs using Guid(76c82729ad712f14bae1a8a279c52ac3) Importer(2089858483,b0f066a214c2f5e87bad3c948f4d605d) (ScriptedImporter) -> (artifact id: '57e273174e71e3d36d96c667e7f6d732') in 0.0077424 seconds
Number of updated asset objects reloaded before import = 0Number of asset objects unloaded after import = 0

========================================================================
Received Import Request.
  Time since last request: 0.000016 seconds.
  path: Packages/com.unity.ugui/Tests/Runtime/UGUI/EventSystem/SelectableTests.cs
  artifactKey: Guid(39dcddcb5895328489c92214aa73e3bb) Importer(2089858483,b0f066a214c2f5e87bad3c948f4d605d)
Start importing Packages/com.unity.ugui/Tests/Runtime/UGUI/EventSystem/SelectableTests.cs using Guid(39dcddcb5895328489c92214aa73e3bb) Importer(2089858483,b0f066a214c2f5e87bad3c948f4d605d) (ScriptedImporter) -> (artifact id: 'cb61710296b3cef7a4cdce02fe753312') in 0.0059606 seconds
Number of updated asset objects reloaded before import = 0Number of asset objects unloaded after import = 0

========================================================================
Received Import Request.
  Time since last request: 0.000018 seconds.
  path: Packages/com.unity.ugui/Runtime/UGUI/UI/Core/VertexModifiers/BaseMeshEffect.cs
  artifactKey: Guid(718966f960cb50643986195e5fe953ca) Importer(2089858483,b0f066a214c2f5e87bad3c948f4d605d)
Start importing Packages/com.unity.ugui/Runtime/UGUI/UI/Core/VertexModifiers/BaseMeshEffect.cs using Guid(718966f960cb50643986195e5fe953ca) Importer(2089858483,b0f066a214c2f5e87bad3c948f4d605d) (ScriptedImporter) -> (artifact id: '60d35d3c0a457ff0b64e89fdd7927af3') in 0.0090719 seconds
Number of updated asset objects reloaded before import = 0Number of asset objects unloaded after import = 0

========================================================================
Received Import Request.
  Time since last request: 0.000035 seconds.
  path: Packages/com.unity.ugui/Runtime/UGUI/UI/Core/Layout/GridLayoutGroup.cs
  artifactKey: Guid(8a8695521f0d02e499659fee002a26c2) Importer(2089858483,b0f066a214c2f5e87bad3c948f4d605d)
Start importing Packages/com.unity.ugui/Runtime/UGUI/UI/Core/Layout/GridLayoutGroup.cs using Guid(8a8695521f0d02e499659fee002a26c2) Importer(2089858483,b0f066a214c2f5e87bad3c948f4d605d) (ScriptedImporter) -> (artifact id: '28ecca5e329802ca1be097d3870d6f1a') in 0.0076729 seconds
Number of updated asset objects reloaded before import = 0Number of asset objects unloaded after import = 0

========================================================================
Received Import Request.
  Time since last request: 0.000019 seconds.
  path: Packages/com.unity.ugui/Tests/Runtime/UGUI/InputField/FakeInputModule.cs
  artifactKey: Guid(16c6414b77a90ff4098767dce485c495) Importer(2089858483,b0f066a214c2f5e87bad3c948f4d605d)
Start importing Packages/com.unity.ugui/Tests/Runtime/UGUI/InputField/FakeInputModule.cs using Guid(16c6414b77a90ff4098767dce485c495) Importer(2089858483,b0f066a214c2f5e87bad3c948f4d605d) (ScriptedImporter) -> (artifact id: 'd1d71e46316da8e935644e01d82aa512') in 0.006296 seconds
Number of updated asset objects reloaded before import = 0Number of asset objects unloaded after import = 0

========================================================================
Received Import Request.
  Time since last request: 0.000024 seconds.
  path: Packages/com.unity.ugui/Tests/Runtime/UGUI/InputField/TouchInputFieldTests.cs
  artifactKey: Guid(e89ff5e7c669f70409de18c9948164d4) Importer(2089858483,b0f066a214c2f5e87bad3c948f4d605d)
Start importing Packages/com.unity.ugui/Tests/Runtime/UGUI/InputField/TouchInputFieldTests.cs using Guid(e89ff5e7c669f70409de18c9948164d4) Importer(2089858483,b0f066a214c2f5e87bad3c948f4d605d) (ScriptedImporter) -> (artifact id: '0850bffd6232218e3e196b2ffd5b27c8') in 0.0069615 seconds
Number of updated asset objects reloaded before import = 0Number of asset objects unloaded after import = 0

========================================================================
Received Import Request.
  Time since last request: 0.000038 seconds.
  path: Packages/com.unity.ugui/Tests/Runtime/UGUI/Graphic/GraphicTests.cs
  artifactKey: Guid(e88a766c2b8b47841936c136f4afbba9) Importer(2089858483,b0f066a214c2f5e87bad3c948f4d605d)
Start importing Packages/com.unity.ugui/Tests/Runtime/UGUI/Graphic/GraphicTests.cs using Guid(e88a766c2b8b47841936c136f4afbba9) Importer(2089858483,b0f066a214c2f5e87bad3c948f4d605d) (ScriptedImporter) -> (artifact id: 'ddcb5f62307fe365bef00a78055b4318') in 0.0065746 seconds
Number of updated asset objects reloaded before import = 0Number of asset objects unloaded after import = 0

========================================================================
Received Import Request.
  Time since last request: 0.000017 seconds.
  path: Packages/com.unity.ugui/Tests/Runtime/UGUI/Image/ImageTests.cs
  artifactKey: Guid(a598580d0cfc7224ebed8d2b627d9e00) Importer(2089858483,b0f066a214c2f5e87bad3c948f4d605d)
Start importing Packages/com.unity.ugui/Tests/Runtime/UGUI/Image/ImageTests.cs using Guid(a598580d0cfc7224ebed8d2b627d9e00) Importer(2089858483,b0f066a214c2f5e87bad3c948f4d605d) (ScriptedImporter) -> (artifact id: '8b590e54948506265a41592326ff66f3') in 0.0088959 seconds
Number of updated asset objects reloaded before import = 0Number of asset objects unloaded after import = 0

========================================================================
Received Import Request.
  Time since last request: 0.000021 seconds.
  path: Packages/com.unity.ugui/Tests/Runtime/UGUI/Util/ConcreteGraphic.cs
  artifactKey: Guid(4d31e19fd539ac54c8d9151da43683e9) Importer(2089858483,b0f066a214c2f5e87bad3c948f4d605d)
Start importing Packages/com.unity.ugui/Tests/Runtime/UGUI/Util/ConcreteGraphic.cs using Guid(4d31e19fd539ac54c8d9151da43683e9) Importer(2089858483,b0f066a214c2f5e87bad3c948f4d605d) (ScriptedImporter) -> (artifact id: 'bc029a669bdf91cf7ecfbb51fcc403d0') in 0.0081441 seconds
Number of updated asset objects reloaded before import = 0Number of asset objects unloaded after import = 0

========================================================================
Received Import Request.
  Time since last request: 0.000029 seconds.
  path: Packages/com.unity.ugui/Runtime/UGUI/UI/Core/SetPropertyUtility.cs
  artifactKey: Guid(b9ba34e0b1884454fbc4257260e22b64) Importer(2089858483,b0f066a214c2f5e87bad3c948f4d605d)
Start importing Packages/com.unity.ugui/Runtime/UGUI/UI/Core/SetPropertyUtility.cs using Guid(b9ba34e0b1884454fbc4257260e22b64) Importer(2089858483,b0f066a214c2f5e87bad3c948f4d605d) (ScriptedImporter) -> (artifact id: '20fbe43525f4b012c5d6345b4bf91574') in 0.0077142 seconds
Number of updated asset objects reloaded before import = 0Number of asset objects unloaded after import = 0

========================================================================
Received Import Request.
  Time since last request: 0.000019 seconds.
  path: Packages/com.unity.ugui/Runtime/TMP/TMP_ScrollbarEventHandler.cs
  artifactKey: Guid(34e150112c1c42ac83170b52d898e322) Importer(2089858483,b0f066a214c2f5e87bad3c948f4d605d)
Start importing Packages/com.unity.ugui/Runtime/TMP/TMP_ScrollbarEventHandler.cs using Guid(34e150112c1c42ac83170b52d898e322) Importer(2089858483,b0f066a214c2f5e87bad3c948f4d605d) (ScriptedImporter) -> (artifact id: 'ac1f932d682cd30677d06a6deb121220') in 0.0093247 seconds
Number of updated asset objects reloaded before import = 0Number of asset objects unloaded after import = 0

========================================================================
Received Import Request.
  Time since last request: 0.000019 seconds.
  path: Packages/com.unity.modules.animation/package.json
  artifactKey: Guid(7ef8348b8ea834d7e1bc214b07f7fb87) Importer(2089858483,b0f066a214c2f5e87bad3c948f4d605d)
Start importing Packages/com.unity.modules.animation/package.json using Guid(7ef8348b8ea834d7e1bc214b07f7fb87) Importer(2089858483,b0f066a214c2f5e87bad3c948f4d605d) (ScriptedImporter) -> (artifact id: 'f066b9f2785833766505712c4e2dbee4') in 0.0071915 seconds
Number of updated asset objects reloaded before import = 0Number of asset objects unloaded after import = 1

========================================================================
Received Import Request.
  Time since last request: 0.000023 seconds.
  path: Packages/com.unity.collections/Unity.Collections/AutoFreeAllocator.cs
  artifactKey: Guid(a2aa8b5b9af347fdbe909f0811e6ac90) Importer(2089858483,b0f066a214c2f5e87bad3c948f4d605d)
Start importing Packages/com.unity.collections/Unity.Collections/AutoFreeAllocator.cs using Guid(a2aa8b5b9af347fdbe909f0811e6ac90) Importer(2089858483,b0f066a214c2f5e87bad3c948f4d605d) (ScriptedImporter) -> (artifact id: 'a28215d4c8f554d36d9b379ea45b6974') in 0.0081546 seconds
Number of updated asset objects reloaded before import = 0Number of asset objects unloaded after import = 0

========================================================================
Received Import Request.
  Time since last request: 0.000016 seconds.
  path: Packages/com.unity.collections/Unity.Collections/FixedStringFormat.gen.cs
  artifactKey: Guid(66f7a4570af244dfacfded8cc0c60aec) Importer(2089858483,b0f066a214c2f5e87bad3c948f4d605d)
Start importing Packages/com.unity.collections/Unity.Collections/FixedStringFormat.gen.cs using Guid(66f7a4570af244dfacfded8cc0c60aec) Importer(2089858483,b0f066a214c2f5e87bad3c948f4d605d) (ScriptedImporter) -> (artifact id: '598333ff2b1ef18e990b9fc339d7aa42') in 0.0066782 seconds
Number of updated asset objects reloaded before import = 0Number of asset objects unloaded after import = 0

========================================================================
Received Import Request.
  Time since last request: 0.000018 seconds.
  path: Packages/com.unity.collections/Unity.Collections/FixedStringUtils.cs
  artifactKey: Guid(8172d9c91a2b64bca91bb78a3a3d4552) Importer(2089858483,b0f066a214c2f5e87bad3c948f4d605d)
Start importing Packages/com.unity.collections/Unity.Collections/FixedStringUtils.cs using Guid(8172d9c91a2b64bca91bb78a3a3d4552) Importer(2089858483,b0f066a214c2f5e87bad3c948f4d605d) (ScriptedImporter) -> (artifact id: '3aa6bf80702773d8d0287cd47673f3a3') in 0.0075745 seconds
Number of updated asset objects reloaded before import = 0Number of asset objects unloaded after import = 0

========================================================================
Received Import Request.
  Time since last request: 0.000027 seconds.
  path: Packages/com.unity.collections/Unity.Collections/NativeParallelMultiHashMap.cs
  artifactKey: Guid(1de5774def35a6642a480cfd1b8c11d7) Importer(2089858483,b0f066a214c2f5e87bad3c948f4d605d)
Start importing Packages/com.unity.collections/Unity.Collections/NativeParallelMultiHashMap.cs using Guid(1de5774def35a6642a480cfd1b8c11d7) Importer(2089858483,b0f066a214c2f5e87bad3c948f4d605d) (ScriptedImporter) -> (artifact id: '5d1e4cbb20988dd4c40bd6bf4812a23a') in 0.0067699 seconds
Number of updated asset objects reloaded before import = 0Number of asset objects unloaded after import = 0

========================================================================
Received Import Request.
  Time since last request: 0.000016 seconds.
  path: Packages/com.unity.collections/Unity.Collections/ConcurrentMask.cs
  artifactKey: Guid(c6561bdb03b3b415a9725d8af46e62d4) Importer(2089858483,b0f066a214c2f5e87bad3c948f4d605d)
Start importing Packages/com.unity.collections/Unity.Collections/ConcurrentMask.cs using Guid(c6561bdb03b3b415a9725d8af46e62d4) Importer(2089858483,b0f066a214c2f5e87bad3c948f4d605d) (ScriptedImporter) -> (artifact id: 'db052aaf2679d86ae4f0da90aafacd10') in 0.007484 seconds
Number of updated asset objects reloaded before import = 0Number of asset objects unloaded after import = 0

========================================================================
Received Import Request.
  Time since last request: 0.000021 seconds.
  path: Packages/com.unity.collections/Unity.Collections/NativeParallelHashMapExtensions.cs
  artifactKey: Guid(859b8b7a1710f0b4396876700dda6319) Importer(2089858483,b0f066a214c2f5e87bad3c948f4d605d)
Start importing Packages/com.unity.collections/Unity.Collections/NativeParallelHashMapExtensions.cs using Guid(859b8b7a1710f0b4396876700dda6319) Importer(2089858483,b0f066a214c2f5e87bad3c948f4d605d) (ScriptedImporter) -> (artifact id: '73e34a72860cd73882054a18e0d0a588') in 0.0067061 seconds
Number of updated asset objects reloaded before import = 0Number of asset objects unloaded after import = 0

========================================================================
Received Import Request.
  Time since last request: 0.000027 seconds.
  path: Packages/com.unity.collections/Unity.Collections/FixedStringFormatMethods.tt
  artifactKey: Guid(0cdef7b1946241588e9a3b52426940e4) Importer(2089858483,b0f066a214c2f5e87bad3c948f4d605d)
Start importing Packages/com.unity.collections/Unity.Collections/FixedStringFormatMethods.tt using Guid(0cdef7b1946241588e9a3b52426940e4) Importer(2089858483,b0f066a214c2f5e87bad3c948f4d605d) (ScriptedImporter) -> (artifact id: '3ee2c3a1b7b1921d00e7ee6720950a9c') in 0.006163 seconds
Number of updated asset objects reloaded before import = 0Number of asset objects unloaded after import = 1

========================================================================
Received Import Request.
  Time since last request: 0.000016 seconds.
  path: Packages/com.unity.modules.unitywebrequestassetbundle/package.json
  artifactKey: Guid(05f7f519769978b79b31d063a7fc6fa1) Importer(2089858483,b0f066a214c2f5e87bad3c948f4d605d)
Start importing Packages/com.unity.modules.unitywebrequestassetbundle/package.json using Guid(05f7f519769978b79b31d063a7fc6fa1) Importer(2089858483,b0f066a214c2f5e87bad3c948f4d605d) (ScriptedImporter) -> (artifact id: '204a7b5e5c2102c05835afa42f35005c') in 0.0075621 seconds
Number of updated asset objects reloaded before import = 0Number of asset objects unloaded after import = 1

========================================================================
Received Import Request.
  Time since last request: 0.000021 seconds.
  path: Packages/com.unity.ugui/Tests/Runtime/UGUI/EventSystem/InputModuleTests/PointerExitCallbackCheck.cs
  artifactKey: Guid(af94bd3a805f27e42ab86647265be74e) Importer(2089858483,b0f066a214c2f5e87bad3c948f4d605d)
Start importing Packages/com.unity.ugui/Tests/Runtime/UGUI/EventSystem/InputModuleTests/PointerExitCallbackCheck.cs using Guid(af94bd3a805f27e42ab86647265be74e) Importer(2089858483,b0f066a214c2f5e87bad3c948f4d605d) (ScriptedImporter) -> (artifact id: 'c9e7fae867c4092a12d943e76e7f0476') in 0.008012 seconds
Number of updated asset objects reloaded before import = 0Number of asset objects unloaded after import = 0

========================================================================
Received Import Request.
  Time since last request: 0.000028 seconds.
  path: Packages/com.unity.collections/Unity.Collections/FixedStringMethods.cs
  artifactKey: Guid(ff34e3b577f44d67b146cc64b598b67d) Importer(2089858483,b0f066a214c2f5e87bad3c948f4d605d)
Start importing Packages/com.unity.collections/Unity.Collections/FixedStringMethods.cs using Guid(ff34e3b577f44d67b146cc64b598b67d) Importer(2089858483,b0f066a214c2f5e87bad3c948f4d605d) (ScriptedImporter) -> (artifact id: '22a545096bad4d62561bc157e999d75c') in 0.0071995 seconds
Number of updated asset objects reloaded before import = 0Number of asset objects unloaded after import = 0

========================================================================
Received Import Request.
  Time since last request: 0.000022 seconds.
  path: Packages/com.unity.collections/Unity.Collections/NativeStream.cs
  artifactKey: Guid(64aa0d92f72fa4af49049126211731d0) Importer(2089858483,b0f066a214c2f5e87bad3c948f4d605d)
Start importing Packages/com.unity.collections/Unity.Collections/NativeStream.cs using Guid(64aa0d92f72fa4af49049126211731d0) Importer(2089858483,b0f066a214c2f5e87bad3c948f4d605d) (ScriptedImporter) -> (artifact id: 'c581bbfee7ce4c3e944faaea407ad064') in 0.0071854 seconds
Number of updated asset objects reloaded before import = 0Number of asset objects unloaded after import = 0

========================================================================
Received Import Request.
  Time since last request: 0.000023 seconds.
  path: Packages/com.unity.collections/Unity.Collections/FixedList.tt
  artifactKey: Guid(f16da17e34bf5f149a196c3f6b32e37f) Importer(2089858483,b0f066a214c2f5e87bad3c948f4d605d)
Start importing Packages/com.unity.collections/Unity.Collections/FixedList.tt using Guid(f16da17e34bf5f149a196c3f6b32e37f) Importer(2089858483,b0f066a214c2f5e87bad3c948f4d605d) (ScriptedImporter) -> (artifact id: '32b15c26cd5a020d539fb2a09569b7b0') in 0.0063416 seconds
Number of updated asset objects reloaded before import = 0Number of asset objects unloaded after import = 1

========================================================================
Received Import Request.
  Time since last request: 0.000027 seconds.
  path: Packages/com.unity.collections/README.md
  artifactKey: Guid(af5aad29a2c56fd449428c9041fc68bb) Importer(2089858483,b0f066a214c2f5e87bad3c948f4d605d)
Start importing Packages/com.unity.collections/README.md using Guid(af5aad29a2c56fd449428c9041fc68bb) Importer(2089858483,b0f066a214c2f5e87bad3c948f4d605d) (ScriptedImporter) -> (artifact id: '8922d063fa97ba18ae2e35f1776ac380') in 0.0063069 seconds
Number of updated asset objects reloaded before import = 0Number of asset objects unloaded after import = 1

========================================================================
Received Import Request.
  Time since last request: 0.000015 seconds.
  path: Packages/com.unity.modules.animation/package.ModuleCompilationTrigger
  artifactKey: Guid(db8e609a39b9b231fccc54e5fa4cbd1b) Importer(2089858483,b0f066a214c2f5e87bad3c948f4d605d)
Start importing Packages/com.unity.modules.animation/package.ModuleCompilationTrigger using Guid(db8e609a39b9b231fccc54e5fa4cbd1b) Importer(2089858483,b0f066a214c2f5e87bad3c948f4d605d) (ScriptedImporter) -> (artifact id: 'cad6046500cb7ff6aac97d0f89a968f9') in 0.0068925 seconds
Number of updated asset objects reloaded before import = 0Number of asset objects unloaded after import = 1

========================================================================
Received Import Request.
  Time since last request: 0.000016 seconds.
  path: Packages/com.unity.collections/Unity.Collections/UnsafeAtomicCounter.cs
  artifactKey: Guid(5811fa70eb1e3da40b802cd058899005) Importer(2089858483,b0f066a214c2f5e87bad3c948f4d605d)
Start importing Packages/com.unity.collections/Unity.Collections/UnsafeAtomicCounter.cs using Guid(5811fa70eb1e3da40b802cd058899005) Importer(2089858483,b0f066a214c2f5e87bad3c948f4d605d) (ScriptedImporter) -> (artifact id: '0df6d29e919de71cd3725738115d06f3') in 0.0071259 seconds
Number of updated asset objects reloaded before import = 0Number of asset objects unloaded after import = 0

========================================================================
Received Import Request.
  Time since last request: 0.000027 seconds.
  path: Packages/com.unity.collections/DocCodeSamples.Tests/CollectionsExamples.cs
  artifactKey: Guid(d9848a39deeb4ff9aa9e4cec03215a4b) Importer(2089858483,b0f066a214c2f5e87bad3c948f4d605d)
Start importing Packages/com.unity.collections/DocCodeSamples.Tests/CollectionsExamples.cs using Guid(d9848a39deeb4ff9aa9e4cec03215a4b) Importer(2089858483,b0f066a214c2f5e87bad3c948f4d605d) (ScriptedImporter) -> (artifact id: '9d1bd692a5ae8f1dce4ecafb8deefdcf') in 0.0065462 seconds
Number of updated asset objects reloaded before import = 0Number of asset objects unloaded after import = 0

========================================================================
Received Import Request.
  Time since last request: 0.000016 seconds.
  path: Packages/com.unity.collections/Unity.Collections/FixedStringInternalMethods.cs
  artifactKey: Guid(d1db1dc6fae245e9af37d2ab33aac17a) Importer(2089858483,b0f066a214c2f5e87bad3c948f4d605d)
Start importing Packages/com.unity.collections/Unity.Collections/FixedStringInternalMethods.cs using Guid(d1db1dc6fae245e9af37d2ab33aac17a) Importer(2089858483,b0f066a214c2f5e87bad3c948f4d605d) (ScriptedImporter) -> (artifact id: '795c613308e9678ed72bebb259d1ebd2') in 0.0065452 seconds
Number of updated asset objects reloaded before import = 0Number of asset objects unloaded after import = 0

========================================================================
Received Import Request.
  Time since last request: 0.000018 seconds.
  path: Packages/com.unity.collections/Unity.Collections/UnsafeBitArray.cs
  artifactKey: Guid(a1b7be6af453f88438d32c371f28015c) Importer(2089858483,b0f066a214c2f5e87bad3c948f4d605d)
Start importing Packages/com.unity.collections/Unity.Collections/UnsafeBitArray.cs using Guid(a1b7be6af453f88438d32c371f28015c) Importer(2089858483,b0f066a214c2f5e87bad3c948f4d605d) (ScriptedImporter) -> (artifact id: '2bc6487869edcc97b2d215da57226818') in 0.0071534 seconds
Number of updated asset objects reloaded before import = 0Number of asset objects unloaded after import = 0

========================================================================
Received Import Request.
  Time since last request: 0.000026 seconds.
  path: Packages/com.unity.collections/Unity.Collections/NativeArrayExtensions.cs
  artifactKey: Guid(41cc650015014737ae58d20e77323080) Importer(2089858483,b0f066a214c2f5e87bad3c948f4d605d)
Start importing Packages/com.unity.collections/Unity.Collections/NativeArrayExtensions.cs using Guid(41cc650015014737ae58d20e77323080) Importer(2089858483,b0f066a214c2f5e87bad3c948f4d605d) (ScriptedImporter) -> (artifact id: '9359afd137187019c311d95cfa728e76') in 0.0065803 seconds
Number of updated asset objects reloaded before import = 0Number of asset objects unloaded after import = 0

========================================================================
Received Import Request.
  Time since last request: 0.000016 seconds.
  path: Packages/com.unity.collections/Unity.Collections/GenerateTestsForBurstCompatibilityAttribute.cs
  artifactKey: Guid(cf57aae738013234baa585dee44cf5ac) Importer(2089858483,b0f066a214c2f5e87bad3c948f4d605d)
Start importing Packages/com.unity.collections/Unity.Collections/GenerateTestsForBurstCompatibilityAttribute.cs using Guid(cf57aae738013234baa585dee44cf5ac) Importer(2089858483,b0f066a214c2f5e87bad3c948f4d605d) (ScriptedImporter) -> (artifact id: 'b0dc9172eb3a8422f14a995202608503') in 0.0068322 seconds
Number of updated asset objects reloaded before import = 0Number of asset objects unloaded after import = 0

========================================================================
Received Import Request.
  Time since last request: 0.000019 seconds.
  path: Packages/com.unity.collections/Unity.Collections/NativeText.tt
  artifactKey: Guid(50504580bca9eb0409fcceea1af68eb5) Importer(2089858483,b0f066a214c2f5e87bad3c948f4d605d)
Start importing Packages/com.unity.collections/Unity.Collections/NativeText.tt using Guid(50504580bca9eb0409fcceea1af68eb5) Importer(2089858483,b0f066a214c2f5e87bad3c948f4d605d) (ScriptedImporter) -> (artifact id: '4577d6a2e502cea01a69781cdceadeab') in 0.0059611 seconds
Number of updated asset objects reloaded before import = 0Number of asset objects unloaded after import = 1

========================================================================
Received Import Request.
  Time since last request: 0.000037 seconds.
  path: Packages/com.unity.collections/Unity.Collections/StreamCompressionModel.cs
  artifactKey: Guid(cb61590201f644409612b3233df4c9da) Importer(2089858483,b0f066a214c2f5e87bad3c948f4d605d)
Start importing Packages/com.unity.collections/Unity.Collections/StreamCompressionModel.cs using Guid(cb61590201f644409612b3233df4c9da) Importer(2089858483,b0f066a214c2f5e87bad3c948f4d605d) (ScriptedImporter) -> (artifact id: '6af285021205080fc92e2704253580fe') in 0.0064293 seconds
Number of updated asset objects reloaded before import = 0Number of asset objects unloaded after import = 0

========================================================================
Received Import Request.
  Time since last request: 0.000017 seconds.
  path: Packages/com.unity.collections/Unity.Collections/NativeParallelHashMap.cs
  artifactKey: Guid(1f49bcab900e54c498a852d067a7636c) Importer(2089858483,b0f066a214c2f5e87bad3c948f4d605d)
Start importing Packages/com.unity.collections/Unity.Collections/NativeParallelHashMap.cs using Guid(1f49bcab900e54c498a852d067a7636c) Importer(2089858483,b0f066a214c2f5e87bad3c948f4d605d) (ScriptedImporter) -> (artifact id: '8a94d698d76798204bdd2226a113a095') in 0.0060217 seconds
Number of updated asset objects reloaded before import = 0Number of asset objects unloaded after import = 0

========================================================================
Received Import Request.
  Time since last request: 0.000018 seconds.
  path: Packages/com.unity.collections/Unity.Collections/NativeReference.cs
  artifactKey: Guid(ca5dd80efed23904a980e0f7fb23ed5d) Importer(2089858483,b0f066a214c2f5e87bad3c948f4d605d)
Start importing Packages/com.unity.collections/Unity.Collections/NativeReference.cs using Guid(ca5dd80efed23904a980e0f7fb23ed5d) Importer(2089858483,b0f066a214c2f5e87bad3c948f4d605d) (ScriptedImporter) -> (artifact id: '491e6e079c2dbbe3ec1e36d63b47b6a2') in 0.0058802 seconds
Number of updated asset objects reloaded before import = 0Number of asset objects unloaded after import = 0

========================================================================
Received Import Request.
  Time since last request: 0.000025 seconds.
  path: Packages/com.unity.collections/Unity.Collections/NativeParallelHashSetExtensions.tt
  artifactKey: Guid(6f9fa81af98728e4f8a0db3762124ff9) Importer(2089858483,b0f066a214c2f5e87bad3c948f4d605d)
Start importing Packages/com.unity.collections/Unity.Collections/NativeParallelHashSetExtensions.tt using Guid(6f9fa81af98728e4f8a0db3762124ff9) Importer(2089858483,b0f066a214c2f5e87bad3c948f4d605d) (ScriptedImporter) -> (artifact id: 'b3c1a6aeddf042eaf04fa4b06bd4421c') in 0.0057584 seconds
Number of updated asset objects reloaded before import = 0Number of asset objects unloaded after import = 1

========================================================================
Received Import Request.
  Time since last request: 0.000015 seconds.
  path: Packages/com.unity.burst/Runtime/CompilerServices/SkipLocalsInitAttribute.cs
  artifactKey: Guid(5aea2c85eccf39d4807b4b09e1286046) Importer(2089858483,b0f066a214c2f5e87bad3c948f4d605d)
Start importing Packages/com.unity.burst/Runtime/CompilerServices/SkipLocalsInitAttribute.cs using Guid(5aea2c85eccf39d4807b4b09e1286046) Importer(2089858483,b0f066a214c2f5e87bad3c948f4d605d) (ScriptedImporter) -> (artifact id: '4e0a9467766ec216471632024337eaf2') in 0.0066073 seconds
Number of updated asset objects reloaded before import = 0Number of asset objects unloaded after import = 0

========================================================================
Received Import Request.
  Time since last request: 0.000019 seconds.
  path: Packages/com.unity.collections/Unity.Collections.PerformanceTests/UnsafeStreamPerformanceTests.cs
  artifactKey: Guid(c36ef913bacb15447a97002bb91c9870) Importer(2089858483,b0f066a214c2f5e87bad3c948f4d605d)
Start importing Packages/com.unity.collections/Unity.Collections.PerformanceTests/UnsafeStreamPerformanceTests.cs using Guid(c36ef913bacb15447a97002bb91c9870) Importer(2089858483,b0f066a214c2f5e87bad3c948f4d605d) (ScriptedImporter) -> (artifact id: '93456775ee89ce3da31dcd0e20a25724') in 0.0060793 seconds
Number of updated asset objects reloaded before import = 0Number of asset objects unloaded after import = 0

========================================================================
Received Import Request.
  Time since last request: 0.000043 seconds.
  path: Packages/com.unity.collections/Unity.Collections.PerformanceTests/ListPerformanceTests.cs
  artifactKey: Guid(38714c3d9f5dd4b4ba7fb2fd79dca07d) Importer(2089858483,b0f066a214c2f5e87bad3c948f4d605d)
Start importing Packages/com.unity.collections/Unity.Collections.PerformanceTests/ListPerformanceTests.cs using Guid(38714c3d9f5dd4b4ba7fb2fd79dca07d) Importer(2089858483,b0f066a214c2f5e87bad3c948f4d605d) (ScriptedImporter) -> (artifact id: '4c3323a78cbf706157e6324b29a6cc3a') in 0.0059935 seconds
Number of updated asset objects reloaded before import = 0Number of asset objects unloaded after import = 0

========================================================================
Received Import Request.
  Time since last request: 0.000017 seconds.
  path: Packages/com.unity.collections/Unity.Collections.CodeGen/JobsILPostProcessor.cs
  artifactKey: Guid(9b544eddbc9bfd24fad9da6ddbe65962) Importer(2089858483,b0f066a214c2f5e87bad3c948f4d605d)
Start importing Packages/com.unity.collections/Unity.Collections.CodeGen/JobsILPostProcessor.cs using Guid(9b544eddbc9bfd24fad9da6ddbe65962) Importer(2089858483,b0f066a214c2f5e87bad3c948f4d605d) (ScriptedImporter) -> (artifact id: '616f6914b0c007668c1d8163dac4c189') in 0.0064591 seconds
Number of updated asset objects reloaded before import = 0Number of asset objects unloaded after import = 0

========================================================================
Received Import Request.
  Time since last request: 0.000020 seconds.
  path: Packages/com.unity.collections/Unity.Collections.Tests/EmbeddedPackageOnlyTestAttribute.cs
  artifactKey: Guid(4668a20175cc94ab284013b3a4ce4a9e) Importer(2089858483,b0f066a214c2f5e87bad3c948f4d605d)
Start importing Packages/com.unity.collections/Unity.Collections.Tests/EmbeddedPackageOnlyTestAttribute.cs using Guid(4668a20175cc94ab284013b3a4ce4a9e) Importer(2089858483,b0f066a214c2f5e87bad3c948f4d605d) (ScriptedImporter) -> (artifact id: 'e16d7a9aa7e92c9a3020ff0ffc012b04') in 0.0068901 seconds
Number of updated asset objects reloaded before import = 0Number of asset objects unloaded after import = 0

========================================================================
Received Import Request.
  Time since last request: 0.000028 seconds.
  path: Packages/com.unity.collections/Unity.Collections/UnsafeParallelHashSetExtensions.gen.cs
  artifactKey: Guid(12ecb8b66ec0b384c8e19a7d1ff9f3fe) Importer(2089858483,b0f066a214c2f5e87bad3c948f4d605d)
Start importing Packages/com.unity.collections/Unity.Collections/UnsafeParallelHashSetExtensions.gen.cs using Guid(12ecb8b66ec0b384c8e19a7d1ff9f3fe) Importer(2089858483,b0f066a214c2f5e87bad3c948f4d605d) (ScriptedImporter) -> (artifact id: '107e471e64ae5e2586c3c8a7a04c8273') in 0.0060357 seconds
Number of updated asset objects reloaded before import = 0Number of asset objects unloaded after import = 0

========================================================================
Received Import Request.
  Time since last request: 0.000017 seconds.
  path: Packages/com.unity.collections/Unity.Collections.PerformanceTests/ParallelHashMapPerformanceTests.cs
  artifactKey: Guid(646d50e1f45e86d4ea1fe9bfc488b347) Importer(2089858483,b0f066a214c2f5e87bad3c948f4d605d)
Start importing Packages/com.unity.collections/Unity.Collections.PerformanceTests/ParallelHashMapPerformanceTests.cs using Guid(646d50e1f45e86d4ea1fe9bfc488b347) Importer(2089858483,b0f066a214c2f5e87bad3c948f4d605d) (ScriptedImporter) -> (artifact id: '8c882076fcf676b259d1b8fe2805b881') in 0.0060391 seconds
Number of updated asset objects reloaded before import = 0Number of asset objects unloaded after import = 0

========================================================================
Received Import Request.
  Time since last request: 0.000026 seconds.
  path: Packages/com.unity.collections/Unity.Collections.Tests/FixedListTests.tt
  artifactKey: Guid(775a8d1badc640e45a6030c3822a83d7) Importer(2089858483,b0f066a214c2f5e87bad3c948f4d605d)
Start importing Packages/com.unity.collections/Unity.Collections.Tests/FixedListTests.tt using Guid(775a8d1badc640e45a6030c3822a83d7) Importer(2089858483,b0f066a214c2f5e87bad3c948f4d605d) (ScriptedImporter) -> (artifact id: 'a767d6e64b8da70f2c3ff87d887205bb') in 0.0062393 seconds
Number of updated asset objects reloaded before import = 0Number of asset objects unloaded after import = 1

========================================================================
Received Import Request.
  Time since last request: 0.000028 seconds.
  path: Packages/com.unity.collections/Unity.Collections.Tests/AllocatorRewindableTests.cs
  artifactKey: Guid(2875d3f6474aaee46b2421966a741a1d) Importer(2089858483,b0f066a214c2f5e87bad3c948f4d605d)
Start importing Packages/com.unity.collections/Unity.Collections.Tests/AllocatorRewindableTests.cs using Guid(2875d3f6474aaee46b2421966a741a1d) Importer(2089858483,b0f066a214c2f5e87bad3c948f4d605d) (ScriptedImporter) -> (artifact id: '16c42fdf64c4e2075eb344656dba0381') in 0.0059614 seconds
Number of updated asset objects reloaded before import = 0Number of asset objects unloaded after import = 0

========================================================================
Received Import Request.
  Time since last request: 0.000022 seconds.
  path: Packages/com.unity.collections/Unity.Collections/UnsafeStream.cs
  artifactKey: Guid(29918a7b3ef861c4789f0cdb857bc267) Importer(2089858483,b0f066a214c2f5e87bad3c948f4d605d)
Start importing Packages/com.unity.collections/Unity.Collections/UnsafeStream.cs using Guid(29918a7b3ef861c4789f0cdb857bc267) Importer(2089858483,b0f066a214c2f5e87bad3c948f4d605d) (ScriptedImporter) -> (artifact id: '26da5337f75f4fcd7c03cf461b443956') in 0.0057144 seconds
Number of updated asset objects reloaded before import = 0Number of asset objects unloaded after import = 0

========================================================================
Received Import Request.
  Time since last request: 0.000018 seconds.
  path: Packages/com.unity.collections/Unity.Collections/UnsafeScratchAllocator.cs
  artifactKey: Guid(24459080b05524c1ab8f3f7ed129e765) Importer(2089858483,b0f066a214c2f5e87bad3c948f4d605d)
Start importing Packages/com.unity.collections/Unity.Collections/UnsafeScratchAllocator.cs using Guid(24459080b05524c1ab8f3f7ed129e765) Importer(2089858483,b0f066a214c2f5e87bad3c948f4d605d) (ScriptedImporter) -> (artifact id: '1f41b49e33aa1a0263ad6e37588abab1') in 0.0063762 seconds
Number of updated asset objects reloaded before import = 0Number of asset objects unloaded after import = 0

========================================================================
Received Import Request.
  Time since last request: 0.000029 seconds.
  path: Packages/com.unity.collections/Unity.Collections.BurstCompatibilityGen/BurstCompatibilityTests.cs
  artifactKey: Guid(1d503f3e3b7fd2147a8ddc4135fcc0e3) Importer(2089858483,b0f066a214c2f5e87bad3c948f4d605d)
Start importing Packages/com.unity.collections/Unity.Collections.BurstCompatibilityGen/BurstCompatibilityTests.cs using Guid(1d503f3e3b7fd2147a8ddc4135fcc0e3) Importer(2089858483,b0f066a214c2f5e87bad3c948f4d605d) (ScriptedImporter) -> (artifact id: '8b149d2dd578ccabede7592f7b858056') in 0.0068987 seconds
Number of updated asset objects reloaded before import = 0Number of asset objects unloaded after import = 0

========================================================================
Received Import Request.
  Time since last request: 0.000018 seconds.
  path: Packages/com.unity.collections/Unity.Collections.PerformanceTests/HashSetPerformanceTests.cs
  artifactKey: Guid(89c74bfd36912244585acb77a1268da0) Importer(2089858483,b0f066a214c2f5e87bad3c948f4d605d)
Start importing Packages/com.unity.collections/Unity.Collections.PerformanceTests/HashSetPerformanceTests.cs using Guid(89c74bfd36912244585acb77a1268da0) Importer(2089858483,b0f066a214c2f5e87bad3c948f4d605d) (ScriptedImporter) -> (artifact id: 'b742651552446e06216b9d37cc39635c') in 0.0067508 seconds
Number of updated asset objects reloaded before import = 0Number of asset objects unloaded after import = 0

========================================================================
Received Import Request.
  Time since last request: 0.000021 seconds.
  path: Packages/com.unity.collections/Unity.Collections.Editor/JobsMenu.cs
  artifactKey: Guid(7a96926915a7746789220056d7c409a5) Importer(2089858483,b0f066a214c2f5e87bad3c948f4d605d)
Start importing Packages/com.unity.collections/Unity.Collections.Editor/JobsMenu.cs using Guid(7a96926915a7746789220056d7c409a5) Importer(2089858483,b0f066a214c2f5e87bad3c948f4d605d) (ScriptedImporter) -> (artifact id: '313257f136e4a1b49a8bdecbed9c124c') in 0.0062062 seconds
Number of updated asset objects reloaded before import = 0Number of asset objects unloaded after import = 0

========================================================================
Received Import Request.
  Time since last request: 0.000039 seconds.
  path: Packages/com.unity.collections/Unity.Collections.Tests/DataStreamTests.cs
  artifactKey: Guid(c9fa73c3f49c43bc8f21fedf53591b10) Importer(2089858483,b0f066a214c2f5e87bad3c948f4d605d)
Start importing Packages/com.unity.collections/Unity.Collections.Tests/DataStreamTests.cs using Guid(c9fa73c3f49c43bc8f21fedf53591b10) Importer(2089858483,b0f066a214c2f5e87bad3c948f4d605d) (ScriptedImporter) -> (artifact id: 'b32b8c59c794b30925b79c879ab451e1') in 0.0080763 seconds
Number of updated asset objects reloaded before import = 0Number of asset objects unloaded after import = 0

========================================================================
Received Import Request.
  Time since last request: 0.000018 seconds.
  path: Packages/com.unity.collections/Unity.Collections.BurstCompatibilityGen/Unity.Collections.BurstCompatibilityGen.asmdef
  artifactKey: Guid(4f5c0c83dfd6a0743834baba2b4de79e) Importer(2089858483,b0f066a214c2f5e87bad3c948f4d605d)
Start importing Packages/com.unity.collections/Unity.Collections.BurstCompatibilityGen/Unity.Collections.BurstCompatibilityGen.asmdef using Guid(4f5c0c83dfd6a0743834baba2b4de79e) Importer(2089858483,b0f066a214c2f5e87bad3c948f4d605d) (ScriptedImporter) -> (artifact id: 'c49c9f7e33e38144f5cb4082ae7e8bf0') in 0.0076854 seconds
Number of updated asset objects reloaded before import = 0Number of asset objects unloaded after import = 1

========================================================================
Received Import Request.
  Time since last request: 0.000019 seconds.
  path: Packages/com.unity.collections/Unity.Collections/UnsafeQueue.cs
  artifactKey: Guid(b89b706c47817bc418a5eef9afcb3219) Importer(2089858483,b0f066a214c2f5e87bad3c948f4d605d)
Start importing Packages/com.unity.collections/Unity.Collections/UnsafeQueue.cs using Guid(b89b706c47817bc418a5eef9afcb3219) Importer(2089858483,b0f066a214c2f5e87bad3c948f4d605d) (ScriptedImporter) -> (artifact id: 'b7d55c22bd2cd9951cdb0dd8d32682f8') in 0.0069284 seconds
Number of updated asset objects reloaded before import = 0Number of asset objects unloaded after import = 0

========================================================================
Received Import Request.
  Time since last request: 0.000038 seconds.
  path: Packages/com.unity.collections/Unity.Collections.PerformanceTests/RewindableAllocatorPerformanceTests.cs
  artifactKey: Guid(d438077bfbb9810469c3c896a295855a) Importer(2089858483,b0f066a214c2f5e87bad3c948f4d605d)
Start importing Packages/com.unity.collections/Unity.Collections.PerformanceTests/RewindableAllocatorPerformanceTests.cs using Guid(d438077bfbb9810469c3c896a295855a) Importer(2089858483,b0f066a214c2f5e87bad3c948f4d605d) (ScriptedImporter) -> (artifact id: '4b4b6921251c05a003229415a63802cb') in 0.0093228 seconds
Number of updated asset objects reloaded before import = 0Number of asset objects unloaded after import = 0

========================================================================
Received Import Request.
  Time since last request: 0.000016 seconds.
  path: Packages/com.unity.collections/Unity.Collections.Tests/FixedStringTests.cs
  artifactKey: Guid(6936a9e20fa254433b9c06424258e80c) Importer(2089858483,b0f066a214c2f5e87bad3c948f4d605d)
Start importing Packages/com.unity.collections/Unity.Collections.Tests/FixedStringTests.cs using Guid(6936a9e20fa254433b9c06424258e80c) Importer(2089858483,b0f066a214c2f5e87bad3c948f4d605d) (ScriptedImporter) -> (artifact id: '218a4a4005fa59667e5ebf50ff78c681') in 0.0061832 seconds
Number of updated asset objects reloaded before import = 0Number of asset objects unloaded after import = 0

========================================================================
Received Import Request.
  Time since last request: 0.000021 seconds.
  path: Packages/com.unity.collections/Unity.Collections.PerformanceTests/NativeArraySortPerformanceTests.cs
  artifactKey: Guid(d6cb74ab64d3d476393e420d9d74dec4) Importer(2089858483,b0f066a214c2f5e87bad3c948f4d605d)
Start importing Packages/com.unity.collections/Unity.Collections.PerformanceTests/NativeArraySortPerformanceTests.cs using Guid(d6cb74ab64d3d476393e420d9d74dec4) Importer(2089858483,b0f066a214c2f5e87bad3c948f4d605d) (ScriptedImporter) -> (artifact id: '4ab2ca2a26fc1f42751d75beea1ef29e') in 0.0081646 seconds
Number of updated asset objects reloaded before import = 0Number of asset objects unloaded after import = 0

========================================================================
Received Import Request.
  Time since last request: 0.000031 seconds.
  path: Packages/com.unity.collections/Unity.Collections.PerformanceTests/QueueParallelPerformanceTests.cs
  artifactKey: Guid(d625a8f5b6435b040873e7fe625dbbf8) Importer(2089858483,b0f066a214c2f5e87bad3c948f4d605d)
Start importing Packages/com.unity.collections/Unity.Collections.PerformanceTests/QueueParallelPerformanceTests.cs using Guid(d625a8f5b6435b040873e7fe625dbbf8) Importer(2089858483,b0f066a214c2f5e87bad3c948f4d605d) (ScriptedImporter) -> (artifact id: '567c10fceb9f98af0f27be2d4558cca9') in 0.005949 seconds
Number of updated asset objects reloaded before import = 0Number of asset objects unloaded after import = 0

========================================================================
Received Import Request.
  Time since last request: 0.000021 seconds.
  path: Packages/com.unity.collections/Unity.Collections.Tests/FixedStringSizedTests.gen.cs
  artifactKey: Guid(0a06298414d1430487a2bc2bde42fba6) Importer(2089858483,b0f066a214c2f5e87bad3c948f4d605d)
Start importing Packages/com.unity.collections/Unity.Collections.Tests/FixedStringSizedTests.gen.cs using Guid(0a06298414d1430487a2bc2bde42fba6) Importer(2089858483,b0f066a214c2f5e87bad3c948f4d605d) (ScriptedImporter) -> (artifact id: '656a7ad57265e6050736b294a278c629') in 0.006168 seconds
Number of updated asset objects reloaded before import = 0Number of asset objects unloaded after import = 0

========================================================================
Received Import Request.
  Time since last request: 0.000019 seconds.
  path: Packages/com.unity.collections/Unity.Collections/xxHash3.StreamingState.cs
  artifactKey: Guid(65eaad6a676d4755a1f4bee58587a1d0) Importer(2089858483,b0f066a214c2f5e87bad3c948f4d605d)
Start importing Packages/com.unity.collections/Unity.Collections/xxHash3.StreamingState.cs using Guid(65eaad6a676d4755a1f4bee58587a1d0) Importer(2089858483,b0f066a214c2f5e87bad3c948f4d605d) (ScriptedImporter) -> (artifact id: 'c5fadbf4c98c3cd7e87b25a03b61f2dd') in 0.0069139 seconds
Number of updated asset objects reloaded before import = 0Number of asset objects unloaded after import = 0

========================================================================
Received Import Request.
  Time since last request: 0.000027 seconds.
  path: Packages/com.unity.collections/Unity.Collections/UnsafeText.cs
  artifactKey: Guid(44913edcb40f4e06a2c16796ccbb82b6) Importer(2089858483,b0f066a214c2f5e87bad3c948f4d605d)
Start importing Packages/com.unity.collections/Unity.Collections/UnsafeText.cs using Guid(44913edcb40f4e06a2c16796ccbb82b6) Importer(2089858483,b0f066a214c2f5e87bad3c948f4d605d) (ScriptedImporter) -> (artifact id: '2eabd8c3a0282437132e087fe97a8fdf') in 0.0070946 seconds
Number of updated asset objects reloaded before import = 0Number of asset objects unloaded after import = 0

========================================================================
Received Import Request.
  Time since last request: 0.000016 seconds.
  path: Packages/com.unity.collections/Unity.Collections.PerformanceTests/BenchmarkContainer.cs
  artifactKey: Guid(7956c264a4f322048ae516dae097b33a) Importer(2089858483,b0f066a214c2f5e87bad3c948f4d605d)
Start importing Packages/com.unity.collections/Unity.Collections.PerformanceTests/BenchmarkContainer.cs using Guid(7956c264a4f322048ae516dae097b33a) Importer(2089858483,b0f066a214c2f5e87bad3c948f4d605d) (ScriptedImporter) -> (artifact id: '46b9f3ab8a291706767c4b0c7be3434f') in 0.0056825 seconds
Number of updated asset objects reloaded before import = 0Number of asset objects unloaded after import = 0

========================================================================
Received Import Request.
  Time since last request: 0.000018 seconds.
  path: Packages/com.unity.collections/Unity.Collections/UnsafeUtilityEx.cs
  artifactKey: Guid(656438ffe79c94447bf483cf17d90bf6) Importer(2089858483,b0f066a214c2f5e87bad3c948f4d605d)
Start importing Packages/com.unity.collections/Unity.Collections/UnsafeUtilityEx.cs using Guid(656438ffe79c94447bf483cf17d90bf6) Importer(2089858483,b0f066a214c2f5e87bad3c948f4d605d) (ScriptedImporter) -> (artifact id: '832cbea77a9c38c38a39caca3af3bfc2') in 0.005829 seconds
Number of updated asset objects reloaded before import = 0Number of asset objects unloaded after import = 0

========================================================================
Received Import Request.
  Time since last request: 0.000029 seconds.
  path: Packages/com.unity.collections/Unity.Collections.PerformanceTests/PerformanceTestFrameworkOutputFixedSize.png
  artifactKey: Guid(079c3d43b74823a41bb33198b8221c23) Importer(2089858483,b0f066a214c2f5e87bad3c948f4d605d)
Start importing Packages/com.unity.collections/Unity.Collections.PerformanceTests/PerformanceTestFrameworkOutputFixedSize.png using Guid(079c3d43b74823a41bb33198b8221c23) Importer(2089858483,b0f066a214c2f5e87bad3c948f4d605d) (ScriptedImporter) -> (artifact id: 'ab490f863a1515256288cd5ade8ef647') in 0.0126351 seconds
Number of updated asset objects reloaded before import = 0Number of asset objects unloaded after import = 1

========================================================================
Received Import Request.
  Time since last request: 0.000017 seconds.
  path: Packages/com.unity.mathematics/LICENSE.md
  artifactKey: Guid(a7f87992cd1d44040ae42b05e5fbdaa5) Importer(2089858483,b0f066a214c2f5e87bad3c948f4d605d)
Start importing Packages/com.unity.mathematics/LICENSE.md using Guid(a7f87992cd1d44040ae42b05e5fbdaa5) Importer(2089858483,b0f066a214c2f5e87bad3c948f4d605d) (ScriptedImporter) -> (artifact id: 'c17f3218c41c9f354cdc1b47635c2524') in 0.0065371 seconds
Number of updated asset objects reloaded before import = 0Number of asset objects unloaded after import = 1

========================================================================
Received Import Request.
  Time since last request: 0.000023 seconds.
  path: Packages/com.unity.collections/Unity.Collections.Tests/NativeHashSetTests.cs
  artifactKey: Guid(f92c32975f7059949a65dedf00f850c5) Importer(2089858483,b0f066a214c2f5e87bad3c948f4d605d)
Start importing Packages/com.unity.collections/Unity.Collections.Tests/NativeHashSetTests.cs using Guid(f92c32975f7059949a65dedf00f850c5) Importer(2089858483,b0f066a214c2f5e87bad3c948f4d605d) (ScriptedImporter) -> (artifact id: '56459eccca067648ebd4d5d3a1b812b3') in 0.0075105 seconds
Number of updated asset objects reloaded before import = 0Number of asset objects unloaded after import = 0

========================================================================
Received Import Request.
  Time since last request: 0.000027 seconds.
  path: Packages/com.unity.collections/Unity.Collections.Tests/UnsafeQueueTests_InJobs.cs
  artifactKey: Guid(d35de0fc3fdf6cd4d8cc89e32adcfd92) Importer(2089858483,b0f066a214c2f5e87bad3c948f4d605d)
Start importing Packages/com.unity.collections/Unity.Collections.Tests/UnsafeQueueTests_InJobs.cs using Guid(d35de0fc3fdf6cd4d8cc89e32adcfd92) Importer(2089858483,b0f066a214c2f5e87bad3c948f4d605d) (ScriptedImporter) -> (artifact id: '5fb24d59db743e419a7ca24d8010d4bc') in 0.0065718 seconds
Number of updated asset objects reloaded before import = 0Number of asset objects unloaded after import = 0

========================================================================
Received Import Request.
  Time since last request: 0.000016 seconds.
  path: Packages/com.unity.collections/Unity.Collections.Tests/NativeParallelHashMapTestsFixture.cs
  artifactKey: Guid(073d9e43aff74464ab326f22b63d0dce) Importer(2089858483,b0f066a214c2f5e87bad3c948f4d605d)
Start importing Packages/com.unity.collections/Unity.Collections.Tests/NativeParallelHashMapTestsFixture.cs using Guid(073d9e43aff74464ab326f22b63d0dce) Importer(2089858483,b0f066a214c2f5e87bad3c948f4d605d) (ScriptedImporter) -> (artifact id: '961ea62aa095ed442e22e24035500a62') in 0.008011 seconds
Number of updated asset objects reloaded before import = 0Number of asset objects unloaded after import = 0

========================================================================
Received Import Request.
  Time since last request: 0.000019 seconds.
  path: Packages/com.unity.mathematics/Unity.Mathematics/bool2x2.gen.cs
  artifactKey: Guid(466955346f18d45f1811f3683f9cf707) Importer(2089858483,b0f066a214c2f5e87bad3c948f4d605d)
Start importing Packages/com.unity.mathematics/Unity.Mathematics/bool2x2.gen.cs using Guid(466955346f18d45f1811f3683f9cf707) Importer(2089858483,b0f066a214c2f5e87bad3c948f4d605d) (ScriptedImporter) -> (artifact id: 'e9fe746d7a6ae189ac59eafd55546445') in 0.0089613 seconds
Number of updated asset objects reloaded before import = 0Number of asset objects unloaded after import = 0

========================================================================
Received Import Request.
  Time since last request: 0.000035 seconds.
  path: Packages/com.unity.collections/Unity.Collections.Tests/NativeStreamTests.cs
  artifactKey: Guid(ce62bb2f0aba64563accb50660276cff) Importer(2089858483,b0f066a214c2f5e87bad3c948f4d605d)
Start importing Packages/com.unity.collections/Unity.Collections.Tests/NativeStreamTests.cs using Guid(ce62bb2f0aba64563accb50660276cff) Importer(2089858483,b0f066a214c2f5e87bad3c948f4d605d) (ScriptedImporter) -> (artifact id: '11c3fe0b3c1d28d6b941505d14bfe054') in 0.0077709 seconds
Number of updated asset objects reloaded before import = 0Number of asset objects unloaded after import = 0

========================================================================
Received Import Request.
  Time since last request: 0.000017 seconds.
  path: Packages/com.unity.collections/Unity.Collections.PerformanceTests/Unity.PerformanceTesting.Benchmark/README.md
  artifactKey: Guid(2e3a7e16dc0bd2346a2514dd143105a9) Importer(2089858483,b0f066a214c2f5e87bad3c948f4d605d)
Start importing Packages/com.unity.collections/Unity.Collections.PerformanceTests/Unity.PerformanceTesting.Benchmark/README.md using Guid(2e3a7e16dc0bd2346a2514dd143105a9) Importer(2089858483,b0f066a214c2f5e87bad3c948f4d605d) (ScriptedImporter) -> (artifact id: 'e408641759b72d6df5c7aa61e2730fcf') in 0.0095931 seconds
Number of updated asset objects reloaded before import = 0Number of asset objects unloaded after import = 1

========================================================================
Received Import Request.
  Time since last request: 0.000018 seconds.
  path: Packages/com.unity.collections/Unity.Collections.Tests/UnsafeAtomicCounterTests.cs
  artifactKey: Guid(586151f33b0f56d4e982fc9661d27323) Importer(2089858483,b0f066a214c2f5e87bad3c948f4d605d)
Start importing Packages/com.unity.collections/Unity.Collections.Tests/UnsafeAtomicCounterTests.cs using Guid(586151f33b0f56d4e982fc9661d27323) Importer(2089858483,b0f066a214c2f5e87bad3c948f4d605d) (ScriptedImporter) -> (artifact id: 'b64e1f19aafa92ae0a275d2e0a038d5e') in 0.0060646 seconds
Number of updated asset objects reloaded before import = 0Number of asset objects unloaded after import = 0

========================================================================
Received Import Request.
  Time since last request: 0.000025 seconds.
  path: Packages/com.unity.collections/Unity.Collections.Tests/UTF8ArrayUnsafeUtilityTests.cs
  artifactKey: Guid(52cbbdc3dcf848dd9efc09bfa529fa74) Importer(2089858483,b0f066a214c2f5e87bad3c948f4d605d)
Start importing Packages/com.unity.collections/Unity.Collections.Tests/UTF8ArrayUnsafeUtilityTests.cs using Guid(52cbbdc3dcf848dd9efc09bfa529fa74) Importer(2089858483,b0f066a214c2f5e87bad3c948f4d605d) (ScriptedImporter) -> (artifact id: '7fc949e90af3e2ddabea4d59ae222764') in 0.0067586 seconds
Number of updated asset objects reloaded before import = 0Number of asset objects unloaded after import = 0

========================================================================
Received Import Request.
  Time since last request: 0.000017 seconds.
  path: Packages/com.unity.collections/Unity.Collections.Tests.Playmode/FixedListPlayModeTests.tt
  artifactKey: Guid(6a88e2cd1798bb445bc5517141684031) Importer(2089858483,b0f066a214c2f5e87bad3c948f4d605d)
Start importing Packages/com.unity.collections/Unity.Collections.Tests.Playmode/FixedListPlayModeTests.tt using Guid(6a88e2cd1798bb445bc5517141684031) Importer(2089858483,b0f066a214c2f5e87bad3c948f4d605d) (ScriptedImporter) -> (artifact id: '837c4b8ef64858e0225c18d58ff850fc') in 0.0076756 seconds
Number of updated asset objects reloaded before import = 0Number of asset objects unloaded after import = 1

========================================================================
Received Import Request.
  Time since last request: 0.000026 seconds.
  path: Packages/com.unity.collections/Unity.Collections.Tests/NativeParallelMultiHashMapTests.cs
  artifactKey: Guid(bb38f6025ca13a74bb896b504219a393) Importer(2089858483,b0f066a214c2f5e87bad3c948f4d605d)
Start importing Packages/com.unity.collections/Unity.Collections.Tests/NativeParallelMultiHashMapTests.cs using Guid(bb38f6025ca13a74bb896b504219a393) Importer(2089858483,b0f066a214c2f5e87bad3c948f4d605d) (ScriptedImporter) -> (artifact id: '6310b33c728857ef3a5dcccfa1560914') in 0.0081007 seconds
Number of updated asset objects reloaded before import = 0Number of asset objects unloaded after import = 0

========================================================================
Received Import Request.
  Time since last request: 0.000029 seconds.
  path: Packages/com.unity.collections/Unity.Collections.Tests/UnsafeRingQueueTests.cs
  artifactKey: Guid(885d383951746604982b43fd5255f058) Importer(2089858483,b0f066a214c2f5e87bad3c948f4d605d)
Start importing Packages/com.unity.collections/Unity.Collections.Tests/UnsafeRingQueueTests.cs using Guid(885d383951746604982b43fd5255f058) Importer(2089858483,b0f066a214c2f5e87bad3c948f4d605d) (ScriptedImporter) -> (artifact id: '7ffbc310dbd1907fe30f6b243b857b0c') in 0.0082584 seconds
Number of updated asset objects reloaded before import = 0Number of asset objects unloaded after import = 0

========================================================================
Received Import Request.
  Time since last request: 0.000017 seconds.
  path: Packages/com.unity.modules.physics/package.ModuleCompilationTrigger
  artifactKey: Guid(5c1ee4056d0ac7ad3c5a16597fcaa38a) Importer(2089858483,b0f066a214c2f5e87bad3c948f4d605d)
Start importing Packages/com.unity.modules.physics/package.ModuleCompilationTrigger using Guid(5c1ee4056d0ac7ad3c5a16597fcaa38a) Importer(2089858483,b0f066a214c2f5e87bad3c948f4d605d) (ScriptedImporter) -> (artifact id: 'ccc2d02c894664b21e6b99aa797663cf') in 0.0073815 seconds
Number of updated asset objects reloaded before import = 0Number of asset objects unloaded after import = 1

========================================================================
Received Import Request.
  Time since last request: 0.000024 seconds.
  path: Packages/com.unity.collections/Unity.Collections.Tests/NativeParallelHashSetTests.gen.cs
  artifactKey: Guid(400ea57eaa639b547a8553b7678f167a) Importer(2089858483,b0f066a214c2f5e87bad3c948f4d605d)
Start importing Packages/com.unity.collections/Unity.Collections.Tests/NativeParallelHashSetTests.gen.cs using Guid(400ea57eaa639b547a8553b7678f167a) Importer(2089858483,b0f066a214c2f5e87bad3c948f4d605d) (ScriptedImporter) -> (artifact id: 'f856c10792aaf2f835be2cf1f8fe0e3b') in 0.0089941 seconds
Number of updated asset objects reloaded before import = 0Number of asset objects unloaded after import = 0

========================================================================
Received Import Request.
  Time since last request: 0.000028 seconds.
  path: Packages/com.unity.collections/Unity.Collections.Tests/UnsafeUtilityTests.cs
  artifactKey: Guid(fd28abb4e35d9472389061aeb5494474) Importer(2089858483,b0f066a214c2f5e87bad3c948f4d605d)
Start importing Packages/com.unity.collections/Unity.Collections.Tests/UnsafeUtilityTests.cs using Guid(fd28abb4e35d9472389061aeb5494474) Importer(2089858483,b0f066a214c2f5e87bad3c948f4d605d) (ScriptedImporter) -> (artifact id: 'b2f36590e2b6f665ed9c554a6db74aff') in 0.0083016 seconds
Number of updated asset objects reloaded before import = 0Number of asset objects unloaded after import = 0

========================================================================
Received Import Request.
  Time since last request: 0.000018 seconds.
  path: Packages/com.unity.collections/Unity.Collections.Tests/NativeQueueTests_InJobs.cs
  artifactKey: Guid(54ed1315d43524f428aeb6d72cd16cc0) Importer(2089858483,b0f066a214c2f5e87bad3c948f4d605d)
Start importing Packages/com.unity.collections/Unity.Collections.Tests/NativeQueueTests_InJobs.cs using Guid(54ed1315d43524f428aeb6d72cd16cc0) Importer(2089858483,b0f066a214c2f5e87bad3c948f4d605d) (ScriptedImporter) -> (artifact id: '34b06d4fe81c72964cd30b071db9c954') in 0.0073567 seconds
Number of updated asset objects reloaded before import = 0Number of asset objects unloaded after import = 0

========================================================================
Received Import Request.
  Time since last request: 0.000019 seconds.
  path: Packages/com.unity.collections/Unity.Collections.Tests/NativeRingQueueTests.cs
  artifactKey: Guid(5b49dfbe158cb4949aa44ed313cd0959) Importer(2089858483,b0f066a214c2f5e87bad3c948f4d605d)
Start importing Packages/com.unity.collections/Unity.Collections.Tests/NativeRingQueueTests.cs using Guid(5b49dfbe158cb4949aa44ed313cd0959) Importer(2089858483,b0f066a214c2f5e87bad3c948f4d605d) (ScriptedImporter) -> (artifact id: '3939c4cabe1a3e790675c37e8e2899c2') in 0.0074179 seconds
Number of updated asset objects reloaded before import = 0Number of asset objects unloaded after import = 0

========================================================================
Received Import Request.
  Time since last request: 0.000026 seconds.
  path: Packages/com.unity.collections/Unity.Collections.Tests/NativeParallelMultiHashMapTests_InJobs.cs
  artifactKey: Guid(05b24f32afe304172bde605516dda297) Importer(2089858483,b0f066a214c2f5e87bad3c948f4d605d)
Start importing Packages/com.unity.collections/Unity.Collections.Tests/NativeParallelMultiHashMapTests_InJobs.cs using Guid(05b24f32afe304172bde605516dda297) Importer(2089858483,b0f066a214c2f5e87bad3c948f4d605d) (ScriptedImporter) -> (artifact id: 'b63e9200351a9f79c95069b1b41cf14c') in 0.0087312 seconds
Number of updated asset objects reloaded before import = 0Number of asset objects unloaded after import = 0

========================================================================
Received Import Request.
  Time since last request: 0.000019 seconds.
  path: Packages/com.unity.collections/Unity.Collections.Tests/NativeTextTests.cs
  artifactKey: Guid(0b998d1d480ff8743817da102884ab16) Importer(2089858483,b0f066a214c2f5e87bad3c948f4d605d)
Start importing Packages/com.unity.collections/Unity.Collections.Tests/NativeTextTests.cs using Guid(0b998d1d480ff8743817da102884ab16) Importer(2089858483,b0f066a214c2f5e87bad3c948f4d605d) (ScriptedImporter) -> (artifact id: '0c41fba7ad661c5e2041402f1289682b') in 0.0066038 seconds
Number of updated asset objects reloaded before import = 0Number of asset objects unloaded after import = 0

========================================================================
Received Import Request.
  Time since last request: 0.000019 seconds.
  path: Packages/com.unity.collections/Unity.Collections.Tests/Jobs/FilterJobTests.cs
  artifactKey: Guid(551e05d9d28513c4fb893599f9237377) Importer(2089858483,b0f066a214c2f5e87bad3c948f4d605d)
Start importing Packages/com.unity.collections/Unity.Collections.Tests/Jobs/FilterJobTests.cs using Guid(551e05d9d28513c4fb893599f9237377) Importer(2089858483,b0f066a214c2f5e87bad3c948f4d605d) (ScriptedImporter) -> (artifact id: '9bc847f1ecaa656e744e08f5d440d9de') in 0.0071726 seconds
Number of updated asset objects reloaded before import = 0Number of asset objects unloaded after import = 0

========================================================================
Received Import Request.
  Time since last request: 0.000039 seconds.
  path: Packages/com.unity.modules.physics/package.json
  artifactKey: Guid(1a4266815e998967becf686f9c71f0a6) Importer(2089858483,b0f066a214c2f5e87bad3c948f4d605d)
Start importing Packages/com.unity.modules.physics/package.json using Guid(1a4266815e998967becf686f9c71f0a6) Importer(2089858483,b0f066a214c2f5e87bad3c948f4d605d) (ScriptedImporter) -> (artifact id: '9d2eda6b9f82f8b4e08bbf71e3f83266') in 0.0110208 seconds
Number of updated asset objects reloaded before import = 0Number of asset objects unloaded after import = 1

========================================================================
Received Import Request.
  Time since last request: 0.000044 seconds.
  path: Packages/com.unity.mathematics/Unity.Mathematics/bool4x2.gen.cs
  artifactKey: Guid(d34b6dd47888145b8870e017d6c84d4e) Importer(2089858483,b0f066a214c2f5e87bad3c948f4d605d)
Start importing Packages/com.unity.mathematics/Unity.Mathematics/bool4x2.gen.cs using Guid(d34b6dd47888145b8870e017d6c84d4e) Importer(2089858483,b0f066a214c2f5e87bad3c948f4d605d) (ScriptedImporter) -> (artifact id: 'b26929e5c43fc60e689de4a70f772b38') in 0.0092012 seconds
Number of updated asset objects reloaded before import = 0Number of asset objects unloaded after import = 0

========================================================================
Received Import Request.
  Time since last request: 0.000018 seconds.
  path: Packages/com.unity.mathematics/Unity.Mathematics/float3x2.gen.cs
  artifactKey: Guid(d20ff0b41ab5f4071b3d6ec3442fb2f7) Importer(2089858483,b0f066a214c2f5e87bad3c948f4d605d)
Start importing Packages/com.unity.mathematics/Unity.Mathematics/float3x2.gen.cs using Guid(d20ff0b41ab5f4071b3d6ec3442fb2f7) Importer(2089858483,b0f066a214c2f5e87bad3c948f4d605d) (ScriptedImporter) -> (artifact id: '327d3861452d491228987fdd029a6400') in 0.0079277 seconds
Number of updated asset objects reloaded before import = 0Number of asset objects unloaded after import = 0

========================================================================
Received Import Request.
  Time since last request: 0.000027 seconds.
  path: Packages/com.unity.mathematics/Unity.Mathematics/int3x4.gen.cs
  artifactKey: Guid(67f00d3260d3e46778497ed1e2b93c92) Importer(2089858483,b0f066a214c2f5e87bad3c948f4d605d)
Start importing Packages/com.unity.mathematics/Unity.Mathematics/int3x4.gen.cs using Guid(67f00d3260d3e46778497ed1e2b93c92) Importer(2089858483,b0f066a214c2f5e87bad3c948f4d605d) (ScriptedImporter) -> (artifact id: 'cec412f3bc98fb5cd6e743a56c74cd46') in 0.0059542 seconds
Number of updated asset objects reloaded before import = 0Number of asset objects unloaded after import = 0

========================================================================
Received Import Request.
  Time since last request: 0.000017 seconds.
  path: Packages/com.unity.mathematics/Unity.Mathematics/int2x3.gen.cs
  artifactKey: Guid(34b460e6ab4e94f68b249b11a8f71131) Importer(2089858483,b0f066a214c2f5e87bad3c948f4d605d)
Start importing Packages/com.unity.mathematics/Unity.Mathematics/int2x3.gen.cs using Guid(34b460e6ab4e94f68b249b11a8f71131) Importer(2089858483,b0f066a214c2f5e87bad3c948f4d605d) (ScriptedImporter) -> (artifact id: 'a0a671878d7d23c856d0a5412c1aade7') in 0.0061815 seconds
Number of updated asset objects reloaded before import = 0Number of asset objects unloaded after import = 0

========================================================================
Received Import Request.
  Time since last request: 0.000018 seconds.
  path: Packages/com.unity.mathematics/Unity.Mathematics/float2x2.gen.cs
  artifactKey: Guid(93080f7a13fd743e3aaaac6fee9f12b6) Importer(2089858483,b0f066a214c2f5e87bad3c948f4d605d)
Start importing Packages/com.unity.mathematics/Unity.Mathematics/float2x2.gen.cs using Guid(93080f7a13fd743e3aaaac6fee9f12b6) Importer(2089858483,b0f066a214c2f5e87bad3c948f4d605d) (ScriptedImporter) -> (artifact id: '9a5b89b3291aaf3b42d1dda232d73127') in 0.0077658 seconds
Number of updated asset objects reloaded before import = 0Number of asset objects unloaded after import = 0

========================================================================
Received Import Request.
  Time since last request: 0.000027 seconds.
  path: Packages/com.unity.mathematics/Unity.Mathematics/float2x3.gen.cs
  artifactKey: Guid(f6047b8d8f85d4465b798320ea146853) Importer(2089858483,b0f066a214c2f5e87bad3c948f4d605d)
Start importing Packages/com.unity.mathematics/Unity.Mathematics/float2x3.gen.cs using Guid(f6047b8d8f85d4465b798320ea146853) Importer(2089858483,b0f066a214c2f5e87bad3c948f4d605d) (ScriptedImporter) -> (artifact id: '097081df8aa993cb40fc2c84dab47a5d') in 0.0067355 seconds
Number of updated asset objects reloaded before import = 0Number of asset objects unloaded after import = 0

========================================================================
Received Import Request.
  Time since last request: 0.000022 seconds.
  path: Packages/com.unity.mathematics/Unity.Mathematics/rigid_transform.cs
  artifactKey: Guid(790a4c601e5714c18971af51ef3cbe71) Importer(2089858483,b0f066a214c2f5e87bad3c948f4d605d)
Start importing Packages/com.unity.mathematics/Unity.Mathematics/rigid_transform.cs using Guid(790a4c601e5714c18971af51ef3cbe71) Importer(2089858483,b0f066a214c2f5e87bad3c948f4d605d) (ScriptedImporter) -> (artifact id: 'fa609e8197f631c483b8bd85d7b263a2') in 0.0075312 seconds
Number of updated asset objects reloaded before import = 0Number of asset objects unloaded after import = 0

========================================================================
Received Import Request.
  Time since last request: 0.000025 seconds.
  path: Packages/com.unity.mathematics/Unity.Mathematics/Il2CppEagerStaticClassConstructionAttribute.cs
  artifactKey: Guid(3c7ef86a2cddb4254810c84d4f6e6618) Importer(2089858483,b0f066a214c2f5e87bad3c948f4d605d)
Start importing Packages/com.unity.mathematics/Unity.Mathematics/Il2CppEagerStaticClassConstructionAttribute.cs using Guid(3c7ef86a2cddb4254810c84d4f6e6618) Importer(2089858483,b0f066a214c2f5e87bad3c948f4d605d) (ScriptedImporter) -> (artifact id: '938ca49ac484912b769dbcfa1c761988') in 0.0092051 seconds
Number of updated asset objects reloaded before import = 0Number of asset objects unloaded after import = 0

========================================================================
Received Import Request.
  Time since last request: 0.000027 seconds.
  path: Packages/com.unity.mathematics/Unity.Mathematics/bool3x3.gen.cs
  artifactKey: Guid(a3b4b734e76c94d5099484b5b6c5b029) Importer(2089858483,b0f066a214c2f5e87bad3c948f4d605d)
Start importing Packages/com.unity.mathematics/Unity.Mathematics/bool3x3.gen.cs using Guid(a3b4b734e76c94d5099484b5b6c5b029) Importer(2089858483,b0f066a214c2f5e87bad3c948f4d605d) (ScriptedImporter) -> (artifact id: '4031536591b98af6be3624fe3fe38e8c') in 0.0090797 seconds
Number of updated asset objects reloaded before import = 0Number of asset objects unloaded after import = 0

========================================================================
Received Import Request.
  Time since last request: 0.000017 seconds.
  path: Packages/com.unity.mathematics/Unity.Mathematics/int3x3.gen.cs
  artifactKey: Guid(217c0fb9c97594ff38dc97fdce4fc117) Importer(2089858483,b0f066a214c2f5e87bad3c948f4d605d)
Start importing Packages/com.unity.mathematics/Unity.Mathematics/int3x3.gen.cs using Guid(217c0fb9c97594ff38dc97fdce4fc117) Importer(2089858483,b0f066a214c2f5e87bad3c948f4d605d) (ScriptedImporter) -> (artifact id: '87352b804f86e5cdb2c98ea78f4efb3d') in 0.0081449 seconds
Number of updated asset objects reloaded before import = 0Number of asset objects unloaded after import = 0

========================================================================
Received Import Request.
  Time since last request: 0.000018 seconds.
  path: Packages/com.unity.mathematics/Unity.Mathematics/PropertyAttributes.cs
  artifactKey: Guid(61cbbdd02bb00406b94029228cb3b73b) Importer(2089858483,b0f066a214c2f5e87bad3c948f4d605d)
Start importing Packages/com.unity.mathematics/Unity.Mathematics/PropertyAttributes.cs using Guid(61cbbdd02bb00406b94029228cb3b73b) Importer(2089858483,b0f066a214c2f5e87bad3c948f4d605d) (ScriptedImporter) -> (artifact id: '092bba75a96dc7b8abe107b8ce83ac59') in 0.0081206 seconds
Number of updated asset objects reloaded before import = 0Number of asset objects unloaded after import = 0

========================================================================
Received Import Request.
  Time since last request: 0.000026 seconds.
  path: Packages/com.unity.mathematics/Unity.Mathematics/bool3.gen.cs
  artifactKey: Guid(75aefc1758f9fbc41af3579fdd45aa62) Importer(2089858483,b0f066a214c2f5e87bad3c948f4d605d)
Start importing Packages/com.unity.mathematics/Unity.Mathematics/bool3.gen.cs using Guid(75aefc1758f9fbc41af3579fdd45aa62) Importer(2089858483,b0f066a214c2f5e87bad3c948f4d605d) (ScriptedImporter) -> (artifact id: '372f0cec252b9017afb5bf2c71cd2eb6') in 0.0059369 seconds
Number of updated asset objects reloaded before import = 0Number of asset objects unloaded after import = 0

========================================================================
Received Import Request.
  Time since last request: 0.000017 seconds.
  path: Packages/com.unity.mathematics/Unity.Mathematics/float3x4.gen.cs
  artifactKey: Guid(8e85ad7d883b9468da066c1ad9de70d0) Importer(2089858483,b0f066a214c2f5e87bad3c948f4d605d)
Start importing Packages/com.unity.mathematics/Unity.Mathematics/float3x4.gen.cs using Guid(8e85ad7d883b9468da066c1ad9de70d0) Importer(2089858483,b0f066a214c2f5e87bad3c948f4d605d) (ScriptedImporter) -> (artifact id: '37fa92e47933eab3d79e6726b4236004') in 0.0061511 seconds
Number of updated asset objects reloaded before import = 0Number of asset objects unloaded after import = 0

========================================================================
Received Import Request.
  Time since last request: 0.000019 seconds.
  path: Packages/com.unity.mathematics/Unity.Mathematics/uint3.gen.cs
  artifactKey: Guid(3f9d441c51e38d9488cbdd2f013adcd3) Importer(2089858483,b0f066a214c2f5e87bad3c948f4d605d)
Start importing Packages/com.unity.mathematics/Unity.Mathematics/uint3.gen.cs using Guid(3f9d441c51e38d9488cbdd2f013adcd3) Importer(2089858483,b0f066a214c2f5e87bad3c948f4d605d) (ScriptedImporter) -> (artifact id: '0b91f3a4cf8337af6c83351e01b6c6c5') in 0.006742 seconds
Number of updated asset objects reloaded before import = 0Number of asset objects unloaded after import = 0

========================================================================
Received Import Request.
  Time since last request: 0.000026 seconds.
  path: Packages/com.unity.mathematics/Unity.Mathematics/bool3x2.gen.cs
  artifactKey: Guid(21b83123b388e4dcb80da9576a60ebd2) Importer(2089858483,b0f066a214c2f5e87bad3c948f4d605d)
Start importing Packages/com.unity.mathematics/Unity.Mathematics/bool3x2.gen.cs using Guid(21b83123b388e4dcb80da9576a60ebd2) Importer(2089858483,b0f066a214c2f5e87bad3c948f4d605d) (ScriptedImporter) -> (artifact id: '15eaed221765285c281b960ae409906a') in 0.005816 seconds
Number of updated asset objects reloaded before import = 0Number of asset objects unloaded after import = 0

========================================================================
Received Import Request.
  Time since last request: 0.000023 seconds.
  path: Packages/com.unity.mathematics/Unity.Mathematics/int2x4.gen.cs
  artifactKey: Guid(827909947b5c9455fa16a57c0b8c55f7) Importer(2089858483,b0f066a214c2f5e87bad3c948f4d605d)
Start importing Packages/com.unity.mathematics/Unity.Mathematics/int2x4.gen.cs using Guid(827909947b5c9455fa16a57c0b8c55f7) Importer(2089858483,b0f066a214c2f5e87bad3c948f4d605d) (ScriptedImporter) -> (artifact id: '513be46199545a52943689a7f8bf736a') in 0.0063575 seconds
Number of updated asset objects reloaded before import = 0Number of asset objects unloaded after import = 0

========================================================================
Received Import Request.
  Time since last request: 0.000021 seconds.
  path: Packages/com.unity.mathematics/Unity.Mathematics/matrix.cs
  artifactKey: Guid(e378472eca9810946b664b8ff70f4edf) Importer(2089858483,b0f066a214c2f5e87bad3c948f4d605d)
Start importing Packages/com.unity.mathematics/Unity.Mathematics/matrix.cs using Guid(e378472eca9810946b664b8ff70f4edf) Importer(2089858483,b0f066a214c2f5e87bad3c948f4d605d) (ScriptedImporter) -> (artifact id: '81f27c27ee3ed3db424cbcd4c56ff0c7') in 0.0062172 seconds
Number of updated asset objects reloaded before import = 0Number of asset objects unloaded after import = 0

========================================================================
Received Import Request.
  Time since last request: 0.000025 seconds.
  path: Packages/com.unity.collections/Unity.Collections.Tests/NativeReferenceTests.cs
  artifactKey: Guid(b737b50d5785388458f6bc50c9dfa8ea) Importer(2089858483,b0f066a214c2f5e87bad3c948f4d605d)
Start importing Packages/com.unity.collections/Unity.Collections.Tests/NativeReferenceTests.cs using Guid(b737b50d5785388458f6bc50c9dfa8ea) Importer(2089858483,b0f066a214c2f5e87bad3c948f4d605d) (ScriptedImporter) -> (artifact id: 'bfa420a7c7545e17ec9acb655a779ace') in 0.0058619 seconds
Number of updated asset objects reloaded before import = 0Number of asset objects unloaded after import = 0

========================================================================
Received Import Request.
  Time since last request: 0.000021 seconds.
  path: Packages/com.unity.mathematics/Unity.Mathematics/int2.gen.cs
  artifactKey: Guid(29938ef4dca90ce47ae640695d8b1c9f) Importer(2089858483,b0f066a214c2f5e87bad3c948f4d605d)
Start importing Packages/com.unity.mathematics/Unity.Mathematics/int2.gen.cs using Guid(29938ef4dca90ce47ae640695d8b1c9f) Importer(2089858483,b0f066a214c2f5e87bad3c948f4d605d) (ScriptedImporter) -> (artifact id: '3277954107391d53c00c1a3904c79f51') in 0.0068061 seconds
Number of updated asset objects reloaded before import = 0Number of asset objects unloaded after import = 0

========================================================================
Received Import Request.
  Time since last request: 0.000023 seconds.
  path: Packages/com.unity.mathematics/Unity.Mathematics/bool4x3.gen.cs
  artifactKey: Guid(e3e9b9173355b4d25aad23fb08782200) Importer(2089858483,b0f066a214c2f5e87bad3c948f4d605d)
Start importing Packages/com.unity.mathematics/Unity.Mathematics/bool4x3.gen.cs using Guid(e3e9b9173355b4d25aad23fb08782200) Importer(2089858483,b0f066a214c2f5e87bad3c948f4d605d) (ScriptedImporter) -> (artifact id: 'cf9984cee7d65039e284936f10d41f6d') in 0.0055976 seconds
Number of updated asset objects reloaded before import = 0Number of asset objects unloaded after import = 0

========================================================================
Received Import Request.
  Time since last request: 0.000025 seconds.
  path: Packages/com.unity.mathematics/Unity.Mathematics/math.cs
  artifactKey: Guid(a54902d8339407348996f4a12702eaff) Importer(2089858483,b0f066a214c2f5e87bad3c948f4d605d)
Start importing Packages/com.unity.mathematics/Unity.Mathematics/math.cs using Guid(a54902d8339407348996f4a12702eaff) Importer(2089858483,b0f066a214c2f5e87bad3c948f4d605d) (ScriptedImporter) -> (artifact id: 'e2407ead07d6086be78d44560b79c73f') in 0.0054527 seconds
Number of updated asset objects reloaded before import = 0Number of asset objects unloaded after import = 0

========================================================================
Received Import Request.
  Time since last request: 0.000015 seconds.
  path: Packages/com.unity.mathematics/Unity.Mathematics/int4x3.gen.cs
  artifactKey: Guid(625f7c407b9c1474bbfcb1c17db16571) Importer(2089858483,b0f066a214c2f5e87bad3c948f4d605d)
Start importing Packages/com.unity.mathematics/Unity.Mathematics/int4x3.gen.cs using Guid(625f7c407b9c1474bbfcb1c17db16571) Importer(2089858483,b0f066a214c2f5e87bad3c948f4d605d) (ScriptedImporter) -> (artifact id: 'fec944671f2395e237792e59c68345f3') in 0.0055036 seconds
Number of updated asset objects reloaded before import = 0Number of asset objects unloaded after import = 0

========================================================================
Received Import Request.
  Time since last request: 0.000016 seconds.
  path: Packages/com.unity.collections/Unity.Collections.PerformanceTests/Unity.PerformanceTesting.Benchmark/BenchmarkGenerator.cs
  artifactKey: Guid(d0fbdee3cefe411478fe3cd19d0b0edf) Importer(2089858483,b0f066a214c2f5e87bad3c948f4d605d)
Start importing Packages/com.unity.collections/Unity.Collections.PerformanceTests/Unity.PerformanceTesting.Benchmark/BenchmarkGenerator.cs using Guid(d0fbdee3cefe411478fe3cd19d0b0edf) Importer(2089858483,b0f066a214c2f5e87bad3c948f4d605d) (ScriptedImporter) -> (artifact id: '3ccdbdbaa625c0f1bb7833b2ba546edb') in 0.0061873 seconds
Number of updated asset objects reloaded before import = 0Number of asset objects unloaded after import = 0

========================================================================
Received Import Request.
  Time since last request: 0.000023 seconds.
  path: Packages/com.unity.collections/Unity.Collections.Tests/Jobs/JobTests_CombineDependencies.cs
  artifactKey: Guid(ecbee97f2678c1747802e50945a31f1d) Importer(2089858483,b0f066a214c2f5e87bad3c948f4d605d)
Start importing Packages/com.unity.collections/Unity.Collections.Tests/Jobs/JobTests_CombineDependencies.cs using Guid(ecbee97f2678c1747802e50945a31f1d) Importer(2089858483,b0f066a214c2f5e87bad3c948f4d605d) (ScriptedImporter) -> (artifact id: '228aceed01cf472cc57530af829ec41c') in 0.0059727 seconds
Number of updated asset objects reloaded before import = 0Number of asset objects unloaded after import = 0

========================================================================
Received Import Request.
  Time since last request: 0.000025 seconds.
  path: Packages/com.unity.mathematics/Unity.Mathematics/int3x2.gen.cs
  artifactKey: Guid(6ddb7ba42f65c4292afd32dd847c8d3e) Importer(2089858483,b0f066a214c2f5e87bad3c948f4d605d)
Start importing Packages/com.unity.mathematics/Unity.Mathematics/int3x2.gen.cs using Guid(6ddb7ba42f65c4292afd32dd847c8d3e) Importer(2089858483,b0f066a214c2f5e87bad3c948f4d605d) (ScriptedImporter) -> (artifact id: '0316d449da8c4a79735a207ab933fb4b') in 0.0068531 seconds
Number of updated asset objects reloaded before import = 0Number of asset objects unloaded after import = 0

========================================================================
Received Import Request.
  Time since last request: 0.000016 seconds.
  path: Packages/com.unity.mathematics/Unity.Mathematics/uint2x3.gen.cs
  artifactKey: Guid(5b7bf1463aaa942d98a29d05b88ebd4e) Importer(2089858483,b0f066a214c2f5e87bad3c948f4d605d)
Start importing Packages/com.unity.mathematics/Unity.Mathematics/uint2x3.gen.cs using Guid(5b7bf1463aaa942d98a29d05b88ebd4e) Importer(2089858483,b0f066a214c2f5e87bad3c948f4d605d) (ScriptedImporter) -> (artifact id: '60ad56c0a2cf9fcb5760b7f477267fd8') in 0.0065665 seconds
Number of updated asset objects reloaded before import = 0Number of asset objects unloaded after import = 0

========================================================================
Received Import Request.
  Time since last request: 0.000018 seconds.
  path: Packages/com.unity.collab-proxy/Editor/Views/Filters/Date/DateFilterButtonPanel.cs
  artifactKey: Guid(fcbf1383bda394948a6f807ea4bfa6ee) Importer(2089858483,b0f066a214c2f5e87bad3c948f4d605d)
Start importing Packages/com.unity.collab-proxy/Editor/Views/Filters/Date/DateFilterButtonPanel.cs using Guid(fcbf1383bda394948a6f807ea4bfa6ee) Importer(2089858483,b0f066a214c2f5e87bad3c948f4d605d) (ScriptedImporter) -> (artifact id: '8c960f0da2617fe9bf8120f7c4301843') in 0.0067758 seconds
Number of updated asset objects reloaded before import = 0Number of asset objects unloaded after import = 0

========================================================================
Received Import Request.
  Time since last request: 0.000041 seconds.
  path: Packages/com.unity.collab-proxy/Editor/Views/Welcome/MacOSConfigWorkaround.cs
  artifactKey: Guid(bc1e10ffb13c5b548948d8c725368507) Importer(2089858483,b0f066a214c2f5e87bad3c948f4d605d)
Start importing Packages/com.unity.collab-proxy/Editor/Views/Welcome/MacOSConfigWorkaround.cs using Guid(bc1e10ffb13c5b548948d8c725368507) Importer(2089858483,b0f066a214c2f5e87bad3c948f4d605d) (ScriptedImporter) -> (artifact id: '6fea956ed61b7d8c69b1f7b73aae327d') in 0.0089563 seconds
Number of updated asset objects reloaded before import = 0Number of asset objects unloaded after import = 0

========================================================================
Received Import Request.
  Time since last request: 0.000016 seconds.
  path: Packages/com.unity.mathematics/Tests/Tests/Shared/TestBool2x3.gen.cs
  artifactKey: Guid(a058a163908539c4d9aa34e925e16c84) Importer(2089858483,b0f066a214c2f5e87bad3c948f4d605d)
Start importing Packages/com.unity.mathematics/Tests/Tests/Shared/TestBool2x3.gen.cs using Guid(a058a163908539c4d9aa34e925e16c84) Importer(2089858483,b0f066a214c2f5e87bad3c948f4d605d) (ScriptedImporter) -> (artifact id: 'a53bf8d0ab84e35648f7f08ca3019923') in 0.0073945 seconds
Number of updated asset objects reloaded before import = 0Number of asset objects unloaded after import = 0

========================================================================
Received Import Request.
  Time since last request: 0.000019 seconds.
  path: Packages/com.unity.mathematics/Tests/Tests/Shared/TestDouble4.gen.cs
  artifactKey: Guid(872190ea505e35646b9b1e492b8316c7) Importer(2089858483,b0f066a214c2f5e87bad3c948f4d605d)
Start importing Packages/com.unity.mathematics/Tests/Tests/Shared/TestDouble4.gen.cs using Guid(872190ea505e35646b9b1e492b8316c7) Importer(2089858483,b0f066a214c2f5e87bad3c948f4d605d) (ScriptedImporter) -> (artifact id: '77d12e2f78355337fe09a9f4caaf7822') in 0.006552 seconds
Number of updated asset objects reloaded before import = 0Number of asset objects unloaded after import = 0

========================================================================
Received Import Request.
  Time since last request: 0.000026 seconds.
  path: Packages/com.unity.mathematics/Tests/Tests/Shared/TestDouble4x3.gen.cs
  artifactKey: Guid(a9a5b693ba34291418f7e9f627709a57) Importer(2089858483,b0f066a214c2f5e87bad3c948f4d605d)
Start importing Packages/com.unity.mathematics/Tests/Tests/Shared/TestDouble4x3.gen.cs using Guid(a9a5b693ba34291418f7e9f627709a57) Importer(2089858483,b0f066a214c2f5e87bad3c948f4d605d) (ScriptedImporter) -> (artifact id: '788e102b7577cc4d9c2092083fc620b7') in 0.0055942 seconds
Number of updated asset objects reloaded before import = 0Number of asset objects unloaded after import = 0

========================================================================
Received Import Request.
  Time since last request: 0.000015 seconds.
  path: Packages/com.unity.mathematics/Tests/Tests/Shared/TestDouble2.gen.cs
  artifactKey: Guid(aad8a485c4a133942b50e482a663b6a3) Importer(2089858483,b0f066a214c2f5e87bad3c948f4d605d)
Start importing Packages/com.unity.mathematics/Tests/Tests/Shared/TestDouble2.gen.cs using Guid(aad8a485c4a133942b50e482a663b6a3) Importer(2089858483,b0f066a214c2f5e87bad3c948f4d605d) (ScriptedImporter) -> (artifact id: 'ccca77efd3891b05baed15ae55c5f7da') in 0.0065598 seconds
Number of updated asset objects reloaded before import = 0Number of asset objects unloaded after import = 0

========================================================================
Received Import Request.
  Time since last request: 0.000018 seconds.
  path: Packages/com.unity.mathematics/Tests/Tests/Shared/TestFloat2x3.gen.cs
  artifactKey: Guid(c55c5a192a2ac9046aed8be3f03ce6f2) Importer(2089858483,b0f066a214c2f5e87bad3c948f4d605d)
Start importing Packages/com.unity.mathematics/Tests/Tests/Shared/TestFloat2x3.gen.cs using Guid(c55c5a192a2ac9046aed8be3f03ce6f2) Importer(2089858483,b0f066a214c2f5e87bad3c948f4d605d) (ScriptedImporter) -> (artifact id: 'b87dd95fca2efef982116057afd8579d') in 0.0059121 seconds
Number of updated asset objects reloaded before import = 0Number of asset objects unloaded after import = 0

========================================================================
Received Import Request.
  Time since last request: 0.000025 seconds.
  path: Packages/com.unity.mathematics/Tests/Tests/Shared/TestBool3x3.gen.cs
  artifactKey: Guid(16fef77cdd788b54983aea9d37b2efb1) Importer(2089858483,b0f066a214c2f5e87bad3c948f4d605d)
Start importing Packages/com.unity.mathematics/Tests/Tests/Shared/TestBool3x3.gen.cs using Guid(16fef77cdd788b54983aea9d37b2efb1) Importer(2089858483,b0f066a214c2f5e87bad3c948f4d605d) (ScriptedImporter) -> (artifact id: '38d2bc08f44174ea148c747c851e2e72') in 0.0061618 seconds
Number of updated asset objects reloaded before import = 0Number of asset objects unloaded after import = 0

========================================================================
Received Import Request.
  Time since last request: 0.000018 seconds.
  path: Packages/com.unity.mathematics/Tests/Tests/Shared/TestInt2x2.gen.cs
  artifactKey: Guid(041eb9518baf7a846bd945a05063b142) Importer(2089858483,b0f066a214c2f5e87bad3c948f4d605d)
Start importing Packages/com.unity.mathematics/Tests/Tests/Shared/TestInt2x2.gen.cs using Guid(041eb9518baf7a846bd945a05063b142) Importer(2089858483,b0f066a214c2f5e87bad3c948f4d605d) (ScriptedImporter) -> (artifact id: 'ae00a07bba0f91c783bbc2ebede81c54') in 0.0069864 seconds
Number of updated asset objects reloaded before import = 0Number of asset objects unloaded after import = 0

========================================================================
Received Import Request.
  Time since last request: 0.000019 seconds.
  path: Packages/com.unity.mathematics/Unity.Mathematics/Noise/noise3D.cs
  artifactKey: Guid(466846e8fd30645168912f2824cedb87) Importer(2089858483,b0f066a214c2f5e87bad3c948f4d605d)
Start importing Packages/com.unity.mathematics/Unity.Mathematics/Noise/noise3D.cs using Guid(466846e8fd30645168912f2824cedb87) Importer(2089858483,b0f066a214c2f5e87bad3c948f4d605d) (ScriptedImporter) -> (artifact id: '4c932b3b644641488d223a1deb211f18') in 0.0075405 seconds
Number of updated asset objects reloaded before import = 0Number of asset objects unloaded after import = 0

========================================================================
Received Import Request.
  Time since last request: 0.000028 seconds.
  path: Packages/com.unity.mathematics/Tests/Tests/Shared/TestDouble4x4.gen.cs
  artifactKey: Guid(1021c7218a1b3894ba0a61ae37e36a8c) Importer(2089858483,b0f066a214c2f5e87bad3c948f4d605d)
Start importing Packages/com.unity.mathematics/Tests/Tests/Shared/TestDouble4x4.gen.cs using Guid(1021c7218a1b3894ba0a61ae37e36a8c) Importer(2089858483,b0f066a214c2f5e87bad3c948f4d605d) (ScriptedImporter) -> (artifact id: '79b4600e1d327b7fd2cb5894481b73ae') in 0.0066053 seconds
Number of updated asset objects reloaded before import = 0Number of asset objects unloaded after import = 0

========================================================================
Received Import Request.
  Time since last request: 0.000016 seconds.
  path: Packages/com.unity.mathematics/Tests/Tests/Shared/TestDouble2x3.gen.cs
  artifactKey: Guid(fa8d4556e4d042c4199dca8671bc2817) Importer(2089858483,b0f066a214c2f5e87bad3c948f4d605d)
Start importing Packages/com.unity.mathematics/Tests/Tests/Shared/TestDouble2x3.gen.cs using Guid(fa8d4556e4d042c4199dca8671bc2817) Importer(2089858483,b0f066a214c2f5e87bad3c948f4d605d) (ScriptedImporter) -> (artifact id: 'dc29507a499836252a5e434da585b380') in 0.0066767 seconds
Number of updated asset objects reloaded before import = 0Number of asset objects unloaded after import = 0

========================================================================
Received Import Request.
  Time since last request: 0.000019 seconds.
  path: Packages/com.unity.mathematics/Tests/Tests/Shared/TestBool4x3.gen.cs
  artifactKey: Guid(58c624ce115ab234d9a595288af4c5e0) Importer(2089858483,b0f066a214c2f5e87bad3c948f4d605d)
Start importing Packages/com.unity.mathematics/Tests/Tests/Shared/TestBool4x3.gen.cs using Guid(58c624ce115ab234d9a595288af4c5e0) Importer(2089858483,b0f066a214c2f5e87bad3c948f4d605d) (ScriptedImporter) -> (artifact id: '4369f142a343f1903064ac9a4c4462a6') in 0.006757 seconds
Number of updated asset objects reloaded before import = 0Number of asset objects unloaded after import = 0

========================================================================
Received Import Request.
  Time since last request: 0.000039 seconds.
  path: Packages/com.unity.mathematics/Tests/Tests/Shared/TestFloat4x3.gen.cs
  artifactKey: Guid(d5d74a51bcf6045408a569332921009f) Importer(2089858483,b0f066a214c2f5e87bad3c948f4d605d)
Start importing Packages/com.unity.mathematics/Tests/Tests/Shared/TestFloat4x3.gen.cs using Guid(d5d74a51bcf6045408a569332921009f) Importer(2089858483,b0f066a214c2f5e87bad3c948f4d605d) (ScriptedImporter) -> (artifact id: '1fc3f26ee30ab7c13eab81456f61a044') in 0.0063752 seconds
Number of updated asset objects reloaded before import = 0Number of asset objects unloaded after import = 0

========================================================================
Received Import Request.
  Time since last request: 0.000018 seconds.
  path: Packages/com.unity.mathematics/Tests/Tests/Shared/TestFloat3x4.gen.cs
  artifactKey: Guid(f8e09d2585c55f8498cd3e3221744e39) Importer(2089858483,b0f066a214c2f5e87bad3c948f4d605d)
Start importing Packages/com.unity.mathematics/Tests/Tests/Shared/TestFloat3x4.gen.cs using Guid(f8e09d2585c55f8498cd3e3221744e39) Importer(2089858483,b0f066a214c2f5e87bad3c948f4d605d) (ScriptedImporter) -> (artifact id: 'ca5989123f322b4ae1daf07c2795a4e9') in 0.0061311 seconds
Number of updated asset objects reloaded before import = 0Number of asset objects unloaded after import = 0

========================================================================
Received Import Request.
  Time since last request: 0.000023 seconds.
  path: Packages/com.unity.mathematics/Tests/Tests/Shared/TestAffineTransform.cs
  artifactKey: Guid(534e18de5e70ccf468bf46c917dfdac4) Importer(2089858483,b0f066a214c2f5e87bad3c948f4d605d)
Start importing Packages/com.unity.mathematics/Tests/Tests/Shared/TestAffineTransform.cs using Guid(534e18de5e70ccf468bf46c917dfdac4) Importer(2089858483,b0f066a214c2f5e87bad3c948f4d605d) (ScriptedImporter) -> (artifact id: '353ec68bbe718476335dde1763bd34df') in 0.00568 seconds
Number of updated asset objects reloaded before import = 0Number of asset objects unloaded after import = 0

========================================================================
Received Import Request.
  Time since last request: 0.000028 seconds.
  path: Packages/com.unity.mathematics/Tests/Tests/Shared/TestBool2x2.gen.cs
  artifactKey: Guid(8ffa916172073c14499f3e88e1ddaccc) Importer(2089858483,b0f066a214c2f5e87bad3c948f4d605d)
Start importing Packages/com.unity.mathematics/Tests/Tests/Shared/TestBool2x2.gen.cs using Guid(8ffa916172073c14499f3e88e1ddaccc) Importer(2089858483,b0f066a214c2f5e87bad3c948f4d605d) (ScriptedImporter) -> (artifact id: '85b21d36cbbeb95b67a5be99faacea82') in 0.0057774 seconds
Number of updated asset objects reloaded before import = 0Number of asset objects unloaded after import = 0

========================================================================
Received Import Request.
  Time since last request: 0.000020 seconds.
  path: Packages/com.unity.mathematics/Tests/Tests/Shared/TestFloat2x4.gen.cs
  artifactKey: Guid(b3517a3babe572246a5b80234b2f8a4b) Importer(2089858483,b0f066a214c2f5e87bad3c948f4d605d)
Start importing Packages/com.unity.mathematics/Tests/Tests/Shared/TestFloat2x4.gen.cs using Guid(b3517a3babe572246a5b80234b2f8a4b) Importer(2089858483,b0f066a214c2f5e87bad3c948f4d605d) (ScriptedImporter) -> (artifact id: '78bb566605d10e41f4ca152bd8008d56') in 0.0059107 seconds
Number of updated asset objects reloaded before import = 0Number of asset objects unloaded after import = 0

========================================================================
Received Import Request.
  Time since last request: 0.000025 seconds.
  path: Packages/com.unity.mathematics/Unity.Mathematics/Noise/LICENSE
  artifactKey: Guid(e8895079ca68e498482a3075d7e34508) Importer(2089858483,b0f066a214c2f5e87bad3c948f4d605d)
Start importing Packages/com.unity.mathematics/Unity.Mathematics/Noise/LICENSE using Guid(e8895079ca68e498482a3075d7e34508) Importer(2089858483,b0f066a214c2f5e87bad3c948f4d605d) (ScriptedImporter) -> (artifact id: 'bfd467551bb9f704e0a1102340f4cf2c') in 0.0061967 seconds
Number of updated asset objects reloaded before import = 0Number of asset objects unloaded after import = 1

========================================================================
Received Import Request.
  Time since last request: 0.000028 seconds.
  path: Packages/com.unity.mathematics/Unity.Mathematics/Noise/cellular2x2.cs
  artifactKey: Guid(fb26f7539fea841ac9538c01e2c20bc4) Importer(2089858483,b0f066a214c2f5e87bad3c948f4d605d)
Start importing Packages/com.unity.mathematics/Unity.Mathematics/Noise/cellular2x2.cs using Guid(fb26f7539fea841ac9538c01e2c20bc4) Importer(2089858483,b0f066a214c2f5e87bad3c948f4d605d) (ScriptedImporter) -> (artifact id: '4ca0ec3f996a1bde20a7e81fc25a7d5f') in 0.0058557 seconds
Number of updated asset objects reloaded before import = 0Number of asset objects unloaded after import = 0

========================================================================
Received Import Request.
  Time since last request: 0.000022 seconds.
  path: Packages/com.unity.mathematics/Tests/Tests/Shared/TestBool4x2.gen.cs
  artifactKey: Guid(c7ec685ec2ccae14a851a50b1bcbebfa) Importer(2089858483,b0f066a214c2f5e87bad3c948f4d605d)
Start importing Packages/com.unity.mathematics/Tests/Tests/Shared/TestBool4x2.gen.cs using Guid(c7ec685ec2ccae14a851a50b1bcbebfa) Importer(2089858483,b0f066a214c2f5e87bad3c948f4d605d) (ScriptedImporter) -> (artifact id: '887c1e0a09b7bc82aeecf287ca80b97d') in 0.0079851 seconds
Number of updated asset objects reloaded before import = 0Number of asset objects unloaded after import = 0

========================================================================
Received Import Request.
  Time since last request: 0.000020 seconds.
  path: Packages/com.unity.mathematics/Tests/Tests/Shared/TestBool2x4.gen.cs
  artifactKey: Guid(fa56fbe206d514b43a4f21c1ecd2a9bd) Importer(2089858483,b0f066a214c2f5e87bad3c948f4d605d)
Start importing Packages/com.unity.mathematics/Tests/Tests/Shared/TestBool2x4.gen.cs using Guid(fa56fbe206d514b43a4f21c1ecd2a9bd) Importer(2089858483,b0f066a214c2f5e87bad3c948f4d605d) (ScriptedImporter) -> (artifact id: '6e09ce81ed85e5ca35e5dd24646e692d') in 0.0096063 seconds
Number of updated asset objects reloaded before import = 0Number of asset objects unloaded after import = 0

========================================================================
Received Import Request.
  Time since last request: 0.000032 seconds.
  path: Packages/com.unity.mathematics/Tests/Tests/Shared/TestFloat2.gen.cs
  artifactKey: Guid(79dc86a9e627dcb4a9b6c6ae87b366b6) Importer(2089858483,b0f066a214c2f5e87bad3c948f4d605d)
Start importing Packages/com.unity.mathematics/Tests/Tests/Shared/TestFloat2.gen.cs using Guid(79dc86a9e627dcb4a9b6c6ae87b366b6) Importer(2089858483,b0f066a214c2f5e87bad3c948f4d605d) (ScriptedImporter) -> (artifact id: 'f4bdb4a157afd2c432295c3b1f9f263d') in 0.0086655 seconds
Number of updated asset objects reloaded before import = 0Number of asset objects unloaded after import = 0

========================================================================
Received Import Request.
  Time since last request: 0.000018 seconds.
  path: Packages/com.unity.mathematics/Tests/Tests/Shared/TestFloat4.gen.cs
  artifactKey: Guid(f415d23fdfcb53742837bd44ef1b7825) Importer(2089858483,b0f066a214c2f5e87bad3c948f4d605d)
Start importing Packages/com.unity.mathematics/Tests/Tests/Shared/TestFloat4.gen.cs using Guid(f415d23fdfcb53742837bd44ef1b7825) Importer(2089858483,b0f066a214c2f5e87bad3c948f4d605d) (ScriptedImporter) -> (artifact id: 'd966087d325816188d7b5b3d45612677') in 0.0075107 seconds
Number of updated asset objects reloaded before import = 0Number of asset objects unloaded after import = 0

========================================================================
Received Import Request.
  Time since last request: 0.000025 seconds.
  path: Packages/com.unity.mathematics/Unity.Mathematics/Noise/psrdnoise2D.cs
  artifactKey: Guid(8bf609f94feab4ac5af33f75a100630c) Importer(2089858483,b0f066a214c2f5e87bad3c948f4d605d)
Start importing Packages/com.unity.mathematics/Unity.Mathematics/Noise/psrdnoise2D.cs using Guid(8bf609f94feab4ac5af33f75a100630c) Importer(2089858483,b0f066a214c2f5e87bad3c948f4d605d) (ScriptedImporter) -> (artifact id: '05e589c674753b7c0a45ff5daed53a6f') in 0.0068424 seconds
Number of updated asset objects reloaded before import = 0Number of asset objects unloaded after import = 0

========================================================================
Received Import Request.
  Time since last request: 0.000036 seconds.
  path: Packages/com.unity.mathematics/Tests/Tests/Shared/TestInt4x3.gen.cs
  artifactKey: Guid(5ffba8e003136db4abab4542f240e632) Importer(2089858483,b0f066a214c2f5e87bad3c948f4d605d)
Start importing Packages/com.unity.mathematics/Tests/Tests/Shared/TestInt4x3.gen.cs using Guid(5ffba8e003136db4abab4542f240e632) Importer(2089858483,b0f066a214c2f5e87bad3c948f4d605d) (ScriptedImporter) -> (artifact id: '4f0b81d35d456a70015e4ca2830d8479') in 0.0088777 seconds
Number of updated asset objects reloaded before import = 0Number of asset objects unloaded after import = 0

========================================================================
Received Import Request.
  Time since last request: 0.000023 seconds.
  path: Packages/com.unity.searcher/Editor/Searcher/SearcherHighlighter.cs
  artifactKey: Guid(e4c8094ce73742d79e92d10007f8e55b) Importer(2089858483,b0f066a214c2f5e87bad3c948f4d605d)
Start importing Packages/com.unity.searcher/Editor/Searcher/SearcherHighlighter.cs using Guid(e4c8094ce73742d79e92d10007f8e55b) Importer(2089858483,b0f066a214c2f5e87bad3c948f4d605d) (ScriptedImporter) -> (artifact id: 'b1d53ad723c1a9791499540ecc00c69a') in 0.0070216 seconds
Number of updated asset objects reloaded before import = 0Number of asset objects unloaded after import = 0

========================================================================
Received Import Request.
  Time since last request: 0.000021 seconds.
  path: Packages/com.unity.searcher/Editor/Searcher/SearcherWindow.cs
  artifactKey: Guid(3fe161b2564a4d318026d694ffdb0520) Importer(2089858483,b0f066a214c2f5e87bad3c948f4d605d)
Start importing Packages/com.unity.searcher/Editor/Searcher/SearcherWindow.cs using Guid(3fe161b2564a4d318026d694ffdb0520) Importer(2089858483,b0f066a214c2f5e87bad3c948f4d605d) (ScriptedImporter) -> (artifact id: '52a78af56ea963c1e0e94b036740acf1') in 0.0090905 seconds
Number of updated asset objects reloaded before import = 0Number of asset objects unloaded after import = 0

========================================================================
Received Import Request.
  Time since last request: 0.000040 seconds.
  path: Packages/com.unity.searcher/Editor/Searcher/SearcherAdapter.cs
  artifactKey: Guid(3b62a4eaddacd11418765f5c2f6cb592) Importer(2089858483,b0f066a214c2f5e87bad3c948f4d605d)
Start importing Packages/com.unity.searcher/Editor/Searcher/SearcherAdapter.cs using Guid(3b62a4eaddacd11418765f5c2f6cb592) Importer(2089858483,b0f066a214c2f5e87bad3c948f4d605d) (ScriptedImporter) -> (artifact id: 'c764552bf5c0814fa8273a227820fc11') in 0.0092009 seconds
Number of updated asset objects reloaded before import = 0Number of asset objects unloaded after import = 0

========================================================================
Received Import Request.
  Time since last request: 0.000017 seconds.
  path: Packages/com.unity.searcher/Editor/Resources/SearcherWindow.uxml
  artifactKey: Guid(da37dcca55e437b4a9eeebff722ad51f) Importer(2089858483,b0f066a214c2f5e87bad3c948f4d605d)
Start importing Packages/com.unity.searcher/Editor/Resources/SearcherWindow.uxml using Guid(da37dcca55e437b4a9eeebff722ad51f) Importer(2089858483,b0f066a214c2f5e87bad3c948f4d605d) (ScriptedImporter) -> (artifact id: '472a0c8ab02881aaf019aecb2edbd225') in 0.0167387 seconds
Number of updated asset objects reloaded before import = 0Number of asset objects unloaded after import = 2

========================================================================
Received Import Request.
  Time since last request: 0.000027 seconds.
  path: Packages/com.unity.nuget.mono-cecil/Mono.Cecil.Pdb.dll
  artifactKey: Guid(80a939763935fdd40bf953a1e49678cf) Importer(2089858483,b0f066a214c2f5e87bad3c948f4d605d)
Start importing Packages/com.unity.nuget.mono-cecil/Mono.Cecil.Pdb.dll using Guid(80a939763935fdd40bf953a1e49678cf) Importer(2089858483,b0f066a214c2f5e87bad3c948f4d605d) (ScriptedImporter) -> (artifact id: '9f81feb04b99a8f579f89da5384cb8ce') in 0.0094684 seconds
Number of updated asset objects reloaded before import = 0Number of asset objects unloaded after import = 0

========================================================================
Received Import Request.
  Time since last request: 0.000035 seconds.
  path: Packages/com.unity.searcher/Editor/Resources/FlatSkin/Font/Roboto-Italic.ttf
  artifactKey: Guid(c839255fc8f6b4b4d90bf8c1af9f9bd1) Importer(2089858483,b0f066a214c2f5e87bad3c948f4d605d)
Start importing Packages/com.unity.searcher/Editor/Resources/FlatSkin/Font/Roboto-Italic.ttf using Guid(c839255fc8f6b4b4d90bf8c1af9f9bd1) Importer(2089858483,b0f066a214c2f5e87bad3c948f4d605d) (ScriptedImporter) -> (artifact id: 'eb15169990d90f736dea7b62638ad2e0') in 0.0237155 seconds
Number of updated asset objects reloaded before import = 0Number of asset objects unloaded after import = 3

========================================================================
Received Import Request.
  Time since last request: 0.000025 seconds.
  path: Packages/com.unity.mathematics/Tests/Tests/Shared/TestPlane.cs
  artifactKey: Guid(f231ac420620f4127b2cb48aab2c41ef) Importer(2089858483,b0f066a214c2f5e87bad3c948f4d605d)
Start importing Packages/com.unity.mathematics/Tests/Tests/Shared/TestPlane.cs using Guid(f231ac420620f4127b2cb48aab2c41ef) Importer(2089858483,b0f066a214c2f5e87bad3c948f4d605d) (ScriptedImporter) -> (artifact id: '9c04de74a1975874f7fb97ebcf837dde') in 0.0077999 seconds
Number of updated asset objects reloaded before import = 0Number of asset objects unloaded after import = 0

========================================================================
Received Import Request.
  Time since last request: 0.000024 seconds.
  path: Packages/com.unity.mathematics/Tests/Tests/Shared/TestUint4x4.gen.cs
  artifactKey: Guid(9c652e046dd97fc4aadae764262652ad) Importer(2089858483,b0f066a214c2f5e87bad3c948f4d605d)
Start importing Packages/com.unity.mathematics/Tests/Tests/Shared/TestUint4x4.gen.cs using Guid(9c652e046dd97fc4aadae764262652ad) Importer(2089858483,b0f066a214c2f5e87bad3c948f4d605d) (ScriptedImporter) -> (artifact id: 'c2d6cc99fcc4e8384f69a27c039d06ae') in 0.008111 seconds
Number of updated asset objects reloaded before import = 0Number of asset objects unloaded after import = 0

========================================================================
Received Import Request.
  Time since last request: 0.000027 seconds.
  path: Packages/com.unity.mathematics/Tests/Tests/Shared/TestInt3x3.gen.cs
  artifactKey: Guid(1e50b53d0c552004db62a39d61d06297) Importer(2089858483,b0f066a214c2f5e87bad3c948f4d605d)
Start importing Packages/com.unity.mathematics/Tests/Tests/Shared/TestInt3x3.gen.cs using Guid(1e50b53d0c552004db62a39d61d06297) Importer(2089858483,b0f066a214c2f5e87bad3c948f4d605d) (ScriptedImporter) -> (artifact id: '14fe12c55de01c7052fc704b990dd646') in 0.0066354 seconds
Number of updated asset objects reloaded before import = 0Number of asset objects unloaded after import = 0

========================================================================
Received Import Request.
  Time since last request: 0.000017 seconds.
  path: Packages/com.unity.mathematics/Tests/Tests/Shared/TestUint4x2.gen.cs
  artifactKey: Guid(89ef12b5bac48bb47b957005fa49bd89) Importer(2089858483,b0f066a214c2f5e87bad3c948f4d605d)
Start importing Packages/com.unity.mathematics/Tests/Tests/Shared/TestUint4x2.gen.cs using Guid(89ef12b5bac48bb47b957005fa49bd89) Importer(2089858483,b0f066a214c2f5e87bad3c948f4d605d) (ScriptedImporter) -> (artifact id: '3b6b04246c55ed010a2ef02b649be952') in 0.0076922 seconds
Number of updated asset objects reloaded before import = 0Number of asset objects unloaded after import = 0

========================================================================
Received Import Request.
  Time since last request: 0.000026 seconds.
  path: Packages/com.unity.mathematics/Tests/Tests/Shared/TestUint3x2.gen.cs
  artifactKey: Guid(bede9ed05d973fa43bff7c97121eab82) Importer(2089858483,b0f066a214c2f5e87bad3c948f4d605d)
Start importing Packages/com.unity.mathematics/Tests/Tests/Shared/TestUint3x2.gen.cs using Guid(bede9ed05d973fa43bff7c97121eab82) Importer(2089858483,b0f066a214c2f5e87bad3c948f4d605d) (ScriptedImporter) -> (artifact id: '54356188a5b33a4f2490fc76c6c9f872') in 0.0086058 seconds
Number of updated asset objects reloaded before import = 0Number of asset objects unloaded after import = 0

========================================================================
Received Import Request.
  Time since last request: 0.000038 seconds.
  path: Packages/com.unity.searcher/Tests/Editor/SearcherItemCollectionEquivalentConstraint.cs
  artifactKey: Guid(25e51d27b4c8c4a1c995c955405fbb3f) Importer(2089858483,b0f066a214c2f5e87bad3c948f4d605d)
Start importing Packages/com.unity.searcher/Tests/Editor/SearcherItemCollectionEquivalentConstraint.cs using Guid(25e51d27b4c8c4a1c995c955405fbb3f) Importer(2089858483,b0f066a214c2f5e87bad3c948f4d605d) (ScriptedImporter) -> (artifact id: 'b89da3143c735e2a7a853b0c69eed037') in 0.0091634 seconds
Number of updated asset objects reloaded before import = 0Number of asset objects unloaded after import = 0

========================================================================
Received Import Request.
  Time since last request: 0.000020 seconds.
  path: Packages/com.unity.nuget.mono-cecil/README.md
  artifactKey: Guid(beaa90bac8bb70d439d582bca35465cb) Importer(2089858483,b0f066a214c2f5e87bad3c948f4d605d)
Start importing Packages/com.unity.nuget.mono-cecil/README.md using Guid(beaa90bac8bb70d439d582bca35465cb) Importer(2089858483,b0f066a214c2f5e87bad3c948f4d605d) (ScriptedImporter) -> (artifact id: '0055b96c400cfa60c5dfc61ab9bcc8a6') in 0.008581 seconds
Number of updated asset objects reloaded before import = 0Number of asset objects unloaded after import = 1

========================================================================
Received Import Request.
  Time since last request: 0.000023 seconds.
  path: Packages/com.unity.nuget.mono-cecil/Mono.Cecil.Mdb.dll
  artifactKey: Guid(a58b6fd31ddc7d8488bd40b29f1472c3) Importer(2089858483,b0f066a214c2f5e87bad3c948f4d605d)
Start importing Packages/com.unity.nuget.mono-cecil/Mono.Cecil.Mdb.dll using Guid(a58b6fd31ddc7d8488bd40b29f1472c3) Importer(2089858483,b0f066a214c2f5e87bad3c948f4d605d) (ScriptedImporter) -> (artifact id: 'be884546e8da0efc5f509c1ed9d585c7') in 0.0085603 seconds
Number of updated asset objects reloaded before import = 0Number of asset objects unloaded after import = 0

========================================================================
Received Import Request.
  Time since last request: 0.000030 seconds.
  path: Packages/com.unity.searcher/Editor/Unity.Searcher.Editor.asmdef
  artifactKey: Guid(4988cf9794f41d64c884876ab6574b89) Importer(2089858483,b0f066a214c2f5e87bad3c948f4d605d)
Start importing Packages/com.unity.searcher/Editor/Unity.Searcher.Editor.asmdef using Guid(4988cf9794f41d64c884876ab6574b89) Importer(2089858483,b0f066a214c2f5e87bad3c948f4d605d) (ScriptedImporter) -> (artifact id: 'fe5b4b4ced8adede65ccd1294184b93c') in 0.0071197 seconds
Number of updated asset objects reloaded before import = 0Number of asset objects unloaded after import = 1

========================================================================
Received Import Request.
  Time since last request: 0.000016 seconds.
  path: Packages/com.unity.nuget.mono-cecil/Mono.Cecil.Rocks.dll
  artifactKey: Guid(2c942432c8301d3489edbfb539e736bd) Importer(2089858483,b0f066a214c2f5e87bad3c948f4d605d)
Start importing Packages/com.unity.nuget.mono-cecil/Mono.Cecil.Rocks.dll using Guid(2c942432c8301d3489edbfb539e736bd) Importer(2089858483,b0f066a214c2f5e87bad3c948f4d605d) (ScriptedImporter) -> (artifact id: '142c26c063abd98286019b922f86a531') in 0.006712 seconds
Number of updated asset objects reloaded before import = 0Number of asset objects unloaded after import = 0

========================================================================
Received Import Request.
  Time since last request: 0.000018 seconds.
  path: Packages/com.unity.mathematics/Tests/Tests/Shared/TestUint2.gen.cs
  artifactKey: Guid(2b6fc6b61ea1f4f42944befb17029ea1) Importer(2089858483,b0f066a214c2f5e87bad3c948f4d605d)
Start importing Packages/com.unity.mathematics/Tests/Tests/Shared/TestUint2.gen.cs using Guid(2b6fc6b61ea1f4f42944befb17029ea1) Importer(2089858483,b0f066a214c2f5e87bad3c948f4d605d) (ScriptedImporter) -> (artifact id: '4a9a6e33523232e9d10436f14c3a2123') in 0.0059992 seconds
Number of updated asset objects reloaded before import = 0Number of asset objects unloaded after import = 0

========================================================================
Received Import Request.
  Time since last request: 0.000029 seconds.
  path: Packages/com.unity.mathematics/Tests/Tests/Shared/TestRigidTransform.cs
  artifactKey: Guid(0ea7743c8ecbfba4abe11751b744207e) Importer(2089858483,b0f066a214c2f5e87bad3c948f4d605d)
Start importing Packages/com.unity.mathematics/Tests/Tests/Shared/TestRigidTransform.cs using Guid(0ea7743c8ecbfba4abe11751b744207e) Importer(2089858483,b0f066a214c2f5e87bad3c948f4d605d) (ScriptedImporter) -> (artifact id: '83d69017a13dfe602c6bd052f8afa50b') in 0.0076364 seconds
Number of updated asset objects reloaded before import = 0Number of asset objects unloaded after import = 0

========================================================================
Received Import Request.
  Time since last request: 0.000016 seconds.
  path: Packages/com.unity.mathematics/Tests/Tests/Shared/TestUint2x2.gen.cs
  artifactKey: Guid(103b5058df216b7488fb5bf96d18666e) Importer(2089858483,b0f066a214c2f5e87bad3c948f4d605d)
Start importing Packages/com.unity.mathematics/Tests/Tests/Shared/TestUint2x2.gen.cs using Guid(103b5058df216b7488fb5bf96d18666e) Importer(2089858483,b0f066a214c2f5e87bad3c948f4d605d) (ScriptedImporter) -> (artifact id: '6f9db772a30262db8d21bef79cbb99bb') in 0.0067383 seconds
Number of updated asset objects reloaded before import = 0Number of asset objects unloaded after import = 0

========================================================================
Received Import Request.
  Time since last request: 0.000019 seconds.
  path: Packages/com.unity.mathematics/Tests/Tests/Shared/TestMath.gen.cs
  artifactKey: Guid(0a9baee454a793140a0be3d7d81d09ee) Importer(2089858483,b0f066a214c2f5e87bad3c948f4d605d)
Start importing Packages/com.unity.mathematics/Tests/Tests/Shared/TestMath.gen.cs using Guid(0a9baee454a793140a0be3d7d81d09ee) Importer(2089858483,b0f066a214c2f5e87bad3c948f4d605d) (ScriptedImporter) -> (artifact id: '97abc48a419b8825c804e406f8bf4201') in 0.007496 seconds
Number of updated asset objects reloaded before import = 0Number of asset objects unloaded after import = 0

========================================================================
Received Import Request.
  Time since last request: 0.000027 seconds.
  path: Packages/com.unity.searcher/README.md
  artifactKey: Guid(a363ef2608aa3684794c3db0480fcd81) Importer(2089858483,b0f066a214c2f5e87bad3c948f4d605d)
Start importing Packages/com.unity.searcher/README.md using Guid(a363ef2608aa3684794c3db0480fcd81) Importer(2089858483,b0f066a214c2f5e87bad3c948f4d605d) (ScriptedImporter) -> (artifact id: '82677388a4ef3c9912605b9b09801351') in 0.0064796 seconds
Number of updated asset objects reloaded before import = 0Number of asset objects unloaded after import = 1

========================================================================
Received Import Request.
  Time since last request: 0.000016 seconds.
  path: Packages/com.unity.mathematics/Tests/Tests/Shared/TestInt3.gen.cs
  artifactKey: Guid(749525b6f2a189a42bddcde8b3f6a88e) Importer(2089858483,b0f066a214c2f5e87bad3c948f4d605d)
Start importing Packages/com.unity.mathematics/Tests/Tests/Shared/TestInt3.gen.cs using Guid(749525b6f2a189a42bddcde8b3f6a88e) Importer(2089858483,b0f066a214c2f5e87bad3c948f4d605d) (ScriptedImporter) -> (artifact id: '937bffa7bba70df835a4dcb1f5678eb2') in 0.0136951 seconds
Number of updated asset objects reloaded before import = 0Number of asset objects unloaded after import = 0

========================================================================
Received Import Request.
  Time since last request: 0.000028 seconds.
  path: Packages/com.unity.2d.common/Editor/InternalBridge/SpriteAtlasBridge.cs
  artifactKey: Guid(a5f3e14c0830448a9f84a93865018449) Importer(2089858483,b0f066a214c2f5e87bad3c948f4d605d)
Start importing Packages/com.unity.2d.common/Editor/InternalBridge/SpriteAtlasBridge.cs using Guid(a5f3e14c0830448a9f84a93865018449) Importer(2089858483,b0f066a214c2f5e87bad3c948f4d605d) (ScriptedImporter) -> (artifact id: '2e0b8d94236c6e8200348fba63bd8b2c') in 0.0091441 seconds
Number of updated asset objects reloaded before import = 0Number of asset objects unloaded after import = 0

========================================================================
Received Import Request.
  Time since last request: 0.000029 seconds.
  path: Packages/com.unity.modules.ui/package.json
  artifactKey: Guid(bfd567a3d1631a761bca9e99fa53d86d) Importer(2089858483,b0f066a214c2f5e87bad3c948f4d605d)
Start importing Packages/com.unity.modules.ui/package.json using Guid(bfd567a3d1631a761bca9e99fa53d86d) Importer(2089858483,b0f066a214c2f5e87bad3c948f4d605d) (ScriptedImporter) -> (artifact id: '71c43c8b64a471aaa5b1317557eb21c6') in 0.0061976 seconds
Number of updated asset objects reloaded before import = 0Number of asset objects unloaded after import = 1

========================================================================
Received Import Request.
  Time since last request: 0.000022 seconds.
  path: Packages/com.unity.modules.ui/package.ModuleCompilationTrigger
  artifactKey: Guid(51fa60bb2bd1e5bc74e8cc95a7bfd5b7) Importer(2089858483,b0f066a214c2f5e87bad3c948f4d605d)
Start importing Packages/com.unity.modules.ui/package.ModuleCompilationTrigger using Guid(51fa60bb2bd1e5bc74e8cc95a7bfd5b7) Importer(2089858483,b0f066a214c2f5e87bad3c948f4d605d) (ScriptedImporter) -> (artifact id: '013e660ba991203b9caa3f5791da173d') in 0.0060489 seconds
Number of updated asset objects reloaded before import = 0Number of asset objects unloaded after import = 1

========================================================================
Received Import Request.
  Time since last request: 0.000017 seconds.
  path: Packages/com.unity.2d.common/Editor/InternalBridge/InternalEditorBridge.cs
  artifactKey: Guid(b410f2c9e86a44d35992f15c05361b29) Importer(2089858483,b0f066a214c2f5e87bad3c948f4d605d)
Start importing Packages/com.unity.2d.common/Editor/InternalBridge/InternalEditorBridge.cs using Guid(b410f2c9e86a44d35992f15c05361b29) Importer(2089858483,b0f066a214c2f5e87bad3c948f4d605d) (ScriptedImporter) -> (artifact id: '79786d1e91deeb2ba68e2780cc0b7f5d') in 0.0058676 seconds
Number of updated asset objects reloaded before import = 0Number of asset objects unloaded after import = 0

========================================================================
Received Import Request.
  Time since last request: 0.000040 seconds.
  path: Packages/com.unity.2d.common/Path/Editor/EditablePath/EditablePathExtensions.cs
  artifactKey: Guid(582e1cef5c8af4f0d8ce9f352b1c9c1a) Importer(2089858483,b0f066a214c2f5e87bad3c948f4d605d)
Start importing Packages/com.unity.2d.common/Path/Editor/EditablePath/EditablePathExtensions.cs using Guid(582e1cef5c8af4f0d8ce9f352b1c9c1a) Importer(2089858483,b0f066a214c2f5e87bad3c948f4d605d) (ScriptedImporter) -> (artifact id: 'df0e9d4d9d3b5555a358a95858f93e50') in 0.0062329 seconds
Number of updated asset objects reloaded before import = 0Number of asset objects unloaded after import = 0

========================================================================
Received Import Request.
  Time since last request: 0.000022 seconds.
  path: Packages/com.unity.2d.common/Runtime/URaster2D/URaster.cs
  artifactKey: Guid(770e81e878db3934e8a997a98304b4ec) Importer(2089858483,b0f066a214c2f5e87bad3c948f4d605d)
Start importing Packages/com.unity.2d.common/Runtime/URaster2D/URaster.cs using Guid(770e81e878db3934e8a997a98304b4ec) Importer(2089858483,b0f066a214c2f5e87bad3c948f4d605d) (ScriptedImporter) -> (artifact id: '154b704b7e8b56f4b51a10017a737702') in 0.0060037 seconds
Number of updated asset objects reloaded before import = 0Number of asset objects unloaded after import = 0

========================================================================
Received Import Request.
  Time since last request: 0.000020 seconds.
  path: Packages/com.unity.2d.common/Editor/ScriptablePacker/SpriteAtlasScriptablePacker.cs
  artifactKey: Guid(3e60cf5de87e1da4a8fa98713709fa00) Importer(2089858483,b0f066a214c2f5e87bad3c948f4d605d)
Start importing Packages/com.unity.2d.common/Editor/ScriptablePacker/SpriteAtlasScriptablePacker.cs using Guid(3e60cf5de87e1da4a8fa98713709fa00) Importer(2089858483,b0f066a214c2f5e87bad3c948f4d605d) (ScriptedImporter) -> (artifact id: '185cc9d782907d19ceee48581fd8a4ef') in 0.0069805 seconds
Number of updated asset objects reloaded before import = 0Number of asset objects unloaded after import = 0

========================================================================
Received Import Request.
  Time since last request: 0.000027 seconds.
  path: Packages/com.unity.2d.common/Editor/InternalBridge/SpriteEditorWindowBridge.cs
  artifactKey: Guid(77da60289a17475c8661370e98395a44) Importer(2089858483,b0f066a214c2f5e87bad3c948f4d605d)
Start importing Packages/com.unity.2d.common/Editor/InternalBridge/SpriteEditorWindowBridge.cs using Guid(77da60289a17475c8661370e98395a44) Importer(2089858483,b0f066a214c2f5e87bad3c948f4d605d) (ScriptedImporter) -> (artifact id: 'c9d5b329ac27d676d94654cb70f6ea1d') in 0.0061939 seconds
Number of updated asset objects reloaded before import = 0Number of asset objects unloaded after import = 0

========================================================================
Received Import Request.
  Time since last request: 0.000017 seconds.
  path: Packages/com.unity.2d.common/Runtime/UTess2D/Refinery.cs
  artifactKey: Guid(dd86352faf4948147a8151de7488413d) Importer(2089858483,b0f066a214c2f5e87bad3c948f4d605d)
Start importing Packages/com.unity.2d.common/Runtime/UTess2D/Refinery.cs using Guid(dd86352faf4948147a8151de7488413d) Importer(2089858483,b0f066a214c2f5e87bad3c948f4d605d) (ScriptedImporter) -> (artifact id: 'b300a614189002ca9407ce595c41a5b3') in 0.0067806 seconds
Number of updated asset objects reloaded before import = 0Number of asset objects unloaded after import = 0

========================================================================
Received Import Request.
  Time since last request: 0.000029 seconds.
  path: Packages/com.unity.2d.common/Editor/InternalBridge/AssetCreation.cs
  artifactKey: Guid(800754db7f7247ddb5fcbb0a8796fb46) Importer(2089858483,b0f066a214c2f5e87bad3c948f4d605d)
Start importing Packages/com.unity.2d.common/Editor/InternalBridge/AssetCreation.cs using Guid(800754db7f7247ddb5fcbb0a8796fb46) Importer(2089858483,b0f066a214c2f5e87bad3c948f4d605d) (ScriptedImporter) -> (artifact id: 'f7f0a9d611a0ad8c75b750899a2adc39') in 0.008629 seconds
Number of updated asset objects reloaded before import = 0Number of asset objects unloaded after import = 0

========================================================================
Received Import Request.
  Time since last request: 0.000027 seconds.
  path: Packages/com.unity.2d.common/Path/Editor/EditablePath/EditablePathUtility.cs
  artifactKey: Guid(e4fb0444010e8434990669a1a40671df) Importer(2089858483,b0f066a214c2f5e87bad3c948f4d605d)
Start importing Packages/com.unity.2d.common/Path/Editor/EditablePath/EditablePathUtility.cs using Guid(e4fb0444010e8434990669a1a40671df) Importer(2089858483,b0f066a214c2f5e87bad3c948f4d605d) (ScriptedImporter) -> (artifact id: '147662fc461c94314aae37b5d2c10de8') in 0.0082879 seconds
Number of updated asset objects reloaded before import = 0Number of asset objects unloaded after import = 0

========================================================================
Received Import Request.
  Time since last request: 0.000017 seconds.
  path: Packages/com.unity.2d.common/Runtime/UTess2D/PlanarGraph.cs
  artifactKey: Guid(81ae3f5514839c240805bd6aaf5073dc) Importer(2089858483,b0f066a214c2f5e87bad3c948f4d605d)
Start importing Packages/com.unity.2d.common/Runtime/UTess2D/PlanarGraph.cs using Guid(81ae3f5514839c240805bd6aaf5073dc) Importer(2089858483,b0f066a214c2f5e87bad3c948f4d605d) (ScriptedImporter) -> (artifact id: '4007c4893ed99c05f20e8715f933b6f9') in 0.0062092 seconds
Number of updated asset objects reloaded before import = 0Number of asset objects unloaded after import = 0

========================================================================
Received Import Request.
  Time since last request: 0.000019 seconds.
  path: Packages/com.unity.2d.common/Runtime/InternalBridge/IAnimationPreviewable.cs
  artifactKey: Guid(7dff351efa9c4548b5ccca9af78c43cc) Importer(2089858483,b0f066a214c2f5e87bad3c948f4d605d)
Start importing Packages/com.unity.2d.common/Runtime/InternalBridge/IAnimationPreviewable.cs using Guid(7dff351efa9c4548b5ccca9af78c43cc) Importer(2089858483,b0f066a214c2f5e87bad3c948f4d605d) (ScriptedImporter) -> (artifact id: '3cd1992ad879cd626478f5710e87def5') in 0.0065916 seconds
Number of updated asset objects reloaded before import = 0Number of asset objects unloaded after import = 0

========================================================================
Received Import Request.
  Time since last request: 0.000029 seconds.
  path: Packages/com.unity.2d.common/Editor/InternalBridge/AssemblyInfo.cs
  artifactKey: Guid(7fc947ed5e1e2b141bd741eca43b418c) Importer(2089858483,b0f066a214c2f5e87bad3c948f4d605d)
Start importing Packages/com.unity.2d.common/Editor/InternalBridge/AssemblyInfo.cs using Guid(7fc947ed5e1e2b141bd741eca43b418c) Importer(2089858483,b0f066a214c2f5e87bad3c948f4d605d) (ScriptedImporter) -> (artifact id: '635ee2ddfd775dae1e6e9cd2c5a93e24') in 0.0062424 seconds
Number of updated asset objects reloaded before import = 0Number of asset objects unloaded after import = 0

========================================================================
Received Import Request.
  Time since last request: 0.000018 seconds.
  path: Packages/com.unity.2d.common/Runtime/UAi2D/KMeans.cs
  artifactKey: Guid(f24bf92f845348649b7caef593bef4be) Importer(2089858483,b0f066a214c2f5e87bad3c948f4d605d)
Start importing Packages/com.unity.2d.common/Runtime/UAi2D/KMeans.cs using Guid(f24bf92f845348649b7caef593bef4be) Importer(2089858483,b0f066a214c2f5e87bad3c948f4d605d) (ScriptedImporter) -> (artifact id: '529a75004b8c4a1d060b343f5482cc97') in 0.0065436 seconds
Number of updated asset objects reloaded before import = 0Number of asset objects unloaded after import = 0

========================================================================
Received Import Request.
  Time since last request: 0.000019 seconds.
  path: Packages/com.unity.2d.common/Editor/InternalBridge/OverlayPopupWindow.cs
  artifactKey: Guid(095b5ce9626f423baa69f14091737181) Importer(2089858483,b0f066a214c2f5e87bad3c948f4d605d)
Start importing Packages/com.unity.2d.common/Editor/InternalBridge/OverlayPopupWindow.cs using Guid(095b5ce9626f423baa69f14091737181) Importer(2089858483,b0f066a214c2f5e87bad3c948f4d605d) (ScriptedImporter) -> (artifact id: 'b0d34f87c02a0ef98f252501e34bb227') in 0.0058636 seconds
Number of updated asset objects reloaded before import = 0Number of asset objects unloaded after import = 0

========================================================================
Received Import Request.
  Time since last request: 0.000024 seconds.
  path: Packages/com.unity.2d.common/Runtime/UTess2D/ArraySlice.cs
  artifactKey: Guid(f014d7d3e2bd61a4c8c0c2d4957bd29e) Importer(2089858483,b0f066a214c2f5e87bad3c948f4d605d)
Start importing Packages/com.unity.2d.common/Runtime/UTess2D/ArraySlice.cs using Guid(f014d7d3e2bd61a4c8c0c2d4957bd29e) Importer(2089858483,b0f066a214c2f5e87bad3c948f4d605d) (ScriptedImporter) -> (artifact id: '4e06ded8aec181d293ac2f805bf73465') in 0.0064431 seconds
Number of updated asset objects reloaded before import = 0Number of asset objects unloaded after import = 0

========================================================================
Received Import Request.
  Time since last request: 0.000017 seconds.
  path: Packages/com.unity.2d.common/Runtime/UTess2D/Tessellator.cs
  artifactKey: Guid(fb8aef14608568c4ba1d3684821826f7) Importer(2089858483,b0f066a214c2f5e87bad3c948f4d605d)
Start importing Packages/com.unity.2d.common/Runtime/UTess2D/Tessellator.cs using Guid(fb8aef14608568c4ba1d3684821826f7) Importer(2089858483,b0f066a214c2f5e87bad3c948f4d605d) (ScriptedImporter) -> (artifact id: '2caed6306bf72e3a16b15a6302071a55') in 0.0062411 seconds
Number of updated asset objects reloaded before import = 0Number of asset objects unloaded after import = 0

========================================================================
Received Import Request.
  Time since last request: 0.000021 seconds.
  path: Packages/com.unity.2d.common/Tests/Editor/PlaceholderTests.cs
  artifactKey: Guid(5ae1953898c2e4565a0a2b0af0a10985) Importer(2089858483,b0f066a214c2f5e87bad3c948f4d605d)
Start importing Packages/com.unity.2d.common/Tests/Editor/PlaceholderTests.cs using Guid(5ae1953898c2e4565a0a2b0af0a10985) Importer(2089858483,b0f066a214c2f5e87bad3c948f4d605d) (ScriptedImporter) -> (artifact id: 'a50ccfe3ef46ff27b921eda557b02643') in 0.0060807 seconds
Number of updated asset objects reloaded before import = 0Number of asset objects unloaded after import = 0

========================================================================
Received Import Request.
  Time since last request: 0.000027 seconds.
  path: Packages/com.unity.2d.common/Runtime/InternalBridge/InternalBridgeDef.asmdef
  artifactKey: Guid(e4b228dab700203488a7c7d474a25838) Importer(2089858483,b0f066a214c2f5e87bad3c948f4d605d)
Start importing Packages/com.unity.2d.common/Runtime/InternalBridge/InternalBridgeDef.asmdef using Guid(e4b228dab700203488a7c7d474a25838) Importer(2089858483,b0f066a214c2f5e87bad3c948f4d605d) (ScriptedImporter) -> (artifact id: '13558bde9907f44edbeac806e12d419a') in 0.0068491 seconds
Number of updated asset objects reloaded before import = 0Number of asset objects unloaded after import = 1

========================================================================
Received Import Request.
  Time since last request: 0.000020 seconds.
  path: Packages/com.unity.2d.common/Path/Editor/EditablePath/ControlPoint.cs
  artifactKey: Guid(ce71c4f9a16784c6db4ac87b1e19c74a) Importer(2089858483,b0f066a214c2f5e87bad3c948f4d605d)
Start importing Packages/com.unity.2d.common/Path/Editor/EditablePath/ControlPoint.cs using Guid(ce71c4f9a16784c6db4ac87b1e19c74a) Importer(2089858483,b0f066a214c2f5e87bad3c948f4d605d) (ScriptedImporter) -> (artifact id: 'ae6b9e9c4dd0a123d9a8739c600d8b9c') in 0.009243 seconds
Number of updated asset objects reloaded before import = 0Number of asset objects unloaded after import = 0

========================================================================
Received Import Request.
  Time since last request: 0.000024 seconds.
  path: Packages/com.unity.mathematics/Tests/Tests/Shared/TestMath.cs
  artifactKey: Guid(4fca0e2ff0321404da5c0ab527bdc756) Importer(2089858483,b0f066a214c2f5e87bad3c948f4d605d)
Start importing Packages/com.unity.mathematics/Tests/Tests/Shared/TestMath.cs using Guid(4fca0e2ff0321404da5c0ab527bdc756) Importer(2089858483,b0f066a214c2f5e87bad3c948f4d605d) (ScriptedImporter) -> (artifact id: 'c7d4b695ba379dd9f2a3886ff01c2956') in 0.0067057 seconds
Number of updated asset objects reloaded before import = 0Number of asset objects unloaded after import = 0

========================================================================
Received Import Request.
  Time since last request: 0.000024 seconds.
  path: Packages/com.unity.2d.common/Editor/InternalBridge/SpriteDataProviders/SpriteCustomDataProvider.cs
  artifactKey: Guid(29236e8ce51544eb9bff6a0e7be2f787) Importer(2089858483,b0f066a214c2f5e87bad3c948f4d605d)
Start importing Packages/com.unity.2d.common/Editor/InternalBridge/SpriteDataProviders/SpriteCustomDataProvider.cs using Guid(29236e8ce51544eb9bff6a0e7be2f787) Importer(2089858483,b0f066a214c2f5e87bad3c948f4d605d) (ScriptedImporter) -> (artifact id: '174858a87e7dde5a0b8f989d4f5c4e9f') in 0.0071385 seconds
Number of updated asset objects reloaded before import = 0Number of asset objects unloaded after import = 0

========================================================================
Received Import Request.
  Time since last request: 0.000016 seconds.
  path: Packages/com.unity.mathematics/Tests/Tests/Shared/TestUtils.cs
  artifactKey: Guid(cff1594319560b44ba925eb76a273c80) Importer(2089858483,b0f066a214c2f5e87bad3c948f4d605d)
Start importing Packages/com.unity.mathematics/Tests/Tests/Shared/TestUtils.cs using Guid(cff1594319560b44ba925eb76a273c80) Importer(2089858483,b0f066a214c2f5e87bad3c948f4d605d) (ScriptedImporter) -> (artifact id: '07ba28ed36c9e33a7375746987e36045') in 0.0064688 seconds
Number of updated asset objects reloaded before import = 0Number of asset objects unloaded after import = 0

========================================================================
Received Import Request.
  Time since last request: 0.000020 seconds.
  path: Packages/com.unity.mathematics/Tests/Tests/Shared/TestMinMaxAABB.cs
  artifactKey: Guid(ff79137b66b3348278b1936f9080f495) Importer(2089858483,b0f066a214c2f5e87bad3c948f4d605d)
Start importing Packages/com.unity.mathematics/Tests/Tests/Shared/TestMinMaxAABB.cs using Guid(ff79137b66b3348278b1936f9080f495) Importer(2089858483,b0f066a214c2f5e87bad3c948f4d605d) (ScriptedImporter) -> (artifact id: '4c4d997479ed8e94c65edbb060d89f15') in 0.0059601 seconds
Number of updated asset objects reloaded before import = 0Number of asset objects unloaded after import = 0

========================================================================
Received Import Request.
  Time since last request: 0.000025 seconds.
  path: Packages/com.unity.2d.common/Runtime/InternalBridge/InternalEngineBridge.cs
  artifactKey: Guid(74d5c6e86f4a1214ca6e9737086f7468) Importer(2089858483,b0f066a214c2f5e87bad3c948f4d605d)
Start importing Packages/com.unity.2d.common/Runtime/InternalBridge/InternalEngineBridge.cs using Guid(74d5c6e86f4a1214ca6e9737086f7468) Importer(2089858483,b0f066a214c2f5e87bad3c948f4d605d) (ScriptedImporter) -> (artifact id: '7de96f8b4e3d0546bf07b45f6ec5195a') in 0.0059948 seconds
Number of updated asset objects reloaded before import = 0Number of asset objects unloaded after import = 0

========================================================================
Received Import Request.
  Time since last request: 0.000016 seconds.
  path: Packages/com.unity.render-pipelines.core/Editor/CameraEditorUtils.cs
  artifactKey: Guid(c9fabbcdc8ab50c44a8112c70c67735c) Importer(2089858483,b0f066a214c2f5e87bad3c948f4d605d)
Start importing Packages/com.unity.render-pipelines.core/Editor/CameraEditorUtils.cs using Guid(c9fabbcdc8ab50c44a8112c70c67735c) Importer(2089858483,b0f066a214c2f5e87bad3c948f4d605d) (ScriptedImporter) -> (artifact id: 'd4d152410c84660bf53b4780dc91ea76') in 0.0064102 seconds
Number of updated asset objects reloaded before import = 0Number of asset objects unloaded after import = 0

========================================================================
Received Import Request.
  Time since last request: 0.000029 seconds.
  path: Packages/com.unity.2d.common/Path/Editor/Handles/ShapeToolPro.png
  artifactKey: Guid(766cfa1430bc448ed93c5817e7682f3b) Importer(2089858483,b0f066a214c2f5e87bad3c948f4d605d)
Start importing Packages/com.unity.2d.common/Path/Editor/Handles/ShapeToolPro.png using Guid(766cfa1430bc448ed93c5817e7682f3b) Importer(2089858483,b0f066a214c2f5e87bad3c948f4d605d) (ScriptedImporter) -> (artifact id: 'e67bc80da78e24b5276c1369726b8819') in 0.0122906 seconds
Number of updated asset objects reloaded before import = 0Number of asset objects unloaded after import = 3

========================================================================
Received Import Request.
  Time since last request: 0.000027 seconds.
  path: Packages/com.unity.2d.common/Path/Editor/EditorTool/PathEditorToolExtensions.cs
  artifactKey: Guid(1b6eb68622062430bb24d3568b99fee6) Importer(2089858483,b0f066a214c2f5e87bad3c948f4d605d)
Start importing Packages/com.unity.2d.common/Path/Editor/EditorTool/PathEditorToolExtensions.cs using Guid(1b6eb68622062430bb24d3568b99fee6) Importer(2089858483,b0f066a214c2f5e87bad3c948f4d605d) (ScriptedImporter) -> (artifact id: '9356cd982f24d231c7abc364e3b4b263') in 0.0064237 seconds
Number of updated asset objects reloaded before import = 0Number of asset objects unloaded after import = 0

========================================================================
Received Import Request.
  Time since last request: 0.000016 seconds.
  path: Packages/com.unity.2d.common/Path/Editor/IMGUI/GUIFramework/HoveredControlAction.cs
  artifactKey: Guid(31a4799fed00a4c1e8f79606e6418428) Importer(2089858483,b0f066a214c2f5e87bad3c948f4d605d)
Start importing Packages/com.unity.2d.common/Path/Editor/IMGUI/GUIFramework/HoveredControlAction.cs using Guid(31a4799fed00a4c1e8f79606e6418428) Importer(2089858483,b0f066a214c2f5e87bad3c948f4d605d) (ScriptedImporter) -> (artifact id: '6f7e05329c904951fbd1f5616b1b6907') in 0.0062947 seconds
Number of updated asset objects reloaded before import = 0Number of asset objects unloaded after import = 0

========================================================================
Received Import Request.
  Time since last request: 0.000019 seconds.
  path: Packages/com.unity.render-pipelines.core/Editor/HeaderFoldout.cs
  artifactKey: Guid(37dd9d7e334016b42b990e47ccd58688) Importer(2089858483,b0f066a214c2f5e87bad3c948f4d605d)
Start importing Packages/com.unity.render-pipelines.core/Editor/HeaderFoldout.cs using Guid(37dd9d7e334016b42b990e47ccd58688) Importer(2089858483,b0f066a214c2f5e87bad3c948f4d605d) (ScriptedImporter) -> (artifact id: '1858ecae729a3773f28ad2be138af59d') in 0.0075921 seconds
Number of updated asset objects reloaded before import = 0Number of asset objects unloaded after import = 0

========================================================================
Received Import Request.
  Time since last request: 0.000026 seconds.
  path: Packages/com.unity.render-pipelines.core/THIRD PARTY NOTICES.md
  artifactKey: Guid(eefc64b67f7aad040905b2000990f5f3) Importer(2089858483,b0f066a214c2f5e87bad3c948f4d605d)
Start importing Packages/com.unity.render-pipelines.core/THIRD PARTY NOTICES.md using Guid(eefc64b67f7aad040905b2000990f5f3) Importer(2089858483,b0f066a214c2f5e87bad3c948f4d605d) (ScriptedImporter) -> (artifact id: '5d897b389d19ffc331f585353ce43ac5') in 0.006049 seconds
Number of updated asset objects reloaded before import = 0Number of asset objects unloaded after import = 1

========================================================================
Received Import Request.
  Time since last request: 0.000021 seconds.
  path: Packages/com.unity.render-pipelines.core/Editor/ContextualMenuDispatcher.cs
  artifactKey: Guid(b55ea781ffec78245a85c7b70fefee48) Importer(2089858483,b0f066a214c2f5e87bad3c948f4d605d)
Start importing Packages/com.unity.render-pipelines.core/Editor/ContextualMenuDispatcher.cs using Guid(b55ea781ffec78245a85c7b70fefee48) Importer(2089858483,b0f066a214c2f5e87bad3c948f4d605d) (ScriptedImporter) -> (artifact id: 'f2076bcbc1a23f307a51278ce9e690fc') in 0.0067442 seconds
Number of updated asset objects reloaded before import = 0Number of asset objects unloaded after import = 0

========================================================================
Received Import Request.
  Time since last request: 0.000019 seconds.
  path: Packages/com.unity.render-pipelines.core/Editor/AssetDatabaseHelper.cs
  artifactKey: Guid(ecc2633973414f6d8bbab97cf0c937b4) Importer(2089858483,b0f066a214c2f5e87bad3c948f4d605d)
Start importing Packages/com.unity.render-pipelines.core/Editor/AssetDatabaseHelper.cs using Guid(ecc2633973414f6d8bbab97cf0c937b4) Importer(2089858483,b0f066a214c2f5e87bad3c948f4d605d) (ScriptedImporter) -> (artifact id: 'fe3619542da258dc1eff19c724a96a08') in 0.0082921 seconds
Number of updated asset objects reloaded before import = 0Number of asset objects unloaded after import = 0

========================================================================
Received Import Request.
  Time since last request: 0.000029 seconds.
  path: Packages/com.unity.2d.common/Path/Editor/EditorTool/PathComponentEditor.cs
  artifactKey: Guid(7b6da174fd3024fbc84a3f67d9c7d0c8) Importer(2089858483,b0f066a214c2f5e87bad3c948f4d605d)
Start importing Packages/com.unity.2d.common/Path/Editor/EditorTool/PathComponentEditor.cs using Guid(7b6da174fd3024fbc84a3f67d9c7d0c8) Importer(2089858483,b0f066a214c2f5e87bad3c948f4d605d) (ScriptedImporter) -> (artifact id: 'd31e4e048f0a19503e313f42a3268d0c') in 0.0063534 seconds
Number of updated asset objects reloaded before import = 0Number of asset objects unloaded after import = 0

========================================================================
Received Import Request.
  Time since last request: 0.000017 seconds.
  path: Packages/com.unity.2d.common/Path/Editor/IMGUI/GUIFramework/GUIState.cs
  artifactKey: Guid(22a51b65d8f6d4807b7336582ec038a9) Importer(2089858483,b0f066a214c2f5e87bad3c948f4d605d)
Start importing Packages/com.unity.2d.common/Path/Editor/IMGUI/GUIFramework/GUIState.cs using Guid(22a51b65d8f6d4807b7336582ec038a9) Importer(2089858483,b0f066a214c2f5e87bad3c948f4d605d) (ScriptedImporter) -> (artifact id: 'f1bbc385c5014eed09ba31a519f3310c') in 0.006124 seconds
Number of updated asset objects reloaded before import = 0Number of asset objects unloaded after import = 0

========================================================================
Received Import Request.
  Time since last request: 0.000023 seconds.
  path: Packages/com.unity.render-pipelines.core/ValidationConfig.json
  artifactKey: Guid(75497c58fb28415a98098a98e7133272) Importer(2089858483,b0f066a214c2f5e87bad3c948f4d605d)
Start importing Packages/com.unity.render-pipelines.core/ValidationConfig.json using Guid(75497c58fb28415a98098a98e7133272) Importer(2089858483,b0f066a214c2f5e87bad3c948f4d605d) (ScriptedImporter) -> (artifact id: '9fbc50b85f33d1c5fa9ade2b9f55347b') in 0.0065019 seconds
Number of updated asset objects reloaded before import = 0Number of asset objects unloaded after import = 1

========================================================================
Received Import Request.
  Time since last request: 0.000028 seconds.
  path: Packages/com.unity.2d.common/Path/Editor/Selection/ISelectable.cs
  artifactKey: Guid(3cf74ab086c68403c80c9571ab505f5c) Importer(2089858483,b0f066a214c2f5e87bad3c948f4d605d)
Start importing Packages/com.unity.2d.common/Path/Editor/Selection/ISelectable.cs using Guid(3cf74ab086c68403c80c9571ab505f5c) Importer(2089858483,b0f066a214c2f5e87bad3c948f4d605d) (ScriptedImporter) -> (artifact id: '434617c791031a1345424593cfcba52f') in 0.0059923 seconds
Number of updated asset objects reloaded before import = 0Number of asset objects unloaded after import = 0

========================================================================
Received Import Request.
  Time since last request: 0.000018 seconds.
  path: Packages/com.unity.render-pipelines.core/Editor/ICoreRenderPipelinePreferencesProvider.cs
  artifactKey: Guid(097dbb6933d598544930378228f8b423) Importer(2089858483,b0f066a214c2f5e87bad3c948f4d605d)
Start importing Packages/com.unity.render-pipelines.core/Editor/ICoreRenderPipelinePreferencesProvider.cs using Guid(097dbb6933d598544930378228f8b423) Importer(2089858483,b0f066a214c2f5e87bad3c948f4d605d) (ScriptedImporter) -> (artifact id: '636421d0a83fbd43b47bbf8a9c5e5e4e') in 0.0060881 seconds
Number of updated asset objects reloaded before import = 0Number of asset objects unloaded after import = 0

========================================================================
Received Import Request.
  Time since last request: 0.000021 seconds.
  path: Packages/com.unity.render-pipelines.core/Editor/ExpandedState.cs
  artifactKey: Guid(1f4f20df9923ed04ea15d89f8456b8f0) Importer(2089858483,b0f066a214c2f5e87bad3c948f4d605d)
Start importing Packages/com.unity.render-pipelines.core/Editor/ExpandedState.cs using Guid(1f4f20df9923ed04ea15d89f8456b8f0) Importer(2089858483,b0f066a214c2f5e87bad3c948f4d605d) (ScriptedImporter) -> (artifact id: '2bd598d1498b40d905bd1dbdf6b98c4d') in 0.0071452 seconds
Number of updated asset objects reloaded before import = 0Number of asset objects unloaded after import = 0

========================================================================
Received Import Request.
  Time since last request: 0.000032 seconds.
  path: Packages/com.unity.2d.common/Path/Editor/IMGUI/GUIFramework/CommandAction.cs
  artifactKey: Guid(429b971314d5f44d9ae47e60d89d49c6) Importer(2089858483,b0f066a214c2f5e87bad3c948f4d605d)
Start importing Packages/com.unity.2d.common/Path/Editor/IMGUI/GUIFramework/CommandAction.cs using Guid(429b971314d5f44d9ae47e60d89d49c6) Importer(2089858483,b0f066a214c2f5e87bad3c948f4d605d) (ScriptedImporter) -> (artifact id: 'bcc514bef7206e9605b5fe48ef4d7535') in 0.006454 seconds
Number of updated asset objects reloaded before import = 0Number of asset objects unloaded after import = 0

========================================================================
Received Import Request.
  Time since last request: 0.000017 seconds.
  path: Packages/com.unity.2d.common/Path/Editor/Selection/ISelector.cs
  artifactKey: Guid(59a6a2c5730914ee8b9e64b23236386c) Importer(2089858483,b0f066a214c2f5e87bad3c948f4d605d)
Start importing Packages/com.unity.2d.common/Path/Editor/Selection/ISelector.cs using Guid(59a6a2c5730914ee8b9e64b23236386c) Importer(2089858483,b0f066a214c2f5e87bad3c948f4d605d) (ScriptedImporter) -> (artifact id: '5284d81d033703fab8ff240b00b9f469') in 0.0066583 seconds
Number of updated asset objects reloaded before import = 0Number of asset objects unloaded after import = 0

========================================================================
Received Import Request.
  Time since last request: 0.000020 seconds.
  path: Packages/com.unity.render-pipelines.core/Editor/CoreRenderPipelinePreferences.cs
  artifactKey: Guid(1c13e3f9217a6854ebb4d5d716b60103) Importer(2089858483,b0f066a214c2f5e87bad3c948f4d605d)
Start importing Packages/com.unity.render-pipelines.core/Editor/CoreRenderPipelinePreferences.cs using Guid(1c13e3f9217a6854ebb4d5d716b60103) Importer(2089858483,b0f066a214c2f5e87bad3c948f4d605d) (ScriptedImporter) -> (artifact id: 'b5a88047f7d6619b24a7afa14418f382') in 0.0065203 seconds
Number of updated asset objects reloaded before import = 0Number of asset objects unloaded after import = 0

========================================================================
Received Import Request.
  Time since last request: 0.000027 seconds.
  path: Packages/com.unity.2d.common/Path/Editor/IMGUI/Drawer.cs
  artifactKey: Guid(7e09c332f0db14070a0fd6c669240470) Importer(2089858483,b0f066a214c2f5e87bad3c948f4d605d)
Start importing Packages/com.unity.2d.common/Path/Editor/IMGUI/Drawer.cs using Guid(7e09c332f0db14070a0fd6c669240470) Importer(2089858483,b0f066a214c2f5e87bad3c948f4d605d) (ScriptedImporter) -> (artifact id: 'd55c3099cc6e0ea07c6f53c9840a68d5') in 0.0065483 seconds
Number of updated asset objects reloaded before import = 0Number of asset objects unloaded after import = 0

========================================================================
Received Import Request.
  Time since last request: 0.000016 seconds.
  path: Packages/com.unity.2d.common/Path/Editor/Handles/TangentLinear.png
  artifactKey: Guid(70769958773904c02bc91efe3db06047) Importer(2089858483,b0f066a214c2f5e87bad3c948f4d605d)
Start importing Packages/com.unity.2d.common/Path/Editor/Handles/TangentLinear.png using Guid(70769958773904c02bc91efe3db06047) Importer(2089858483,b0f066a214c2f5e87bad3c948f4d605d) (ScriptedImporter) -> (artifact id: 'a438626528e649a77abd36a8c73936fe') in 0.014198 seconds
Number of updated asset objects reloaded before import = 0Number of asset objects unloaded after import = 3

========================================================================
Received Import Request.
  Time since last request: 0.000023 seconds.
  path: Packages/com.unity.render-pipelines.core/Editor/FilterWindow.cs
  artifactKey: Guid(e1dbde6eddba87f4ea272a5d3af5b7ac) Importer(2089858483,b0f066a214c2f5e87bad3c948f4d605d)
Start importing Packages/com.unity.render-pipelines.core/Editor/FilterWindow.cs using Guid(e1dbde6eddba87f4ea272a5d3af5b7ac) Importer(2089858483,b0f066a214c2f5e87bad3c948f4d605d) (ScriptedImporter) -> (artifact id: 'f41f7846ae9080dab43f367dba7009c7') in 0.0066368 seconds
Number of updated asset objects reloaded before import = 0Number of asset objects unloaded after import = 0

========================================================================
Received Import Request.
  Time since last request: 0.000026 seconds.
  path: Packages/com.unity.2d.common/Path/Editor/Shapes/ShapeExtensions.cs
  artifactKey: Guid(268f3ff5d8d00475a958fe7112857e71) Importer(2089858483,b0f066a214c2f5e87bad3c948f4d605d)
Start importing Packages/com.unity.2d.common/Path/Editor/Shapes/ShapeExtensions.cs using Guid(268f3ff5d8d00475a958fe7112857e71) Importer(2089858483,b0f066a214c2f5e87bad3c948f4d605d) (ScriptedImporter) -> (artifact id: 'b0f4be767b632125fd225bb8ed96977a') in 0.0072597 seconds
Number of updated asset objects reloaded before import = 0Number of asset objects unloaded after import = 0

========================================================================
Received Import Request.
  Time since last request: 0.000016 seconds.
  path: Packages/com.unity.2d.common/Path/Editor/IMGUI/GUIFramework/GenericDefaultControl.cs
  artifactKey: Guid(68aa38e2596904df2a1c76453145e874) Importer(2089858483,b0f066a214c2f5e87bad3c948f4d605d)
Start importing Packages/com.unity.2d.common/Path/Editor/IMGUI/GUIFramework/GenericDefaultControl.cs using Guid(68aa38e2596904df2a1c76453145e874) Importer(2089858483,b0f066a214c2f5e87bad3c948f4d605d) (ScriptedImporter) -> (artifact id: '6613b19cb6344f2275e1a02a9b06650b') in 0.0080476 seconds
Number of updated asset objects reloaded before import = 0Number of asset objects unloaded after import = 0

========================================================================
Received Import Request.
  Time since last request: 0.000024 seconds.
  path: Packages/com.unity.2d.common/Path/Editor/EditorTool/ScriptablePathInspector.cs
  artifactKey: Guid(9c64bfe07c45b4554b1cd010c00ad986) Importer(2089858483,b0f066a214c2f5e87bad3c948f4d605d)
Start importing Packages/com.unity.2d.common/Path/Editor/EditorTool/ScriptablePathInspector.cs using Guid(9c64bfe07c45b4554b1cd010c00ad986) Importer(2089858483,b0f066a214c2f5e87bad3c948f4d605d) (ScriptedImporter) -> (artifact id: 'b405e356056bebb037228ab6cf5ec4a1') in 0.0059018 seconds
Number of updated asset objects reloaded before import = 0Number of asset objects unloaded after import = 0

========================================================================
Received Import Request.
  Time since last request: 0.000028 seconds.
  path: Packages/com.unity.2d.common/Path/Editor/IMGUI/GUIFramework/DefaultControl.cs
  artifactKey: Guid(4384403f435964352abe8f0ab8bebc76) Importer(2089858483,b0f066a214c2f5e87bad3c948f4d605d)
Start importing Packages/com.unity.2d.common/Path/Editor/IMGUI/GUIFramework/DefaultControl.cs using Guid(4384403f435964352abe8f0ab8bebc76) Importer(2089858483,b0f066a214c2f5e87bad3c948f4d605d) (ScriptedImporter) -> (artifact id: '4e9d87d8204f0c2a94e77860cb3f05ad') in 0.0069629 seconds
Number of updated asset objects reloaded before import = 0Number of asset objects unloaded after import = 0

========================================================================
Received Import Request.
  Time since last request: 0.000023 seconds.
  path: Packages/com.unity.render-pipelines.core/Editor/CoreEditorDrawers.cs
  artifactKey: Guid(7e9fe0ff34cd022408422f6b92ad7df6) Importer(2089858483,b0f066a214c2f5e87bad3c948f4d605d)
Start importing Packages/com.unity.render-pipelines.core/Editor/CoreEditorDrawers.cs using Guid(7e9fe0ff34cd022408422f6b92ad7df6) Importer(2089858483,b0f066a214c2f5e87bad3c948f4d605d) (ScriptedImporter) -> (artifact id: 'a12efab7b492d8fcb524e2070df471df') in 0.0059091 seconds
Number of updated asset objects reloaded before import = 0Number of asset objects unloaded after import = 0

========================================================================
Received Import Request.
  Time since last request: 0.000023 seconds.
  path: Packages/com.unity.modules.wind/package.ModuleCompilationTrigger
  artifactKey: Guid(2adec19fac7df68adf1fd6eb83197bb1) Importer(2089858483,b0f066a214c2f5e87bad3c948f4d605d)
Start importing Packages/com.unity.modules.wind/package.ModuleCompilationTrigger using Guid(2adec19fac7df68adf1fd6eb83197bb1) Importer(2089858483,b0f066a214c2f5e87bad3c948f4d605d) (ScriptedImporter) -> (artifact id: '3110b4c86aa28f61e53fa412413ac9b5') in 0.0059734 seconds
Number of updated asset objects reloaded before import = 0Number of asset objects unloaded after import = 1

========================================================================
Received Import Request.
  Time since last request: 0.000036 seconds.
  path: Packages/com.unity.render-pipelines.core/Editor/RelativePropertiesDrawer.cs
  artifactKey: Guid(81243a379b2b06849987da115b6e86f6) Importer(2089858483,b0f066a214c2f5e87bad3c948f4d605d)
Start importing Packages/com.unity.render-pipelines.core/Editor/RelativePropertiesDrawer.cs using Guid(81243a379b2b06849987da115b6e86f6) Importer(2089858483,b0f066a214c2f5e87bad3c948f4d605d) (ScriptedImporter) -> (artifact id: '298cf764a71b7fba900b06676041e516') in 0.0066017 seconds
Number of updated asset objects reloaded before import = 0Number of asset objects unloaded after import = 0

========================================================================
Received Import Request.
  Time since last request: 0.000016 seconds.
  path: Packages/com.unity.render-pipelines.core/ShaderLibrary/SixWayLighting.hlsl
  artifactKey: Guid(1a3c09fe584943f9ba43ae5a5cf0700d) Importer(2089858483,b0f066a214c2f5e87bad3c948f4d605d)
Start importing Packages/com.unity.render-pipelines.core/ShaderLibrary/SixWayLighting.hlsl using Guid(1a3c09fe584943f9ba43ae5a5cf0700d) Importer(2089858483,b0f066a214c2f5e87bad3c948f4d605d) (ScriptedImporter) -> (artifact id: '6cfa4ba4ffc9855cdc6b619a6d318825') in 0.0059952 seconds
Number of updated asset objects reloaded before import = 0Number of asset objects unloaded after import = 1

========================================================================
Received Import Request.
  Time since last request: 0.000018 seconds.
  path: Packages/com.unity.render-pipelines.core/Editor-PrivateShared/Unity.RenderPipelines.Core.Editor.Shared.asmdef
  artifactKey: Guid(2a69708d171a17043a9d0ad45f205cfe) Importer(2089858483,b0f066a214c2f5e87bad3c948f4d605d)
Start importing Packages/com.unity.render-pipelines.core/Editor-PrivateShared/Unity.RenderPipelines.Core.Editor.Shared.asmdef using Guid(2a69708d171a17043a9d0ad45f205cfe) Importer(2089858483,b0f066a214c2f5e87bad3c948f4d605d) (ScriptedImporter) -> (artifact id: 'f7a8c7f2e43283662a9b8dd7f0d8a3b1') in 0.0062975 seconds
Number of updated asset objects reloaded before import = 0Number of asset objects unloaded after import = 1

========================================================================
Received Import Request.
  Time since last request: 0.000026 seconds.
  path: Packages/com.unity.render-pipelines.core/ShaderLibrary/VolumeRendering.hlsl
  artifactKey: Guid(76b6dbce57ad3e647a01b5ad36f737a5) Importer(2089858483,b0f066a214c2f5e87bad3c948f4d605d)
Start importing Packages/com.unity.render-pipelines.core/ShaderLibrary/VolumeRendering.hlsl using Guid(76b6dbce57ad3e647a01b5ad36f737a5) Importer(2089858483,b0f066a214c2f5e87bad3c948f4d605d) (ScriptedImporter) -> (artifact id: '191f64bb25dcdb592171ae1a303d02e4') in 0.0065709 seconds
Number of updated asset objects reloaded before import = 0Number of asset objects unloaded after import = 1

========================================================================
Received Import Request.
  Time since last request: 0.000017 seconds.
  path: Packages/com.unity.render-pipelines.core/Runtime-PrivateShared/Unity.RenderPipelines.Core.Runtime.Shared.asmdef
  artifactKey: Guid(69257879134bba646869b21467b3338d) Importer(2089858483,b0f066a214c2f5e87bad3c948f4d605d)
Start importing Packages/com.unity.render-pipelines.core/Runtime-PrivateShared/Unity.RenderPipelines.Core.Runtime.Shared.asmdef using Guid(69257879134bba646869b21467b3338d) Importer(2089858483,b0f066a214c2f5e87bad3c948f4d605d) (ScriptedImporter) -> (artifact id: 'd0f96e22c705518ee8218f112d228b3b') in 0.0070469 seconds
Number of updated asset objects reloaded before import = 0Number of asset objects unloaded after import = 1

========================================================================
Received Import Request.
  Time since last request: 0.000019 seconds.
  path: Packages/com.unity.render-pipelines.core/Runtime-PrivateShared/AssemblyInfo.cs
  artifactKey: Guid(6d0a880f74935174ba1b7fb044ed6afe) Importer(2089858483,b0f066a214c2f5e87bad3c948f4d605d)
Start importing Packages/com.unity.render-pipelines.core/Runtime-PrivateShared/AssemblyInfo.cs using Guid(6d0a880f74935174ba1b7fb044ed6afe) Importer(2089858483,b0f066a214c2f5e87bad3c948f4d605d) (ScriptedImporter) -> (artifact id: 'b704f8f2f937bca973d9b6f8804ebfea') in 0.0063529 seconds
Number of updated asset objects reloaded before import = 0Number of asset objects unloaded after import = 0

========================================================================
Received Import Request.
  Time since last request: 0.000029 seconds.
  path: Packages/com.unity.render-pipelines.core/ShaderLibrary/Macros.hlsl
  artifactKey: Guid(6300b0e79f5d15e499b9d6b5d23ca01b) Importer(2089858483,b0f066a214c2f5e87bad3c948f4d605d)
Start importing Packages/com.unity.render-pipelines.core/ShaderLibrary/Macros.hlsl using Guid(6300b0e79f5d15e499b9d6b5d23ca01b) Importer(2089858483,b0f066a214c2f5e87bad3c948f4d605d) (ScriptedImporter) -> (artifact id: 'de51e9c1b41694d68c463135f5d12957') in 0.0063962 seconds
Number of updated asset objects reloaded before import = 0Number of asset objects unloaded after import = 1

========================================================================
Received Import Request.
  Time since last request: 0.000016 seconds.
  path: Packages/com.unity.render-pipelines.core/ShaderLibrary/Hashes.hlsl
  artifactKey: Guid(0bf6c7395c05c624d92ebdff0dcc1a61) Importer(2089858483,b0f066a214c2f5e87bad3c948f4d605d)
Start importing Packages/com.unity.render-pipelines.core/ShaderLibrary/Hashes.hlsl using Guid(0bf6c7395c05c624d92ebdff0dcc1a61) Importer(2089858483,b0f066a214c2f5e87bad3c948f4d605d) (ScriptedImporter) -> (artifact id: '76694ea08fcc013ad4963ac25e5f375e') in 0.0084381 seconds
Number of updated asset objects reloaded before import = 0Number of asset objects unloaded after import = 1

========================================================================
Received Import Request.
  Time since last request: 0.000019 seconds.
  path: Packages/com.unity.render-pipelines.core/ShaderLibrary/FoveatedRenderingKeywords.hlsl
  artifactKey: Guid(c32bc6ee3c5a47b5829b4db408c79d3b) Importer(2089858483,b0f066a214c2f5e87bad3c948f4d605d)
Start importing Packages/com.unity.render-pipelines.core/ShaderLibrary/FoveatedRenderingKeywords.hlsl using Guid(c32bc6ee3c5a47b5829b4db408c79d3b) Importer(2089858483,b0f066a214c2f5e87bad3c948f4d605d) (ScriptedImporter) -> (artifact id: 'cdebcc12c0ad9c41a38d002ac24834d8') in 0.0088321 seconds
Number of updated asset objects reloaded before import = 0Number of asset objects unloaded after import = 1

========================================================================
Received Import Request.
  Time since last request: 0.000031 seconds.
  path: Packages/com.unity.render-pipelines.core/ShaderLibrary/ThreadingEmuImpl.hlsl
  artifactKey: Guid(093f86242d8d4e64187076599c7f708e) Importer(2089858483,b0f066a214c2f5e87bad3c948f4d605d)
Start importing Packages/com.unity.render-pipelines.core/ShaderLibrary/ThreadingEmuImpl.hlsl using Guid(093f86242d8d4e64187076599c7f708e) Importer(2089858483,b0f066a214c2f5e87bad3c948f4d605d) (ScriptedImporter) -> (artifact id: 'e29a2603125a294422ae57749db70982') in 0.0085378 seconds
Number of updated asset objects reloaded before import = 0Number of asset objects unloaded after import = 1

========================================================================
Received Import Request.
  Time since last request: 0.000023 seconds.
  path: Packages/com.unity.render-pipelines.core/ShaderLibrary/AmbientProbe.hlsl
  artifactKey: Guid(a1a94b80a0038af4484e8122c5df419e) Importer(2089858483,b0f066a214c2f5e87bad3c948f4d605d)
Start importing Packages/com.unity.render-pipelines.core/ShaderLibrary/AmbientProbe.hlsl using Guid(a1a94b80a0038af4484e8122c5df419e) Importer(2089858483,b0f066a214c2f5e87bad3c948f4d605d) (ScriptedImporter) -> (artifact id: '52f182d5d33da917cc38ca46641bccce') in 0.0061904 seconds
Number of updated asset objects reloaded before import = 0Number of asset objects unloaded after import = 1

========================================================================
Received Import Request.
  Time since last request: 0.000018 seconds.
  path: Packages/com.unity.render-pipelines.core/ShaderLibrary/VirtualTexturing.hlsl
  artifactKey: Guid(6f22d4e29906d3c47892e0c92874b752) Importer(2089858483,b0f066a214c2f5e87bad3c948f4d605d)
Start importing Packages/com.unity.render-pipelines.core/ShaderLibrary/VirtualTexturing.hlsl using Guid(6f22d4e29906d3c47892e0c92874b752) Importer(2089858483,b0f066a214c2f5e87bad3c948f4d605d) (ScriptedImporter) -> (artifact id: '293b12fb44165b606756a5daff36c3bb') in 0.0064795 seconds
Number of updated asset objects reloaded before import = 0Number of asset objects unloaded after import = 1

========================================================================
Received Import Request.
  Time since last request: 0.000033 seconds.
  path: Packages/com.unity.render-pipelines.core/ShaderLibrary/GraniteShaderLibBase.hlsl
  artifactKey: Guid(c5520328ccc5d6c4e8a923677cbb21cf) Importer(2089858483,b0f066a214c2f5e87bad3c948f4d605d)
Start importing Packages/com.unity.render-pipelines.core/ShaderLibrary/GraniteShaderLibBase.hlsl using Guid(c5520328ccc5d6c4e8a923677cbb21cf) Importer(2089858483,b0f066a214c2f5e87bad3c948f4d605d) (ScriptedImporter) -> (artifact id: '16f0d3626c3a04b2e20eb8fe91bb4a83') in 0.0068903 seconds
Number of updated asset objects reloaded before import = 0Number of asset objects unloaded after import = 1

========================================================================
Received Import Request.
  Time since last request: 0.000016 seconds.
  path: Packages/com.unity.render-pipelines.core/ShaderLibrary/DebugMipmapStreaming.hlsl
  artifactKey: Guid(369a40fd4db19d048ad2cf161cc89fcd) Importer(2089858483,b0f066a214c2f5e87bad3c948f4d605d)
Start importing Packages/com.unity.render-pipelines.core/ShaderLibrary/DebugMipmapStreaming.hlsl using Guid(369a40fd4db19d048ad2cf161cc89fcd) Importer(2089858483,b0f066a214c2f5e87bad3c948f4d605d) (ScriptedImporter) -> (artifact id: '985d0d297e465316f3415bc76012efa7') in 0.0064062 seconds
Number of updated asset objects reloaded before import = 0Number of asset objects unloaded after import = 1

========================================================================
Received Import Request.
  Time since last request: 0.000019 seconds.
  path: Packages/com.unity.render-pipelines.core/ShaderLibrary/CommonLighting.hlsl
  artifactKey: Guid(93bbf250faa37d446990b9501e7fb7e8) Importer(2089858483,b0f066a214c2f5e87bad3c948f4d605d)
Start importing Packages/com.unity.render-pipelines.core/ShaderLibrary/CommonLighting.hlsl using Guid(93bbf250faa37d446990b9501e7fb7e8) Importer(2089858483,b0f066a214c2f5e87bad3c948f4d605d) (ScriptedImporter) -> (artifact id: 'fa8132ed79814b3c7155cf79d77daa1b') in 0.0062781 seconds
Number of updated asset objects reloaded before import = 0Number of asset objects unloaded after import = 1

========================================================================
Received Import Request.
  Time since last request: 0.000025 seconds.
  path: Packages/com.unity.render-pipelines.core/ShaderLibrary/Common.hlsl
  artifactKey: Guid(a57f9f83ea626ae45b402953fe637268) Importer(2089858483,b0f066a214c2f5e87bad3c948f4d605d)
Start importing Packages/com.unity.render-pipelines.core/ShaderLibrary/Common.hlsl using Guid(a57f9f83ea626ae45b402953fe637268) Importer(2089858483,b0f066a214c2f5e87bad3c948f4d605d) (ScriptedImporter) -> (artifact id: 'dd2a1fb88c732f1c223befa654a8dd15') in 0.0071813 seconds
Number of updated asset objects reloaded before import = 0Number of asset objects unloaded after import = 1

========================================================================
Received Import Request.
  Time since last request: 0.000016 seconds.
  path: Packages/com.unity.render-pipelines.core/ShaderLibrary/Unity.RenderPipelines.Core.ShaderLibrary.asmdef
  artifactKey: Guid(46a67ded66a63de48b9329c593fc08de) Importer(2089858483,b0f066a214c2f5e87bad3c948f4d605d)
Start importing Packages/com.unity.render-pipelines.core/ShaderLibrary/Unity.RenderPipelines.Core.ShaderLibrary.asmdef using Guid(46a67ded66a63de48b9329c593fc08de) Importer(2089858483,b0f066a214c2f5e87bad3c948f4d605d) (ScriptedImporter) -> (artifact id: 'f37479f0d6ef95e4a391649f1c98d389') in 0.0065455 seconds
Number of updated asset objects reloaded before import = 0Number of asset objects unloaded after import = 1

========================================================================
Received Import Request.
  Time since last request: 0.000022 seconds.
  path: Packages/com.unity.render-pipelines.core/ShaderLibrary/ACES.hlsl
  artifactKey: Guid(b52d68e305b98a94bac88855d8ea5936) Importer(2089858483,b0f066a214c2f5e87bad3c948f4d605d)
Start importing Packages/com.unity.render-pipelines.core/ShaderLibrary/ACES.hlsl using Guid(b52d68e305b98a94bac88855d8ea5936) Importer(2089858483,b0f066a214c2f5e87bad3c948f4d605d) (ScriptedImporter) -> (artifact id: '85b1e886c44022c5f39331858fa2cc5f') in 0.0079141 seconds
Number of updated asset objects reloaded before import = 0Number of asset objects unloaded after import = 1

========================================================================
Received Import Request.
  Time since last request: 0.000026 seconds.
  path: Packages/com.unity.render-pipelines.core/ShaderLibrary/TextureStack.hlsl
  artifactKey: Guid(79641ba14fe04324b8905bafbf3e82ed) Importer(2089858483,b0f066a214c2f5e87bad3c948f4d605d)
Start importing Packages/com.unity.render-pipelines.core/ShaderLibrary/TextureStack.hlsl using Guid(79641ba14fe04324b8905bafbf3e82ed) Importer(2089858483,b0f066a214c2f5e87bad3c948f4d605d) (ScriptedImporter) -> (artifact id: 'b6fa1049111906b947a9a386ae605f74') in 0.0061203 seconds
Number of updated asset objects reloaded before import = 0Number of asset objects unloaded after import = 1

========================================================================
Received Import Request.
  Time since last request: 0.000017 seconds.
  path: Packages/com.unity.render-pipelines.core/Editor/PropertyFetcher.cs
  artifactKey: Guid(ac00489121556c741bc0e67dfb460a8e) Importer(2089858483,b0f066a214c2f5e87bad3c948f4d605d)
Start importing Packages/com.unity.render-pipelines.core/Editor/PropertyFetcher.cs using Guid(ac00489121556c741bc0e67dfb460a8e) Importer(2089858483,b0f066a214c2f5e87bad3c948f4d605d) (ScriptedImporter) -> (artifact id: 'ec85343bad286a51a0e2003e42f25240') in 0.0059533 seconds
Number of updated asset objects reloaded before import = 0Number of asset objects unloaded after import = 0

========================================================================
Received Import Request.
  Time since last request: 0.000021 seconds.
  path: Packages/com.unity.render-pipelines.core/Runtime/AssemblyInfo.cs
  artifactKey: Guid(af2a485654b7642d987c8758da936d55) Importer(2089858483,b0f066a214c2f5e87bad3c948f4d605d)
Start importing Packages/com.unity.render-pipelines.core/Runtime/AssemblyInfo.cs using Guid(af2a485654b7642d987c8758da936d55) Importer(2089858483,b0f066a214c2f5e87bad3c948f4d605d) (ScriptedImporter) -> (artifact id: '2be943de67258fd3cee6e62ac87aed91') in 0.006753 seconds
Number of updated asset objects reloaded before import = 0Number of asset objects unloaded after import = 0

========================================================================
Received Import Request.
  Time since last request: 0.000032 seconds.
  path: Packages/com.unity.render-pipelines.core/ShaderLibrary/SpaceTransforms.hlsl
  artifactKey: Guid(07d22e3065efb5a489e5e2644df19bc7) Importer(2089858483,b0f066a214c2f5e87bad3c948f4d605d)
Start importing Packages/com.unity.render-pipelines.core/ShaderLibrary/SpaceTransforms.hlsl using Guid(07d22e3065efb5a489e5e2644df19bc7) Importer(2089858483,b0f066a214c2f5e87bad3c948f4d605d) (ScriptedImporter) -> (artifact id: 'aaba3af1b8ac7dec2b01263ca50051b5') in 0.0078288 seconds
Number of updated asset objects reloaded before import = 0Number of asset objects unloaded after import = 1

========================================================================
Received Import Request.
  Time since last request: 0.000016 seconds.
  path: Packages/com.unity.render-pipelines.core/ShaderLibrary/Threading.hlsl
  artifactKey: Guid(cc0d8451b1d348689c76bbac2a797aaa) Importer(2089858483,b0f066a214c2f5e87bad3c948f4d605d)
Start importing Packages/com.unity.render-pipelines.core/ShaderLibrary/Threading.hlsl using Guid(cc0d8451b1d348689c76bbac2a797aaa) Importer(2089858483,b0f066a214c2f5e87bad3c948f4d605d) (ScriptedImporter) -> (artifact id: '7fe1ab9585672ca1a155f70af1026041') in 0.0080893 seconds
Number of updated asset objects reloaded before import = 0Number of asset objects unloaded after import = 1

========================================================================
Received Import Request.
  Time since last request: 0.000020 seconds.
  path: Packages/com.unity.render-pipelines.core/ShaderLibrary/ScreenCoordOverride.hlsl
  artifactKey: Guid(435c74ddc7b1fd744b934a196d6d3d82) Importer(2089858483,b0f066a214c2f5e87bad3c948f4d605d)
Start importing Packages/com.unity.render-pipelines.core/ShaderLibrary/ScreenCoordOverride.hlsl using Guid(435c74ddc7b1fd744b934a196d6d3d82) Importer(2089858483,b0f066a214c2f5e87bad3c948f4d605d) (ScriptedImporter) -> (artifact id: '9cb60fd7d4a0c7ea93a62e7e0b231f69') in 0.0083349 seconds
Number of updated asset objects reloaded before import = 0Number of asset objects unloaded after import = 1

========================================================================
Received Import Request.
  Time since last request: 0.000028 seconds.
  path: Packages/com.unity.render-pipelines.core/ShaderLibrary/Refraction.hlsl
  artifactKey: Guid(61125f624d229884d8cff04fc0fceab7) Importer(2089858483,b0f066a214c2f5e87bad3c948f4d605d)
Start importing Packages/com.unity.render-pipelines.core/ShaderLibrary/Refraction.hlsl using Guid(61125f624d229884d8cff04fc0fceab7) Importer(2089858483,b0f066a214c2f5e87bad3c948f4d605d) (ScriptedImporter) -> (artifact id: '0c346ba9d3f7b4b6f7e80d5b6d61cc31') in 0.0087774 seconds
Number of updated asset objects reloaded before import = 0Number of asset objects unloaded after import = 1

========================================================================
Received Import Request.
  Time since last request: 0.000016 seconds.
  path: Packages/com.unity.render-pipelines.core/ShaderLibrary/MostRepresentativePoint.hlsl
  artifactKey: Guid(73b08ea164ce48f382a510231156102f) Importer(2089858483,b0f066a214c2f5e87bad3c948f4d605d)
Start importing Packages/com.unity.render-pipelines.core/ShaderLibrary/MostRepresentativePoint.hlsl using Guid(73b08ea164ce48f382a510231156102f) Importer(2089858483,b0f066a214c2f5e87bad3c948f4d605d) (ScriptedImporter) -> (artifact id: '2bcb4367502c96cc9a79885330934015') in 0.0061443 seconds
Number of updated asset objects reloaded before import = 0Number of asset objects unloaded after import = 1

========================================================================
Received Import Request.
  Time since last request: 0.000018 seconds.
  path: Packages/com.unity.collab-proxy/Lib/Editor/Localization/basecommands.en.txt
  artifactKey: Guid(d2c40a1f674654076953b01aad530c3d) Importer(2089858483,b0f066a214c2f5e87bad3c948f4d605d)
Start importing Packages/com.unity.collab-proxy/Lib/Editor/Localization/basecommands.en.txt using Guid(d2c40a1f674654076953b01aad530c3d) Importer(2089858483,b0f066a214c2f5e87bad3c948f4d605d) (ScriptedImporter) -> (artifact id: '39d2fc423e82bdd85388551039b672fc') in 0.0078126 seconds
Number of updated asset objects reloaded before import = 0Number of asset objects unloaded after import = 1

========================================================================
Received Import Request.
  Time since last request: 0.000027 seconds.
  path: Packages/com.unity.mathematics/Unity.Mathematics.Editor/MatrixDrawer.cs
  artifactKey: Guid(407410bec194a4cfe929933685bb80a7) Importer(2089858483,b0f066a214c2f5e87bad3c948f4d605d)
Start importing Packages/com.unity.mathematics/Unity.Mathematics.Editor/MatrixDrawer.cs using Guid(407410bec194a4cfe929933685bb80a7) Importer(2089858483,b0f066a214c2f5e87bad3c948f4d605d) (ScriptedImporter) -> (artifact id: 'ffa29af0c3bd1677eaa3cc0fcc83f5ee') in 0.0064801 seconds
Number of updated asset objects reloaded before import = 0Number of asset objects unloaded after import = 0

========================================================================
Received Import Request.
  Time since last request: 0.000022 seconds.
  path: Packages/com.unity.ugui/Tests/Runtime/UGUI/Layout/VerticalLayoutGroupTests.cs
  artifactKey: Guid(8a4b6301a5afaec4cb87d21383ceb0b3) Importer(2089858483,b0f066a214c2f5e87bad3c948f4d605d)
Start importing Packages/com.unity.ugui/Tests/Runtime/UGUI/Layout/VerticalLayoutGroupTests.cs using Guid(8a4b6301a5afaec4cb87d21383ceb0b3) Importer(2089858483,b0f066a214c2f5e87bad3c948f4d605d) (ScriptedImporter) -> (artifact id: 'b1ccb3be9b1030076d3f791b9f9479f3') in 0.0070642 seconds
Number of updated asset objects reloaded before import = 0Number of asset objects unloaded after import = 0

========================================================================
Received Import Request.
  Time since last request: 0.000025 seconds.
  path: Packages/com.unity.render-pipelines.core/Editor/Camera/CameraUI.Rendering.Skin.cs
  artifactKey: Guid(96acda4e859ca224986250b52266e0c9) Importer(2089858483,b0f066a214c2f5e87bad3c948f4d605d)
Start importing Packages/com.unity.render-pipelines.core/Editor/Camera/CameraUI.Rendering.Skin.cs using Guid(96acda4e859ca224986250b52266e0c9) Importer(2089858483,b0f066a214c2f5e87bad3c948f4d605d) (ScriptedImporter) -> (artifact id: 'afe6d5d6cb9842b774ebebc446c0b90d') in 0.008891 seconds
Number of updated asset objects reloaded before import = 0Number of asset objects unloaded after import = 0

========================================================================
Received Import Request.
  Time since last request: 0.000026 seconds.
  path: Packages/com.unity.render-pipelines.core/Editor/Lighting/IESReader.cs
  artifactKey: Guid(28e75f38a2dd403448c94e1663867a24) Importer(2089858483,b0f066a214c2f5e87bad3c948f4d605d)
Start importing Packages/com.unity.render-pipelines.core/Editor/Lighting/IESReader.cs using Guid(28e75f38a2dd403448c94e1663867a24) Importer(2089858483,b0f066a214c2f5e87bad3c948f4d605d) (ScriptedImporter) -> (artifact id: '7a9a49bfe34536af64f6b95b44f26f27') in 0.0060107 seconds
Number of updated asset objects reloaded before import = 0Number of asset objects unloaded after import = 0

========================================================================
Received Import Request.
  Time since last request: 0.000020 seconds.
  path: Packages/com.unity.render-pipelines.core/Editor/LookDev/Environment.cs
  artifactKey: Guid(612aa45d38dd94a479185b83f080aa22) Importer(2089858483,b0f066a214c2f5e87bad3c948f4d605d)
Start importing Packages/com.unity.render-pipelines.core/Editor/LookDev/Environment.cs using Guid(612aa45d38dd94a479185b83f080aa22) Importer(2089858483,b0f066a214c2f5e87bad3c948f4d605d) (ScriptedImporter) -> (artifact id: '3c313b3d373842c8b025e9b93d2de220') in 0.0057488 seconds
Number of updated asset objects reloaded before import = 0Number of asset objects unloaded after import = 0

========================================================================
Received Import Request.
  Time since last request: 0.000018 seconds.
  path: Packages/com.unity.render-pipelines.core/Editor/Analytics/RenderGraphViewerSessionAnalytic.cs
  artifactKey: Guid(0a22b1f2645743e0b78bd9fd651a38c8) Importer(2089858483,b0f066a214c2f5e87bad3c948f4d605d)
Start importing Packages/com.unity.render-pipelines.core/Editor/Analytics/RenderGraphViewerSessionAnalytic.cs using Guid(0a22b1f2645743e0b78bd9fd651a38c8) Importer(2089858483,b0f066a214c2f5e87bad3c948f4d605d) (ScriptedImporter) -> (artifact id: '99078e1a388d2c8df4131d2880cdadbd') in 0.0068285 seconds
Number of updated asset objects reloaded before import = 0Number of asset objects unloaded after import = 0

========================================================================
Received Import Request.
  Time since last request: 0.000034 seconds.
  path: Packages/com.unity.render-pipelines.core/Editor/Gizmo/HierarchicalBox.cs
  artifactKey: Guid(9c0adda657f204c4199b6870832abb80) Importer(2089858483,b0f066a214c2f5e87bad3c948f4d605d)
Start importing Packages/com.unity.render-pipelines.core/Editor/Gizmo/HierarchicalBox.cs using Guid(9c0adda657f204c4199b6870832abb80) Importer(2089858483,b0f066a214c2f5e87bad3c948f4d605d) (ScriptedImporter) -> (artifact id: 'bfa33684bad467aa57405f62ed22671e') in 0.006394 seconds
Number of updated asset objects reloaded before import = 0Number of asset objects unloaded after import = 0

========================================================================
Received Import Request.
  Time since last request: 0.000016 seconds.
  path: Packages/com.unity.render-pipelines.core/Editor/Lighting/LightAnchorHandles.cs
  artifactKey: Guid(64259aeba8ab2c340a3a3a81caebee7d) Importer(2089858483,b0f066a214c2f5e87bad3c948f4d605d)
Start importing Packages/com.unity.render-pipelines.core/Editor/Lighting/LightAnchorHandles.cs using Guid(64259aeba8ab2c340a3a3a81caebee7d) Importer(2089858483,b0f066a214c2f5e87bad3c948f4d605d) (ScriptedImporter) -> (artifact id: '0e1a9c506949c2bf600be3987f67c134') in 0.0058982 seconds
Number of updated asset objects reloaded before import = 0Number of asset objects unloaded after import = 0

========================================================================
Received Import Request.
  Time since last request: 0.000019 seconds.
  path: Packages/com.unity.render-pipelines.core/Editor/Analytics/AnalyticsUtils.cs
  artifactKey: Guid(ed711ee78a4b6e74896cbc8dbf636441) Importer(2089858483,b0f066a214c2f5e87bad3c948f4d605d)
Start importing Packages/com.unity.render-pipelines.core/Editor/Analytics/AnalyticsUtils.cs using Guid(ed711ee78a4b6e74896cbc8dbf636441) Importer(2089858483,b0f066a214c2f5e87bad3c948f4d605d) (ScriptedImporter) -> (artifact id: 'd7d7af6b2f021e836aebe9e700911dc8') in 0.0066204 seconds
Number of updated asset objects reloaded before import = 0Number of asset objects unloaded after import = 0

========================================================================
Received Import Request.
  Time since last request: 0.000025 seconds.
  path: Packages/com.unity.render-pipelines.core/Editor/LookDev/CubeToLatlong.shader
  artifactKey: Guid(a16365e8c873daa4c94919438490b905) Importer(2089858483,b0f066a214c2f5e87bad3c948f4d605d)
Start importing Packages/com.unity.render-pipelines.core/Editor/LookDev/CubeToLatlong.shader using Guid(a16365e8c873daa4c94919438490b905) Importer(2089858483,b0f066a214c2f5e87bad3c948f4d605d) (ScriptedImporter) -> (artifact id: '4c79d1ee4e117f65d9c86101bc926b38') in 0.0134502 seconds
Number of updated asset objects reloaded before import = 0Number of asset objects unloaded after import = 1

========================================================================
Received Import Request.
  Time since last request: 0.000021 seconds.
  path: Packages/com.unity.render-pipelines.core/Editor/Lighting/IESImporterEditor.cs
  artifactKey: Guid(b913694f5cbdba14f8d9ba1e8c028276) Importer(2089858483,b0f066a214c2f5e87bad3c948f4d605d)
Start importing Packages/com.unity.render-pipelines.core/Editor/Lighting/IESImporterEditor.cs using Guid(b913694f5cbdba14f8d9ba1e8c028276) Importer(2089858483,b0f066a214c2f5e87bad3c948f4d605d) (ScriptedImporter) -> (artifact id: '7d2c03bbb572487e0f8a9b778cd51438') in 0.0061856 seconds
Number of updated asset objects reloaded before import = 0Number of asset objects unloaded after import = 0

========================================================================
Received Import Request.
  Time since last request: 0.000016 seconds.
  path: Packages/com.unity.render-pipelines.core/Editor/Analytics/BuildTargetAnalytic.cs
  artifactKey: Guid(9f249a7110f8dd14ca061023fb8aa6e5) Importer(2089858483,b0f066a214c2f5e87bad3c948f4d605d)
Start importing Packages/com.unity.render-pipelines.core/Editor/Analytics/BuildTargetAnalytic.cs using Guid(9f249a7110f8dd14ca061023fb8aa6e5) Importer(2089858483,b0f066a214c2f5e87bad3c948f4d605d) (ScriptedImporter) -> (artifact id: 'dfc58f8afc4a5f639f93ab8f88815ca6') in 0.0059901 seconds
Number of updated asset objects reloaded before import = 0Number of asset objects unloaded after import = 0

========================================================================
Received Import Request.
  Time since last request: 0.000028 seconds.
  path: Packages/com.unity.render-pipelines.core/Editor/Material/DecalPreferences.cs
  artifactKey: Guid(f6b878d2c4b3d974db270bab74cd8f18) Importer(2089858483,b0f066a214c2f5e87bad3c948f4d605d)
Start importing Packages/com.unity.render-pipelines.core/Editor/Material/DecalPreferences.cs using Guid(f6b878d2c4b3d974db270bab74cd8f18) Importer(2089858483,b0f066a214c2f5e87bad3c948f4d605d) (ScriptedImporter) -> (artifact id: 'ac4fe25ce73caf85304e8642e7a64f2a') in 0.0066483 seconds
Number of updated asset objects reloaded before import = 0Number of asset objects unloaded after import = 0

========================================================================
Received Import Request.
  Time since last request: 0.000016 seconds.
  path: Packages/com.unity.render-pipelines.core/Editor/LookDev/EnvironmentLibrary.cs
  artifactKey: Guid(985c12cb5f71c6440825869433552460) Importer(2089858483,b0f066a214c2f5e87bad3c948f4d605d)
Start importing Packages/com.unity.render-pipelines.core/Editor/LookDev/EnvironmentLibrary.cs using Guid(985c12cb5f71c6440825869433552460) Importer(2089858483,b0f066a214c2f5e87bad3c948f4d605d) (ScriptedImporter) -> (artifact id: '694e41bf442e05a56f935a128b50d144') in 0.0063514 seconds
Number of updated asset objects reloaded before import = 0Number of asset objects unloaded after import = 0

========================================================================
Received Import Request.
  Time since last request: 0.000018 seconds.
  path: Packages/com.unity.render-pipelines.core/Editor/Lighting/LightIntensitySlider.cs
  artifactKey: Guid(ec8f726a6fe63cb4594f1d548226f13d) Importer(2089858483,b0f066a214c2f5e87bad3c948f4d605d)
Start importing Packages/com.unity.render-pipelines.core/Editor/Lighting/LightIntensitySlider.cs using Guid(ec8f726a6fe63cb4594f1d548226f13d) Importer(2089858483,b0f066a214c2f5e87bad3c948f4d605d) (ScriptedImporter) -> (artifact id: '227a6be686255bdb6f3f8a53490165e9') in 0.0070974 seconds
Number of updated asset objects reloaded before import = 0Number of asset objects unloaded after import = 0

========================================================================
Received Import Request.
  Time since last request: 0.000026 seconds.
  path: Packages/com.unity.render-pipelines.core/Editor/Controls/ToggleDropdown.uss
  artifactKey: Guid(5ff83f8997b534409b1595a0ea6750db) Importer(2089858483,b0f066a214c2f5e87bad3c948f4d605d)
Start importing Packages/com.unity.render-pipelines.core/Editor/Controls/ToggleDropdown.uss using Guid(5ff83f8997b534409b1595a0ea6750db) Importer(2089858483,b0f066a214c2f5e87bad3c948f4d605d) (ScriptedImporter) -> (artifact id: '57f0ea910e8fc29aa014545092650d9c') in 0.0089765 seconds
Number of updated asset objects reloaded before import = 0Number of asset objects unloaded after import = 1

========================================================================
Received Import Request.
  Time since last request: 0.000016 seconds.
  path: Packages/com.unity.render-pipelines.core/Editor/Lighting/LightUI.Drawers.cs
  artifactKey: Guid(63524ac66f4f7c044bc3dc991c570e89) Importer(2089858483,b0f066a214c2f5e87bad3c948f4d605d)
Start importing Packages/com.unity.render-pipelines.core/Editor/Lighting/LightUI.Drawers.cs using Guid(63524ac66f4f7c044bc3dc991c570e89) Importer(2089858483,b0f066a214c2f5e87bad3c948f4d605d) (ScriptedImporter) -> (artifact id: '59546851bdd83d99ee8cf69c4208e2d9') in 0.0060317 seconds
Number of updated asset objects reloaded before import = 0Number of asset objects unloaded after import = 0

========================================================================
Received Import Request.
  Time since last request: 0.000019 seconds.
  path: Packages/com.unity.render-pipelines.core/Editor/BuildProcessors/CoreBuildData.cs
  artifactKey: Guid(77db4492d35e8db4fb0fe2936a0879e2) Importer(2089858483,b0f066a214c2f5e87bad3c948f4d605d)
Start importing Packages/com.unity.render-pipelines.core/Editor/BuildProcessors/CoreBuildData.cs using Guid(77db4492d35e8db4fb0fe2936a0879e2) Importer(2089858483,b0f066a214c2f5e87bad3c948f4d605d) (ScriptedImporter) -> (artifact id: '0886b5ad167dc5e25541809e7ebd6645') in 0.0058211 seconds
Number of updated asset objects reloaded before import = 0Number of asset objects unloaded after import = 0

========================================================================
Received Import Request.
  Time since last request: 0.000028 seconds.
  path: Packages/com.unity.render-pipelines.core/Editor/Material/AssetReimportUtils.cs
  artifactKey: Guid(601dae3a21ff49bab849c25eb27709e1) Importer(2089858483,b0f066a214c2f5e87bad3c948f4d605d)
Start importing Packages/com.unity.render-pipelines.core/Editor/Material/AssetReimportUtils.cs using Guid(601dae3a21ff49bab849c25eb27709e1) Importer(2089858483,b0f066a214c2f5e87bad3c948f4d605d) (ScriptedImporter) -> (artifact id: '0e1336ddcdcf3fc45aa5a7b8cf9df6e1') in 0.0087338 seconds
Number of updated asset objects reloaded before import = 0Number of asset objects unloaded after import = 0

========================================================================
Received Import Request.
  Time since last request: 0.000016 seconds.
  path: Packages/com.unity.render-pipelines.core/Editor/Material/MaterialHeaderScopeItem.cs
  artifactKey: Guid(a8ac7c57cfc5071499b0c58d63d71d2b) Importer(2089858483,b0f066a214c2f5e87bad3c948f4d605d)
Start importing Packages/com.unity.render-pipelines.core/Editor/Material/MaterialHeaderScopeItem.cs using Guid(a8ac7c57cfc5071499b0c58d63d71d2b) Importer(2089858483,b0f066a214c2f5e87bad3c948f4d605d) (ScriptedImporter) -> (artifact id: '57d99f161ebfaed2fc997377cc1a520d') in 0.0065574 seconds
Number of updated asset objects reloaded before import = 0Number of asset objects unloaded after import = 0

========================================================================
Received Import Request.
  Time since last request: 0.000019 seconds.
  path: Packages/com.unity.render-pipelines.core/Editor/LookDev/CameraController.cs
  artifactKey: Guid(65d4b8eee9b19324cb60b5b126ca55f4) Importer(2089858483,b0f066a214c2f5e87bad3c948f4d605d)
Start importing Packages/com.unity.render-pipelines.core/Editor/LookDev/CameraController.cs using Guid(65d4b8eee9b19324cb60b5b126ca55f4) Importer(2089858483,b0f066a214c2f5e87bad3c948f4d605d) (ScriptedImporter) -> (artifact id: '1b2d0e01b691a7931234b8bfe005701e') in 0.0068523 seconds
Number of updated asset objects reloaded before import = 0Number of asset objects unloaded after import = 0

========================================================================
Received Import Request.
  Time since last request: 0.000031 seconds.
  path: Packages/com.unity.render-pipelines.core/Editor/Controls/ToggleDropdown.cs
  artifactKey: Guid(37f63294a089b441eb9b5a8b6dea5114) Importer(2089858483,b0f066a214c2f5e87bad3c948f4d605d)
Start importing Packages/com.unity.render-pipelines.core/Editor/Controls/ToggleDropdown.cs using Guid(37f63294a089b441eb9b5a8b6dea5114) Importer(2089858483,b0f066a214c2f5e87bad3c948f4d605d) (ScriptedImporter) -> (artifact id: 'db63308a69cea9c17b95f71159e2ad93') in 0.0068414 seconds
Number of updated asset objects reloaded before import = 0Number of asset objects unloaded after import = 0

========================================================================
Received Import Request.
  Time since last request: 0.000022 seconds.
  path: Packages/com.unity.render-pipelines.core/Editor/LookDev/CameraState.cs
  artifactKey: Guid(a517d1ef992c13d4f92edc2af5b3e6c0) Importer(2089858483,b0f066a214c2f5e87bad3c948f4d605d)
Start importing Packages/com.unity.render-pipelines.core/Editor/LookDev/CameraState.cs using Guid(a517d1ef992c13d4f92edc2af5b3e6c0) Importer(2089858483,b0f066a214c2f5e87bad3c948f4d605d) (ScriptedImporter) -> (artifact id: '99b4f1897383be31d02fb8d04cd8618b') in 0.0061958 seconds
Number of updated asset objects reloaded before import = 0Number of asset objects unloaded after import = 0

========================================================================
Received Import Request.
  Time since last request: 0.000019 seconds.
  path: Packages/com.unity.render-pipelines.core/Editor/Lighting/LightUI.Skin.cs
  artifactKey: Guid(57198e360c6d9454b831562cef29b556) Importer(2089858483,b0f066a214c2f5e87bad3c948f4d605d)
Start importing Packages/com.unity.render-pipelines.core/Editor/Lighting/LightUI.Skin.cs using Guid(57198e360c6d9454b831562cef29b556) Importer(2089858483,b0f066a214c2f5e87bad3c948f4d605d) (ScriptedImporter) -> (artifact id: 'cf0f55d7daee0206282e037b54915e7d') in 0.0063276 seconds
Number of updated asset objects reloaded before import = 0Number of asset objects unloaded after import = 0

========================================================================
Received Import Request.
  Time since last request: 0.000026 seconds.
  path: Packages/com.unity.render-pipelines.core/Editor/LookDev/Compositor.shader
  artifactKey: Guid(4386e57b23a56004c93e1d57d2bbcb4f) Importer(2089858483,b0f066a214c2f5e87bad3c948f4d605d)
Start importing Packages/com.unity.render-pipelines.core/Editor/LookDev/Compositor.shader using Guid(4386e57b23a56004c93e1d57d2bbcb4f) Importer(2089858483,b0f066a214c2f5e87bad3c948f4d605d) (ScriptedImporter) -> (artifact id: 'd19d4cad570e201ad935b8118ca46fac') in 0.0107853 seconds
Number of updated asset objects reloaded before import = 0Number of asset objects unloaded after import = 1

========================================================================
Received Import Request.
  Time since last request: 0.000022 seconds.
  path: Packages/com.unity.render-pipelines.core/Editor/RenderGraph/RenderGraphEditorLocalDebugSession.cs
  artifactKey: Guid(a1fab0dc8c5b451b9f19f59612b24987) Importer(2089858483,b0f066a214c2f5e87bad3c948f4d605d)
Start importing Packages/com.unity.render-pipelines.core/Editor/RenderGraph/RenderGraphEditorLocalDebugSession.cs using Guid(a1fab0dc8c5b451b9f19f59612b24987) Importer(2089858483,b0f066a214c2f5e87bad3c948f4d605d) (ScriptedImporter) -> (artifact id: 'dd0634e978463b68a00b07c1eb286014') in 0.0063147 seconds
Number of updated asset objects reloaded before import = 0Number of asset objects unloaded after import = 0

========================================================================
Received Import Request.
  Time since last request: 0.000025 seconds.
  path: Packages/com.unity.render-pipelines.core/Editor/RenderGraph/RenderGraphUtilsResourceStripper.cs
  artifactKey: Guid(6502c00b916333a498fff8077f97ce9e) Importer(2089858483,b0f066a214c2f5e87bad3c948f4d605d)
Start importing Packages/com.unity.render-pipelines.core/Editor/RenderGraph/RenderGraphUtilsResourceStripper.cs using Guid(6502c00b916333a498fff8077f97ce9e) Importer(2089858483,b0f066a214c2f5e87bad3c948f4d605d) (ScriptedImporter) -> (artifact id: 'a32558abaefd4fe299f1d07ce1b0ad62') in 0.0083901 seconds
Number of updated asset objects reloaded before import = 0Number of asset objects unloaded after import = 0

========================================================================
Received Import Request.
  Time since last request: 0.000026 seconds.
  path: Packages/com.unity.render-pipelines.core/Editor/UnifiedRayTracing/Unity.UnifiedRayTracing.Editor.asmdef
  artifactKey: Guid(085cb502223da8f46931abfa47535112) Importer(2089858483,b0f066a214c2f5e87bad3c948f4d605d)
Start importing Packages/com.unity.render-pipelines.core/Editor/UnifiedRayTracing/Unity.UnifiedRayTracing.Editor.asmdef using Guid(085cb502223da8f46931abfa47535112) Importer(2089858483,b0f066a214c2f5e87bad3c948f4d605d) (ScriptedImporter) -> (artifact id: 'fbd003931120c0cd05c00e2db44f6032') in 0.0062273 seconds
Number of updated asset objects reloaded before import = 0Number of asset objects unloaded after import = 1

========================================================================
Received Import Request.
  Time since last request: 0.000016 seconds.
  path: Packages/com.unity.render-pipelines.core/Editor/Volume/VolumeProfileEditor.cs
  artifactKey: Guid(77e4433a29bc5b547a429fcd8552c691) Importer(2089858483,b0f066a214c2f5e87bad3c948f4d605d)
Start importing Packages/com.unity.render-pipelines.core/Editor/Volume/VolumeProfileEditor.cs using Guid(77e4433a29bc5b547a429fcd8552c691) Importer(2089858483,b0f066a214c2f5e87bad3c948f4d605d) (ScriptedImporter) -> (artifact id: 'a777bbf71c695fe52aaa94af756e9658') in 0.0075594 seconds
Number of updated asset objects reloaded before import = 0Number of asset objects unloaded after import = 0

========================================================================
Received Import Request.
  Time since last request: 0.000018 seconds.
  path: Packages/com.unity.render-pipelines.core/Editor/UXML/RenderPipelineGlobalSettings.uxml
  artifactKey: Guid(d8d5beb40e5c9f94f95d805868251329) Importer(2089858483,b0f066a214c2f5e87bad3c948f4d605d)
Start importing Packages/com.unity.render-pipelines.core/Editor/UXML/RenderPipelineGlobalSettings.uxml using Guid(d8d5beb40e5c9f94f95d805868251329) Importer(2089858483,b0f066a214c2f5e87bad3c948f4d605d) (ScriptedImporter) -> (artifact id: 'a17fd2b93d9b7cb1c6d4e564c719e689') in 0.0133333 seconds
Number of updated asset objects reloaded before import = 0Number of asset objects unloaded after import = 4

========================================================================
Received Import Request.
  Time since last request: 0.000027 seconds.
  path: Packages/com.unity.render-pipelines.core/Editor/SampleDependencyImportSystem/SampleList.cs
  artifactKey: Guid(b65964511a83d3f4fade935687c0b243) Importer(2089858483,b0f066a214c2f5e87bad3c948f4d605d)
Start importing Packages/com.unity.render-pipelines.core/Editor/SampleDependencyImportSystem/SampleList.cs using Guid(b65964511a83d3f4fade935687c0b243) Importer(2089858483,b0f066a214c2f5e87bad3c948f4d605d) (ScriptedImporter) -> (artifact id: 'ff42d0c30cb849690ffb5d30a1affb1c') in 0.0059369 seconds
Number of updated asset objects reloaded before import = 0Number of asset objects unloaded after import = 0

========================================================================
Received Import Request.
  Time since last request: 0.000017 seconds.
  path: Packages/com.unity.render-pipelines.core/Editor/RenderGraph/RenderGraphViewer.SidePanel.cs
  artifactKey: Guid(b8598e63777340dbad41548aeabf81da) Importer(2089858483,b0f066a214c2f5e87bad3c948f4d605d)
Start importing Packages/com.unity.render-pipelines.core/Editor/RenderGraph/RenderGraphViewer.SidePanel.cs using Guid(b8598e63777340dbad41548aeabf81da) Importer(2089858483,b0f066a214c2f5e87bad3c948f4d605d) (ScriptedImporter) -> (artifact id: '6b7a1a60f20c76f837bb8e363eb3ab3f') in 0.0059485 seconds
Number of updated asset objects reloaded before import = 0Number of asset objects unloaded after import = 0

========================================================================
Received Import Request.
  Time since last request: 0.000019 seconds.
  path: Packages/com.unity.render-pipelines.core/Editor/RenderGraph/RenderGraphViewer.PlayerConnection.cs
  artifactKey: Guid(3d79fadf0079447b8a64ec414906d549) Importer(2089858483,b0f066a214c2f5e87bad3c948f4d605d)
Start importing Packages/com.unity.render-pipelines.core/Editor/RenderGraph/RenderGraphViewer.PlayerConnection.cs using Guid(3d79fadf0079447b8a64ec414906d549) Importer(2089858483,b0f066a214c2f5e87bad3c948f4d605d) (ScriptedImporter) -> (artifact id: 'd2d861999b9379fb94a369367c7edd94') in 0.0100087 seconds
Number of updated asset objects reloaded before import = 0Number of asset objects unloaded after import = 0

========================================================================
Received Import Request.
  Time since last request: 0.000030 seconds.
  path: Packages/com.unity.render-pipelines.core/Editor/UnifiedRayTracing/CreateUnifiedRTShaderMenuItem.cs
  artifactKey: Guid(371b660fd92134146a9c35b3e4221fab) Importer(2089858483,b0f066a214c2f5e87bad3c948f4d605d)
Start importing Packages/com.unity.render-pipelines.core/Editor/UnifiedRayTracing/CreateUnifiedRTShaderMenuItem.cs using Guid(371b660fd92134146a9c35b3e4221fab) Importer(2089858483,b0f066a214c2f5e87bad3c948f4d605d) (ScriptedImporter) -> (artifact id: 'd194266d9bd979cc4cac090abdf9ab74') in 0.0062767 seconds
Number of updated asset objects reloaded before import = 0Number of asset objects unloaded after import = 0

========================================================================
Received Import Request.
  Time since last request: 0.000018 seconds.
  path: Packages/com.unity.render-pipelines.core/Editor/UXML/RenderGraphViewer.uxml
  artifactKey: Guid(00387952e4f43ec45a9084e579a44e4e) Importer(2089858483,b0f066a214c2f5e87bad3c948f4d605d)
Start importing Packages/com.unity.render-pipelines.core/Editor/UXML/RenderGraphViewer.uxml using Guid(00387952e4f43ec45a9084e579a44e4e) Importer(2089858483,b0f066a214c2f5e87bad3c948f4d605d) (ScriptedImporter) -> (artifact id: '80200f9ae67b522da3eee4b2d77903e2') in 0.0183646 seconds
Number of updated asset objects reloaded before import = 0Number of asset objects unloaded after import = 4

========================================================================
Received Import Request.
  Time since last request: 0.000027 seconds.
  path: Packages/com.unity.render-pipelines.core/Editor/UXML/DefaultVolumeProfileEditor.uxml
  artifactKey: Guid(d0b4821bb729cd24fbbe0af5feaa73ab) Importer(2089858483,b0f066a214c2f5e87bad3c948f4d605d)
Start importing Packages/com.unity.render-pipelines.core/Editor/UXML/DefaultVolumeProfileEditor.uxml using Guid(d0b4821bb729cd24fbbe0af5feaa73ab) Importer(2089858483,b0f066a214c2f5e87bad3c948f4d605d) (ScriptedImporter) -> (artifact id: '6a6247acc6279f715a8fe969289e5073') in 0.0106608 seconds
Number of updated asset objects reloaded before import = 0Number of asset objects unloaded after import = 3

========================================================================
Received Import Request.
  Time since last request: 0.000030 seconds.
  path: Packages/com.unity.render-pipelines.core/Editor/UXML/VolumeEditor.uxml
  artifactKey: Guid(d367e3b92ff05ac4eb99950f44cc0333) Importer(2089858483,b0f066a214c2f5e87bad3c948f4d605d)
Start importing Packages/com.unity.render-pipelines.core/Editor/UXML/VolumeEditor.uxml using Guid(d367e3b92ff05ac4eb99950f44cc0333) Importer(2089858483,b0f066a214c2f5e87bad3c948f4d605d) (ScriptedImporter) -> (artifact id: '3eea8b2ec14ec65733ba811f3743a109') in 0.0159209 seconds
Number of updated asset objects reloaded before import = 0Number of asset objects unloaded after import = 3

========================================================================
Received Import Request.
  Time since last request: 0.000017 seconds.
  path: Packages/com.unity.render-pipelines.core/Editor/Tools/Deprecated.cs
  artifactKey: Guid(f561b489519a3334bbc61fdb29229240) Importer(2089858483,b0f066a214c2f5e87bad3c948f4d605d)
Start importing Packages/com.unity.render-pipelines.core/Editor/Tools/Deprecated.cs using Guid(f561b489519a3334bbc61fdb29229240) Importer(2089858483,b0f066a214c2f5e87bad3c948f4d605d) (ScriptedImporter) -> (artifact id: '1b967367dfa343d6576e9c3069d756aa') in 0.0063844 seconds
Number of updated asset objects reloaded before import = 0Number of asset objects unloaded after import = 0

========================================================================
Received Import Request.
  Time since last request: 0.000018 seconds.
  path: Packages/com.unity.render-pipelines.core/Editor/ShaderStripping/ShaderExtensions.cs
  artifactKey: Guid(75fb0572c16138347964c56f32c1ac45) Importer(2089858483,b0f066a214c2f5e87bad3c948f4d605d)
Start importing Packages/com.unity.render-pipelines.core/Editor/ShaderStripping/ShaderExtensions.cs using Guid(75fb0572c16138347964c56f32c1ac45) Importer(2089858483,b0f066a214c2f5e87bad3c948f4d605d) (ScriptedImporter) -> (artifact id: '9dc620cabcd9198cad97d06d7ed832b6') in 0.0060324 seconds
Number of updated asset objects reloaded before import = 0Number of asset objects unloaded after import = 0

========================================================================
Received Import Request.
  Time since last request: 0.000028 seconds.
  path: Packages/com.unity.render-pipelines.core/Editor/SampleDependencyImportSystem/SampleDependencyImporter.cs
  artifactKey: Guid(96553f9815e08c541b85d966a212a07f) Importer(2089858483,b0f066a214c2f5e87bad3c948f4d605d)
Start importing Packages/com.unity.render-pipelines.core/Editor/SampleDependencyImportSystem/SampleDependencyImporter.cs using Guid(96553f9815e08c541b85d966a212a07f) Importer(2089858483,b0f066a214c2f5e87bad3c948f4d605d) (ScriptedImporter) -> (artifact id: '6fa9f4acaad10743f20141e3cbef31aa') in 0.0071736 seconds
Number of updated asset objects reloaded before import = 0Number of asset objects unloaded after import = 0

========================================================================
Received Import Request.
  Time since last request: 0.000017 seconds.
  path: Packages/com.unity.render-pipelines.core/Editor/RenderGraph/RenderGraphTestsCore.cs
  artifactKey: Guid(adee57cb848200543880b66dfd96f208) Importer(2089858483,b0f066a214c2f5e87bad3c948f4d605d)
Start importing Packages/com.unity.render-pipelines.core/Editor/RenderGraph/RenderGraphTestsCore.cs using Guid(adee57cb848200543880b66dfd96f208) Importer(2089858483,b0f066a214c2f5e87bad3c948f4d605d) (ScriptedImporter) -> (artifact id: '070fad3368deaf5f4bd027b9ae2dba32') in 0.0059276 seconds
Number of updated asset objects reloaded before import = 0Number of asset objects unloaded after import = 0

========================================================================
Received Import Request.
  Time since last request: 0.000021 seconds.
  path: Packages/com.unity.render-pipelines.core/Editor/Volume/VolumeAdditionalGizmo.cs
  artifactKey: Guid(ec83f2a0a0da1f0499e433a0070dfdb4) Importer(2089858483,b0f066a214c2f5e87bad3c948f4d605d)
Start importing Packages/com.unity.render-pipelines.core/Editor/Volume/VolumeAdditionalGizmo.cs using Guid(ec83f2a0a0da1f0499e433a0070dfdb4) Importer(2089858483,b0f066a214c2f5e87bad3c948f4d605d) (ScriptedImporter) -> (artifact id: '92ca4e3fd16260ff67b65834fdd176b2') in 0.0081124 seconds
Number of updated asset objects reloaded before import = 0Number of asset objects unloaded after import = 0

========================================================================
Received Import Request.
  Time since last request: 0.000034 seconds.
  path: Packages/com.unity.render-pipelines.core/Editor/Volume/VolumeComponentEditor.cs
  artifactKey: Guid(d6bb22372ebe2bc42a227c8f8c1795ac) Importer(2089858483,b0f066a214c2f5e87bad3c948f4d605d)
Start importing Packages/com.unity.render-pipelines.core/Editor/Volume/VolumeComponentEditor.cs using Guid(d6bb22372ebe2bc42a227c8f8c1795ac) Importer(2089858483,b0f066a214c2f5e87bad3c948f4d605d) (ScriptedImporter) -> (artifact id: '1acfaf6fb4d1c2c9f6aa74fdbd6f416d') in 0.0061394 seconds
Number of updated asset objects reloaded before import = 0Number of asset objects unloaded after import = 0

========================================================================
Received Import Request.
  Time since last request: 0.000022 seconds.
  path: Packages/com.unity.render-pipelines.core/Editor/StyleSheets/RenderGraphViewerDark.uss
  artifactKey: Guid(a74acab1c36b3344e95480f4d42afd55) Importer(2089858483,b0f066a214c2f5e87bad3c948f4d605d)
Start importing Packages/com.unity.render-pipelines.core/Editor/StyleSheets/RenderGraphViewerDark.uss using Guid(a74acab1c36b3344e95480f4d42afd55) Importer(2089858483,b0f066a214c2f5e87bad3c948f4d605d) (ScriptedImporter) -> (artifact id: '270a2413088890b14bbcec7a89ef22b2') in 0.0129954 seconds
Number of updated asset objects reloaded before import = 0Number of asset objects unloaded after import = 11

========================================================================
Received Import Request.
  Time since last request: 0.000022 seconds.
  path: Packages/com.unity.render-pipelines.core/Editor/StyleSheets/HeaderFoldout.uss
  artifactKey: Guid(20e417e1ec9645d44ad61671212c15f7) Importer(2089858483,b0f066a214c2f5e87bad3c948f4d605d)
Start importing Packages/com.unity.render-pipelines.core/Editor/StyleSheets/HeaderFoldout.uss using Guid(20e417e1ec9645d44ad61671212c15f7) Importer(2089858483,b0f066a214c2f5e87bad3c948f4d605d) (ScriptedImporter) -> (artifact id: '774e544a77fc56560709e86882841582') in 0.0081523 seconds
Number of updated asset objects reloaded before import = 0Number of asset objects unloaded after import = 1

========================================================================
Received Import Request.
  Time since last request: 0.000028 seconds.
  path: Packages/com.unity.render-pipelines.core/Editor/UnifiedRayTracing/UnifiedRTShaderImporter.cs
  artifactKey: Guid(42d537a8a4089e448a99fc57a06d74a9) Importer(2089858483,b0f066a214c2f5e87bad3c948f4d605d)
Start importing Packages/com.unity.render-pipelines.core/Editor/UnifiedRayTracing/UnifiedRTShaderImporter.cs using Guid(42d537a8a4089e448a99fc57a06d74a9) Importer(2089858483,b0f066a214c2f5e87bad3c948f4d605d) (ScriptedImporter) -> (artifact id: 'd124b5721299b20696c738bfdafcd8b3') in 0.0059639 seconds
Number of updated asset objects reloaded before import = 0Number of asset objects unloaded after import = 0

========================================================================
Received Import Request.
  Time since last request: 0.000016 seconds.
  path: Packages/com.unity.render-pipelines.core/Editor/Volume/VolumeProfileFactory.cs
  artifactKey: Guid(da75d0a7610da4245824752899c20db4) Importer(2089858483,b0f066a214c2f5e87bad3c948f4d605d)
Start importing Packages/com.unity.render-pipelines.core/Editor/Volume/VolumeProfileFactory.cs using Guid(da75d0a7610da4245824752899c20db4) Importer(2089858483,b0f066a214c2f5e87bad3c948f4d605d) (ScriptedImporter) -> (artifact id: '1beade4fced2f9d91c99f18285adfa97') in 0.006419 seconds
Number of updated asset objects reloaded before import = 0Number of asset objects unloaded after import = 0

========================================================================
Received Import Request.
  Time since last request: 0.000018 seconds.
  path: Packages/com.unity.render-pipelines.core/Editor/Settings/DefaultVolumeProfileCategories.cs
  artifactKey: Guid(4057e4a9a270475596393ac09512a597) Importer(2089858483,b0f066a214c2f5e87bad3c948f4d605d)
Start importing Packages/com.unity.render-pipelines.core/Editor/Settings/DefaultVolumeProfileCategories.cs using Guid(4057e4a9a270475596393ac09512a597) Importer(2089858483,b0f066a214c2f5e87bad3c948f4d605d) (ScriptedImporter) -> (artifact id: 'b850c34eb4889713a1f36a012b50b4f4') in 0.0065925 seconds
Number of updated asset objects reloaded before import = 0Number of asset objects unloaded after import = 0

========================================================================
Received Import Request.
  Time since last request: 0.000026 seconds.
  path: Packages/com.unity.render-pipelines.core/Editor/RenderGraph/RenderGraphViewer.PanManipulator.cs
  artifactKey: Guid(46612d3829964e2eb39c08b5c1a816e1) Importer(2089858483,b0f066a214c2f5e87bad3c948f4d605d)
Start importing Packages/com.unity.render-pipelines.core/Editor/RenderGraph/RenderGraphViewer.PanManipulator.cs using Guid(46612d3829964e2eb39c08b5c1a816e1) Importer(2089858483,b0f066a214c2f5e87bad3c948f4d605d) (ScriptedImporter) -> (artifact id: '730f88029ad38b4fc0be7ccb36102252') in 0.0060532 seconds
Number of updated asset objects reloaded before import = 0Number of asset objects unloaded after import = 0

========================================================================
Received Import Request.
  Time since last request: 0.000017 seconds.
  path: Packages/com.unity.render-pipelines.core/Editor/Volume/VolumeGizmoDrawer.cs
  artifactKey: Guid(0cd3688d1b5f3194780d5edc0da54e7b) Importer(2089858483,b0f066a214c2f5e87bad3c948f4d605d)
Start importing Packages/com.unity.render-pipelines.core/Editor/Volume/VolumeGizmoDrawer.cs using Guid(0cd3688d1b5f3194780d5edc0da54e7b) Importer(2089858483,b0f066a214c2f5e87bad3c948f4d605d) (ScriptedImporter) -> (artifact id: '3566f5ff92181bacade899ab4549f202') in 0.0063821 seconds
Number of updated asset objects reloaded before import = 0Number of asset objects unloaded after import = 0

========================================================================
Received Import Request.
  Time since last request: 0.000019 seconds.
  path: Packages/com.unity.render-pipelines.core/Editor/ShaderGenerator/ShaderGeneratorMenu.cs
  artifactKey: Guid(6445a8672591a4647839c57df79b857b) Importer(2089858483,b0f066a214c2f5e87bad3c948f4d605d)
Start importing Packages/com.unity.render-pipelines.core/Editor/ShaderGenerator/ShaderGeneratorMenu.cs using Guid(6445a8672591a4647839c57df79b857b) Importer(2089858483,b0f066a214c2f5e87bad3c948f4d605d) (ScriptedImporter) -> (artifact id: '062f5de2dae59239713bd4ea302a4243') in 0.006469 seconds
Number of updated asset objects reloaded before import = 0Number of asset objects unloaded after import = 0

========================================================================
Received Import Request.
  Time since last request: 0.000029 seconds.
  path: Packages/com.unity.render-pipelines.core/Runtime/Common/Observable.cs
  artifactKey: Guid(c809a62d5133434283a678284bde6334) Importer(2089858483,b0f066a214c2f5e87bad3c948f4d605d)
Start importing Packages/com.unity.render-pipelines.core/Runtime/Common/Observable.cs using Guid(c809a62d5133434283a678284bde6334) Importer(2089858483,b0f066a214c2f5e87bad3c948f4d605d) (ScriptedImporter) -> (artifact id: 'a30b65241eede68cb8fa25b2143b6c69') in 0.0077718 seconds
Number of updated asset objects reloaded before import = 0Number of asset objects unloaded after import = 0

========================================================================
Received Import Request.
  Time since last request: 0.000033 seconds.
  path: Packages/com.unity.render-pipelines.core/Runtime/Debugging/DebugUI.Fields.cs
  artifactKey: Guid(332920c028664644e9e4e1bf5a1631d5) Importer(2089858483,b0f066a214c2f5e87bad3c948f4d605d)
Start importing Packages/com.unity.render-pipelines.core/Runtime/Debugging/DebugUI.Fields.cs using Guid(332920c028664644e9e4e1bf5a1631d5) Importer(2089858483,b0f066a214c2f5e87bad3c948f4d605d) (ScriptedImporter) -> (artifact id: 'aa5023800607b700db7b199fc245b010') in 0.0069568 seconds
Number of updated asset objects reloaded before import = 0Number of asset objects unloaded after import = 0

========================================================================
Received Import Request.
  Time since last request: 0.000020 seconds.
  path: Packages/com.unity.render-pipelines.core/Runtime/Debugging/DebugDisplaySettingsUI.cs
  artifactKey: Guid(267b889b8e81a45d2a5f5bc4121bc7b9) Importer(2089858483,b0f066a214c2f5e87bad3c948f4d605d)
Start importing Packages/com.unity.render-pipelines.core/Runtime/Debugging/DebugDisplaySettingsUI.cs using Guid(267b889b8e81a45d2a5f5bc4121bc7b9) Importer(2089858483,b0f066a214c2f5e87bad3c948f4d605d) (ScriptedImporter) -> (artifact id: '6430fe043a2d3f2db0e794523a83f11a') in 0.0064729 seconds
Number of updated asset objects reloaded before import = 0Number of asset objects unloaded after import = 0

========================================================================
Received Import Request.
  Time since last request: 0.000026 seconds.
  path: Packages/com.unity.render-pipelines.core/Runtime/Debug/ProbeVolumeDebug.shader
  artifactKey: Guid(3b21275fd12d65f49babb5286f040f2d) Importer(2089858483,b0f066a214c2f5e87bad3c948f4d605d)
Start importing Packages/com.unity.render-pipelines.core/Runtime/Debug/ProbeVolumeDebug.shader using Guid(3b21275fd12d65f49babb5286f040f2d) Importer(2089858483,b0f066a214c2f5e87bad3c948f4d605d) (ScriptedImporter) -> (artifact id: 'c5b4477dd71818074727412925d1c8e5') in 0.0071694 seconds
Number of updated asset objects reloaded before import = 0Number of asset objects unloaded after import = 0

========================================================================
Received Import Request.
  Time since last request: 0.000016 seconds.
  path: Packages/com.unity.render-pipelines.core/Runtime/Debug/ProbeVolumeDebugBase.hlsl
  artifactKey: Guid(0c0fc89bf58dc6d4590d0db55a62679e) Importer(2089858483,b0f066a214c2f5e87bad3c948f4d605d)
Start importing Packages/com.unity.render-pipelines.core/Runtime/Debug/ProbeVolumeDebugBase.hlsl using Guid(0c0fc89bf58dc6d4590d0db55a62679e) Importer(2089858483,b0f066a214c2f5e87bad3c948f4d605d) (ScriptedImporter) -> (artifact id: '7a464355f568bf559dc8c983df2d9736') in 0.006491 seconds
Number of updated asset objects reloaded before import = 0Number of asset objects unloaded after import = 1

========================================================================
Received Import Request.
  Time since last request: 0.000018 seconds.
  path: Packages/com.unity.render-pipelines.core/Runtime/Common/DynamicString.cs
  artifactKey: Guid(bcf351cc6a3dc684ab5a266551adf7d5) Importer(2089858483,b0f066a214c2f5e87bad3c948f4d605d)
Start importing Packages/com.unity.render-pipelines.core/Runtime/Common/DynamicString.cs using Guid(bcf351cc6a3dc684ab5a266551adf7d5) Importer(2089858483,b0f066a214c2f5e87bad3c948f4d605d) (ScriptedImporter) -> (artifact id: 'a4f7ac2cf9077b9ce391ca9cbd95e824') in 0.0062696 seconds
Number of updated asset objects reloaded before import = 0Number of asset objects unloaded after import = 0

========================================================================
Received Import Request.
  Time since last request: 0.000026 seconds.
  path: Packages/com.unity.render-pipelines.core/Runtime/Debugging/DebugFrameTiming.cs
  artifactKey: Guid(5b966c0b6fb41a743ad89f19c17430eb) Importer(2089858483,b0f066a214c2f5e87bad3c948f4d605d)
Start importing Packages/com.unity.render-pipelines.core/Runtime/Debugging/DebugFrameTiming.cs using Guid(5b966c0b6fb41a743ad89f19c17430eb) Importer(2089858483,b0f066a214c2f5e87bad3c948f4d605d) (ScriptedImporter) -> (artifact id: 'ee0c206077827eb2333ddc6d49b228cf') in 0.0062115 seconds
Number of updated asset objects reloaded before import = 0Number of asset objects unloaded after import = 0

========================================================================
Received Import Request.
  Time since last request: 0.000017 seconds.
  path: Packages/com.unity.render-pipelines.core/Runtime/Debugging/DebugManager.Actions.cs
  artifactKey: Guid(b9ea0a15a47dead4ebc52bd3f7a926c1) Importer(2089858483,b0f066a214c2f5e87bad3c948f4d605d)
Start importing Packages/com.unity.render-pipelines.core/Runtime/Debugging/DebugManager.Actions.cs using Guid(b9ea0a15a47dead4ebc52bd3f7a926c1) Importer(2089858483,b0f066a214c2f5e87bad3c948f4d605d) (ScriptedImporter) -> (artifact id: 'f5049c381a17485da3d239988dbb7513') in 0.0075471 seconds
Number of updated asset objects reloaded before import = 0Number of asset objects unloaded after import = 0

========================================================================
Received Import Request.
  Time since last request: 0.000019 seconds.
  path: Packages/com.unity.render-pipelines.core/Runtime/Common/CoreProfileId.cs
  artifactKey: Guid(da3d290bbfba048588cdeed618e4ad64) Importer(2089858483,b0f066a214c2f5e87bad3c948f4d605d)
Start importing Packages/com.unity.render-pipelines.core/Runtime/Common/CoreProfileId.cs using Guid(da3d290bbfba048588cdeed618e4ad64) Importer(2089858483,b0f066a214c2f5e87bad3c948f4d605d) (ScriptedImporter) -> (artifact id: '997733a475bec0fd7324e8787a466b5e') in 0.0074583 seconds
Number of updated asset objects reloaded before import = 0Number of asset objects unloaded after import = 0

========================================================================
Received Import Request.
  Time since last request: 0.000028 seconds.
  path: Packages/com.unity.render-pipelines.core/Runtime/CommandBuffers/ComputeCommandBuffer.cs
  artifactKey: Guid(b9d92de4123d09049a3633cebf057482) Importer(2089858483,b0f066a214c2f5e87bad3c948f4d605d)
Start importing Packages/com.unity.render-pipelines.core/Runtime/CommandBuffers/ComputeCommandBuffer.cs using Guid(b9d92de4123d09049a3633cebf057482) Importer(2089858483,b0f066a214c2f5e87bad3c948f4d605d) (ScriptedImporter) -> (artifact id: 'eb8405afc3a6aa50b1f36f9ba56c19ba') in 0.0064681 seconds
Number of updated asset objects reloaded before import = 0Number of asset objects unloaded after import = 0

========================================================================
Received Import Request.
  Time since last request: 0.000017 seconds.
  path: Packages/com.unity.render-pipelines.core/Runtime/Debugging/DebugDisplaySettingsPanel.cs
  artifactKey: Guid(e5ee786a2f4e04b5bbc5c7b2e645272e) Importer(2089858483,b0f066a214c2f5e87bad3c948f4d605d)
Start importing Packages/com.unity.render-pipelines.core/Runtime/Debugging/DebugDisplaySettingsPanel.cs using Guid(e5ee786a2f4e04b5bbc5c7b2e645272e) Importer(2089858483,b0f066a214c2f5e87bad3c948f4d605d) (ScriptedImporter) -> (artifact id: '33934d60fe402dbb53749279b80b93c0') in 0.0058223 seconds
Number of updated asset objects reloaded before import = 0Number of asset objects unloaded after import = 0

========================================================================
Received Import Request.
  Time since last request: 0.000023 seconds.
  path: Packages/com.unity.render-pipelines.core/Runtime/Debugging/DebugUI.Panel.cs
  artifactKey: Guid(9a33c6b643214f847b2e0cf1721a64db) Importer(2089858483,b0f066a214c2f5e87bad3c948f4d605d)
Start importing Packages/com.unity.render-pipelines.core/Runtime/Debugging/DebugUI.Panel.cs using Guid(9a33c6b643214f847b2e0cf1721a64db) Importer(2089858483,b0f066a214c2f5e87bad3c948f4d605d) (ScriptedImporter) -> (artifact id: 'c517a198d8015b6c77c1cd9faf1d15bd') in 0.0071942 seconds
Number of updated asset objects reloaded before import = 0Number of asset objects unloaded after import = 0

========================================================================
Received Import Request.
  Time since last request: 0.000029 seconds.
  path: Packages/com.unity.render-pipelines.core/Runtime/Common/ObservableList.cs
  artifactKey: Guid(1511526f1e7c8e94ea477c5b5c9dcc32) Importer(2089858483,b0f066a214c2f5e87bad3c948f4d605d)
Start importing Packages/com.unity.render-pipelines.core/Runtime/Common/ObservableList.cs using Guid(1511526f1e7c8e94ea477c5b5c9dcc32) Importer(2089858483,b0f066a214c2f5e87bad3c948f4d605d) (ScriptedImporter) -> (artifact id: '898d1a4ae17fd2ff4dd56944c7e8c1b1') in 0.0073596 seconds
Number of updated asset objects reloaded before import = 0Number of asset objects unloaded after import = 0

========================================================================
Received Import Request.
  Time since last request: 0.000016 seconds.
  path: Packages/com.unity.render-pipelines.core/Runtime/Debugging/IVolumeDebugSettings.cs
  artifactKey: Guid(9771abc6c607d7244b4ddbe608ab86fa) Importer(2089858483,b0f066a214c2f5e87bad3c948f4d605d)
Start importing Packages/com.unity.render-pipelines.core/Runtime/Debugging/IVolumeDebugSettings.cs using Guid(9771abc6c607d7244b4ddbe608ab86fa) Importer(2089858483,b0f066a214c2f5e87bad3c948f4d605d) (ScriptedImporter) -> (artifact id: 'dd5c6ce931d32b1fbf439f4045de6f89') in 0.0070667 seconds
Number of updated asset objects reloaded before import = 0Number of asset objects unloaded after import = 0

========================================================================
Received Import Request.
  Time since last request: 0.000020 seconds.
  path: Packages/com.unity.render-pipelines.core/Runtime/Common/ContextContainer.cs
  artifactKey: Guid(a223ac1745280964e8d1424b4634a2c8) Importer(2089858483,b0f066a214c2f5e87bad3c948f4d605d)
Start importing Packages/com.unity.render-pipelines.core/Runtime/Common/ContextContainer.cs using Guid(a223ac1745280964e8d1424b4634a2c8) Importer(2089858483,b0f066a214c2f5e87bad3c948f4d605d) (ScriptedImporter) -> (artifact id: '88f60710eae0ea7a71367526aeac1686') in 0.0080904 seconds
Number of updated asset objects reloaded before import = 0Number of asset objects unloaded after import = 0

========================================================================
Received Import Request.
  Time since last request: 0.000027 seconds.
  path: Packages/com.unity.render-pipelines.core/Runtime/CommandBuffers/IRasterCommandBuffer.cs
  artifactKey: Guid(7e05bed69cf53a5439ed1acb56d7bbbd) Importer(2089858483,b0f066a214c2f5e87bad3c948f4d605d)
Start importing Packages/com.unity.render-pipelines.core/Runtime/CommandBuffers/IRasterCommandBuffer.cs using Guid(7e05bed69cf53a5439ed1acb56d7bbbd) Importer(2089858483,b0f066a214c2f5e87bad3c948f4d605d) (ScriptedImporter) -> (artifact id: '973a2d8e3d6f7e92a1377068ec383988') in 0.0070251 seconds
Number of updated asset objects reloaded before import = 0Number of asset objects unloaded after import = 0

========================================================================
Received Import Request.
  Time since last request: 0.000016 seconds.
  path: Packages/com.unity.render-pipelines.core/Runtime/Debugging/ProfilingScope.cs
  artifactKey: Guid(a9115e9ffa8b6df4ba69fe5eb9b541db) Importer(2089858483,b0f066a214c2f5e87bad3c948f4d605d)
Start importing Packages/com.unity.render-pipelines.core/Runtime/Debugging/ProfilingScope.cs using Guid(a9115e9ffa8b6df4ba69fe5eb9b541db) Importer(2089858483,b0f066a214c2f5e87bad3c948f4d605d) (ScriptedImporter) -> (artifact id: 'ebba4d53f4e21ff56e526e65473b7b76') in 0.0073149 seconds
Number of updated asset objects reloaded before import = 0Number of asset objects unloaded after import = 0

========================================================================
Received Import Request.
  Time since last request: 0.000019 seconds.
  path: Packages/com.unity.render-pipelines.core/Runtime/Debugging/DebugUI.Containers.cs
  artifactKey: Guid(02feae31429679949ab4a4a40c8ad34e) Importer(2089858483,b0f066a214c2f5e87bad3c948f4d605d)
Start importing Packages/com.unity.render-pipelines.core/Runtime/Debugging/DebugUI.Containers.cs using Guid(02feae31429679949ab4a4a40c8ad34e) Importer(2089858483,b0f066a214c2f5e87bad3c948f4d605d) (ScriptedImporter) -> (artifact id: 'd45c8f3ee71364729ec21ea24b434058') in 0.0066155 seconds
Number of updated asset objects reloaded before import = 0Number of asset objects unloaded after import = 0

========================================================================
Received Import Request.
  Time since last request: 0.000026 seconds.
  path: Packages/com.unity.render-pipelines.core/Runtime/Common/ReloadGroupAttribute.cs
  artifactKey: Guid(77e120f60a14491ca38ed1ae80b4cfb8) Importer(2089858483,b0f066a214c2f5e87bad3c948f4d605d)
Start importing Packages/com.unity.render-pipelines.core/Runtime/Common/ReloadGroupAttribute.cs using Guid(77e120f60a14491ca38ed1ae80b4cfb8) Importer(2089858483,b0f066a214c2f5e87bad3c948f4d605d) (ScriptedImporter) -> (artifact id: '20553099c380d5c68f0125eb0468ef39') in 0.0061543 seconds
Number of updated asset objects reloaded before import = 0Number of asset objects unloaded after import = 0

========================================================================
Received Import Request.
  Time since last request: 0.000022 seconds.
  path: Packages/com.unity.render-pipelines.core/Runtime/CommandBuffers/RasterCommandBuffer.cs
  artifactKey: Guid(5ff37ac5eaefe9e42bcd04b4ebba753e) Importer(2089858483,b0f066a214c2f5e87bad3c948f4d605d)
Start importing Packages/com.unity.render-pipelines.core/Runtime/CommandBuffers/RasterCommandBuffer.cs using Guid(5ff37ac5eaefe9e42bcd04b4ebba753e) Importer(2089858483,b0f066a214c2f5e87bad3c948f4d605d) (ScriptedImporter) -> (artifact id: 'bb552bb6408b04c7bc27117fb45272dc') in 0.0062607 seconds
Number of updated asset objects reloaded before import = 0Number of asset objects unloaded after import = 0

========================================================================
Received Import Request.
  Time since last request: 0.000019 seconds.
  path: Packages/com.unity.render-pipelines.core/Runtime/Debugging/DebugDisplaySettingsHDROutput.cs
  artifactKey: Guid(daa3eec2dfce59046ae258efe3ff1419) Importer(2089858483,b0f066a214c2f5e87bad3c948f4d605d)
Start importing Packages/com.unity.render-pipelines.core/Runtime/Debugging/DebugDisplaySettingsHDROutput.cs using Guid(daa3eec2dfce59046ae258efe3ff1419) Importer(2089858483,b0f066a214c2f5e87bad3c948f4d605d) (ScriptedImporter) -> (artifact id: '6721764e27a5db85d44daa023dc76a63') in 0.0064735 seconds
Number of updated asset objects reloaded before import = 0Number of asset objects unloaded after import = 0

========================================================================
Received Import Request.
  Time since last request: 0.000026 seconds.
  path: Packages/com.unity.render-pipelines.core/Runtime/GPUDriven/GeometryUtilities.hlsl
  artifactKey: Guid(8ae16c27ed16096458605a6fc56994c8) Importer(2089858483,b0f066a214c2f5e87bad3c948f4d605d)
Start importing Packages/com.unity.render-pipelines.core/Runtime/GPUDriven/GeometryUtilities.hlsl using Guid(8ae16c27ed16096458605a6fc56994c8) Importer(2089858483,b0f066a214c2f5e87bad3c948f4d605d) (ScriptedImporter) -> (artifact id: 'bf46b9c82f63eccbce3012784eb321bb') in 0.0065647 seconds
Number of updated asset objects reloaded before import = 0Number of asset objects unloaded after import = 1

========================================================================
Received Import Request.
  Time since last request: 0.000013 seconds.
  path: Packages/com.unity.render-pipelines.core/Runtime/Common/ObjectPools.cs
  artifactKey: Guid(fa6940bea9f1edf4ea661175c511ca11) Importer(2089858483,b0f066a214c2f5e87bad3c948f4d605d)
Start importing Packages/com.unity.render-pipelines.core/Runtime/Common/ObjectPools.cs using Guid(fa6940bea9f1edf4ea661175c511ca11) Importer(2089858483,b0f066a214c2f5e87bad3c948f4d605d) (ScriptedImporter) -> (artifact id: '6441c5ec63b03675c8dcef0accc95bbb') in 0.0077449 seconds
Number of updated asset objects reloaded before import = 0Number of asset objects unloaded after import = 0

========================================================================
Received Import Request.
  Time since last request: 0.000017 seconds.
  path: Packages/com.unity.render-pipelines.core/Runtime/Debugging/DebugUI.cs
  artifactKey: Guid(4cce618ad8a6d934dbdc631f979b3aa6) Importer(2089858483,b0f066a214c2f5e87bad3c948f4d605d)
Start importing Packages/com.unity.render-pipelines.core/Runtime/Debugging/DebugUI.cs using Guid(4cce618ad8a6d934dbdc631f979b3aa6) Importer(2089858483,b0f066a214c2f5e87bad3c948f4d605d) (ScriptedImporter) -> (artifact id: '7a4551c0768a42de598a3673686c7e8f') in 0.0063783 seconds
Number of updated asset objects reloaded before import = 0Number of asset objects unloaded after import = 0

========================================================================
Received Import Request.
  Time since last request: 0.000024 seconds.
  path: Packages/com.unity.render-pipelines.core/Runtime/CommandBuffers/IUnsafeCommandBuffer.cs
  artifactKey: Guid(ff0586f694b524faead0c7e66b5cc05b) Importer(2089858483,b0f066a214c2f5e87bad3c948f4d605d)
Start importing Packages/com.unity.render-pipelines.core/Runtime/CommandBuffers/IUnsafeCommandBuffer.cs using Guid(ff0586f694b524faead0c7e66b5cc05b) Importer(2089858483,b0f066a214c2f5e87bad3c948f4d605d) (ScriptedImporter) -> (artifact id: '7c2ffba2f0d813811e6a28569c19d9c3') in 0.0083941 seconds
Number of updated asset objects reloaded before import = 0Number of asset objects unloaded after import = 0

========================================================================
Received Import Request.
  Time since last request: 0.000016 seconds.
  path: Packages/com.unity.render-pipelines.core/Runtime/Debugging/DebugShapes.cs
  artifactKey: Guid(a164ae4d75dc0074b966a2efdf0a5700) Importer(2089858483,b0f066a214c2f5e87bad3c948f4d605d)
Start importing Packages/com.unity.render-pipelines.core/Runtime/Debugging/DebugShapes.cs using Guid(a164ae4d75dc0074b966a2efdf0a5700) Importer(2089858483,b0f066a214c2f5e87bad3c948f4d605d) (ScriptedImporter) -> (artifact id: 'a0688f7423b2f27076c3a22785f0a4b8') in 0.0066066 seconds
Number of updated asset objects reloaded before import = 0Number of asset objects unloaded after import = 0

========================================================================
Received Import Request.
  Time since last request: 0.000019 seconds.
  path: Packages/com.unity.render-pipelines.core/Runtime/Common/IVirtualTexturingEnabledRenderPipeline.cs
  artifactKey: Guid(abbe08f5688bd7342b997cf075044945) Importer(2089858483,b0f066a214c2f5e87bad3c948f4d605d)
Start importing Packages/com.unity.render-pipelines.core/Runtime/Common/IVirtualTexturingEnabledRenderPipeline.cs using Guid(abbe08f5688bd7342b997cf075044945) Importer(2089858483,b0f066a214c2f5e87bad3c948f4d605d) (ScriptedImporter) -> (artifact id: '7e2964a580048622803b928bf8eb412c') in 0.0060759 seconds
Number of updated asset objects reloaded before import = 0Number of asset objects unloaded after import = 0

========================================================================
Received Import Request.
  Time since last request: 0.000028 seconds.
  path: Packages/com.unity.render-pipelines.core/Runtime/GPUDriven/GPUResidentDrawer.cs
  artifactKey: Guid(723b7447e23e2b5429e727c3b3a76834) Importer(2089858483,b0f066a214c2f5e87bad3c948f4d605d)
Start importing Packages/com.unity.render-pipelines.core/Runtime/GPUDriven/GPUResidentDrawer.cs using Guid(723b7447e23e2b5429e727c3b3a76834) Importer(2089858483,b0f066a214c2f5e87bad3c948f4d605d) (ScriptedImporter) -> (artifact id: '976de3577ce4f18e674a7b46a53a7f86') in 0.006477 seconds
Number of updated asset objects reloaded before import = 0Number of asset objects unloaded after import = 0

========================================================================
Received Import Request.
  Time since last request: 0.000016 seconds.
  path: Packages/com.unity.render-pipelines.core/Runtime/RenderGraph/RenderGraphResourceRendererList.cs
  artifactKey: Guid(ec298c53cc0c53d47b753c25f59223ed) Importer(2089858483,b0f066a214c2f5e87bad3c948f4d605d)
Start importing Packages/com.unity.render-pipelines.core/Runtime/RenderGraph/RenderGraphResourceRendererList.cs using Guid(ec298c53cc0c53d47b753c25f59223ed) Importer(2089858483,b0f066a214c2f5e87bad3c948f4d605d) (ScriptedImporter) -> (artifact id: 'affcc9c3d02a9db2ae3e5c00e7f5a263') in 0.0064862 seconds
Number of updated asset objects reloaded before import = 0Number of asset objects unloaded after import = 0

========================================================================
Received Import Request.
  Time since last request: 0.000021 seconds.
  path: Packages/com.unity.render-pipelines.core/Runtime/GPUDriven/OcclusionCullingDebugShaderVariables.cs
  artifactKey: Guid(5c8137fcac12c3743bd060b069e1962b) Importer(2089858483,b0f066a214c2f5e87bad3c948f4d605d)
Start importing Packages/com.unity.render-pipelines.core/Runtime/GPUDriven/OcclusionCullingDebugShaderVariables.cs using Guid(5c8137fcac12c3743bd060b069e1962b) Importer(2089858483,b0f066a214c2f5e87bad3c948f4d605d) (ScriptedImporter) -> (artifact id: 'f880326b219e1b585d135ae6a2433c03') in 0.0078615 seconds
Number of updated asset objects reloaded before import = 0Number of asset objects unloaded after import = 0

========================================================================
Received Import Request.
  Time since last request: 0.000027 seconds.
  path: Packages/com.unity.render-pipelines.core/Runtime/RenderGraph/IRenderGraphBuilder.cs
  artifactKey: Guid(2fcdf4bad9ff6e340a9aaca6de5fe1a3) Importer(2089858483,b0f066a214c2f5e87bad3c948f4d605d)
Start importing Packages/com.unity.render-pipelines.core/Runtime/RenderGraph/IRenderGraphBuilder.cs using Guid(2fcdf4bad9ff6e340a9aaca6de5fe1a3) Importer(2089858483,b0f066a214c2f5e87bad3c948f4d605d) (ScriptedImporter) -> (artifact id: '9d28df43cea9655e4c8a58d982e16509') in 0.007651 seconds
Number of updated asset objects reloaded before import = 0Number of asset objects unloaded after import = 0

========================================================================
Received Import Request.
  Time since last request: 0.000018 seconds.
  path: Packages/com.unity.render-pipelines.core/Runtime/RenderGraph/RenderGraphResources.cs
  artifactKey: Guid(4b7ac9a635582ab4998d4179483bacc5) Importer(2089858483,b0f066a214c2f5e87bad3c948f4d605d)
Start importing Packages/com.unity.render-pipelines.core/Runtime/RenderGraph/RenderGraphResources.cs using Guid(4b7ac9a635582ab4998d4179483bacc5) Importer(2089858483,b0f066a214c2f5e87bad3c948f4d605d) (ScriptedImporter) -> (artifact id: 'b8263c8dd00ce91eb00102dbaf8c9099') in 0.0077588 seconds
Number of updated asset objects reloaded before import = 0Number of asset objects unloaded after import = 0

========================================================================
Received Import Request.
  Time since last request: 0.000025 seconds.
  path: Packages/com.unity.render-pipelines.core/Runtime/RenderGraph/RenderGraphResourceTexture.cs
  artifactKey: Guid(aeec61a3ffba2f347be4a0b1d667c503) Importer(2089858483,b0f066a214c2f5e87bad3c948f4d605d)
Start importing Packages/com.unity.render-pipelines.core/Runtime/RenderGraph/RenderGraphResourceTexture.cs using Guid(aeec61a3ffba2f347be4a0b1d667c503) Importer(2089858483,b0f066a214c2f5e87bad3c948f4d605d) (ScriptedImporter) -> (artifact id: '81e4a8acd3997bce4eac0f682266539e') in 0.0082989 seconds
Number of updated asset objects reloaded before import = 0Number of asset objects unloaded after import = 0

========================================================================
Received Import Request.
  Time since last request: 0.000031 seconds.
  path: Packages/com.unity.render-pipelines.core/Runtime/RenderGraph/RenderGraphUtilsResources.cs
  artifactKey: Guid(e759d295d21a716488424ff0fcbd88aa) Importer(2089858483,b0f066a214c2f5e87bad3c948f4d605d)
Start importing Packages/com.unity.render-pipelines.core/Runtime/RenderGraph/RenderGraphUtilsResources.cs using Guid(e759d295d21a716488424ff0fcbd88aa) Importer(2089858483,b0f066a214c2f5e87bad3c948f4d605d) (ScriptedImporter) -> (artifact id: '8d7915e739a3dac1f828c4d4c7e0d6aa') in 0.0066389 seconds
Number of updated asset objects reloaded before import = 0Number of asset objects unloaded after import = 0

========================================================================
Received Import Request.
  Time since last request: 0.000018 seconds.
  path: Packages/com.unity.render-pipelines.core/Runtime/PostProcessing/HDROutputDefines.cs.hlsl
  artifactKey: Guid(413c288ef05043d4285cf0407f8188b9) Importer(2089858483,b0f066a214c2f5e87bad3c948f4d605d)
Start importing Packages/com.unity.render-pipelines.core/Runtime/PostProcessing/HDROutputDefines.cs.hlsl using Guid(413c288ef05043d4285cf0407f8188b9) Importer(2089858483,b0f066a214c2f5e87bad3c948f4d605d) (ScriptedImporter) -> (artifact id: '9aaf7a8a8efffae8b10abb405471f643') in 0.0064883 seconds
Number of updated asset objects reloaded before import = 0Number of asset objects unloaded after import = 1

========================================================================
Received Import Request.
  Time since last request: 0.000018 seconds.
  path: Packages/com.unity.render-pipelines.core/Runtime/GPUDriven/LODGroupDataPool.cs
  artifactKey: Guid(e4efe0c149e2f2b429a927ed9df0d8b1) Importer(2089858483,b0f066a214c2f5e87bad3c948f4d605d)
Start importing Packages/com.unity.render-pipelines.core/Runtime/GPUDriven/LODGroupDataPool.cs using Guid(e4efe0c149e2f2b429a927ed9df0d8b1) Importer(2089858483,b0f066a214c2f5e87bad3c948f4d605d) (ScriptedImporter) -> (artifact id: '94cb5af3d1ccd269624249fabb1f145f') in 0.0074756 seconds
Number of updated asset objects reloaded before import = 0Number of asset objects unloaded after import = 0

========================================================================
Received Import Request.
  Time since last request: 0.000026 seconds.
  path: Packages/com.unity.render-pipelines.core/Runtime/GPUDriven/GPUResidentDrawerResources.cs
  artifactKey: Guid(b9664289b6a7be24dbb52c3756c64fcd) Importer(2089858483,b0f066a214c2f5e87bad3c948f4d605d)
Start importing Packages/com.unity.render-pipelines.core/Runtime/GPUDriven/GPUResidentDrawerResources.cs using Guid(b9664289b6a7be24dbb52c3756c64fcd) Importer(2089858483,b0f066a214c2f5e87bad3c948f4d605d) (ScriptedImporter) -> (artifact id: '3cc28a351c2d16b3f0e40d603c290301') in 0.006966 seconds
Number of updated asset objects reloaded before import = 0Number of asset objects unloaded after import = 0

========================================================================
Received Import Request.
  Time since last request: 0.000017 seconds.
  path: Packages/com.unity.render-pipelines.core/Runtime/GPUDriven/OcclusionCullingCommon.cs.hlsl
  artifactKey: Guid(1ed97a1fe4775544caa75b92f1d8e9ae) Importer(2089858483,b0f066a214c2f5e87bad3c948f4d605d)
Start importing Packages/com.unity.render-pipelines.core/Runtime/GPUDriven/OcclusionCullingCommon.cs.hlsl using Guid(1ed97a1fe4775544caa75b92f1d8e9ae) Importer(2089858483,b0f066a214c2f5e87bad3c948f4d605d) (ScriptedImporter) -> (artifact id: 'b22b7d2e35f1d605a576178dcf79cace') in 0.0083304 seconds
Number of updated asset objects reloaded before import = 0Number of asset objects unloaded after import = 1

========================================================================
Received Import Request.
  Time since last request: 0.000017 seconds.
  path: Packages/com.unity.render-pipelines.core/Runtime/GPUDriven/IGPUResidentRenderPipeline.cs
  artifactKey: Guid(128dfdf16fa4423c9153da9a8672b669) Importer(2089858483,b0f066a214c2f5e87bad3c948f4d605d)
Start importing Packages/com.unity.render-pipelines.core/Runtime/GPUDriven/IGPUResidentRenderPipeline.cs using Guid(128dfdf16fa4423c9153da9a8672b669) Importer(2089858483,b0f066a214c2f5e87bad3c948f4d605d) (ScriptedImporter) -> (artifact id: 'f4be3e04bc4ca75696a4f169d257cff6') in 0.0063126 seconds
Number of updated asset objects reloaded before import = 0Number of asset objects unloaded after import = 0

========================================================================
Received Import Request.
  Time since last request: 0.000026 seconds.
  path: Packages/com.unity.render-pipelines.core/Runtime/RenderGraph/RenderGraphResourceRegistry.cs
  artifactKey: Guid(92b6367ea491af341aa7417fbac635ab) Importer(2089858483,b0f066a214c2f5e87bad3c948f4d605d)
Start importing Packages/com.unity.render-pipelines.core/Runtime/RenderGraph/RenderGraphResourceRegistry.cs using Guid(92b6367ea491af341aa7417fbac635ab) Importer(2089858483,b0f066a214c2f5e87bad3c948f4d605d) (ScriptedImporter) -> (artifact id: '239a8649ac518ab32575652bdad95f9f') in 0.006478 seconds
Number of updated asset objects reloaded before import = 0Number of asset objects unloaded after import = 0

========================================================================
Received Import Request.
  Time since last request: 0.000015 seconds.
  path: Packages/com.unity.render-pipelines.core/Runtime/RenderPipeline/RenderPipelineGraphicsSettingsContainer.cs
  artifactKey: Guid(a457613483325e44f9323e681f6ea59d) Importer(2089858483,b0f066a214c2f5e87bad3c948f4d605d)
Start importing Packages/com.unity.render-pipelines.core/Runtime/RenderPipeline/RenderPipelineGraphicsSettingsContainer.cs using Guid(a457613483325e44f9323e681f6ea59d) Importer(2089858483,b0f066a214c2f5e87bad3c948f4d605d) (ScriptedImporter) -> (artifact id: 'ae9a804f08df2f67bb19ad93ab063ffd') in 0.0064916 seconds
Number of updated asset objects reloaded before import = 0Number of asset objects unloaded after import = 0

========================================================================
Received Import Request.
  Time since last request: 0.000018 seconds.
  path: Packages/com.unity.render-pipelines.core/Runtime/LookDev/IDataProvider.cs
  artifactKey: Guid(f44418c4958ffd643bc79be30759f0fb) Importer(2089858483,b0f066a214c2f5e87bad3c948f4d605d)
Start importing Packages/com.unity.render-pipelines.core/Runtime/LookDev/IDataProvider.cs using Guid(f44418c4958ffd643bc79be30759f0fb) Importer(2089858483,b0f066a214c2f5e87bad3c948f4d605d) (ScriptedImporter) -> (artifact id: 'c1ebc569fc3d3ae3df0a744bd10379d4') in 0.0076356 seconds
Number of updated asset objects reloaded before import = 0Number of asset objects unloaded after import = 0

========================================================================
Received Import Request.
  Time since last request: 0.000029 seconds.
  path: Packages/com.unity.render-pipelines.core/Runtime/GPUDriven/InstanceCullingBatcher.cs
  artifactKey: Guid(bc861765f685b66449a8c8966e008804) Importer(2089858483,b0f066a214c2f5e87bad3c948f4d605d)
Start importing Packages/com.unity.render-pipelines.core/Runtime/GPUDriven/InstanceCullingBatcher.cs using Guid(bc861765f685b66449a8c8966e008804) Importer(2089858483,b0f066a214c2f5e87bad3c948f4d605d) (ScriptedImporter) -> (artifact id: 'e40bfe83f60d97fab39f5b5dcc1bd34c') in 0.0078125 seconds
Number of updated asset objects reloaded before import = 0Number of asset objects unloaded after import = 0

========================================================================
Received Import Request.
  Time since last request: 0.000015 seconds.
  path: Packages/com.unity.render-pipelines.core/Runtime/RenderGraph/RenderGraphObjectPool.cs
  artifactKey: Guid(dc968a854959c7d4599914d0b01469c2) Importer(2089858483,b0f066a214c2f5e87bad3c948f4d605d)
Start importing Packages/com.unity.render-pipelines.core/Runtime/RenderGraph/RenderGraphObjectPool.cs using Guid(dc968a854959c7d4599914d0b01469c2) Importer(2089858483,b0f066a214c2f5e87bad3c948f4d605d) (ScriptedImporter) -> (artifact id: 'd679d5dc85aa04777c0b12917367af6e') in 0.0083464 seconds
Number of updated asset objects reloaded before import = 0Number of asset objects unloaded after import = 0

========================================================================
Received Import Request.
  Time since last request: 0.000027 seconds.
  path: Packages/com.unity.render-pipelines.core/Runtime/GPUDriven/GPUResidentDrawerTypes.cs
  artifactKey: Guid(1da457d89e06b5149adee2b1c80760ed) Importer(2089858483,b0f066a214c2f5e87bad3c948f4d605d)
Start importing Packages/com.unity.render-pipelines.core/Runtime/GPUDriven/GPUResidentDrawerTypes.cs using Guid(1da457d89e06b5149adee2b1c80760ed) Importer(2089858483,b0f066a214c2f5e87bad3c948f4d605d) (ScriptedImporter) -> (artifact id: '87f0d8ac35bdb292f5939c6cf6a788bd') in 0.0069199 seconds
Number of updated asset objects reloaded before import = 0Number of asset objects unloaded after import = 0

========================================================================
Received Import Request.
  Time since last request: 0.000023 seconds.
  path: Packages/com.unity.render-pipelines.core/Runtime/RenderPipeline/RenderPipelineGlobalSettingsUtils.cs
  artifactKey: Guid(7f7239a21a2f6a24cb33f14a1b761706) Importer(2089858483,b0f066a214c2f5e87bad3c948f4d605d)
Start importing Packages/com.unity.render-pipelines.core/Runtime/RenderPipeline/RenderPipelineGlobalSettingsUtils.cs using Guid(7f7239a21a2f6a24cb33f14a1b761706) Importer(2089858483,b0f066a214c2f5e87bad3c948f4d605d) (ScriptedImporter) -> (artifact id: '47f49dbe37f3ac4079623c74a8dd9472') in 0.0070395 seconds
Number of updated asset objects reloaded before import = 0Number of asset objects unloaded after import = 0

========================================================================
Received Import Request.
  Time since last request: 0.000016 seconds.
  path: Packages/com.unity.render-pipelines.core/Runtime/RenderGraph/RenderGraphPass.cs
  artifactKey: Guid(377a2b96156b1344eaf58df67e35de17) Importer(2089858483,b0f066a214c2f5e87bad3c948f4d605d)
Start importing Packages/com.unity.render-pipelines.core/Runtime/RenderGraph/RenderGraphPass.cs using Guid(377a2b96156b1344eaf58df67e35de17) Importer(2089858483,b0f066a214c2f5e87bad3c948f4d605d) (ScriptedImporter) -> (artifact id: 'ce6bc6a47423daa1d3b81bd249f1c243') in 0.006669 seconds
Number of updated asset objects reloaded before import = 0Number of asset objects unloaded after import = 0

========================================================================
Received Import Request.
  Time since last request: 0.000019 seconds.
  path: Packages/com.unity.render-pipelines.core/Runtime/PostProcessing/LensFlareDataSRP.cs.hlsl
  artifactKey: Guid(9ee7f7178a92d554fa636bc513594ded) Importer(2089858483,b0f066a214c2f5e87bad3c948f4d605d)
Start importing Packages/com.unity.render-pipelines.core/Runtime/PostProcessing/LensFlareDataSRP.cs.hlsl using Guid(9ee7f7178a92d554fa636bc513594ded) Importer(2089858483,b0f066a214c2f5e87bad3c948f4d605d) (ScriptedImporter) -> (artifact id: 'a5e301e1112a37561672e6122f207d0d') in 0.0069133 seconds
Number of updated asset objects reloaded before import = 0Number of asset objects unloaded after import = 1

========================================================================
Received Import Request.
  Time since last request: 0.000028 seconds.
  path: Packages/com.unity.render-pipelines.core/Runtime/GPUDriven/OcclusionCullingCommon.cs
  artifactKey: Guid(ec1ae020bebf201478636c2123e2dde8) Importer(2089858483,b0f066a214c2f5e87bad3c948f4d605d)
Start importing Packages/com.unity.render-pipelines.core/Runtime/GPUDriven/OcclusionCullingCommon.cs using Guid(ec1ae020bebf201478636c2123e2dde8) Importer(2089858483,b0f066a214c2f5e87bad3c948f4d605d) (ScriptedImporter) -> (artifact id: 'bd491b72f827888fca4fdd79b84ada0c') in 0.0066994 seconds
Number of updated asset objects reloaded before import = 0Number of asset objects unloaded after import = 0

========================================================================
Received Import Request.
  Time since last request: 0.000017 seconds.
  path: Packages/com.unity.render-pipelines.core/Runtime/RenderGraph/RenderGraph.Compiler.cs
  artifactKey: Guid(250183d182df5b54997e0ec59351e6e4) Importer(2089858483,b0f066a214c2f5e87bad3c948f4d605d)
Start importing Packages/com.unity.render-pipelines.core/Runtime/RenderGraph/RenderGraph.Compiler.cs using Guid(250183d182df5b54997e0ec59351e6e4) Importer(2089858483,b0f066a214c2f5e87bad3c948f4d605d) (ScriptedImporter) -> (artifact id: 'd2167d04ecd0f7e49fff82bf8eef3650') in 0.0071449 seconds
Number of updated asset objects reloaded before import = 0Number of asset objects unloaded after import = 0

========================================================================
Received Import Request.
  Time since last request: 0.000019 seconds.
  path: Packages/com.unity.render-pipelines.core/Runtime/RenderGraph/RenderGraphProfileId.cs
  artifactKey: Guid(142844ba90b5f9f489ce89a48bc32e12) Importer(2089858483,b0f066a214c2f5e87bad3c948f4d605d)
Start importing Packages/com.unity.render-pipelines.core/Runtime/RenderGraph/RenderGraphProfileId.cs using Guid(142844ba90b5f9f489ce89a48bc32e12) Importer(2089858483,b0f066a214c2f5e87bad3c948f4d605d) (ScriptedImporter) -> (artifact id: '3404757f9e21c0fc95c0d01d552e4174') in 0.0083376 seconds
Number of updated asset objects reloaded before import = 0Number of asset objects unloaded after import = 0

========================================================================
Received Import Request.
  Time since last request: 0.000034 seconds.
  path: Packages/com.unity.render-pipelines.core/Runtime/RenderGraph/RenderGraphResourceBuffer.cs
  artifactKey: Guid(089429d350f9ca04584448dfa84e2f3d) Importer(2089858483,b0f066a214c2f5e87bad3c948f4d605d)
Start importing Packages/com.unity.render-pipelines.core/Runtime/RenderGraph/RenderGraphResourceBuffer.cs using Guid(089429d350f9ca04584448dfa84e2f3d) Importer(2089858483,b0f066a214c2f5e87bad3c948f4d605d) (ScriptedImporter) -> (artifact id: 'e2f9e35b194f52d458d345c27985c96a') in 0.0102419 seconds
Number of updated asset objects reloaded before import = 0Number of asset objects unloaded after import = 0

========================================================================
Received Import Request.
  Time since last request: 0.000016 seconds.
  path: Packages/com.unity.render-pipelines.core/Runtime/GPUDriven/InstanceOcclusionCuller.cs.hlsl
  artifactKey: Guid(a71fe447aa3034341b4a16245852e2f5) Importer(2089858483,b0f066a214c2f5e87bad3c948f4d605d)
Start importing Packages/com.unity.render-pipelines.core/Runtime/GPUDriven/InstanceOcclusionCuller.cs.hlsl using Guid(a71fe447aa3034341b4a16245852e2f5) Importer(2089858483,b0f066a214c2f5e87bad3c948f4d605d) (ScriptedImporter) -> (artifact id: '6273bbd379140d1c4c5be8522bd9f16f') in 0.0073858 seconds
Number of updated asset objects reloaded before import = 0Number of asset objects unloaded after import = 1

========================================================================
Received Import Request.
  Time since last request: 0.000026 seconds.
  path: Packages/com.unity.render-pipelines.core/Runtime/STP/STPOptions.cs
  artifactKey: Guid(03be459180a06974d8583254adb17471) Importer(2089858483,b0f066a214c2f5e87bad3c948f4d605d)
Start importing Packages/com.unity.render-pipelines.core/Runtime/STP/STPOptions.cs using Guid(03be459180a06974d8583254adb17471) Importer(2089858483,b0f066a214c2f5e87bad3c948f4d605d) (ScriptedImporter) -> (artifact id: '66195d626e8d59ee02874e965a6780e3') in 0.0074985 seconds
Number of updated asset objects reloaded before import = 0Number of asset objects unloaded after import = 0

========================================================================
Received Import Request.
  Time since last request: 0.000030 seconds.
  path: Packages/com.unity.render-pipelines.core/Runtime/Upscaling/DLSSOptions.cs
  artifactKey: Guid(dffd75c6cf5e26843be8893fada27a36) Importer(2089858483,b0f066a214c2f5e87bad3c948f4d605d)
Start importing Packages/com.unity.render-pipelines.core/Runtime/Upscaling/DLSSOptions.cs using Guid(dffd75c6cf5e26843be8893fada27a36) Importer(2089858483,b0f066a214c2f5e87bad3c948f4d605d) (ScriptedImporter) -> (artifact id: 'df6876bc33baaa4aefdde5fe4a411efa') in 0.0075176 seconds
Number of updated asset objects reloaded before import = 0Number of asset objects unloaded after import = 0

========================================================================
Received Import Request.
  Time since last request: 0.000018 seconds.
  path: Packages/com.unity.render-pipelines.core/Runtime/Upscaling/FSR2Options.cs
  artifactKey: Guid(1b516656c1bb6634192a33e967e54491) Importer(2089858483,b0f066a214c2f5e87bad3c948f4d605d)
Start importing Packages/com.unity.render-pipelines.core/Runtime/Upscaling/FSR2Options.cs using Guid(1b516656c1bb6634192a33e967e54491) Importer(2089858483,b0f066a214c2f5e87bad3c948f4d605d) (ScriptedImporter) -> (artifact id: 'c8c4643f0fbe06513d8ad031c84bb372') in 0.0063386 seconds
Number of updated asset objects reloaded before import = 0Number of asset objects unloaded after import = 0

========================================================================
Received Import Request.
  Time since last request: 0.000025 seconds.
  path: Packages/com.unity.render-pipelines.core/Runtime/Utilities/Blitter.cs
  artifactKey: Guid(ab6d43b2dea214c3e8bf2e9aad114f27) Importer(2089858483,b0f066a214c2f5e87bad3c948f4d605d)
Start importing Packages/com.unity.render-pipelines.core/Runtime/Utilities/Blitter.cs using Guid(ab6d43b2dea214c3e8bf2e9aad114f27) Importer(2089858483,b0f066a214c2f5e87bad3c948f4d605d) (ScriptedImporter) -> (artifact id: '93dff3143f36950e5a1b83d1b3685916') in 0.0067203 seconds
Number of updated asset objects reloaded before import = 0Number of asset objects unloaded after import = 0

========================================================================
Received Import Request.
  Time since last request: 0.000034 seconds.
  path: Packages/com.unity.render-pipelines.core/Runtime/Upscaling/IUpscalerOptions.cs
  artifactKey: Guid(588cd674e5de5f94c8cb1337010456a3) Importer(2089858483,b0f066a214c2f5e87bad3c948f4d605d)
Start importing Packages/com.unity.render-pipelines.core/Runtime/Upscaling/IUpscalerOptions.cs using Guid(588cd674e5de5f94c8cb1337010456a3) Importer(2089858483,b0f066a214c2f5e87bad3c948f4d605d) (ScriptedImporter) -> (artifact id: '0e9ddf746366575d81d82ad04092bb09') in 0.006122 seconds
Number of updated asset objects reloaded before import = 0Number of asset objects unloaded after import = 0

========================================================================
Received Import Request.
  Time since last request: 0.000015 seconds.
  path: Packages/com.unity.render-pipelines.core/Runtime/Upscaling/IUpscaler.cs
  artifactKey: Guid(80c8d7b6f99b7a34eba11304141760a1) Importer(2089858483,b0f066a214c2f5e87bad3c948f4d605d)
Start importing Packages/com.unity.render-pipelines.core/Runtime/Upscaling/IUpscaler.cs using Guid(80c8d7b6f99b7a34eba11304141760a1) Importer(2089858483,b0f066a214c2f5e87bad3c948f4d605d) (ScriptedImporter) -> (artifact id: '917a5357ac83ac35943acb8abcbcd810') in 0.0057669 seconds
Number of updated asset objects reloaded before import = 0Number of asset objects unloaded after import = 0

========================================================================
Received Import Request.
  Time since last request: 0.000018 seconds.
  path: Packages/com.unity.render-pipelines.core/Runtime/Sampling/SobolSampling.hlsl
  artifactKey: Guid(8a9360b3acf7c304cbcb5a54b9b89409) Importer(2089858483,b0f066a214c2f5e87bad3c948f4d605d)
Start importing Packages/com.unity.render-pipelines.core/Runtime/Sampling/SobolSampling.hlsl using Guid(8a9360b3acf7c304cbcb5a54b9b89409) Importer(2089858483,b0f066a214c2f5e87bad3c948f4d605d) (ScriptedImporter) -> (artifact id: 'de3b9be3140a9ecab2ebf6b0b06f9d73') in 0.0073422 seconds
Number of updated asset objects reloaded before import = 0Number of asset objects unloaded after import = 1

========================================================================
Received Import Request.
  Time since last request: 0.000035 seconds.
  path: Packages/com.unity.render-pipelines.core/Runtime/STP/STPIUpscaler.cs
  artifactKey: Guid(085e6b7f79d14ea1a804921025e9c646) Importer(2089858483,b0f066a214c2f5e87bad3c948f4d605d)
Start importing Packages/com.unity.render-pipelines.core/Runtime/STP/STPIUpscaler.cs using Guid(085e6b7f79d14ea1a804921025e9c646) Importer(2089858483,b0f066a214c2f5e87bad3c948f4d605d) (ScriptedImporter) -> (artifact id: '0a19dc133eead39619b811f9a5658cd3') in 0.0068117 seconds
Number of updated asset objects reloaded before import = 0Number of asset objects unloaded after import = 0

========================================================================
Received Import Request.
  Time since last request: 0.000015 seconds.
  path: Packages/com.unity.render-pipelines.core/Runtime/Sampling/SamplingResources.hlsl
  artifactKey: Guid(a4f17041120a6f24c8d78d484c813aec) Importer(2089858483,b0f066a214c2f5e87bad3c948f4d605d)
Start importing Packages/com.unity.render-pipelines.core/Runtime/Sampling/SamplingResources.hlsl using Guid(a4f17041120a6f24c8d78d484c813aec) Importer(2089858483,b0f066a214c2f5e87bad3c948f4d605d) (ScriptedImporter) -> (artifact id: 'da78df57c02ced17bde7b9441853690e') in 0.0067524 seconds
Number of updated asset objects reloaded before import = 0Number of asset objects unloaded after import = 1

========================================================================
Received Import Request.
  Time since last request: 0.000025 seconds.
  path: Packages/com.unity.render-pipelines.core/Runtime/Textures/Texture2DAtlas.cs
  artifactKey: Guid(081cfbdef2e1c014aa1d1c9aa16fb952) Importer(2089858483,b0f066a214c2f5e87bad3c948f4d605d)
Start importing Packages/com.unity.render-pipelines.core/Runtime/Textures/Texture2DAtlas.cs using Guid(081cfbdef2e1c014aa1d1c9aa16fb952) Importer(2089858483,b0f066a214c2f5e87bad3c948f4d605d) (ScriptedImporter) -> (artifact id: 'b62e6c63f0f28f6a0251979420e01c96') in 0.007299 seconds
Number of updated asset objects reloaded before import = 0Number of asset objects unloaded after import = 0

========================================================================
Received Import Request.
  Time since last request: 0.000036 seconds.
  path: Packages/com.unity.render-pipelines.core/Runtime/UnifiedRayTracing/AssemblyInfo.cs
  artifactKey: Guid(54376717d159ce7499650ad0749a238f) Importer(2089858483,b0f066a214c2f5e87bad3c948f4d605d)
Start importing Packages/com.unity.render-pipelines.core/Runtime/UnifiedRayTracing/AssemblyInfo.cs using Guid(54376717d159ce7499650ad0749a238f) Importer(2089858483,b0f066a214c2f5e87bad3c948f4d605d) (ScriptedImporter) -> (artifact id: 'b26ee704ec713eaa0a25e4552dd88eac') in 0.0074885 seconds
Number of updated asset objects reloaded before import = 0Number of asset objects unloaded after import = 0

========================================================================
Received Import Request.
  Time since last request: 0.000041 seconds.
  path: Packages/com.unity.render-pipelines.core/Runtime/Textures/TextureXR.cs
  artifactKey: Guid(350bf58f26d861246982bc0e3ad67632) Importer(2089858483,b0f066a214c2f5e87bad3c948f4d605d)
Start importing Packages/com.unity.render-pipelines.core/Runtime/Textures/TextureXR.cs using Guid(350bf58f26d861246982bc0e3ad67632) Importer(2089858483,b0f066a214c2f5e87bad3c948f4d605d) (ScriptedImporter) -> (artifact id: 'bffcefc03ec605d991e35b1d5eea1d6a') in 0.0078052 seconds
Number of updated asset objects reloaded before import = 0Number of asset objects unloaded after import = 0

========================================================================
Received Import Request.
  Time since last request: 0.000023 seconds.
  path: Packages/com.unity.render-pipelines.core/Runtime/Utilities/Blit.hlsl
  artifactKey: Guid(d55706914cfa84431bb4f9277ebd1054) Importer(2089858483,b0f066a214c2f5e87bad3c948f4d605d)
Start importing Packages/com.unity.render-pipelines.core/Runtime/Utilities/Blit.hlsl using Guid(d55706914cfa84431bb4f9277ebd1054) Importer(2089858483,b0f066a214c2f5e87bad3c948f4d605d) (ScriptedImporter) -> (artifact id: '51bfeabe8537b88278fcd478786131f3') in 0.0066388 seconds
Number of updated asset objects reloaded before import = 0Number of asset objects unloaded after import = 1

========================================================================
Received Import Request.
  Time since last request: 0.000028 seconds.
  path: Packages/com.unity.render-pipelines.core/Runtime/STP/StpPreTaa.compute
  artifactKey: Guid(a679dba8ec4d9ce45884a270b0e22dda) Importer(2089858483,b0f066a214c2f5e87bad3c948f4d605d)
Start importing Packages/com.unity.render-pipelines.core/Runtime/STP/StpPreTaa.compute using Guid(a679dba8ec4d9ce45884a270b0e22dda) Importer(2089858483,b0f066a214c2f5e87bad3c948f4d605d) (ScriptedImporter) -> (artifact id: '12b45ec2fc73df7f52b3502fe0c14c58') in 0.0072076 seconds
Number of updated asset objects reloaded before import = 0Number of asset objects unloaded after import = 0

========================================================================
Received Import Request.
  Time since last request: 0.000022 seconds.
  path: Packages/com.unity.render-pipelines.core/Runtime/UnifiedRayTracing/IRayTracingShader.cs
  artifactKey: Guid(049128a5d2439f641b23508bb67e181c) Importer(2089858483,b0f066a214c2f5e87bad3c948f4d605d)
Start importing Packages/com.unity.render-pipelines.core/Runtime/UnifiedRayTracing/IRayTracingShader.cs using Guid(049128a5d2439f641b23508bb67e181c) Importer(2089858483,b0f066a214c2f5e87bad3c948f4d605d) (ScriptedImporter) -> (artifact id: 'b8b77e61598527825e499c2522c2a7c3') in 0.0075877 seconds
Number of updated asset objects reloaded before import = 0Number of asset objects unloaded after import = 0

========================================================================
Received Import Request.
  Time since last request: 0.000024 seconds.
  path: Packages/com.unity.render-pipelines.core/Runtime/Settings/IncludeRenderPipelineAsset.cs
  artifactKey: Guid(b00dc2880e57ba9478272a6854722b7d) Importer(2089858483,b0f066a214c2f5e87bad3c948f4d605d)
Start importing Packages/com.unity.render-pipelines.core/Runtime/Settings/IncludeRenderPipelineAsset.cs using Guid(b00dc2880e57ba9478272a6854722b7d) Importer(2089858483,b0f066a214c2f5e87bad3c948f4d605d) (ScriptedImporter) -> (artifact id: '27d8cbab11e40821275ee9cca18870b7') in 0.0107579 seconds
Number of updated asset objects reloaded before import = 0Number of asset objects unloaded after import = 0

========================================================================
Received Import Request.
  Time since last request: 0.000029 seconds.
  path: Packages/com.unity.render-pipelines.core/Runtime/Utilities/CoreRenderPipelinePreferences.cs
  artifactKey: Guid(b285dd5cbeada294fa9399020ef6921f) Importer(2089858483,b0f066a214c2f5e87bad3c948f4d605d)
Start importing Packages/com.unity.render-pipelines.core/Runtime/Utilities/CoreRenderPipelinePreferences.cs using Guid(b285dd5cbeada294fa9399020ef6921f) Importer(2089858483,b0f066a214c2f5e87bad3c948f4d605d) (ScriptedImporter) -> (artifact id: 'db6958309b4a9e2cba597145c27c5d13') in 0.0070138 seconds
Number of updated asset objects reloaded before import = 0Number of asset objects unloaded after import = 0

========================================================================
Received Import Request.
  Time since last request: 0.000016 seconds.
  path: Packages/com.unity.render-pipelines.core/Runtime/Utilities/HableCurve.cs
  artifactKey: Guid(4d3b530d53faf114e9c17ced1f0bbbf1) Importer(2089858483,b0f066a214c2f5e87bad3c948f4d605d)
Start importing Packages/com.unity.render-pipelines.core/Runtime/Utilities/HableCurve.cs using Guid(4d3b530d53faf114e9c17ced1f0bbbf1) Importer(2089858483,b0f066a214c2f5e87bad3c948f4d605d) (ScriptedImporter) -> (artifact id: '681a41e5753aea616bf862b0d85f9b48') in 0.0062168 seconds
Number of updated asset objects reloaded before import = 0Number of asset objects unloaded after import = 0

========================================================================
Received Import Request.
  Time since last request: 0.000020 seconds.
  path: Packages/com.unity.render-pipelines.core/Runtime/Textures/DepthBits.cs
  artifactKey: Guid(d063f57ca4b7cd346a14a1be20de65b4) Importer(2089858483,b0f066a214c2f5e87bad3c948f4d605d)
Start importing Packages/com.unity.render-pipelines.core/Runtime/Textures/DepthBits.cs using Guid(d063f57ca4b7cd346a14a1be20de65b4) Importer(2089858483,b0f066a214c2f5e87bad3c948f4d605d) (ScriptedImporter) -> (artifact id: '47566c3770b461ef9fad672d687cf93b') in 0.0075424 seconds
Number of updated asset objects reloaded before import = 0Number of asset objects unloaded after import = 0

========================================================================
Received Import Request.
  Time since last request: 0.000031 seconds.
  path: Packages/com.unity.render-pipelines.core/Runtime/Utilities/CoreUtils.cs
  artifactKey: Guid(c86deb7236b4fe146b8b75ab0ac89586) Importer(2089858483,b0f066a214c2f5e87bad3c948f4d605d)
Start importing Packages/com.unity.render-pipelines.core/Runtime/Utilities/CoreUtils.cs using Guid(c86deb7236b4fe146b8b75ab0ac89586) Importer(2089858483,b0f066a214c2f5e87bad3c948f4d605d) (ScriptedImporter) -> (artifact id: '8ffe8a8290316831b3fecf888844c0df') in 0.0083073 seconds
Number of updated asset objects reloaded before import = 0Number of asset objects unloaded after import = 0

========================================================================
Received Import Request.
  Time since last request: 0.000019 seconds.
  path: Packages/com.unity.render-pipelines.core/Runtime/Settings/LightmapSamplingSettings.cs
  artifactKey: Guid(53de0087ce88a1640b2b6468a44f0043) Importer(2089858483,b0f066a214c2f5e87bad3c948f4d605d)
Start importing Packages/com.unity.render-pipelines.core/Runtime/Settings/LightmapSamplingSettings.cs using Guid(53de0087ce88a1640b2b6468a44f0043) Importer(2089858483,b0f066a214c2f5e87bad3c948f4d605d) (ScriptedImporter) -> (artifact id: '734a646f5320fa7a060aea99ae369920') in 0.0060699 seconds
Number of updated asset objects reloaded before import = 0Number of asset objects unloaded after import = 0

========================================================================
Received Import Request.
  Time since last request: 0.000021 seconds.
  path: Packages/com.unity.render-pipelines.core/Runtime/Upscaling/FSR2IUpscaler.cs
  artifactKey: Guid(be41240ee7c09d949b3575ef8d2ad8c9) Importer(2089858483,b0f066a214c2f5e87bad3c948f4d605d)
Start importing Packages/com.unity.render-pipelines.core/Runtime/Upscaling/FSR2IUpscaler.cs using Guid(be41240ee7c09d949b3575ef8d2ad8c9) Importer(2089858483,b0f066a214c2f5e87bad3c948f4d605d) (ScriptedImporter) -> (artifact id: 'af759e6257f332a447cc2212e35951d6') in 0.0058496 seconds
Number of updated asset objects reloaded before import = 0Number of asset objects unloaded after import = 0

========================================================================
Received Import Request.
  Time since last request: 0.000031 seconds.
  path: Packages/com.unity.render-pipelines.core/Runtime/STP/StpTaa.compute
  artifactKey: Guid(3923900e2b41b5e47bc25bfdcbcdc9e6) Importer(2089858483,b0f066a214c2f5e87bad3c948f4d605d)
Start importing Packages/com.unity.render-pipelines.core/Runtime/STP/StpTaa.compute using Guid(3923900e2b41b5e47bc25bfdcbcdc9e6) Importer(2089858483,b0f066a214c2f5e87bad3c948f4d605d) (ScriptedImporter) -> (artifact id: '9a1653fdd4ed6b697811f74caa42b265') in 0.0070014 seconds
Number of updated asset objects reloaded before import = 0Number of asset objects unloaded after import = 0

========================================================================
Received Import Request.
  Time since last request: 0.000019 seconds.
  path: Packages/com.unity.render-pipelines.core/Runtime/Textures/RTHandles.cs
  artifactKey: Guid(4eb3ce06cfe568d41b5658c020b72c8e) Importer(2089858483,b0f066a214c2f5e87bad3c948f4d605d)
Start importing Packages/com.unity.render-pipelines.core/Runtime/Textures/RTHandles.cs using Guid(4eb3ce06cfe568d41b5658c020b72c8e) Importer(2089858483,b0f066a214c2f5e87bad3c948f4d605d) (ScriptedImporter) -> (artifact id: '53ce891f4c74b3d5a8a8c22eca15d1b8') in 0.0062809 seconds
Number of updated asset objects reloaded before import = 0Number of asset objects unloaded after import = 0

========================================================================
Received Import Request.
  Time since last request: 0.000019 seconds.
  path: Packages/com.unity.render-pipelines.core/Runtime/Sampling/SamplingResources.cs
  artifactKey: Guid(e664c9077c60b314a80e696796bfcecb) Importer(2089858483,b0f066a214c2f5e87bad3c948f4d605d)
Start importing Packages/com.unity.render-pipelines.core/Runtime/Sampling/SamplingResources.cs using Guid(e664c9077c60b314a80e696796bfcecb) Importer(2089858483,b0f066a214c2f5e87bad3c948f4d605d) (ScriptedImporter) -> (artifact id: 'ef06e0577967bd98f744dca5a456d6d7') in 0.0064364 seconds
Number of updated asset objects reloaded before import = 0Number of asset objects unloaded after import = 0

========================================================================
Received Import Request.
  Time since last request: 0.000026 seconds.
  path: Packages/com.unity.render-pipelines.core/Runtime/UnifiedRayTracing/FetchGeometry.hlsl
  artifactKey: Guid(8089a70b4819c714295530d5e01d5d36) Importer(2089858483,b0f066a214c2f5e87bad3c948f4d605d)
Start importing Packages/com.unity.render-pipelines.core/Runtime/UnifiedRayTracing/FetchGeometry.hlsl using Guid(8089a70b4819c714295530d5e01d5d36) Importer(2089858483,b0f066a214c2f5e87bad3c948f4d605d) (ScriptedImporter) -> (artifact id: '4e365a823f564633febe2ad7393eb769') in 0.0074894 seconds
Number of updated asset objects reloaded before import = 0Number of asset objects unloaded after import = 1

========================================================================
Received Import Request.
  Time since last request: 0.000015 seconds.
  path: Packages/com.unity.render-pipelines.core/Tests/Editor/RenderGraph.ComputeGraphHash.cs
  artifactKey: Guid(42aa68c398a54080bb27754435687636) Importer(2089858483,b0f066a214c2f5e87bad3c948f4d605d)
Start importing Packages/com.unity.render-pipelines.core/Tests/Editor/RenderGraph.ComputeGraphHash.cs using Guid(42aa68c398a54080bb27754435687636) Importer(2089858483,b0f066a214c2f5e87bad3c948f4d605d) (ScriptedImporter) -> (artifact id: '28b96557514cd7f2cb1f57dc7bacedd1') in 0.0059419 seconds
Number of updated asset objects reloaded before import = 0Number of asset objects unloaded after import = 0

========================================================================
Received Import Request.
  Time since last request: 0.000025 seconds.
  path: Packages/com.unity.collab-proxy/Editor/Views/BranchExplorer/Virtualization/VirtualCanvasFiller.cs
  artifactKey: Guid(5b7531dfaf9b4de9ab2be2bbad7f83ad) Importer(2089858483,b0f066a214c2f5e87bad3c948f4d605d)
Start importing Packages/com.unity.collab-proxy/Editor/Views/BranchExplorer/Virtualization/VirtualCanvasFiller.cs using Guid(5b7531dfaf9b4de9ab2be2bbad7f83ad) Importer(2089858483,b0f066a214c2f5e87bad3c948f4d605d) (ScriptedImporter) -> (artifact id: 'f73f6cacd58232f857bc508a24216587') in 0.0069807 seconds
Number of updated asset objects reloaded before import = 0Number of asset objects unloaded after import = 0

========================================================================
Received Import Request.
  Time since last request: 0.000026 seconds.
  path: Packages/com.unity.render-pipelines.core/Tests/Editor/CoreUtils.Tests.GetMipCount.cs
  artifactKey: Guid(27f686549d942e847a8cb97fcfdff112) Importer(2089858483,b0f066a214c2f5e87bad3c948f4d605d)
Start importing Packages/com.unity.render-pipelines.core/Tests/Editor/CoreUtils.Tests.GetMipCount.cs using Guid(27f686549d942e847a8cb97fcfdff112) Importer(2089858483,b0f066a214c2f5e87bad3c948f4d605d) (ScriptedImporter) -> (artifact id: '7d7f0540980794ca3262d97a841ba2c2') in 0.0070728 seconds
Number of updated asset objects reloaded before import = 0Number of asset objects unloaded after import = 0

========================================================================
Received Import Request.
  Time since last request: 0.000022 seconds.
  path: Packages/com.unity.render-pipelines.core/ShaderLibrary/Sampling/Hammersley.hlsl
  artifactKey: Guid(aa5e319c8b8499f4fba1c3ecdd133545) Importer(2089858483,b0f066a214c2f5e87bad3c948f4d605d)
Start importing Packages/com.unity.render-pipelines.core/ShaderLibrary/Sampling/Hammersley.hlsl using Guid(aa5e319c8b8499f4fba1c3ecdd133545) Importer(2089858483,b0f066a214c2f5e87bad3c948f4d605d) (ScriptedImporter) -> (artifact id: 'cb7dca6b5fbf074fd7685bdef146b84c') in 0.0071068 seconds
Number of updated asset objects reloaded before import = 0Number of asset objects unloaded after import = 1

========================================================================
Received Import Request.
  Time since last request: 0.000018 seconds.
  path: Packages/com.unity.render-pipelines.core/Runtime/Utilities/SceneRenderPipeline.cs
  artifactKey: Guid(06c0317e0632e6c47bb855ee99f95544) Importer(2089858483,b0f066a214c2f5e87bad3c948f4d605d)
Start importing Packages/com.unity.render-pipelines.core/Runtime/Utilities/SceneRenderPipeline.cs using Guid(06c0317e0632e6c47bb855ee99f95544) Importer(2089858483,b0f066a214c2f5e87bad3c948f4d605d) (ScriptedImporter) -> (artifact id: '78467b56225b17ff82ad7dc20ac35741') in 0.0093647 seconds
Number of updated asset objects reloaded before import = 0Number of asset objects unloaded after import = 0

========================================================================
Received Import Request.
  Time since last request: 0.000027 seconds.
  path: Packages/com.unity.render-pipelines.core/Runtime/XR/XRMirrorView.cs
  artifactKey: Guid(eb231ffedf4f2b24a83437fcc01640d5) Importer(2089858483,b0f066a214c2f5e87bad3c948f4d605d)
Start importing Packages/com.unity.render-pipelines.core/Runtime/XR/XRMirrorView.cs using Guid(eb231ffedf4f2b24a83437fcc01640d5) Importer(2089858483,b0f066a214c2f5e87bad3c948f4d605d) (ScriptedImporter) -> (artifact id: 'c27861709eebb003926048144b172424') in 0.0076425 seconds
Number of updated asset objects reloaded before import = 0Number of asset objects unloaded after import = 0

========================================================================
Received Import Request.
  Time since last request: 0.000019 seconds.
  path: Packages/com.unity.render-pipelines.core/Runtime/Volume/VolumeManager.cs
  artifactKey: Guid(f709aacbf8d0b0048889f52315d67d58) Importer(2089858483,b0f066a214c2f5e87bad3c948f4d605d)
Start importing Packages/com.unity.render-pipelines.core/Runtime/Volume/VolumeManager.cs using Guid(f709aacbf8d0b0048889f52315d67d58) Importer(2089858483,b0f066a214c2f5e87bad3c948f4d605d) (ScriptedImporter) -> (artifact id: 'cf79e9cd6029d3c43411c09c3ec8425c') in 0.006748 seconds
Number of updated asset objects reloaded before import = 0Number of asset objects unloaded after import = 0

========================================================================
Received Import Request.
  Time since last request: 0.000022 seconds.
  path: Packages/com.unity.render-pipelines.core/ShaderLibrary/Sampling/Sampling.hlsl
  artifactKey: Guid(f4c850bea2c5d45449ba8e228333c82c) Importer(2089858483,b0f066a214c2f5e87bad3c948f4d605d)
Start importing Packages/com.unity.render-pipelines.core/ShaderLibrary/Sampling/Sampling.hlsl using Guid(f4c850bea2c5d45449ba8e228333c82c) Importer(2089858483,b0f066a214c2f5e87bad3c948f4d605d) (ScriptedImporter) -> (artifact id: '8bbee639cddeed87303572155779f00d') in 0.0085358 seconds
Number of updated asset objects reloaded before import = 0Number of asset objects unloaded after import = 1

========================================================================
Received Import Request.
  Time since last request: 0.000028 seconds.
  path: Packages/com.unity.render-pipelines.core/Tests/Editor/CopyDepthToBuffer.compute
  artifactKey: Guid(6666e5f03ff07054dbb7a7ac6e6aaee0) Importer(2089858483,b0f066a214c2f5e87bad3c948f4d605d)
Start importing Packages/com.unity.render-pipelines.core/Tests/Editor/CopyDepthToBuffer.compute using Guid(6666e5f03ff07054dbb7a7ac6e6aaee0) Importer(2089858483,b0f066a214c2f5e87bad3c948f4d605d) (ScriptedImporter) -> (artifact id: '0efea00d04379fc734ee87d5a683e2fd') in 0.0108727 seconds
Number of updated asset objects reloaded before import = 0Number of asset objects unloaded after import = 1

========================================================================
Received Import Request.
  Time since last request: 0.000017 seconds.
  path: Packages/com.unity.render-pipelines.core/Runtime/XR/XRView.cs
  artifactKey: Guid(c8920a8121c6f154b97d56f966d3c4d1) Importer(2089858483,b0f066a214c2f5e87bad3c948f4d605d)
Start importing Packages/com.unity.render-pipelines.core/Runtime/XR/XRView.cs using Guid(c8920a8121c6f154b97d56f966d3c4d1) Importer(2089858483,b0f066a214c2f5e87bad3c948f4d605d) (ScriptedImporter) -> (artifact id: '6a53ef6b9bc43926138301cbf95ea3a5') in 0.0058214 seconds
Number of updated asset objects reloaded before import = 0Number of asset objects unloaded after import = 0

========================================================================
Received Import Request.
  Time since last request: 0.000018 seconds.
  path: Packages/com.unity.render-pipelines.core/Runtime/XR/XRLayout.cs
  artifactKey: Guid(9a524f7be46233f4ba5569b2dc52878f) Importer(2089858483,b0f066a214c2f5e87bad3c948f4d605d)
Start importing Packages/com.unity.render-pipelines.core/Runtime/XR/XRLayout.cs using Guid(9a524f7be46233f4ba5569b2dc52878f) Importer(2089858483,b0f066a214c2f5e87bad3c948f4d605d) (ScriptedImporter) -> (artifact id: 'c31c98549842eb35dac35419caa2e3a4') in 0.0056583 seconds
Number of updated asset objects reloaded before import = 0Number of asset objects unloaded after import = 0

========================================================================
Received Import Request.
  Time since last request: 0.000028 seconds.
  path: Packages/com.unity.render-pipelines.core/Tests/Editor/CoreRenderPipelinePreferencesTests.cs
  artifactKey: Guid(bba6d5f6892ce2244a2fd45d3050dfd5) Importer(2089858483,b0f066a214c2f5e87bad3c948f4d605d)
Start importing Packages/com.unity.render-pipelines.core/Tests/Editor/CoreRenderPipelinePreferencesTests.cs using Guid(bba6d5f6892ce2244a2fd45d3050dfd5) Importer(2089858483,b0f066a214c2f5e87bad3c948f4d605d) (ScriptedImporter) -> (artifact id: '40e860c9b5c6f8712e95d1bc4738e4bd') in 0.0058621 seconds
Number of updated asset objects reloaded before import = 0Number of asset objects unloaded after import = 0

========================================================================
Received Import Request.
  Time since last request: 0.000023 seconds.
  path: Packages/com.unity.render-pipelines.core/Runtime/XR/XRGraphicsAutomatedTests.cs
  artifactKey: Guid(a88e3e436344c9246acd63d2edca6fdf) Importer(2089858483,b0f066a214c2f5e87bad3c948f4d605d)
Start importing Packages/com.unity.render-pipelines.core/Runtime/XR/XRGraphicsAutomatedTests.cs using Guid(a88e3e436344c9246acd63d2edca6fdf) Importer(2089858483,b0f066a214c2f5e87bad3c948f4d605d) (ScriptedImporter) -> (artifact id: '8147ec471c3cf9eabca6feadb16ecc4a') in 0.0058881 seconds
Number of updated asset objects reloaded before import = 0Number of asset objects unloaded after import = 0

========================================================================
Received Import Request.
  Time since last request: 0.000024 seconds.
  path: Packages/com.unity.render-pipelines.core/Runtime/Volume/VolumeParameter.cs
  artifactKey: Guid(d53242bc2649d524aa42f2a84eb077b2) Importer(2089858483,b0f066a214c2f5e87bad3c948f4d605d)
Start importing Packages/com.unity.render-pipelines.core/Runtime/Volume/VolumeParameter.cs using Guid(d53242bc2649d524aa42f2a84eb077b2) Importer(2089858483,b0f066a214c2f5e87bad3c948f4d605d) (ScriptedImporter) -> (artifact id: '9b8925804032045ea4c0285b4d2175d9') in 0.0073309 seconds
Number of updated asset objects reloaded before import = 0Number of asset objects unloaded after import = 0

========================================================================
Received Import Request.
  Time since last request: 0.000025 seconds.
  path: Packages/com.unity.render-pipelines.core/Runtime/Volume/IVolume.cs
  artifactKey: Guid(ff60b2884be449c4c84d8b77cdee9422) Importer(2089858483,b0f066a214c2f5e87bad3c948f4d605d)
Start importing Packages/com.unity.render-pipelines.core/Runtime/Volume/IVolume.cs using Guid(ff60b2884be449c4c84d8b77cdee9422) Importer(2089858483,b0f066a214c2f5e87bad3c948f4d605d) (ScriptedImporter) -> (artifact id: '2c7ad23c8d02b276bd333027a9501018') in 0.0065362 seconds
Number of updated asset objects reloaded before import = 0Number of asset objects unloaded after import = 0

========================================================================
Received Import Request.
  Time since last request: 0.000023 seconds.
  path: Packages/com.unity.render-pipelines.core/ShaderLibrary/API/GLCore.hlsl
  artifactKey: Guid(17e9ff94ac9e8aa4e81b23222a4dc205) Importer(2089858483,b0f066a214c2f5e87bad3c948f4d605d)
Start importing Packages/com.unity.render-pipelines.core/ShaderLibrary/API/GLCore.hlsl using Guid(17e9ff94ac9e8aa4e81b23222a4dc205) Importer(2089858483,b0f066a214c2f5e87bad3c948f4d605d) (ScriptedImporter) -> (artifact id: '222108fe654305abdb437e24904afe7b') in 0.0058514 seconds
Number of updated asset objects reloaded before import = 0Number of asset objects unloaded after import = 1

========================================================================
Received Import Request.
  Time since last request: 0.000016 seconds.
  path: Packages/com.unity.render-pipelines.core/Runtime/XR/XRPass.cs
  artifactKey: Guid(94c64639e39f0b84eae9a4ab5f5777bc) Importer(2089858483,b0f066a214c2f5e87bad3c948f4d605d)
Start importing Packages/com.unity.render-pipelines.core/Runtime/XR/XRPass.cs using Guid(94c64639e39f0b84eae9a4ab5f5777bc) Importer(2089858483,b0f066a214c2f5e87bad3c948f4d605d) (ScriptedImporter) -> (artifact id: '68a643bd1c0bc0c85b004053e5c0974e') in 0.0056277 seconds
Number of updated asset objects reloaded before import = 0Number of asset objects unloaded after import = 0

========================================================================
Received Import Request.
  Time since last request: 0.000017 seconds.
  path: Packages/com.unity.render-pipelines.core/ShaderLibrary/API/Metal.hlsl
  artifactKey: Guid(f4d51e77f119d4dc8899ff02b46bb621) Importer(2089858483,b0f066a214c2f5e87bad3c948f4d605d)
Start importing Packages/com.unity.render-pipelines.core/ShaderLibrary/API/Metal.hlsl using Guid(f4d51e77f119d4dc8899ff02b46bb621) Importer(2089858483,b0f066a214c2f5e87bad3c948f4d605d) (ScriptedImporter) -> (artifact id: '8015cb0b63c92d71a0c9d0307d0ab2cb') in 0.0057546 seconds
Number of updated asset objects reloaded before import = 0Number of asset objects unloaded after import = 1

========================================================================
Received Import Request.
  Time since last request: 0.000020 seconds.
  path: Packages/com.unity.render-pipelines.core/Tests/Editor/NativePassCompilerRenderGraphTests.cs
  artifactKey: Guid(e5f236ef5fe43d04dbaacc87cfdbf66a) Importer(2089858483,b0f066a214c2f5e87bad3c948f4d605d)
Start importing Packages/com.unity.render-pipelines.core/Tests/Editor/NativePassCompilerRenderGraphTests.cs using Guid(e5f236ef5fe43d04dbaacc87cfdbf66a) Importer(2089858483,b0f066a214c2f5e87bad3c948f4d605d) (ScriptedImporter) -> (artifact id: '253bc596fed39835dfeebc4aa1f19105') in 0.0056227 seconds
Number of updated asset objects reloaded before import = 0Number of asset objects unloaded after import = 0

========================================================================
Received Import Request.
  Time since last request: 0.000014 seconds.
  path: Packages/com.unity.render-pipelines.core/Runtime/Vrs/VrsResources.cs
  artifactKey: Guid(785d30f91e90dd2448cb87e5f026e49a) Importer(2089858483,b0f066a214c2f5e87bad3c948f4d605d)
Start importing Packages/com.unity.render-pipelines.core/Runtime/Vrs/VrsResources.cs using Guid(785d30f91e90dd2448cb87e5f026e49a) Importer(2089858483,b0f066a214c2f5e87bad3c948f4d605d) (ScriptedImporter) -> (artifact id: 'd56311d5fdcdf8534117de42ee69da62') in 0.0056397 seconds
Number of updated asset objects reloaded before import = 0Number of asset objects unloaded after import = 0

========================================================================
Received Import Request.
  Time since last request: 0.000014 seconds.
  path: Packages/com.unity.render-pipelines.core/Runtime/Volume/VolumeDebugData.cs
  artifactKey: Guid(a359de1dc98b4f1db3fffb9601eb785b) Importer(2089858483,b0f066a214c2f5e87bad3c948f4d605d)
Start importing Packages/com.unity.render-pipelines.core/Runtime/Volume/VolumeDebugData.cs using Guid(a359de1dc98b4f1db3fffb9601eb785b) Importer(2089858483,b0f066a214c2f5e87bad3c948f4d605d) (ScriptedImporter) -> (artifact id: '6001c744d1a5c86f6bb8e3f0751b901e') in 0.0052443 seconds
Number of updated asset objects reloaded before import = 0Number of asset objects unloaded after import = 0

========================================================================
Received Import Request.
  Time since last request: 0.000018 seconds.
  path: Packages/com.unity.render-pipelines.core/Runtime/Utilities/SweepLineRectUtils.cs
  artifactKey: Guid(ff1aad7bfc102a847b1979aebf787494) Importer(2089858483,b0f066a214c2f5e87bad3c948f4d605d)
Start importing Packages/com.unity.render-pipelines.core/Runtime/Utilities/SweepLineRectUtils.cs using Guid(ff1aad7bfc102a847b1979aebf787494) Importer(2089858483,b0f066a214c2f5e87bad3c948f4d605d) (ScriptedImporter) -> (artifact id: '5636894a1f9102e12c866ba52f311fc4') in 0.0054738 seconds
Number of updated asset objects reloaded before import = 0Number of asset objects unloaded after import = 0

========================================================================
Received Import Request.
  Time since last request: 0.000025 seconds.
  path: Packages/com.unity.render-pipelines.core/Runtime/XR/XRBuiltinShaderConstants.cs
  artifactKey: Guid(5686dd9517f0d754da1a4a1a57784781) Importer(2089858483,b0f066a214c2f5e87bad3c948f4d605d)
Start importing Packages/com.unity.render-pipelines.core/Runtime/XR/XRBuiltinShaderConstants.cs using Guid(5686dd9517f0d754da1a4a1a57784781) Importer(2089858483,b0f066a214c2f5e87bad3c948f4d605d) (ScriptedImporter) -> (artifact id: '49f43fe147b148ce378d1d172f1be9b9') in 0.0054575 seconds
Number of updated asset objects reloaded before import = 0Number of asset objects unloaded after import = 0

========================================================================
Received Import Request.
  Time since last request: 0.000016 seconds.
  path: Packages/com.unity.render-pipelines.core/Tests/Editor/RemoveRange.Extensions.Tests.cs
  artifactKey: Guid(37ec18a486a522e4d8e28946e685e59d) Importer(2089858483,b0f066a214c2f5e87bad3c948f4d605d)
Start importing Packages/com.unity.render-pipelines.core/Tests/Editor/RemoveRange.Extensions.Tests.cs using Guid(37ec18a486a522e4d8e28946e685e59d) Importer(2089858483,b0f066a214c2f5e87bad3c948f4d605d) (ScriptedImporter) -> (artifact id: '52152f6558ab24cf975134602f9bdd29') in 0.0059069 seconds
Number of updated asset objects reloaded before import = 0Number of asset objects unloaded after import = 0

========================================================================
Received Import Request.
  Time since last request: 0.000021 seconds.
  path: Packages/com.unity.render-pipelines.core/Runtime/Utilities/HDROutputUtils.cs
  artifactKey: Guid(8cd8322e74feda6438d39b753348b807) Importer(2089858483,b0f066a214c2f5e87bad3c948f4d605d)
Start importing Packages/com.unity.render-pipelines.core/Runtime/Utilities/HDROutputUtils.cs using Guid(8cd8322e74feda6438d39b753348b807) Importer(2089858483,b0f066a214c2f5e87bad3c948f4d605d) (ScriptedImporter) -> (artifact id: 'd94a492fd8df42dffb4a22597b414e78') in 0.0057699 seconds
Number of updated asset objects reloaded before import = 0Number of asset objects unloaded after import = 0

========================================================================
Received Import Request.
  Time since last request: 0.000023 seconds.
  path: Packages/com.unity.render-pipelines.core/Runtime/UnifiedRayTracing/RayTracingContext.cs
  artifactKey: Guid(bf5115231aebe5d459b1b57b8a3cd703) Importer(2089858483,b0f066a214c2f5e87bad3c948f4d605d)
Start importing Packages/com.unity.render-pipelines.core/Runtime/UnifiedRayTracing/RayTracingContext.cs using Guid(bf5115231aebe5d459b1b57b8a3cd703) Importer(2089858483,b0f066a214c2f5e87bad3c948f4d605d) (ScriptedImporter) -> (artifact id: 'c3f442afee2de2d3d8daea4ed9c23f1d') in 0.00674 seconds
Number of updated asset objects reloaded before import = 0Number of asset objects unloaded after import = 0

========================================================================
Received Import Request.
  Time since last request: 0.000023 seconds.
  path: Packages/com.unity.ugui/Editor Resources/Textures/btn_AlignJustified.psd
  artifactKey: Guid(92027f7f8cfc4feaa477da0dc38d3d46) Importer(2089858483,b0f066a214c2f5e87bad3c948f4d605d)
Start importing Packages/com.unity.ugui/Editor Resources/Textures/btn_AlignJustified.psd using Guid(92027f7f8cfc4feaa477da0dc38d3d46) Importer(2089858483,b0f066a214c2f5e87bad3c948f4d605d) (ScriptedImporter) -> (artifact id: '47e3fb2eda70d559af3631b0db84fde8') in 0.0128221 seconds
Number of updated asset objects reloaded before import = 0Number of asset objects unloaded after import = 1

========================================================================
Received Import Request.
  Time since last request: 0.000017 seconds.
  path: Packages/com.unity.collab-proxy/Lib/Editor/TextMateSharp/Onigwrap/libonigwrap/win-x64/libonigwrap.dll
  artifactKey: Guid(eeee7e9329f444d229da5621f5ac93b9) Importer(2089858483,b0f066a214c2f5e87bad3c948f4d605d)
Start importing Packages/com.unity.collab-proxy/Lib/Editor/TextMateSharp/Onigwrap/libonigwrap/win-x64/libonigwrap.dll using Guid(eeee7e9329f444d229da5621f5ac93b9) Importer(2089858483,b0f066a214c2f5e87bad3c948f4d605d) (ScriptedImporter) -> (artifact id: '794e51506e0652d8bbe4edc3b809550b') in 0.006275 seconds
Number of updated asset objects reloaded before import = 0Number of asset objects unloaded after import = 0

========================================================================
Received Import Request.
  Time since last request: 0.000017 seconds.
  path: Packages/com.unity.burst/Editor/LabeledPopup.cs
  artifactKey: Guid(1866ac6bc48730369997713fedb42baa) Importer(2089858483,b0f066a214c2f5e87bad3c948f4d605d)
Start importing Packages/com.unity.burst/Editor/LabeledPopup.cs using Guid(1866ac6bc48730369997713fedb42baa) Importer(2089858483,b0f066a214c2f5e87bad3c948f4d605d) (ScriptedImporter) -> (artifact id: 'ca1e33ca8a7f330f533bc9e8d3672ee9') in 0.008723 seconds
Number of updated asset objects reloaded before import = 0Number of asset objects unloaded after import = 0

========================================================================
Received Import Request.
  Time since last request: 0.000021 seconds.
  path: Packages/com.unity.ide.visualstudio/Editor/Messaging/UdpSocket.cs
  artifactKey: Guid(38cb3a4a17d2cfd41926da95ce675934) Importer(2089858483,b0f066a214c2f5e87bad3c948f4d605d)
Start importing Packages/com.unity.ide.visualstudio/Editor/Messaging/UdpSocket.cs using Guid(38cb3a4a17d2cfd41926da95ce675934) Importer(2089858483,b0f066a214c2f5e87bad3c948f4d605d) (ScriptedImporter) -> (artifact id: '0c7765302105020978a173cdf278fcfe') in 0.0054522 seconds
Number of updated asset objects reloaded before import = 0Number of asset objects unloaded after import = 0

========================================================================
Received Import Request.
  Time since last request: 0.000024 seconds.
  path: Packages/com.unity.render-pipelines.core/Editor/LookDev/DisplayWindow.DebugSidePanel.cs
  artifactKey: Guid(3497a93f2e26d9e4888455c03ee375c6) Importer(2089858483,b0f066a214c2f5e87bad3c948f4d605d)
Start importing Packages/com.unity.render-pipelines.core/Editor/LookDev/DisplayWindow.DebugSidePanel.cs using Guid(3497a93f2e26d9e4888455c03ee375c6) Importer(2089858483,b0f066a214c2f5e87bad3c948f4d605d) (ScriptedImporter) -> (artifact id: '87589eaf5b2836688ca6471db7884c03') in 0.0052209 seconds
Number of updated asset objects reloaded before import = 0Number of asset objects unloaded after import = 0

========================================================================
Received Import Request.
  Time since last request: 0.000017 seconds.
  path: Packages/com.unity.collections/Unity.Collections/NativeParallelHashSetExtensions.gen.cs
  artifactKey: Guid(66713ae417f65c84c944fd6fa9e80129) Importer(2089858483,b0f066a214c2f5e87bad3c948f4d605d)
Start importing Packages/com.unity.collections/Unity.Collections/NativeParallelHashSetExtensions.gen.cs using Guid(66713ae417f65c84c944fd6fa9e80129) Importer(2089858483,b0f066a214c2f5e87bad3c948f4d605d) (ScriptedImporter) -> (artifact id: 'b23fe02e1d4032eea4d007e858416e54') in 0.0056698 seconds
Number of updated asset objects reloaded before import = 0Number of asset objects unloaded after import = 0

========================================================================
Received Import Request.
  Time since last request: 0.000017 seconds.
  path: Packages/com.unity.ugui/Tests/Runtime/UGUI/ScrollRect/ScrollRectStableLayout.cs
  artifactKey: Guid(7883cd788d83a71478342eef943e8150) Importer(2089858483,b0f066a214c2f5e87bad3c948f4d605d)
Start importing Packages/com.unity.ugui/Tests/Runtime/UGUI/ScrollRect/ScrollRectStableLayout.cs using Guid(7883cd788d83a71478342eef943e8150) Importer(2089858483,b0f066a214c2f5e87bad3c948f4d605d) (ScriptedImporter) -> (artifact id: '1be676ad385cbbd8e246e6f81c352587') in 0.007161 seconds
Number of updated asset objects reloaded before import = 0Number of asset objects unloaded after import = 0

========================================================================
Received Import Request.
  Time since last request: 0.000024 seconds.
  path: Packages/com.unity.render-pipelines.core/Runtime/Volume/VolumeComponent.cs
  artifactKey: Guid(556096baecf4aeb4e9f0d3efce77e08f) Importer(2089858483,b0f066a214c2f5e87bad3c948f4d605d)
Start importing Packages/com.unity.render-pipelines.core/Runtime/Volume/VolumeComponent.cs using Guid(556096baecf4aeb4e9f0d3efce77e08f) Importer(2089858483,b0f066a214c2f5e87bad3c948f4d605d) (ScriptedImporter) -> (artifact id: '59b78ec00b87c1b2ae2a67d17fd70516') in 0.0075871 seconds
Number of updated asset objects reloaded before import = 0Number of asset objects unloaded after import = 0

========================================================================
Received Import Request.
  Time since last request: 0.000025 seconds.
  path: Packages/com.unity.collab-proxy/Editor/Views/BranchExplorer/Drawing/Shapes/Connections/ConnectionPoints.cs
  artifactKey: Guid(9d30f19d4b52413f8c6f4b107a28350e) Importer(2089858483,b0f066a214c2f5e87bad3c948f4d605d)
Start importing Packages/com.unity.collab-proxy/Editor/Views/BranchExplorer/Drawing/Shapes/Connections/ConnectionPoints.cs using Guid(9d30f19d4b52413f8c6f4b107a28350e) Importer(2089858483,b0f066a214c2f5e87bad3c948f4d605d) (ScriptedImporter) -> (artifact id: '9a4f8c3e06e3a8e07d46037b376562d9') in 0.0069343 seconds
Number of updated asset objects reloaded before import = 0Number of asset objects unloaded after import = 0

========================================================================
Received Import Request.
  Time since last request: 0.000015 seconds.
  path: Packages/com.unity.render-pipelines.core/Runtime/Utilities/TextureCurve.cs
  artifactKey: Guid(687539e57047cee4fac5fd3507becbe9) Importer(2089858483,b0f066a214c2f5e87bad3c948f4d605d)
Start importing Packages/com.unity.render-pipelines.core/Runtime/Utilities/TextureCurve.cs using Guid(687539e57047cee4fac5fd3507becbe9) Importer(2089858483,b0f066a214c2f5e87bad3c948f4d605d) (ScriptedImporter) -> (artifact id: '7aec6ab2f0b2a317dc307ade472901af') in 0.0090798 seconds
Number of updated asset objects reloaded before import = 0Number of asset objects unloaded after import = 0

========================================================================
Received Import Request.
  Time since last request: 0.000018 seconds.
  path: Packages/com.unity.render-pipelines.core/Editor/Icons/Processed/d_DecalProjector Icon.asset
  artifactKey: Guid(340b2e8f8761e254d8ee52bc663cedbd) Importer(2089858483,b0f066a214c2f5e87bad3c948f4d605d)
Start importing Packages/com.unity.render-pipelines.core/Editor/Icons/Processed/d_DecalProjector Icon.asset using Guid(340b2e8f8761e254d8ee52bc663cedbd) Importer(2089858483,b0f066a214c2f5e87bad3c948f4d605d) (ScriptedImporter) -> (artifact id: 'b3eaae390497c7b82274c32d3db1c28e') in 0.017687 seconds
Number of updated asset objects reloaded before import = 0Number of asset objects unloaded after import = 1

========================================================================
Received Import Request.
  Time since last request: 0.000029 seconds.
  path: Packages/com.unity.render-pipelines.core/Tests/Editor/Unity.RenderPipelines.Core.Editor.Tests.asmdef
  artifactKey: Guid(6e5480588ffa37d4f82fe96c45e8ce9c) Importer(2089858483,b0f066a214c2f5e87bad3c948f4d605d)
Start importing Packages/com.unity.render-pipelines.core/Tests/Editor/Unity.RenderPipelines.Core.Editor.Tests.asmdef using Guid(6e5480588ffa37d4f82fe96c45e8ce9c) Importer(2089858483,b0f066a214c2f5e87bad3c948f4d605d) (ScriptedImporter) -> (artifact id: 'f4c4fd5e4527586bbabbb2df16999436') in 0.0063021 seconds
Number of updated asset objects reloaded before import = 0Number of asset objects unloaded after import = 1

========================================================================
Received Import Request.
  Time since last request: 0.000015 seconds.
  path: Packages/com.unity.render-pipelines.core/Editor/Lighting/Icons/LightPlacement_Icon.png
  artifactKey: Guid(77f3e0d20577fcd4ebb29c14ff5d58c7) Importer(2089858483,b0f066a214c2f5e87bad3c948f4d605d)
Start importing Packages/com.unity.render-pipelines.core/Editor/Lighting/Icons/LightPlacement_Icon.png using Guid(77f3e0d20577fcd4ebb29c14ff5d58c7) Importer(2089858483,b0f066a214c2f5e87bad3c948f4d605d) (ScriptedImporter) -> (artifact id: '1329ff002e8cd8630cf46b11d2f42913') in 0.011069 seconds
Number of updated asset objects reloaded before import = 0Number of asset objects unloaded after import = 1

========================================================================
Received Import Request.
  Time since last request: 0.000015 seconds.
  path: Packages/com.unity.render-pipelines.core/Editor/Lighting/Icons/Advanced_UnPressed_mini.png
  artifactKey: Guid(b356b95f05b77cf49a1b8241134f44c4) Importer(2089858483,b0f066a214c2f5e87bad3c948f4d605d)
Start importing Packages/com.unity.render-pipelines.core/Editor/Lighting/Icons/Advanced_UnPressed_mini.png using Guid(b356b95f05b77cf49a1b8241134f44c4) Importer(2089858483,b0f066a214c2f5e87bad3c948f4d605d) (ScriptedImporter) -> (artifact id: 'd08bdc9ad0f994375f6d2199d15c72e4') in 0.0127627 seconds
Number of updated asset objects reloaded before import = 0Number of asset objects unloaded after import = 1

========================================================================
Received Import Request.
  Time since last request: 0.000018 seconds.
  path: Packages/com.unity.render-pipelines.core/Editor/Lighting/Icons/d_LightPlacement_Icon On@2x.png
  artifactKey: Guid(e59f66416f4ecf3429053a0274b589a0) Importer(2089858483,b0f066a214c2f5e87bad3c948f4d605d)
Start importing Packages/com.unity.render-pipelines.core/Editor/Lighting/Icons/d_LightPlacement_Icon On@2x.png using Guid(e59f66416f4ecf3429053a0274b589a0) Importer(2089858483,b0f066a214c2f5e87bad3c948f4d605d) (ScriptedImporter) -> (artifact id: '517440a82a060c752535b94022d5d3f7') in 0.0112607 seconds
Number of updated asset objects reloaded before import = 0Number of asset objects unloaded after import = 1

========================================================================
Received Import Request.
  Time since last request: 0.000024 seconds.
  path: Packages/com.unity.render-pipelines.core/Editor/Icons/RenderGraphViewer/Import@2x.png
  artifactKey: Guid(23d6b8595de0e04429daf108638fe785) Importer(2089858483,b0f066a214c2f5e87bad3c948f4d605d)
Start importing Packages/com.unity.render-pipelines.core/Editor/Icons/RenderGraphViewer/Import@2x.png using Guid(23d6b8595de0e04429daf108638fe785) Importer(2089858483,b0f066a214c2f5e87bad3c948f4d605d) (ScriptedImporter) -> (artifact id: '4d4c1767cfc5e85b46066610f6fb83ac') in 0.0113411 seconds
Number of updated asset objects reloaded before import = 0Number of asset objects unloaded after import = 1

========================================================================
Received Import Request.
  Time since last request: 0.000015 seconds.
  path: Packages/com.unity.render-pipelines.core/Editor/Icons/RenderGraphViewer/dash.png
  artifactKey: Guid(33ff6e2aa12671544bb4df30e6443789) Importer(2089858483,b0f066a214c2f5e87bad3c948f4d605d)
Start importing Packages/com.unity.render-pipelines.core/Editor/Icons/RenderGraphViewer/dash.png using Guid(33ff6e2aa12671544bb4df30e6443789) Importer(2089858483,b0f066a214c2f5e87bad3c948f4d605d) (ScriptedImporter) -> (artifact id: '0dd45a86dd361700e31e1c597914fd12') in 0.011143 seconds
Number of updated asset objects reloaded before import = 0Number of asset objects unloaded after import = 1

========================================================================
Received Import Request.
  Time since last request: 0.000016 seconds.
  path: Packages/com.unity.render-pipelines.core/Editor/Lighting/Icons/HorizontalGradient.png
  artifactKey: Guid(c56daa0c35d8542449aea902efda87ce) Importer(2089858483,b0f066a214c2f5e87bad3c948f4d605d)
Start importing Packages/com.unity.render-pipelines.core/Editor/Lighting/Icons/HorizontalGradient.png using Guid(c56daa0c35d8542449aea902efda87ce) Importer(2089858483,b0f066a214c2f5e87bad3c948f4d605d) (ScriptedImporter) -> (artifact id: 'a2e94d7bee4d230c3965f2d103169fce') in 0.0159268 seconds
Number of updated asset objects reloaded before import = 0Number of asset objects unloaded after import = 1

========================================================================
Received Import Request.
  Time since last request: 0.000028 seconds.
  path: Packages/com.unity.render-pipelines.core/Editor/Icons/RenderGraphViewer/ScriptLink@2x.png
  artifactKey: Guid(2b2147ee427aa3a468912c85ba64c256) Importer(2089858483,b0f066a214c2f5e87bad3c948f4d605d)
Start importing Packages/com.unity.render-pipelines.core/Editor/Icons/RenderGraphViewer/ScriptLink@2x.png using Guid(2b2147ee427aa3a468912c85ba64c256) Importer(2089858483,b0f066a214c2f5e87bad3c948f4d605d) (ScriptedImporter) -> (artifact id: 'd965f3bd024316b0d5fca3955183ef14') in 0.0121553 seconds
Number of updated asset objects reloaded before import = 0Number of asset objects unloaded after import = 1

========================================================================
Received Import Request.
  Time since last request: 0.000018 seconds.
  path: Packages/com.unity.render-pipelines.core/Tests/Runtime/CustomRenderPipelineAsset.cs
  artifactKey: Guid(b1ba908863884e868165e402aeb87de7) Importer(2089858483,b0f066a214c2f5e87bad3c948f4d605d)
Start importing Packages/com.unity.render-pipelines.core/Tests/Runtime/CustomRenderPipelineAsset.cs using Guid(b1ba908863884e868165e402aeb87de7) Importer(2089858483,b0f066a214c2f5e87bad3c948f4d605d) (ScriptedImporter) -> (artifact id: 'a1a1b23e50bf49ad9eca4a38a3245282') in 0.0060702 seconds
Number of updated asset objects reloaded before import = 0Number of asset objects unloaded after import = 0

========================================================================
Received Import Request.
  Time since last request: 0.000018 seconds.
  path: Packages/com.unity.render-pipelines.core/Editor/Icons/RenderGraphViewer/Texture@2x.png
  artifactKey: Guid(38d7c20ac7a9de246a75479d66d518fd) Importer(2089858483,b0f066a214c2f5e87bad3c948f4d605d)
Start importing Packages/com.unity.render-pipelines.core/Editor/Icons/RenderGraphViewer/Texture@2x.png using Guid(38d7c20ac7a9de246a75479d66d518fd) Importer(2089858483,b0f066a214c2f5e87bad3c948f4d605d) (ScriptedImporter) -> (artifact id: '0a37bdb86f4030a2e78f74535974aca4') in 0.0131195 seconds
Number of updated asset objects reloaded before import = 0Number of asset objects unloaded after import = 1

========================================================================
Received Import Request.
  Time since last request: 0.000026 seconds.
  path: Packages/com.unity.render-pipelines.core/Editor/Icons/MipLevels/d_RenderPipelineResources@256.png
  artifactKey: Guid(76e81564bded5e442a18ce6964cdaef3) Importer(2089858483,b0f066a214c2f5e87bad3c948f4d605d)
Start importing Packages/com.unity.render-pipelines.core/Editor/Icons/MipLevels/d_RenderPipelineResources@256.png using Guid(76e81564bded5e442a18ce6964cdaef3) Importer(2089858483,b0f066a214c2f5e87bad3c948f4d605d) (ScriptedImporter) -> (artifact id: 'c3abb382aa241541772caf6f771caf09') in 0.0112583 seconds
Number of updated asset objects reloaded before import = 0Number of asset objects unloaded after import = 1

========================================================================
Received Import Request.
  Time since last request: 0.000015 seconds.
  path: Packages/com.unity.render-pipelines.core/Editor/Lighting/Icons/d_LightPlacement_Icon@64.png
  artifactKey: Guid(e20f6d92d0ae13040bfcbe8ef57da036) Importer(2089858483,b0f066a214c2f5e87bad3c948f4d605d)
Start importing Packages/com.unity.render-pipelines.core/Editor/Lighting/Icons/d_LightPlacement_Icon@64.png using Guid(e20f6d92d0ae13040bfcbe8ef57da036) Importer(2089858483,b0f066a214c2f5e87bad3c948f4d605d) (ScriptedImporter) -> (artifact id: 'fad51481fa504779924a97f767569c6e') in 0.0111253 seconds
Number of updated asset objects reloaded before import = 0Number of asset objects unloaded after import = 1

========================================================================
Received Import Request.
  Time since last request: 0.000025 seconds.
  path: Packages/com.unity.render-pipelines.core/Editor/Icons/MipLevels/Volume@32.png
  artifactKey: Guid(d35462a3f88c67241b7b7cd6dc624ccb) Importer(2089858483,b0f066a214c2f5e87bad3c948f4d605d)
Start importing Packages/com.unity.render-pipelines.core/Editor/Icons/MipLevels/Volume@32.png using Guid(d35462a3f88c67241b7b7cd6dc624ccb) Importer(2089858483,b0f066a214c2f5e87bad3c948f4d605d) (ScriptedImporter) -> (artifact id: 'c17019beb9c0a6b6f8745ee2eb33cc52') in 0.0166872 seconds
Number of updated asset objects reloaded before import = 0Number of asset objects unloaded after import = 1

========================================================================
Received Import Request.
  Time since last request: 0.000026 seconds.
  path: Packages/com.unity.render-pipelines.core/Editor/CommandBuffers/CommandBufferGenerator/CommandBufferGenerator.cs
  artifactKey: Guid(8a059bee53a757a408e35c70e82ac2fb) Importer(2089858483,b0f066a214c2f5e87bad3c948f4d605d)
Start importing Packages/com.unity.render-pipelines.core/Editor/CommandBuffers/CommandBufferGenerator/CommandBufferGenerator.cs using Guid(8a059bee53a757a408e35c70e82ac2fb) Importer(2089858483,b0f066a214c2f5e87bad3c948f4d605d) (ScriptedImporter) -> (artifact id: 'd8df743d6c1110f27deef9be136eb21e') in 0.0059496 seconds
Number of updated asset objects reloaded before import = 0Number of asset objects unloaded after import = 0

========================================================================
Received Import Request.
  Time since last request: 0.000016 seconds.
  path: Packages/com.unity.render-pipelines.core/Editor/Lighting/Icons/d_LightPlacement_Icon On@32.png
  artifactKey: Guid(f5d08e5c109deb84a9fcf7b2365cb537) Importer(2089858483,b0f066a214c2f5e87bad3c948f4d605d)
Start importing Packages/com.unity.render-pipelines.core/Editor/Lighting/Icons/d_LightPlacement_Icon On@32.png using Guid(f5d08e5c109deb84a9fcf7b2365cb537) Importer(2089858483,b0f066a214c2f5e87bad3c948f4d605d) (ScriptedImporter) -> (artifact id: '7ced452bd8d3fb5f3e161e79118f5615') in 0.0112619 seconds
Number of updated asset objects reloaded before import = 0Number of asset objects unloaded after import = 1

========================================================================
Received Import Request.
  Time since last request: 0.000018 seconds.
  path: Packages/com.unity.render-pipelines.core/Editor/Icons/Processed/d_VolumeProfile Icon.asset
  artifactKey: Guid(150de12d7eed3a2429509ab2146f6345) Importer(2089858483,b0f066a214c2f5e87bad3c948f4d605d)
Start importing Packages/com.unity.render-pipelines.core/Editor/Icons/Processed/d_VolumeProfile Icon.asset using Guid(150de12d7eed3a2429509ab2146f6345) Importer(2089858483,b0f066a214c2f5e87bad3c948f4d605d) (ScriptedImporter) -> (artifact id: '9914f0e043a21279b33236e31ffa330d') in 0.0117196 seconds
Number of updated asset objects reloaded before import = 0Number of asset objects unloaded after import = 1

========================================================================
Received Import Request.
  Time since last request: 0.000025 seconds.
  path: Packages/com.unity.render-pipelines.core/Editor/Lighting/Icons/d_LightPlacement_Icon.png
  artifactKey: Guid(518057398db7dd043928f01f4fbad1b9) Importer(2089858483,b0f066a214c2f5e87bad3c948f4d605d)
Start importing Packages/com.unity.render-pipelines.core/Editor/Lighting/Icons/d_LightPlacement_Icon.png using Guid(518057398db7dd043928f01f4fbad1b9) Importer(2089858483,b0f066a214c2f5e87bad3c948f4d605d) (ScriptedImporter) -> (artifact id: '7d5f7f291072b8361c55f40f9c5fd674') in 0.0106906 seconds
Number of updated asset objects reloaded before import = 0Number of asset objects unloaded after import = 1

========================================================================
Received Import Request.
  Time since last request: 0.000015 seconds.
  path: Packages/com.unity.render-pipelines.core/Editor/Lighting/Icons/IESProfile.png
  artifactKey: Guid(0283fe60f65159b4a86ebabf444e23f9) Importer(2089858483,b0f066a214c2f5e87bad3c948f4d605d)
Start importing Packages/com.unity.render-pipelines.core/Editor/Lighting/Icons/IESProfile.png using Guid(0283fe60f65159b4a86ebabf444e23f9) Importer(2089858483,b0f066a214c2f5e87bad3c948f4d605d) (ScriptedImporter) -> (artifact id: 'ca026bfe73d093d7d51f01cfe86525cf') in 0.0104952 seconds
Number of updated asset objects reloaded before import = 0Number of asset objects unloaded after import = 1

========================================================================
Received Import Request.
  Time since last request: 0.000018 seconds.
  path: Packages/com.unity.render-pipelines.core/Editor/Icons/RenderGraphViewer/d_AccelerationStructure@2x.png
  artifactKey: Guid(ed7bb161ec84da2458e0b8730958a76a) Importer(2089858483,b0f066a214c2f5e87bad3c948f4d605d)
Start importing Packages/com.unity.render-pipelines.core/Editor/Icons/RenderGraphViewer/d_AccelerationStructure@2x.png using Guid(ed7bb161ec84da2458e0b8730958a76a) Importer(2089858483,b0f066a214c2f5e87bad3c948f4d605d) (ScriptedImporter) -> (artifact id: 'b9a1bffa1ccc1b5cc60272f47f7e1ea4') in 0.0112061 seconds
Number of updated asset objects reloaded before import = 0Number of asset objects unloaded after import = 1

========================================================================
Received Import Request.
  Time since last request: 0.000024 seconds.
  path: Packages/com.unity.render-pipelines.core/Editor/Icons/MipLevels/VolumeProfile@256.png
  artifactKey: Guid(5d574cebaf0c0a34aa93a406ad65a61b) Importer(2089858483,b0f066a214c2f5e87bad3c948f4d605d)
Start importing Packages/com.unity.render-pipelines.core/Editor/Icons/MipLevels/VolumeProfile@256.png using Guid(5d574cebaf0c0a34aa93a406ad65a61b) Importer(2089858483,b0f066a214c2f5e87bad3c948f4d605d) (ScriptedImporter) -> (artifact id: 'fa93ab5c11c2f02e154777980deb2a9a') in 0.0122523 seconds
Number of updated asset objects reloaded before import = 0Number of asset objects unloaded after import = 1

========================================================================
Received Import Request.
  Time since last request: 0.000015 seconds.
  path: Packages/com.unity.render-pipelines.core/Editor/Icons/RenderGraphViewer/Buffer@2x.png
  artifactKey: Guid(42f2be07082fcb641bfabb2ccd126ac0) Importer(2089858483,b0f066a214c2f5e87bad3c948f4d605d)
Start importing Packages/com.unity.render-pipelines.core/Editor/Icons/RenderGraphViewer/Buffer@2x.png using Guid(42f2be07082fcb641bfabb2ccd126ac0) Importer(2089858483,b0f066a214c2f5e87bad3c948f4d605d) (ScriptedImporter) -> (artifact id: '592cd74738584592e1ccb87aae0898b4') in 0.010721 seconds
Number of updated asset objects reloaded before import = 0Number of asset objects unloaded after import = 1

========================================================================
Received Import Request.
  Time since last request: 0.000017 seconds.
  path: Packages/com.unity.render-pipelines.core/Editor/Lighting/Icons/d_LightPlacement_Icon@128.png
  artifactKey: Guid(c7cdaebf43bf99948bf392ce8f4088af) Importer(2089858483,b0f066a214c2f5e87bad3c948f4d605d)
Start importing Packages/com.unity.render-pipelines.core/Editor/Lighting/Icons/d_LightPlacement_Icon@128.png using Guid(c7cdaebf43bf99948bf392ce8f4088af) Importer(2089858483,b0f066a214c2f5e87bad3c948f4d605d) (ScriptedImporter) -> (artifact id: 'fde8319e1d906dfd43d2c21cd5e2c853') in 0.0109352 seconds
Number of updated asset objects reloaded before import = 0Number of asset objects unloaded after import = 1

========================================================================
Received Import Request.
  Time since last request: 0.000025 seconds.
  path: Packages/com.unity.render-pipelines.core/Editor/Icons/MipLevels/VolumeProfile@128.png
  artifactKey: Guid(13d6273ce5597af4f841001aa751c423) Importer(2089858483,b0f066a214c2f5e87bad3c948f4d605d)
Start importing Packages/com.unity.render-pipelines.core/Editor/Icons/MipLevels/VolumeProfile@128.png using Guid(13d6273ce5597af4f841001aa751c423) Importer(2089858483,b0f066a214c2f5e87bad3c948f4d605d) (ScriptedImporter) -> (artifact id: '2a389375da09ba1e8410133af8ebc546') in 0.0105613 seconds
Number of updated asset objects reloaded before import = 0Number of asset objects unloaded after import = 1

========================================================================
Received Import Request.
  Time since last request: 0.000015 seconds.
  path: Packages/com.unity.render-pipelines.core/Editor/Icons/MipLevels/d_Volume@64.png
  artifactKey: Guid(aca45e74fd5117e499180b8f31d39395) Importer(2089858483,b0f066a214c2f5e87bad3c948f4d605d)
Start importing Packages/com.unity.render-pipelines.core/Editor/Icons/MipLevels/d_Volume@64.png using Guid(aca45e74fd5117e499180b8f31d39395) Importer(2089858483,b0f066a214c2f5e87bad3c948f4d605d) (ScriptedImporter) -> (artifact id: 'c99cf8aef2c581f0d366a718fde2eb97') in 0.0104342 seconds
Number of updated asset objects reloaded before import = 0Number of asset objects unloaded after import = 1

========================================================================
Received Import Request.
  Time since last request: 0.000018 seconds.
  path: Packages/com.unity.render-pipelines.core/Editor/Icons/MipLevels/d_RenderPipelineResources@32.png
  artifactKey: Guid(4c30e5cf9793c0044a32b7aadd4f6f5e) Importer(2089858483,b0f066a214c2f5e87bad3c948f4d605d)
Start importing Packages/com.unity.render-pipelines.core/Editor/Icons/MipLevels/d_RenderPipelineResources@32.png using Guid(4c30e5cf9793c0044a32b7aadd4f6f5e) Importer(2089858483,b0f066a214c2f5e87bad3c948f4d605d) (ScriptedImporter) -> (artifact id: '9f372d58cea597c98346255e155d7f5e') in 0.0117475 seconds
Number of updated asset objects reloaded before import = 0Number of asset objects unloaded after import = 1

========================================================================
Received Import Request.
  Time since last request: 0.000024 seconds.
  path: Packages/com.unity.render-pipelines.core/Editor/Lighting/Icons/DownSnatch.png
  artifactKey: Guid(f4efccbcc00042141b8f7f63392439b5) Importer(2089858483,b0f066a214c2f5e87bad3c948f4d605d)
Start importing Packages/com.unity.render-pipelines.core/Editor/Lighting/Icons/DownSnatch.png using Guid(f4efccbcc00042141b8f7f63392439b5) Importer(2089858483,b0f066a214c2f5e87bad3c948f4d605d) (ScriptedImporter) -> (artifact id: '9bf8da3ff577e1cfc99f10b2045063a2') in 0.0120421 seconds
Number of updated asset objects reloaded before import = 0Number of asset objects unloaded after import = 1

========================================================================
Received Import Request.
  Time since last request: 0.000015 seconds.
  path: Packages/com.unity.render-pipelines.core/Editor/Icons/MipLevels/d_VolumeProfile@64.png
  artifactKey: Guid(2889bb1951831234789d947901bce53e) Importer(2089858483,b0f066a214c2f5e87bad3c948f4d605d)
Start importing Packages/com.unity.render-pipelines.core/Editor/Icons/MipLevels/d_VolumeProfile@64.png using Guid(2889bb1951831234789d947901bce53e) Importer(2089858483,b0f066a214c2f5e87bad3c948f4d605d) (ScriptedImporter) -> (artifact id: 'fad58afc71d43501e0d8323338a7ba95') in 0.0110009 seconds
Number of updated asset objects reloaded before import = 0Number of asset objects unloaded after import = 1

========================================================================
Received Import Request.
  Time since last request: 0.000019 seconds.
  path: Packages/com.unity.render-pipelines.core/Editor/Lighting/Icons/UpSnatch.png
  artifactKey: Guid(a1fe8ebe91e101d47af42adec440c3e5) Importer(2089858483,b0f066a214c2f5e87bad3c948f4d605d)
Start importing Packages/com.unity.render-pipelines.core/Editor/Lighting/Icons/UpSnatch.png using Guid(a1fe8ebe91e101d47af42adec440c3e5) Importer(2089858483,b0f066a214c2f5e87bad3c948f4d605d) (ScriptedImporter) -> (artifact id: 'ccf3f039e413022cb668fa23efd20fde') in 0.0104051 seconds
Number of updated asset objects reloaded before import = 0Number of asset objects unloaded after import = 1

========================================================================
Received Import Request.
  Time since last request: 0.000025 seconds.
  path: Packages/com.unity.render-pipelines.core/Editor/Lighting/Icons/LightPlacement_Icon@16.png
  artifactKey: Guid(ef06ba4eb3daf484f8b1a9e1ac266945) Importer(2089858483,b0f066a214c2f5e87bad3c948f4d605d)
Start importing Packages/com.unity.render-pipelines.core/Editor/Lighting/Icons/LightPlacement_Icon@16.png using Guid(ef06ba4eb3daf484f8b1a9e1ac266945) Importer(2089858483,b0f066a214c2f5e87bad3c948f4d605d) (ScriptedImporter) -> (artifact id: '6407c26aec877b8e42ba0a5a3e24692e') in 0.0106273 seconds
Number of updated asset objects reloaded before import = 0Number of asset objects unloaded after import = 1

========================================================================
Received Import Request.
  Time since last request: 0.000015 seconds.
  path: Packages/com.unity.render-pipelines.core/Editor/LookDev/Icons/CenterLight@2x.png
  artifactKey: Guid(8063050a249eef441beb8cbbd04c086c) Importer(2089858483,b0f066a214c2f5e87bad3c948f4d605d)
Start importing Packages/com.unity.render-pipelines.core/Editor/LookDev/Icons/CenterLight@2x.png using Guid(8063050a249eef441beb8cbbd04c086c) Importer(2089858483,b0f066a214c2f5e87bad3c948f4d605d) (ScriptedImporter) -> (artifact id: '535df2ae38aee4c8545fc2f5fe428966') in 0.0114061 seconds
Number of updated asset objects reloaded before import = 0Number of asset objects unloaded after import = 3

========================================================================
Received Import Request.
  Time since last request: 0.000019 seconds.
  path: Packages/com.unity.render-pipelines.core/Editor/LookDev/Icons/d_LayoutVertical@2x.png
  artifactKey: Guid(472b4042959bbd844b8fd760bddd7a47) Importer(2089858483,b0f066a214c2f5e87bad3c948f4d605d)
Start importing Packages/com.unity.render-pipelines.core/Editor/LookDev/Icons/d_LayoutVertical@2x.png using Guid(472b4042959bbd844b8fd760bddd7a47) Importer(2089858483,b0f066a214c2f5e87bad3c948f4d605d) (ScriptedImporter) -> (artifact id: '9e53818e29515fec38d671e814df3635') in 0.013109 seconds
Number of updated asset objects reloaded before import = 0Number of asset objects unloaded after import = 3

========================================================================
Received Import Request.
  Time since last request: 0.000026 seconds.
  path: Packages/com.unity.render-pipelines.core/Editor/LookDev/Icons/d_Layout2.png
  artifactKey: Guid(98b5b3e7c51d32547b9b09232034b5d5) Importer(2089858483,b0f066a214c2f5e87bad3c948f4d605d)
Start importing Packages/com.unity.render-pipelines.core/Editor/LookDev/Icons/d_Layout2.png using Guid(98b5b3e7c51d32547b9b09232034b5d5) Importer(2089858483,b0f066a214c2f5e87bad3c948f4d605d) (ScriptedImporter) -> (artifact id: '900c61d62c4290f5852269cc244ba2b5') in 0.0117203 seconds
Number of updated asset objects reloaded before import = 0Number of asset objects unloaded after import = 3

========================================================================
Received Import Request.
  Time since last request: 0.000017 seconds.
  path: Packages/com.unity.render-pipelines.core/Editor/Lighting/ProbeVolume/VoxelizeScene.shader
  artifactKey: Guid(c8b6a681c7b4e2e4785ffab093907f9e) Importer(2089858483,b0f066a214c2f5e87bad3c948f4d605d)
Start importing Packages/com.unity.render-pipelines.core/Editor/Lighting/ProbeVolume/VoxelizeScene.shader using Guid(c8b6a681c7b4e2e4785ffab093907f9e) Importer(2089858483,b0f066a214c2f5e87bad3c948f4d605d) (ScriptedImporter) -> (artifact id: '9d7d0b0fdf6023843731e8c982333890') in 0.0065407 seconds
Number of updated asset objects reloaded before import = 0Number of asset objects unloaded after import = 0

========================================================================
Received Import Request.
  Time since last request: 0.000018 seconds.
  path: Packages/com.unity.render-pipelines.core/Editor/Lighting/Icons/LightPlacement_Icon@64.png
  artifactKey: Guid(ce171bd6b515f1647a9a2c608ff705bb) Importer(2089858483,b0f066a214c2f5e87bad3c948f4d605d)
Start importing Packages/com.unity.render-pipelines.core/Editor/Lighting/Icons/LightPlacement_Icon@64.png using Guid(ce171bd6b515f1647a9a2c608ff705bb) Importer(2089858483,b0f066a214c2f5e87bad3c948f4d605d) (ScriptedImporter) -> (artifact id: '40a9d8366a50c8a8dfcc8a460edfbd95') in 0.0110482 seconds
Number of updated asset objects reloaded before import = 0Number of asset objects unloaded after import = 1

========================================================================
Received Import Request.
  Time since last request: 0.000025 seconds.
  path: Packages/com.unity.render-pipelines.core/Editor/LookDev/Icons/d_LayoutVertical.png
  artifactKey: Guid(02c3588c32f640d47bb70ee3fa774fce) Importer(2089858483,b0f066a214c2f5e87bad3c948f4d605d)
Start importing Packages/com.unity.render-pipelines.core/Editor/LookDev/Icons/d_LayoutVertical.png using Guid(02c3588c32f640d47bb70ee3fa774fce) Importer(2089858483,b0f066a214c2f5e87bad3c948f4d605d) (ScriptedImporter) -> (artifact id: '253a398ae6d800a5f92b217a60202501') in 0.0116287 seconds
Number of updated asset objects reloaded before import = 0Number of asset objects unloaded after import = 3

========================================================================
Received Import Request.
  Time since last request: 0.000016 seconds.
  path: Packages/com.unity.render-pipelines.core/Editor/Lighting/ProbeVolume/ProbeVolumeSubdivide.compute
  artifactKey: Guid(bb86f1f0af829fd45b2ebddda1245c22) Importer(2089858483,b0f066a214c2f5e87bad3c948f4d605d)
Start importing Packages/com.unity.render-pipelines.core/Editor/Lighting/ProbeVolume/ProbeVolumeSubdivide.compute using Guid(bb86f1f0af829fd45b2ebddda1245c22) Importer(2089858483,b0f066a214c2f5e87bad3c948f4d605d) (ScriptedImporter) -> (artifact id: 'a4ef7b2366d105d5817535152788d2bc') in 0.0060741 seconds
Number of updated asset objects reloaded before import = 0Number of asset objects unloaded after import = 0

========================================================================
Received Import Request.
  Time since last request: 0.000017 seconds.
  path: Packages/com.unity.render-pipelines.core/Editor/Lighting/Icons/LightPlacement_Icon@256.png
  artifactKey: Guid(9d1f3c50fbb907f4fba5095da15f23dc) Importer(2089858483,b0f066a214c2f5e87bad3c948f4d605d)
Start importing Packages/com.unity.render-pipelines.core/Editor/Lighting/Icons/LightPlacement_Icon@256.png using Guid(9d1f3c50fbb907f4fba5095da15f23dc) Importer(2089858483,b0f066a214c2f5e87bad3c948f4d605d) (ScriptedImporter) -> (artifact id: 'f18b1972124833f45878358c813d9994') in 0.0122166 seconds
Number of updated asset objects reloaded before import = 0Number of asset objects unloaded after import = 1

========================================================================
Received Import Request.
  Time since last request: 0.000025 seconds.
  path: Packages/com.unity.render-pipelines.core/Editor/LookDev/Icons/Camera1.png
  artifactKey: Guid(2384eb5de05269b44a58f8dd1d83d725) Importer(2089858483,b0f066a214c2f5e87bad3c948f4d605d)
Start importing Packages/com.unity.render-pipelines.core/Editor/LookDev/Icons/Camera1.png using Guid(2384eb5de05269b44a58f8dd1d83d725) Importer(2089858483,b0f066a214c2f5e87bad3c948f4d605d) (ScriptedImporter) -> (artifact id: '6d2227cec6a63049340ae49fb70d89c6') in 0.0114876 seconds
Number of updated asset objects reloaded before import = 0Number of asset objects unloaded after import = 3

========================================================================
Received Import Request.
  Time since last request: 0.000016 seconds.
  path: Packages/com.unity.render-pipelines.core/Editor/Lighting/Icons/PresetKick_Left.png
  artifactKey: Guid(bb3de0f2ada94114cbb7cc74829de16d) Importer(2089858483,b0f066a214c2f5e87bad3c948f4d605d)
Start importing Packages/com.unity.render-pipelines.core/Editor/Lighting/Icons/PresetKick_Left.png using Guid(bb3de0f2ada94114cbb7cc74829de16d) Importer(2089858483,b0f066a214c2f5e87bad3c948f4d605d) (ScriptedImporter) -> (artifact id: '2ec075c6ae142b0fdbd05204806bef9c') in 0.0150257 seconds
Number of updated asset objects reloaded before import = 0Number of asset objects unloaded after import = 1

========================================================================
Received Import Request.
  Time since last request: 0.000018 seconds.
  path: Packages/com.unity.render-pipelines.core/Editor/LookDev/Icons/d_Environment.png
  artifactKey: Guid(98cefb354c00bc44cb31fffd52dc4650) Importer(2089858483,b0f066a214c2f5e87bad3c948f4d605d)
Start importing Packages/com.unity.render-pipelines.core/Editor/LookDev/Icons/d_Environment.png using Guid(98cefb354c00bc44cb31fffd52dc4650) Importer(2089858483,b0f066a214c2f5e87bad3c948f4d605d) (ScriptedImporter) -> (artifact id: '8418217a98001517317e589ecbdfd5dd') in 0.0119733 seconds
Number of updated asset objects reloaded before import = 0Number of asset objects unloaded after import = 3

========================================================================
Received Import Request.
  Time since last request: 0.000029 seconds.
  path: Packages/com.unity.render-pipelines.core/Editor/Lighting/ProbeVolume/ProbeVolumesOptionsEditor.cs
  artifactKey: Guid(8fcc7dad0609a324cabe2f0ddb55ff5e) Importer(2089858483,b0f066a214c2f5e87bad3c948f4d605d)
Start importing Packages/com.unity.render-pipelines.core/Editor/Lighting/ProbeVolume/ProbeVolumesOptionsEditor.cs using Guid(8fcc7dad0609a324cabe2f0ddb55ff5e) Importer(2089858483,b0f066a214c2f5e87bad3c948f4d605d) (ScriptedImporter) -> (artifact id: '215248581a3ae1f167838182431b5eb4') in 0.00557 seconds
Number of updated asset objects reloaded before import = 0Number of asset objects unloaded after import = 0

========================================================================
Received Import Request.
  Time since last request: 0.000015 seconds.
  path: Packages/com.unity.render-pipelines.core/Editor/Lighting/ProbeVolume/ProbePlacement.cs
  artifactKey: Guid(5f0be4761e2343d4eaf51e4c6821776d) Importer(2089858483,b0f066a214c2f5e87bad3c948f4d605d)
Start importing Packages/com.unity.render-pipelines.core/Editor/Lighting/ProbeVolume/ProbePlacement.cs using Guid(5f0be4761e2343d4eaf51e4c6821776d) Importer(2089858483,b0f066a214c2f5e87bad3c948f4d605d) (ScriptedImporter) -> (artifact id: '271023c22a29998ecbdd445cab6d1487') in 0.0057171 seconds
Number of updated asset objects reloaded before import = 0Number of asset objects unloaded after import = 0

========================================================================
Received Import Request.
  Time since last request: 0.000015 seconds.
  path: Packages/com.unity.render-pipelines.core/Editor/Lighting/ProbeVolume/ProbePlacement.cs.hlsl
  artifactKey: Guid(53a7b15acf3ceaf41b7f56dbca27f6c8) Importer(2089858483,b0f066a214c2f5e87bad3c948f4d605d)
Start importing Packages/com.unity.render-pipelines.core/Editor/Lighting/ProbeVolume/ProbePlacement.cs.hlsl using Guid(53a7b15acf3ceaf41b7f56dbca27f6c8) Importer(2089858483,b0f066a214c2f5e87bad3c948f4d605d) (ScriptedImporter) -> (artifact id: 'e37fa10dee14bcb0238e0e4a5842b77a') in 0.0058524 seconds
Number of updated asset objects reloaded before import = 0Number of asset objects unloaded after import = 1

========================================================================
Received Import Request.
  Time since last request: 0.000019 seconds.
  path: Packages/com.unity.render-pipelines.core/Editor/Lighting/Icons/UpSnatchFocused.png
  artifactKey: Guid(8a35aa5922ce5b746a734edf7de25ab4) Importer(2089858483,b0f066a214c2f5e87bad3c948f4d605d)
Start importing Packages/com.unity.render-pipelines.core/Editor/Lighting/Icons/UpSnatchFocused.png using Guid(8a35aa5922ce5b746a734edf7de25ab4) Importer(2089858483,b0f066a214c2f5e87bad3c948f4d605d) (ScriptedImporter) -> (artifact id: '2685696e306a7a1730148af97227e235') in 0.0109828 seconds
Number of updated asset objects reloaded before import = 0Number of asset objects unloaded after import = 1

========================================================================
Received Import Request.
  Time since last request: 0.000025 seconds.
  path: Packages/com.unity.render-pipelines.core/Editor/Lighting/Icons/PresetRim_Left.png
  artifactKey: Guid(6cec6e582e857c24bb9432ed7ff629f8) Importer(2089858483,b0f066a214c2f5e87bad3c948f4d605d)
Start importing Packages/com.unity.render-pipelines.core/Editor/Lighting/Icons/PresetRim_Left.png using Guid(6cec6e582e857c24bb9432ed7ff629f8) Importer(2089858483,b0f066a214c2f5e87bad3c948f4d605d) (ScriptedImporter) -> (artifact id: '086993786905591482adb2e455333079') in 0.0124495 seconds
Number of updated asset objects reloaded before import = 0Number of asset objects unloaded after import = 1

========================================================================
Received Import Request.
  Time since last request: 0.000015 seconds.
  path: Packages/com.unity.render-pipelines.core/Editor/LookDev/Icons/Camera1@2x.png
  artifactKey: Guid(52b3ad4181ffbec4cad6eb26d07127f6) Importer(2089858483,b0f066a214c2f5e87bad3c948f4d605d)
Start importing Packages/com.unity.render-pipelines.core/Editor/LookDev/Icons/Camera1@2x.png using Guid(52b3ad4181ffbec4cad6eb26d07127f6) Importer(2089858483,b0f066a214c2f5e87bad3c948f4d605d) (ScriptedImporter) -> (artifact id: '9f3d590992375ae8fefd2739e3cb20a0') in 0.0117847 seconds
Number of updated asset objects reloaded before import = 0Number of asset objects unloaded after import = 3

========================================================================
Received Import Request.
  Time since last request: 0.000022 seconds.
  path: Packages/com.unity.render-pipelines.core/Editor/LookDev/Icons/d_LayoutHorizontal.png
  artifactKey: Guid(83cbec96661199e408a744d4c3e586e2) Importer(2089858483,b0f066a214c2f5e87bad3c948f4d605d)
Start importing Packages/com.unity.render-pipelines.core/Editor/LookDev/Icons/d_LayoutHorizontal.png using Guid(83cbec96661199e408a744d4c3e586e2) Importer(2089858483,b0f066a214c2f5e87bad3c948f4d605d) (ScriptedImporter) -> (artifact id: 'bba584bcb8ce14f592b7ed7f731e247a') in 0.0120032 seconds
Number of updated asset objects reloaded before import = 0Number of asset objects unloaded after import = 3

========================================================================
Received Import Request.
  Time since last request: 0.000026 seconds.
  path: Packages/com.unity.render-pipelines.core/Editor/Lighting/ProbeVolume/ProbeSubdivisionResult.cs
  artifactKey: Guid(32824d29ca4eb544896ba1b0ba16de44) Importer(2089858483,b0f066a214c2f5e87bad3c948f4d605d)
Start importing Packages/com.unity.render-pipelines.core/Editor/Lighting/ProbeVolume/ProbeSubdivisionResult.cs using Guid(32824d29ca4eb544896ba1b0ba16de44) Importer(2089858483,b0f066a214c2f5e87bad3c948f4d605d) (ScriptedImporter) -> (artifact id: '1db11d4f7aac16d39ad0251c5c2b07af') in 0.0056728 seconds
Number of updated asset objects reloaded before import = 0Number of asset objects unloaded after import = 0

========================================================================
Received Import Request.
  Time since last request: 0.000015 seconds.
  path: Packages/com.unity.render-pipelines.core/Editor/Lighting/ProbeVolume/ProbeGIBaking.Dilate.cs
  artifactKey: Guid(a378475202bed4b409d792def84fd0b1) Importer(2089858483,b0f066a214c2f5e87bad3c948f4d605d)
Start importing Packages/com.unity.render-pipelines.core/Editor/Lighting/ProbeVolume/ProbeGIBaking.Dilate.cs using Guid(a378475202bed4b409d792def84fd0b1) Importer(2089858483,b0f066a214c2f5e87bad3c948f4d605d) (ScriptedImporter) -> (artifact id: '3d0a4069a83d88126f4fc3aa37055549') in 0.0058045 seconds
Number of updated asset objects reloaded before import = 0Number of asset objects unloaded after import = 0

========================================================================
Received Import Request.
  Time since last request: 0.000018 seconds.
  path: Packages/com.unity.render-pipelines.core/Editor/Lighting/Icons/d_LightPlacement_Icon@32.png
  artifactKey: Guid(c4f74ec1885109d438846c229989bcf9) Importer(2089858483,b0f066a214c2f5e87bad3c948f4d605d)
Start importing Packages/com.unity.render-pipelines.core/Editor/Lighting/Icons/d_LightPlacement_Icon@32.png using Guid(c4f74ec1885109d438846c229989bcf9) Importer(2089858483,b0f066a214c2f5e87bad3c948f4d605d) (ScriptedImporter) -> (artifact id: 'c7a5308d35b75052d7cec04cf963f7b5') in 0.0108684 seconds
Number of updated asset objects reloaded before import = 0Number of asset objects unloaded after import = 1

========================================================================
Received Import Request.
  Time since last request: 0.000026 seconds.
  path: Packages/com.unity.render-pipelines.core/Editor/LookDev/Icons/Add@2x.png
  artifactKey: Guid(79aba0b290c471c4ba3d3f818d4e9b15) Importer(2089858483,b0f066a214c2f5e87bad3c948f4d605d)
Start importing Packages/com.unity.render-pipelines.core/Editor/LookDev/Icons/Add@2x.png using Guid(79aba0b290c471c4ba3d3f818d4e9b15) Importer(2089858483,b0f066a214c2f5e87bad3c948f4d605d) (ScriptedImporter) -> (artifact id: '7935bf0e3c2f4e2e66b437d367749f67') in 0.012422 seconds
Number of updated asset objects reloaded before import = 0Number of asset objects unloaded after import = 3

========================================================================
Received Import Request.
  Time since last request: 0.000016 seconds.
  path: Packages/com.unity.render-pipelines.core/Editor/Icons/RenderGraphViewer/AccelerationStructure@2x.png
  artifactKey: Guid(78c530431f09533469990aeb78f31210) Importer(2089858483,b0f066a214c2f5e87bad3c948f4d605d)
Start importing Packages/com.unity.render-pipelines.core/Editor/Icons/RenderGraphViewer/AccelerationStructure@2x.png using Guid(78c530431f09533469990aeb78f31210) Importer(2089858483,b0f066a214c2f5e87bad3c948f4d605d) (ScriptedImporter) -> (artifact id: 'f32ff7b8bbd1112f0397df90f52602a3') in 0.0159068 seconds
Number of updated asset objects reloaded before import = 0Number of asset objects unloaded after import = 1

========================================================================
Received Import Request.
  Time since last request: 0.000017 seconds.
  path: Packages/com.unity.render-pipelines.core/Editor/Icons/RenderGraphViewer/d_MultipleUsage.png
  artifactKey: Guid(60e80b0fa23ea904b92263803d64319c) Importer(2089858483,b0f066a214c2f5e87bad3c948f4d605d)
Start importing Packages/com.unity.render-pipelines.core/Editor/Icons/RenderGraphViewer/d_MultipleUsage.png using Guid(60e80b0fa23ea904b92263803d64319c) Importer(2089858483,b0f066a214c2f5e87bad3c948f4d605d) (ScriptedImporter) -> (artifact id: '6c9db747a3e3609a3f227e0427e37cdf') in 0.0126822 seconds
Number of updated asset objects reloaded before import = 0Number of asset objects unloaded after import = 3

========================================================================
Received Import Request.
  Time since last request: 0.000027 seconds.
  path: Packages/com.unity.render-pipelines.core/Editor/Lighting/Icons/PresetBounce_Left.png
  artifactKey: Guid(1c7013643e4df944492a5801199df62a) Importer(2089858483,b0f066a214c2f5e87bad3c948f4d605d)
Start importing Packages/com.unity.render-pipelines.core/Editor/Lighting/Icons/PresetBounce_Left.png using Guid(1c7013643e4df944492a5801199df62a) Importer(2089858483,b0f066a214c2f5e87bad3c948f4d605d) (ScriptedImporter) -> (artifact id: '89957e1f53299006f6cf65b248a82e23') in 0.011356 seconds
Number of updated asset objects reloaded before import = 0Number of asset objects unloaded after import = 1

========================================================================
Received Import Request.
  Time since last request: 0.000015 seconds.
  path: Packages/com.unity.render-pipelines.core/Editor/Lighting/ProbeVolume/ProbeVolumeEditor.cs
  artifactKey: Guid(f1ae0052b83ef5d4db2deea6f9aa8236) Importer(2089858483,b0f066a214c2f5e87bad3c948f4d605d)
Start importing Packages/com.unity.render-pipelines.core/Editor/Lighting/ProbeVolume/ProbeVolumeEditor.cs using Guid(f1ae0052b83ef5d4db2deea6f9aa8236) Importer(2089858483,b0f066a214c2f5e87bad3c948f4d605d) (ScriptedImporter) -> (artifact id: 'ac4c68588f64cba41a690b6d5e5433ed') in 0.0063876 seconds
Number of updated asset objects reloaded before import = 0Number of asset objects unloaded after import = 0

========================================================================
Received Import Request.
  Time since last request: 0.000018 seconds.
  path: Packages/com.unity.render-pipelines.core/Editor/LookDev/Icons/Add.png
  artifactKey: Guid(cbaeed03e5416aa4bae23110b63a0c7d) Importer(2089858483,b0f066a214c2f5e87bad3c948f4d605d)
Start importing Packages/com.unity.render-pipelines.core/Editor/LookDev/Icons/Add.png using Guid(cbaeed03e5416aa4bae23110b63a0c7d) Importer(2089858483,b0f066a214c2f5e87bad3c948f4d605d) (ScriptedImporter) -> (artifact id: '8315cf3344d0d502633c00b53ed8132c') in 0.0121675 seconds
Number of updated asset objects reloaded before import = 0Number of asset objects unloaded after import = 3

========================================================================
Received Import Request.
  Time since last request: 0.000026 seconds.
  path: Packages/com.unity.render-pipelines.core/Runtime/Debugging/FrameTiming/FrameTimeBottleneck.cs
  artifactKey: Guid(331aa10d229f4c2fb9a9240812fb45d6) Importer(2089858483,b0f066a214c2f5e87bad3c948f4d605d)
Start importing Packages/com.unity.render-pipelines.core/Runtime/Debugging/FrameTiming/FrameTimeBottleneck.cs using Guid(331aa10d229f4c2fb9a9240812fb45d6) Importer(2089858483,b0f066a214c2f5e87bad3c948f4d605d) (ScriptedImporter) -> (artifact id: 'e5e84b769f091db270562818c4ae3d99') in 0.0057184 seconds
Number of updated asset objects reloaded before import = 0Number of asset objects unloaded after import = 0

========================================================================
Received Import Request.
  Time since last request: 0.000017 seconds.
  path: Packages/com.unity.render-pipelines.core/Editor/LookDev/Icons/d_LeftArrow.png
  artifactKey: Guid(84189b4c7caeef3419b6b031b8812685) Importer(2089858483,b0f066a214c2f5e87bad3c948f4d605d)
Start importing Packages/com.unity.render-pipelines.core/Editor/LookDev/Icons/d_LeftArrow.png using Guid(84189b4c7caeef3419b6b031b8812685) Importer(2089858483,b0f066a214c2f5e87bad3c948f4d605d) (ScriptedImporter) -> (artifact id: 'b97ea5e2997b7b5a7620c2aa49c7ec36') in 0.0119282 seconds
Number of updated asset objects reloaded before import = 0Number of asset objects unloaded after import = 3

========================================================================
Received Import Request.
  Time since last request: 0.000020 seconds.
  path: Packages/com.unity.render-pipelines.core/Runtime/GPUDriven/InstanceData/InstanceData.cs
  artifactKey: Guid(3d4a5f192498160488916c4e31a73a29) Importer(2089858483,b0f066a214c2f5e87bad3c948f4d605d)
Start importing Packages/com.unity.render-pipelines.core/Runtime/GPUDriven/InstanceData/InstanceData.cs using Guid(3d4a5f192498160488916c4e31a73a29) Importer(2089858483,b0f066a214c2f5e87bad3c948f4d605d) (ScriptedImporter) -> (artifact id: 'db10c67347e31c8732c000975eba41bd') in 0.0075185 seconds
Number of updated asset objects reloaded before import = 0Number of asset objects unloaded after import = 0

========================================================================
Received Import Request.
  Time since last request: 0.000025 seconds.
  path: Packages/com.unity.render-pipelines.core/Editor/LookDev/Icons/Link@2x.png
  artifactKey: Guid(9a235474413e1f349b010b461c76efac) Importer(2089858483,b0f066a214c2f5e87bad3c948f4d605d)
Start importing Packages/com.unity.render-pipelines.core/Editor/LookDev/Icons/Link@2x.png using Guid(9a235474413e1f349b010b461c76efac) Importer(2089858483,b0f066a214c2f5e87bad3c948f4d605d) (ScriptedImporter) -> (artifact id: 'dd4ace607e6ae969690ae6a0ad2a666c') in 0.0122525 seconds
Number of updated asset objects reloaded before import = 0Number of asset objects unloaded after import = 3

========================================================================
Received Import Request.
  Time since last request: 0.000018 seconds.
  path: Packages/com.unity.render-pipelines.core/Runtime/GPUDriven/InstanceData/InstanceDataSystemBurst.cs
  artifactKey: Guid(302f596d55264be4ba359e52ec407766) Importer(2089858483,b0f066a214c2f5e87bad3c948f4d605d)
Start importing Packages/com.unity.render-pipelines.core/Runtime/GPUDriven/InstanceData/InstanceDataSystemBurst.cs using Guid(302f596d55264be4ba359e52ec407766) Importer(2089858483,b0f066a214c2f5e87bad3c948f4d605d) (ScriptedImporter) -> (artifact id: '170f11bce8926fc109792bec49ee74cc') in 0.0057509 seconds
Number of updated asset objects reloaded before import = 0Number of asset objects unloaded after import = 0

========================================================================
Received Import Request.
  Time since last request: 0.000018 seconds.
  path: Packages/com.unity.render-pipelines.core/Runtime/GPUDriven/Debug/DebugDisplayGPUResidentDrawer.cs
  artifactKey: Guid(99341524cef9ec347a5aa046d0215e59) Importer(2089858483,b0f066a214c2f5e87bad3c948f4d605d)
Start importing Packages/com.unity.render-pipelines.core/Runtime/GPUDriven/Debug/DebugDisplayGPUResidentDrawer.cs using Guid(99341524cef9ec347a5aa046d0215e59) Importer(2089858483,b0f066a214c2f5e87bad3c948f4d605d) (ScriptedImporter) -> (artifact id: 'b0a3c22d985eba61e72d87d2575e8939') in 0.0055309 seconds
Number of updated asset objects reloaded before import = 0Number of asset objects unloaded after import = 0

========================================================================
Received Import Request.
  Time since last request: 0.000026 seconds.
  path: Packages/com.unity.render-pipelines.core/Editor/LookDev/Icons/d_Link.png
  artifactKey: Guid(94ec4fdf9502c3747b5c0754ca18919e) Importer(2089858483,b0f066a214c2f5e87bad3c948f4d605d)
Start importing Packages/com.unity.render-pipelines.core/Editor/LookDev/Icons/d_Link.png using Guid(94ec4fdf9502c3747b5c0754ca18919e) Importer(2089858483,b0f066a214c2f5e87bad3c948f4d605d) (ScriptedImporter) -> (artifact id: '87abbeee34d937b83589341f8e3a93dd') in 0.0118507 seconds
Number of updated asset objects reloaded before import = 0Number of asset objects unloaded after import = 3

========================================================================
Received Import Request.
  Time since last request: 0.000022 seconds.
  path: Packages/com.unity.render-pipelines.core/Editor/LookDev/Icons/d_renderdoc.png
  artifactKey: Guid(cbe929948d88af7409a05054bc8187c7) Importer(2089858483,b0f066a214c2f5e87bad3c948f4d605d)
Start importing Packages/com.unity.render-pipelines.core/Editor/LookDev/Icons/d_renderdoc.png using Guid(cbe929948d88af7409a05054bc8187c7) Importer(2089858483,b0f066a214c2f5e87bad3c948f4d605d) (ScriptedImporter) -> (artifact id: 'a5cfc83a97dfe7335ac9446e2d2453a6') in 0.011675 seconds
Number of updated asset objects reloaded before import = 0Number of asset objects unloaded after import = 3

========================================================================
Received Import Request.
  Time since last request: 0.000020 seconds.
  path: Packages/com.unity.render-pipelines.core/Runtime/GPUDriven/Components/DisallowSmallMeshCulling.cs
  artifactKey: Guid(a55bb9f7efce64f3ab3a138447cb46c0) Importer(2089858483,b0f066a214c2f5e87bad3c948f4d605d)
Start importing Packages/com.unity.render-pipelines.core/Runtime/GPUDriven/Components/DisallowSmallMeshCulling.cs using Guid(a55bb9f7efce64f3ab3a138447cb46c0) Importer(2089858483,b0f066a214c2f5e87bad3c948f4d605d) (ScriptedImporter) -> (artifact id: '5d0b1a7da279e469417a6d5f7f6eeb1a') in 0.0056704 seconds
Number of updated asset objects reloaded before import = 0Number of asset objects unloaded after import = 0

========================================================================
Received Import Request.
  Time since last request: 0.000027 seconds.
  path: Packages/com.unity.render-pipelines.core/Editor/LookDev/Icons/d_LookDev.png
  artifactKey: Guid(0615fe8910911be4299d5604a54db99a) Importer(2089858483,b0f066a214c2f5e87bad3c948f4d605d)
Start importing Packages/com.unity.render-pipelines.core/Editor/LookDev/Icons/d_LookDev.png using Guid(0615fe8910911be4299d5604a54db99a) Importer(2089858483,b0f066a214c2f5e87bad3c948f4d605d) (ScriptedImporter) -> (artifact id: 'e401b403235809c903d94a17c3fb6196') in 0.0121738 seconds
Number of updated asset objects reloaded before import = 0Number of asset objects unloaded after import = 3

========================================================================
Received Import Request.
  Time since last request: 0.000017 seconds.
  path: Packages/com.unity.render-pipelines.core/Editor/Tools/MaterialUpgrader/MaterialUpgrader.cs
  artifactKey: Guid(67b996d0727a74b029aff1545143be17) Importer(2089858483,b0f066a214c2f5e87bad3c948f4d605d)
Start importing Packages/com.unity.render-pipelines.core/Editor/Tools/MaterialUpgrader/MaterialUpgrader.cs using Guid(67b996d0727a74b029aff1545143be17) Importer(2089858483,b0f066a214c2f5e87bad3c948f4d605d) (ScriptedImporter) -> (artifact id: 'c032f804c7083af3af985fdd8f7c7273') in 0.0055609 seconds
Number of updated asset objects reloaded before import = 0Number of asset objects unloaded after import = 0

========================================================================
Received Import Request.
  Time since last request: 0.000018 seconds.
  path: Packages/com.unity.render-pipelines.core/Runtime/GPUDriven/InstanceData/InstanceDataSystem.Jobs.cs
  artifactKey: Guid(4fde0d9aabe2aee46b306a42532dafc7) Importer(2089858483,b0f066a214c2f5e87bad3c948f4d605d)
Start importing Packages/com.unity.render-pipelines.core/Runtime/GPUDriven/InstanceData/InstanceDataSystem.Jobs.cs using Guid(4fde0d9aabe2aee46b306a42532dafc7) Importer(2089858483,b0f066a214c2f5e87bad3c948f4d605d) (ScriptedImporter) -> (artifact id: 'e45d216cdd21e6c940915418821103c6') in 0.0071567 seconds
Number of updated asset objects reloaded before import = 0Number of asset objects unloaded after import = 0

========================================================================
Received Import Request.
  Time since last request: 0.000024 seconds.
  path: Packages/com.unity.render-pipelines.core/Editor/Tools/MaterialUpgrader/MaterialUpgrader.Utils.cs
  artifactKey: Guid(91bd3583117bf334eb9150fbfd3b22b3) Importer(2089858483,b0f066a214c2f5e87bad3c948f4d605d)
Start importing Packages/com.unity.render-pipelines.core/Editor/Tools/MaterialUpgrader/MaterialUpgrader.Utils.cs using Guid(91bd3583117bf334eb9150fbfd3b22b3) Importer(2089858483,b0f066a214c2f5e87bad3c948f4d605d) (ScriptedImporter) -> (artifact id: '9195abe84c57dc668c2ded3035684634') in 0.0062813 seconds
Number of updated asset objects reloaded before import = 0Number of asset objects unloaded after import = 0

========================================================================
Received Import Request.
  Time since last request: 0.000016 seconds.
  path: Packages/com.unity.render-pipelines.core/Editor/LookDev/Icons/renderdoc.png
  artifactKey: Guid(cf13fb90f91d2a545a00591d75b43bd8) Importer(2089858483,b0f066a214c2f5e87bad3c948f4d605d)
Start importing Packages/com.unity.render-pipelines.core/Editor/LookDev/Icons/renderdoc.png using Guid(cf13fb90f91d2a545a00591d75b43bd8) Importer(2089858483,b0f066a214c2f5e87bad3c948f4d605d) (ScriptedImporter) -> (artifact id: '4578d5f54c43b93bf13d4246f6e77e2a') in 0.0180609 seconds
Number of updated asset objects reloaded before import = 0Number of asset objects unloaded after import = 3

========================================================================
Received Import Request.
  Time since last request: 0.000018 seconds.
  path: Packages/com.unity.render-pipelines.core/Runtime/GPUDriven/InstanceData/GPUInstanceDataBuffer.cs
  artifactKey: Guid(390ad9eb5576b8e46bf6230c1bb8081b) Importer(2089858483,b0f066a214c2f5e87bad3c948f4d605d)
Start importing Packages/com.unity.render-pipelines.core/Runtime/GPUDriven/InstanceData/GPUInstanceDataBuffer.cs using Guid(390ad9eb5576b8e46bf6230c1bb8081b) Importer(2089858483,b0f066a214c2f5e87bad3c948f4d605d) (ScriptedImporter) -> (artifact id: '7117fde23faddf732ebf2a4e1a815b39') in 0.0058333 seconds
Number of updated asset objects reloaded before import = 0Number of asset objects unloaded after import = 0

========================================================================
Received Import Request.
  Time since last request: 0.000025 seconds.
  path: Packages/com.unity.render-pipelines.core/Editor/LookDev/Icons/Environment@2x.png
  artifactKey: Guid(515b65dc95319f3409d6b0b5f866ac33) Importer(2089858483,b0f066a214c2f5e87bad3c948f4d605d)
Start importing Packages/com.unity.render-pipelines.core/Editor/LookDev/Icons/Environment@2x.png using Guid(515b65dc95319f3409d6b0b5f866ac33) Importer(2089858483,b0f066a214c2f5e87bad3c948f4d605d) (ScriptedImporter) -> (artifact id: 'a4d142b5472d08dbe8b615258266f127') in 0.018828 seconds
Number of updated asset objects reloaded before import = 0Number of asset objects unloaded after import = 3

========================================================================
Received Import Request.
  Time since last request: 0.000016 seconds.
  path: Packages/com.unity.render-pipelines.core/Editor/Volume/Drawers/BoolParameterDrawer.cs
  artifactKey: Guid(e60eb64f07904667887976b2ec8cffed) Importer(2089858483,b0f066a214c2f5e87bad3c948f4d605d)
Start importing Packages/com.unity.render-pipelines.core/Editor/Volume/Drawers/BoolParameterDrawer.cs using Guid(e60eb64f07904667887976b2ec8cffed) Importer(2089858483,b0f066a214c2f5e87bad3c948f4d605d) (ScriptedImporter) -> (artifact id: 'e8d7bef33d83ee6c68f6f474dc3d3081') in 0.0072235 seconds
Number of updated asset objects reloaded before import = 0Number of asset objects unloaded after import = 0

========================================================================
Received Import Request.
  Time since last request: 0.000018 seconds.
  path: Packages/com.unity.render-pipelines.core/Editor/LookDev/Icons/d_RightArrow@2x.png
  artifactKey: Guid(28d47cbaafc98254f8d4f6184dff22cd) Importer(2089858483,b0f066a214c2f5e87bad3c948f4d605d)
Start importing Packages/com.unity.render-pipelines.core/Editor/LookDev/Icons/d_RightArrow@2x.png using Guid(28d47cbaafc98254f8d4f6184dff22cd) Importer(2089858483,b0f066a214c2f5e87bad3c948f4d605d) (ScriptedImporter) -> (artifact id: '4ce94109501b75aabd2cd2261b29d4c0') in 0.013206 seconds
Number of updated asset objects reloaded before import = 0Number of asset objects unloaded after import = 3

========================================================================
Received Import Request.
  Time since last request: 0.000024 seconds.
  path: Packages/com.unity.render-pipelines.core/Editor/Tools/MaterialUpgrader/IMaterialUpgradersProvider.cs
  artifactKey: Guid(245f99d8bedd61c4780fbe93fdee0cb8) Importer(2089858483,b0f066a214c2f5e87bad3c948f4d605d)
Start importing Packages/com.unity.render-pipelines.core/Editor/Tools/MaterialUpgrader/IMaterialUpgradersProvider.cs using Guid(245f99d8bedd61c4780fbe93fdee0cb8) Importer(2089858483,b0f066a214c2f5e87bad3c948f4d605d) (ScriptedImporter) -> (artifact id: 'ae6e6daba33c1ce207d7a6db7e5f0ef4') in 0.0056797 seconds
Number of updated asset objects reloaded before import = 0Number of asset objects unloaded after import = 0

========================================================================
Received Import Request.
  Time since last request: 0.000021 seconds.
  path: Packages/com.unity.render-pipelines.core/Editor/Volume/Drawers/Vector4ParameterDrawer.cs
  artifactKey: Guid(9c51e2ea627a393478d0b5c2a086136d) Importer(2089858483,b0f066a214c2f5e87bad3c948f4d605d)
Start importing Packages/com.unity.render-pipelines.core/Editor/Volume/Drawers/Vector4ParameterDrawer.cs using Guid(9c51e2ea627a393478d0b5c2a086136d) Importer(2089858483,b0f066a214c2f5e87bad3c948f4d605d) (ScriptedImporter) -> (artifact id: '2e3b29a5f4b4a75243c2f2f3a2283a51') in 0.0063346 seconds
Number of updated asset objects reloaded before import = 0Number of asset objects unloaded after import = 0

========================================================================
Received Import Request.
  Time since last request: 0.000018 seconds.
  path: Packages/com.unity.render-pipelines.core/Editor/Resources/Gizmos/ProbeTouchupVolume.png
  artifactKey: Guid(adc48c15b6dfb444b865f111178f02ec) Importer(2089858483,b0f066a214c2f5e87bad3c948f4d605d)
Start importing Packages/com.unity.render-pipelines.core/Editor/Resources/Gizmos/ProbeTouchupVolume.png using Guid(adc48c15b6dfb444b865f111178f02ec) Importer(2089858483,b0f066a214c2f5e87bad3c948f4d605d) (ScriptedImporter) -> (artifact id: '75bf37dad35945e2fae003e1848bfd82') in 0.0117416 seconds
Number of updated asset objects reloaded before import = 0Number of asset objects unloaded after import = 1

========================================================================
Received Import Request.
  Time since last request: 0.000024 seconds.
  path: Packages/com.unity.render-pipelines.core/Editor/LookDev/Icons/Remove.png
  artifactKey: Guid(a5c48bfebeb031a4b8d66da4be0e27b9) Importer(2089858483,b0f066a214c2f5e87bad3c948f4d605d)
Start importing Packages/com.unity.render-pipelines.core/Editor/LookDev/Icons/Remove.png using Guid(a5c48bfebeb031a4b8d66da4be0e27b9) Importer(2089858483,b0f066a214c2f5e87bad3c948f4d605d) (ScriptedImporter) -> (artifact id: '3a233fe7062246c9aa3a5da1a959c48f') in 0.01583 seconds
Number of updated asset objects reloaded before import = 0Number of asset objects unloaded after import = 3

========================================================================
Received Import Request.
  Time since last request: 0.000015 seconds.
  path: Packages/com.unity.render-pipelines.core/Editor/LookDev/Icons/LayoutVertical.png
  artifactKey: Guid(6a9d49ac254f03c48bf5b6590f4d2a24) Importer(2089858483,b0f066a214c2f5e87bad3c948f4d605d)
Start importing Packages/com.unity.render-pipelines.core/Editor/LookDev/Icons/LayoutVertical.png using Guid(6a9d49ac254f03c48bf5b6590f4d2a24) Importer(2089858483,b0f066a214c2f5e87bad3c948f4d605d) (ScriptedImporter) -> (artifact id: 'ba89e467cbf2be4997dfd9e7862d4e00') in 0.0131537 seconds
Number of updated asset objects reloaded before import = 0Number of asset objects unloaded after import = 3

========================================================================
Received Import Request.
  Time since last request: 0.000017 seconds.
  path: Packages/com.unity.render-pipelines.core/Editor/PostProcessing/LensFlareResource/Flare.png
  artifactKey: Guid(f92291bf6b5265641ab4f39a5d41fbf4) Importer(2089858483,b0f066a214c2f5e87bad3c948f4d605d)
Start importing Packages/com.unity.render-pipelines.core/Editor/PostProcessing/LensFlareResource/Flare.png using Guid(f92291bf6b5265641ab4f39a5d41fbf4) Importer(2089858483,b0f066a214c2f5e87bad3c948f4d605d) (ScriptedImporter) -> (artifact id: 'ec5ae1c1510898494cb78f6e23fbb98c') in 0.0141584 seconds
Number of updated asset objects reloaded before import = 0Number of asset objects unloaded after import = 1

========================================================================
Received Import Request.
  Time since last request: 0.000022 seconds.
  path: Packages/com.unity.render-pipelines.core/Runtime/Debugging/FrameTiming/FrameTimeSample.cs
  artifactKey: Guid(d7cc2267acce47fdae2ece838f34df48) Importer(2089858483,b0f066a214c2f5e87bad3c948f4d605d)
Start importing Packages/com.unity.render-pipelines.core/Runtime/Debugging/FrameTiming/FrameTimeSample.cs using Guid(d7cc2267acce47fdae2ece838f34df48) Importer(2089858483,b0f066a214c2f5e87bad3c948f4d605d) (ScriptedImporter) -> (artifact id: '0cbc1b015b02d219a5d2763a142dc46e') in 0.005925 seconds
Number of updated asset objects reloaded before import = 0Number of asset objects unloaded after import = 0

========================================================================
Received Import Request.
  Time since last request: 0.000016 seconds.
  path: Packages/com.unity.render-pipelines.core/Editor/PostProcessing/LensFlareResource/CircleFlareThumbnail.png
  artifactKey: Guid(80b74a073fa3027458f3b3ff5346f10b) Importer(2089858483,b0f066a214c2f5e87bad3c948f4d605d)
Start importing Packages/com.unity.render-pipelines.core/Editor/PostProcessing/LensFlareResource/CircleFlareThumbnail.png using Guid(80b74a073fa3027458f3b3ff5346f10b) Importer(2089858483,b0f066a214c2f5e87bad3c948f4d605d) (ScriptedImporter) -> (artifact id: '3e9929711d1e46a08b0c9fda95614f8e') in 0.0163922 seconds
Number of updated asset objects reloaded before import = 0Number of asset objects unloaded after import = 1

========================================================================
Received Import Request.
  Time since last request: 0.000016 seconds.
  path: Packages/com.unity.render-pipelines.core/Editor/Lighting/LightUnit/TemperatureSlider.cs
  artifactKey: Guid(ebbff026076216245a6e728a10c98c66) Importer(2089858483,b0f066a214c2f5e87bad3c948f4d605d)
Start importing Packages/com.unity.render-pipelines.core/Editor/Lighting/LightUnit/TemperatureSlider.cs using Guid(ebbff026076216245a6e728a10c98c66) Importer(2089858483,b0f066a214c2f5e87bad3c948f4d605d) (ScriptedImporter) -> (artifact id: '88972aa9c1550191ba626fbc9ea5f408') in 0.0057859 seconds
Number of updated asset objects reloaded before import = 0Number of asset objects unloaded after import = 0

========================================================================
Received Import Request.
  Time since last request: 0.000026 seconds.
  path: Packages/com.unity.render-pipelines.core/Editor/Lighting/ProbeVolume/SerializedProbeVolume.cs
  artifactKey: Guid(607368a9ed90f52428f3c33ecfee10f4) Importer(2089858483,b0f066a214c2f5e87bad3c948f4d605d)
Start importing Packages/com.unity.render-pipelines.core/Editor/Lighting/ProbeVolume/SerializedProbeVolume.cs using Guid(607368a9ed90f52428f3c33ecfee10f4) Importer(2089858483,b0f066a214c2f5e87bad3c948f4d605d) (ScriptedImporter) -> (artifact id: 'c09e224ccf0126bcd86cce65078375a1') in 0.0075847 seconds
Number of updated asset objects reloaded before import = 0Number of asset objects unloaded after import = 0

========================================================================
Received Import Request.
  Time since last request: 0.000016 seconds.
  path: Packages/com.unity.render-pipelines.core/Runtime/Lighting/ProbeVolume/ProbeBrickIndex.cs
  artifactKey: Guid(c1a832f1bbd6c0248844c604b55947b0) Importer(2089858483,b0f066a214c2f5e87bad3c948f4d605d)
Start importing Packages/com.unity.render-pipelines.core/Runtime/Lighting/ProbeVolume/ProbeBrickIndex.cs using Guid(c1a832f1bbd6c0248844c604b55947b0) Importer(2089858483,b0f066a214c2f5e87bad3c948f4d605d) (ScriptedImporter) -> (artifact id: '333ffc8e84faf402b40a2dbf10d05945') in 0.0057836 seconds
Number of updated asset objects reloaded before import = 0Number of asset objects unloaded after import = 0

========================================================================
Received Import Request.
  Time since last request: 0.000018 seconds.
  path: Packages/com.unity.render-pipelines.core/Runtime/RenderPipelineResources/Mesh/UnityMaterialBall.fbx
  artifactKey: Guid(39857cfad1651644682ff5b772e6e697) Importer(2089858483,b0f066a214c2f5e87bad3c948f4d605d)
Start importing Packages/com.unity.render-pipelines.core/Runtime/RenderPipelineResources/Mesh/UnityMaterialBall.fbx using Guid(39857cfad1651644682ff5b772e6e697) Importer(2089858483,b0f066a214c2f5e87bad3c948f4d605d) (ScriptedImporter) -> (artifact id: 'c1be25b50151f068bbb1e5327a3b991d') in 0.0471169 seconds
Number of updated asset objects reloaded before import = 0Number of asset objects unloaded after import = 63

========================================================================
Received Import Request.
  Time since last request: 0.000027 seconds.
  path: Packages/com.unity.render-pipelines.core/Runtime/ShaderLibrary/Sampling/Hammersley.cs
  artifactKey: Guid(7077736c6db220545a0193859607ac8b) Importer(2089858483,b0f066a214c2f5e87bad3c948f4d605d)
Start importing Packages/com.unity.render-pipelines.core/Runtime/ShaderLibrary/Sampling/Hammersley.cs using Guid(7077736c6db220545a0193859607ac8b) Importer(2089858483,b0f066a214c2f5e87bad3c948f4d605d) (ScriptedImporter) -> (artifact id: '050b3e7ccbe4071c53bc9e10f1d6ee87') in 0.0069188 seconds
Number of updated asset objects reloaded before import = 0Number of asset objects unloaded after import = 0

========================================================================
Received Import Request.
  Time since last request: 0.000016 seconds.
  path: Packages/com.unity.render-pipelines.core/Runtime/Lighting/ProbeVolume/ProbeReferenceVolume.Streaming.cs.hlsl
  artifactKey: Guid(2675e3c7f72788145b4a5bc872a75211) Importer(2089858483,b0f066a214c2f5e87bad3c948f4d605d)
Start importing Packages/com.unity.render-pipelines.core/Runtime/Lighting/ProbeVolume/ProbeReferenceVolume.Streaming.cs.hlsl using Guid(2675e3c7f72788145b4a5bc872a75211) Importer(2089858483,b0f066a214c2f5e87bad3c948f4d605d) (ScriptedImporter) -> (artifact id: '2fd713006b2c1ef675fe1fb69fe974da') in 0.0078677 seconds
Number of updated asset objects reloaded before import = 0Number of asset objects unloaded after import = 1

========================================================================
Received Import Request.
  Time since last request: 0.000015 seconds.
  path: Packages/com.unity.render-pipelines.core/Runtime/Lighting/ProbeVolume/ProbeVolumePositioning.cs
  artifactKey: Guid(a55ec696682683040ab8b67b9175f1a0) Importer(2089858483,b0f066a214c2f5e87bad3c948f4d605d)
Start importing Packages/com.unity.render-pipelines.core/Runtime/Lighting/ProbeVolume/ProbeVolumePositioning.cs using Guid(a55ec696682683040ab8b67b9175f1a0) Importer(2089858483,b0f066a214c2f5e87bad3c948f4d605d) (ScriptedImporter) -> (artifact id: '41e3dc5f4d3c83a4d2cf9fee96d43afd') in 0.0068156 seconds
Number of updated asset objects reloaded before import = 0Number of asset objects unloaded after import = 0

========================================================================
Received Import Request.
  Time since last request: 0.000022 seconds.
  path: Packages/com.unity.render-pipelines.core/Runtime/RenderGraph/Compiler/NativePassCompiler.Debug.cs
  artifactKey: Guid(561c70ed7293cf146a66e647cdf30e62) Importer(2089858483,b0f066a214c2f5e87bad3c948f4d605d)
Start importing Packages/com.unity.render-pipelines.core/Runtime/RenderGraph/Compiler/NativePassCompiler.Debug.cs using Guid(561c70ed7293cf146a66e647cdf30e62) Importer(2089858483,b0f066a214c2f5e87bad3c948f4d605d) (ScriptedImporter) -> (artifact id: '30695942d93f3553e17ab0c17c6a5ff3') in 0.0075667 seconds
Number of updated asset objects reloaded before import = 0Number of asset objects unloaded after import = 0

========================================================================
Received Import Request.
  Time since last request: 0.000025 seconds.
  path: Packages/com.unity.render-pipelines.core/Runtime/GPUDriven/Utilities/MemoryUtilities.cs
  artifactKey: Guid(ce2eb19ed182ce44292cdf33f8191ec8) Importer(2089858483,b0f066a214c2f5e87bad3c948f4d605d)
Start importing Packages/com.unity.render-pipelines.core/Runtime/GPUDriven/Utilities/MemoryUtilities.cs using Guid(ce2eb19ed182ce44292cdf33f8191ec8) Importer(2089858483,b0f066a214c2f5e87bad3c948f4d605d) (ScriptedImporter) -> (artifact id: '35f0dc60b4a3a14e681653e7dbab6824') in 0.00623 seconds
Number of updated asset objects reloaded before import = 0Number of asset objects unloaded after import = 0

========================================================================
Received Import Request.
  Time since last request: 0.000016 seconds.
  path: Packages/com.unity.render-pipelines.core/Runtime/Lighting/ProbeVolume/ProbeReferenceVolume.cs
  artifactKey: Guid(5206b91ddf5158c47918dbb51d045103) Importer(2089858483,b0f066a214c2f5e87bad3c948f4d605d)
Start importing Packages/com.unity.render-pipelines.core/Runtime/Lighting/ProbeVolume/ProbeReferenceVolume.cs using Guid(5206b91ddf5158c47918dbb51d045103) Importer(2089858483,b0f066a214c2f5e87bad3c948f4d605d) (ScriptedImporter) -> (artifact id: 'c219afb3957714b0a61029b45a2f66bf') in 0.0062772 seconds
Number of updated asset objects reloaded before import = 0Number of asset objects unloaded after import = 0

========================================================================
Received Import Request.
  Time since last request: 0.000018 seconds.
  path: Packages/com.unity.render-pipelines.core/Runtime/Lighting/ProbeVolume/ProbeVolumeConstantRuntimeResources.cs
  artifactKey: Guid(048170d3a5da040f2b4a67567f20e84d) Importer(2089858483,b0f066a214c2f5e87bad3c948f4d605d)
Start importing Packages/com.unity.render-pipelines.core/Runtime/Lighting/ProbeVolume/ProbeVolumeConstantRuntimeResources.cs using Guid(048170d3a5da040f2b4a67567f20e84d) Importer(2089858483,b0f066a214c2f5e87bad3c948f4d605d) (ScriptedImporter) -> (artifact id: '94a7ade043a1efaa1aac8dea3732a6af') in 0.006071 seconds
Number of updated asset objects reloaded before import = 0Number of asset objects unloaded after import = 0

========================================================================
Received Import Request.
  Time since last request: 0.000025 seconds.
  path: Packages/com.unity.render-pipelines.core/Runtime/Lighting/ProbeVolume/ProbeVolumeBlendStates.hlsl
  artifactKey: Guid(e478f7f7b57c7ab46a2933b408f63161) Importer(2089858483,b0f066a214c2f5e87bad3c948f4d605d)
Start importing Packages/com.unity.render-pipelines.core/Runtime/Lighting/ProbeVolume/ProbeVolumeBlendStates.hlsl using Guid(e478f7f7b57c7ab46a2933b408f63161) Importer(2089858483,b0f066a214c2f5e87bad3c948f4d605d) (ScriptedImporter) -> (artifact id: '728c0f521ad98943668238e3a5a834b0') in 0.0064042 seconds
Number of updated asset objects reloaded before import = 0Number of asset objects unloaded after import = 1

========================================================================
Received Import Request.
  Time since last request: 0.000016 seconds.
  path: Packages/com.unity.render-pipelines.core/Runtime/Lighting/ProbeVolume/ProbeReferenceVolume.Binding.cs
  artifactKey: Guid(c4a7a8f9379dbb4489b78bae7d001713) Importer(2089858483,b0f066a214c2f5e87bad3c948f4d605d)
Start importing Packages/com.unity.render-pipelines.core/Runtime/Lighting/ProbeVolume/ProbeReferenceVolume.Binding.cs using Guid(c4a7a8f9379dbb4489b78bae7d001713) Importer(2089858483,b0f066a214c2f5e87bad3c948f4d605d) (ScriptedImporter) -> (artifact id: '22d75867c7b9c4e887d93932126b1330') in 0.0058634 seconds
Number of updated asset objects reloaded before import = 0Number of asset objects unloaded after import = 0

========================================================================
Received Import Request.
  Time since last request: 0.000016 seconds.
  path: Packages/com.unity.render-pipelines.core/Runtime/Lighting/ProbeVolume/ProbeReferenceVolume.Debug.cs.hlsl
  artifactKey: Guid(f6e06ceb4cc6a38458f4b614e8000dc8) Importer(2089858483,b0f066a214c2f5e87bad3c948f4d605d)
Start importing Packages/com.unity.render-pipelines.core/Runtime/Lighting/ProbeVolume/ProbeReferenceVolume.Debug.cs.hlsl using Guid(f6e06ceb4cc6a38458f4b614e8000dc8) Importer(2089858483,b0f066a214c2f5e87bad3c948f4d605d) (ScriptedImporter) -> (artifact id: 'b002d9fb6e2262ca38556024de552a88') in 0.0060549 seconds
Number of updated asset objects reloaded before import = 0Number of asset objects unloaded after import = 1

========================================================================
Received Import Request.
  Time since last request: 0.000018 seconds.
  path: Packages/com.unity.render-pipelines.core/Runtime/GPUDriven/InstanceData/InstanceWindDataUpdateDefs.cs
  artifactKey: Guid(e2393c2c53c02d24b9313fde572f87af) Importer(2089858483,b0f066a214c2f5e87bad3c948f4d605d)
Start importing Packages/com.unity.render-pipelines.core/Runtime/GPUDriven/InstanceData/InstanceWindDataUpdateDefs.cs using Guid(e2393c2c53c02d24b9313fde572f87af) Importer(2089858483,b0f066a214c2f5e87bad3c948f4d605d) (ScriptedImporter) -> (artifact id: '41e199db7087e759552244ac15a745b9') in 0.0059117 seconds
Number of updated asset objects reloaded before import = 0Number of asset objects unloaded after import = 0

========================================================================
Received Import Request.
  Time since last request: 0.000025 seconds.
  path: Packages/com.unity.render-pipelines.core/Runtime/RenderPipelineResources/GPUDriven/InstanceOcclusionCullingKernels.compute
  artifactKey: Guid(f6d223acabc2f974795a5a7864b50e6c) Importer(2089858483,b0f066a214c2f5e87bad3c948f4d605d)
Start importing Packages/com.unity.render-pipelines.core/Runtime/RenderPipelineResources/GPUDriven/InstanceOcclusionCullingKernels.compute using Guid(f6d223acabc2f974795a5a7864b50e6c) Importer(2089858483,b0f066a214c2f5e87bad3c948f4d605d) (ScriptedImporter) -> (artifact id: '64d67143b94e4e65d57645b170560746') in 0.0062563 seconds
Number of updated asset objects reloaded before import = 0Number of asset objects unloaded after import = 0

========================================================================
Received Import Request.
  Time since last request: 0.000016 seconds.
  path: Packages/com.unity.render-pipelines.core/Runtime/RenderGraph/Compiler/NativePassCompiler.cs
  artifactKey: Guid(d9e07f4b3f2788f4aabcef3bf810e3cc) Importer(2089858483,b0f066a214c2f5e87bad3c948f4d605d)
Start importing Packages/com.unity.render-pipelines.core/Runtime/RenderGraph/Compiler/NativePassCompiler.cs using Guid(d9e07f4b3f2788f4aabcef3bf810e3cc) Importer(2089858483,b0f066a214c2f5e87bad3c948f4d605d) (ScriptedImporter) -> (artifact id: 'b49a61b864b477ae3fa102859e3fca07') in 0.0059258 seconds
Number of updated asset objects reloaded before import = 0Number of asset objects unloaded after import = 0

========================================================================
Received Import Request.
  Time since last request: 0.000015 seconds.
  path: Packages/com.unity.render-pipelines.core/Runtime/PostProcessing/Shaders/LensFlareCommon.hlsl
  artifactKey: Guid(a279154a65cb87e46a9922aeaf9b7bc4) Importer(2089858483,b0f066a214c2f5e87bad3c948f4d605d)
Start importing Packages/com.unity.render-pipelines.core/Runtime/PostProcessing/Shaders/LensFlareCommon.hlsl using Guid(a279154a65cb87e46a9922aeaf9b7bc4) Importer(2089858483,b0f066a214c2f5e87bad3c948f4d605d) (ScriptedImporter) -> (artifact id: '8672ba0c86354658c1a86ac3fd194851') in 0.0057462 seconds
Number of updated asset objects reloaded before import = 0Number of asset objects unloaded after import = 1

========================================================================
Received Import Request.
  Time since last request: 0.000019 seconds.
  path: Packages/com.unity.render-pipelines.core/Runtime/RenderPipelineResources/Mesh/SamplesSpotlightModel.fbx
  artifactKey: Guid(4e8732d4875cc0647b52b55a218072b6) Importer(2089858483,b0f066a214c2f5e87bad3c948f4d605d)
Start importing Packages/com.unity.render-pipelines.core/Runtime/RenderPipelineResources/Mesh/SamplesSpotlightModel.fbx using Guid(4e8732d4875cc0647b52b55a218072b6) Importer(2089858483,b0f066a214c2f5e87bad3c948f4d605d) (ScriptedImporter) -> (artifact id: '75910700bac3abd0993384df965405ea') in 0.0204581 seconds
Number of updated asset objects reloaded before import = 0Number of asset objects unloaded after import = 42

========================================================================
Received Import Request.
  Time since last request: 0.000025 seconds.
  path: Packages/com.unity.render-pipelines.core/Runtime/PostProcessing/Shaders/LensFlareScreenSpaceCommon.hlsl
  artifactKey: Guid(afe55daff42455e4eb6a40e34678a418) Importer(2089858483,b0f066a214c2f5e87bad3c948f4d605d)
Start importing Packages/com.unity.render-pipelines.core/Runtime/PostProcessing/Shaders/LensFlareScreenSpaceCommon.hlsl using Guid(afe55daff42455e4eb6a40e34678a418) Importer(2089858483,b0f066a214c2f5e87bad3c948f4d605d) (ScriptedImporter) -> (artifact id: 'b7fafc9f86db12a824f6df3f09e1da8c') in 0.0066373 seconds
Number of updated asset objects reloaded before import = 0Number of asset objects unloaded after import = 1

========================================================================
Received Import Request.
  Time since last request: 0.000016 seconds.
  path: Packages/com.unity.render-pipelines.core/Runtime/RenderPipelineResources/GPUDriven/OcclusionCullingDebug.compute
  artifactKey: Guid(b23e766bcf50ca4438ef186b174557df) Importer(2089858483,b0f066a214c2f5e87bad3c948f4d605d)
Start importing Packages/com.unity.render-pipelines.core/Runtime/RenderPipelineResources/GPUDriven/OcclusionCullingDebug.compute using Guid(b23e766bcf50ca4438ef186b174557df) Importer(2089858483,b0f066a214c2f5e87bad3c948f4d605d) (ScriptedImporter) -> (artifact id: '6537b9d8a1752e9ce8489cbb4b71b526') in 0.0071882 seconds
Number of updated asset objects reloaded before import = 0Number of asset objects unloaded after import = 0

========================================================================
Received Import Request.
  Time since last request: 0.000020 seconds.
  path: Packages/com.unity.render-pipelines.core/Runtime/RenderGraph/Compiler/CompilerContextData.cs
  artifactKey: Guid(9a36f55a31b6ea349b4423fdae1c5e5b) Importer(2089858483,b0f066a214c2f5e87bad3c948f4d605d)
Start importing Packages/com.unity.render-pipelines.core/Runtime/RenderGraph/Compiler/CompilerContextData.cs using Guid(9a36f55a31b6ea349b4423fdae1c5e5b) Importer(2089858483,b0f066a214c2f5e87bad3c948f4d605d) (ScriptedImporter) -> (artifact id: '2393b4073bbe63bc540ebe2df57d8474') in 0.0078572 seconds
Number of updated asset objects reloaded before import = 0Number of asset objects unloaded after import = 0

========================================================================
Received Import Request.
  Time since last request: 0.000026 seconds.
  path: Packages/com.unity.render-pipelines.core/Runtime/PostProcessing/Shaders/FSRCommon.hlsl
  artifactKey: Guid(ee30e890854422d4c85fb895d34e2a53) Importer(2089858483,b0f066a214c2f5e87bad3c948f4d605d)
Start importing Packages/com.unity.render-pipelines.core/Runtime/PostProcessing/Shaders/FSRCommon.hlsl using Guid(ee30e890854422d4c85fb895d34e2a53) Importer(2089858483,b0f066a214c2f5e87bad3c948f4d605d) (ScriptedImporter) -> (artifact id: '65ea9134d66d131ba746511f7bcfcea4') in 0.0080649 seconds
Number of updated asset objects reloaded before import = 0Number of asset objects unloaded after import = 1

========================================================================
Received Import Request.
  Time since last request: 0.000025 seconds.
  path: Packages/com.unity.render-pipelines.core/Runtime/Lighting/ProbeVolume/ProbeReferenceVolume.Debug.cs
  artifactKey: Guid(2f2e5e8e23a1880449ebe8c1baaa136f) Importer(2089858483,b0f066a214c2f5e87bad3c948f4d605d)
Start importing Packages/com.unity.render-pipelines.core/Runtime/Lighting/ProbeVolume/ProbeReferenceVolume.Debug.cs using Guid(2f2e5e8e23a1880449ebe8c1baaa136f) Importer(2089858483,b0f066a214c2f5e87bad3c948f4d605d) (ScriptedImporter) -> (artifact id: '382d30b6143a6f7894cb1c2d777380e9') in 0.0059544 seconds
Number of updated asset objects reloaded before import = 0Number of asset objects unloaded after import = 0

========================================================================
Received Import Request.
  Time since last request: 0.000025 seconds.
  path: Packages/com.unity.render-pipelines.core/Runtime/Lighting/ProbeVolume/DecodeSH.hlsl
  artifactKey: Guid(6646f462aeb8278489c25fda24fd2db8) Importer(2089858483,b0f066a214c2f5e87bad3c948f4d605d)
Start importing Packages/com.unity.render-pipelines.core/Runtime/Lighting/ProbeVolume/DecodeSH.hlsl using Guid(6646f462aeb8278489c25fda24fd2db8) Importer(2089858483,b0f066a214c2f5e87bad3c948f4d605d) (ScriptedImporter) -> (artifact id: '01c5f54c93063168fb4cf73a4b2b4695') in 0.0058933 seconds
Number of updated asset objects reloaded before import = 0Number of asset objects unloaded after import = 1

========================================================================
Received Import Request.
  Time since last request: 0.000028 seconds.
  path: Packages/com.unity.render-pipelines.core/Runtime/UnifiedRayTracing/Compute/BLASPositionsPool.cs
  artifactKey: Guid(e633faaa7fc13ca42afbbd3359354b1a) Importer(2089858483,b0f066a214c2f5e87bad3c948f4d605d)
Start importing Packages/com.unity.render-pipelines.core/Runtime/UnifiedRayTracing/Compute/BLASPositionsPool.cs using Guid(e633faaa7fc13ca42afbbd3359354b1a) Importer(2089858483,b0f066a214c2f5e87bad3c948f4d605d) (ScriptedImporter) -> (artifact id: 'f9987065cec9a1b151bec5eb9da06c0f') in 0.0057621 seconds
Number of updated asset objects reloaded before import = 0Number of asset objects unloaded after import = 0

========================================================================
Received Import Request.
  Time since last request: 0.000019 seconds.
  path: Packages/com.unity.render-pipelines.core/Runtime/Lighting/ProbeVolume/ProbeAdjustmentVolume.cs
  artifactKey: Guid(55f90731af2ebc94fb7fdaebe2a9a409) Importer(2089858483,b0f066a214c2f5e87bad3c948f4d605d)
Start importing Packages/com.unity.render-pipelines.core/Runtime/Lighting/ProbeVolume/ProbeAdjustmentVolume.cs using Guid(55f90731af2ebc94fb7fdaebe2a9a409) Importer(2089858483,b0f066a214c2f5e87bad3c948f4d605d) (ScriptedImporter) -> (artifact id: '8ee83647683d06be5b9b5f8b02005b55') in 0.0068095 seconds
Number of updated asset objects reloaded before import = 0Number of asset objects unloaded after import = 0

========================================================================
Received Import Request.
  Time since last request: 0.000020 seconds.
  path: Packages/com.unity.render-pipelines.core/Runtime/GPUDriven/InstanceData/InstanceWindDataUpdateDefs.cs.hlsl
  artifactKey: Guid(f267e53cd6dfdee4c820be8c35548ffe) Importer(2089858483,b0f066a214c2f5e87bad3c948f4d605d)
Start importing Packages/com.unity.render-pipelines.core/Runtime/GPUDriven/InstanceData/InstanceWindDataUpdateDefs.cs.hlsl using Guid(f267e53cd6dfdee4c820be8c35548ffe) Importer(2089858483,b0f066a214c2f5e87bad3c948f4d605d) (ScriptedImporter) -> (artifact id: '6c829c1f8da43714ca1d7e2a292e03e2') in 0.0061135 seconds
Number of updated asset objects reloaded before import = 0Number of asset objects unloaded after import = 1

========================================================================
Received Import Request.
  Time since last request: 0.000024 seconds.
  path: Packages/com.unity.render-pipelines.core/Editor/LookDev/Icons/d_LayoutCustom.png
  artifactKey: Guid(8c3a606a4a147a34c952b98bf038c662) Importer(2089858483,b0f066a214c2f5e87bad3c948f4d605d)
Start importing Packages/com.unity.render-pipelines.core/Editor/LookDev/Icons/d_LayoutCustom.png using Guid(8c3a606a4a147a34c952b98bf038c662) Importer(2089858483,b0f066a214c2f5e87bad3c948f4d605d) (ScriptedImporter) -> (artifact id: '42e0396ef0286b8c2efbf0c4f5b266c3') in 0.0156261 seconds
Number of updated asset objects reloaded before import = 0Number of asset objects unloaded after import = 3

========================================================================
Received Import Request.
  Time since last request: 0.000017 seconds.
  path: Packages/com.unity.render-pipelines.core/Editor/Icons/MipLevels/d_RenderPipelineResources@16.png
  artifactKey: Guid(adc1ce28e3842cd46b0a08e5ac86a647) Importer(2089858483,b0f066a214c2f5e87bad3c948f4d605d)
Start importing Packages/com.unity.render-pipelines.core/Editor/Icons/MipLevels/d_RenderPipelineResources@16.png using Guid(adc1ce28e3842cd46b0a08e5ac86a647) Importer(2089858483,b0f066a214c2f5e87bad3c948f4d605d) (ScriptedImporter) -> (artifact id: '19bb89b3969ed6bf35d45afd24537417') in 0.0114392 seconds
Number of updated asset objects reloaded before import = 0Number of asset objects unloaded after import = 1

========================================================================
Received Import Request.
  Time since last request: 0.000019 seconds.
  path: Packages/com.unity.render-pipelines.core/Editor/LookDev/Icons/SunPosition.png
  artifactKey: Guid(aa1dfcb67e8bf664d8d8a1821c118281) Importer(2089858483,b0f066a214c2f5e87bad3c948f4d605d)
Start importing Packages/com.unity.render-pipelines.core/Editor/LookDev/Icons/SunPosition.png using Guid(aa1dfcb67e8bf664d8d8a1821c118281) Importer(2089858483,b0f066a214c2f5e87bad3c948f4d605d) (ScriptedImporter) -> (artifact id: '7131c7a558796883d51487a2e18212e0') in 0.0121621 seconds
Number of updated asset objects reloaded before import = 0Number of asset objects unloaded after import = 3

========================================================================
Received Import Request.
  Time since last request: 0.000029 seconds.
  path: Packages/com.unity.render-pipelines.core/Runtime/UnifiedRayTracing/Hardware/HardwareRayTracingAccelStruct.cs
  artifactKey: Guid(6170611547c16f24cb5d5878364fc42d) Importer(2089858483,b0f066a214c2f5e87bad3c948f4d605d)
Start importing Packages/com.unity.render-pipelines.core/Runtime/UnifiedRayTracing/Hardware/HardwareRayTracingAccelStruct.cs using Guid(6170611547c16f24cb5d5878364fc42d) Importer(2089858483,b0f066a214c2f5e87bad3c948f4d605d) (ScriptedImporter) -> (artifact id: '369864b1bd226762df5d4c714a7dbfba') in 0.0069553 seconds
Number of updated asset objects reloaded before import = 0Number of asset objects unloaded after import = 0

========================================================================
Received Import Request.
  Time since last request: 0.000018 seconds.
  path: Packages/com.unity.render-pipelines.core/Runtime/UnifiedRayTracing/Hardware/HardwareRayTracingBackend.cs
  artifactKey: Guid(5b5b3e229e218a448ae4b7fa04df3b32) Importer(2089858483,b0f066a214c2f5e87bad3c948f4d605d)
Start importing Packages/com.unity.render-pipelines.core/Runtime/UnifiedRayTracing/Hardware/HardwareRayTracingBackend.cs using Guid(5b5b3e229e218a448ae4b7fa04df3b32) Importer(2089858483,b0f066a214c2f5e87bad3c948f4d605d) (ScriptedImporter) -> (artifact id: '2cff3ee9dc6aa41757167669678854b0') in 0.0066678 seconds
Number of updated asset objects reloaded before import = 0Number of asset objects unloaded after import = 0

========================================================================
Received Import Request.
  Time since last request: 0.000019 seconds.
  path: Packages/com.unity.render-pipelines.core/Editor/Icons/MipLevels/RenderGraphViewer/d_PassInspector@32.png
  artifactKey: Guid(b98f3689f42be914d9c9db64ff280951) Importer(2089858483,b0f066a214c2f5e87bad3c948f4d605d)
Start importing Packages/com.unity.render-pipelines.core/Editor/Icons/MipLevels/RenderGraphViewer/d_PassInspector@32.png using Guid(b98f3689f42be914d9c9db64ff280951) Importer(2089858483,b0f066a214c2f5e87bad3c948f4d605d) (ScriptedImporter) -> (artifact id: 'e13942a84cbbb59a33fd6de53e060663') in 0.0118245 seconds
Number of updated asset objects reloaded before import = 0Number of asset objects unloaded after import = 1

========================================================================
Received Import Request.
  Time since last request: 0.000026 seconds.
  path: Packages/com.unity.render-pipelines.core/Tests/Editor/Volumes/RenderPipelineTests.cs
  artifactKey: Guid(a4164d71cf0c4e9fa2499d85c81cf4ff) Importer(2089858483,b0f066a214c2f5e87bad3c948f4d605d)
Start importing Packages/com.unity.render-pipelines.core/Tests/Editor/Volumes/RenderPipelineTests.cs using Guid(a4164d71cf0c4e9fa2499d85c81cf4ff) Importer(2089858483,b0f066a214c2f5e87bad3c948f4d605d) (ScriptedImporter) -> (artifact id: 'a4fbae08ed65e0fe5ca8ad4c6665e9b2') in 0.0055728 seconds
Number of updated asset objects reloaded before import = 0Number of asset objects unloaded after import = 0

========================================================================
Received Import Request.
  Time since last request: 0.000016 seconds.
  path: Packages/com.unity.render-pipelines.core/Runtime/UnifiedRayTracing/Compute/RayQuerySoftware.hlsl
  artifactKey: Guid(3cae67c457a2ad24495f86529619c102) Importer(2089858483,b0f066a214c2f5e87bad3c948f4d605d)
Start importing Packages/com.unity.render-pipelines.core/Runtime/UnifiedRayTracing/Compute/RayQuerySoftware.hlsl using Guid(3cae67c457a2ad24495f86529619c102) Importer(2089858483,b0f066a214c2f5e87bad3c948f4d605d) (ScriptedImporter) -> (artifact id: '53a0291434924ceb4bce2d2fa3b05bac') in 0.00588 seconds
Number of updated asset objects reloaded before import = 0Number of asset objects unloaded after import = 1

========================================================================
Received Import Request.
  Time since last request: 0.000022 seconds.
  path: Packages/com.unity.render-pipelines.core/Editor/Lighting/Icons/LightUnitIcons/DecorativeLight.png
  artifactKey: Guid(1e2ae1a12a2a1ff498cab6444b9cd394) Importer(2089858483,b0f066a214c2f5e87bad3c948f4d605d)
Start importing Packages/com.unity.render-pipelines.core/Editor/Lighting/Icons/LightUnitIcons/DecorativeLight.png using Guid(1e2ae1a12a2a1ff498cab6444b9cd394) Importer(2089858483,b0f066a214c2f5e87bad3c948f4d605d) (ScriptedImporter) -> (artifact id: 'abadba6980a86f9e8c094817c1a3ea56') in 0.0122655 seconds
Number of updated asset objects reloaded before import = 0Number of asset objects unloaded after import = 1

========================================================================
Received Import Request.
  Time since last request: 0.000026 seconds.
  path: Packages/com.unity.render-pipelines.core/Tests/Editor/Volumes/VolumeCollectionTests.cs
  artifactKey: Guid(65f6099afeee7b1468f7acd28effa089) Importer(2089858483,b0f066a214c2f5e87bad3c948f4d605d)
Start importing Packages/com.unity.render-pipelines.core/Tests/Editor/Volumes/VolumeCollectionTests.cs using Guid(65f6099afeee7b1468f7acd28effa089) Importer(2089858483,b0f066a214c2f5e87bad3c948f4d605d) (ScriptedImporter) -> (artifact id: 'cf75e1ff9d58c1c4dc14b3823e62cfaa') in 0.0056582 seconds
Number of updated asset objects reloaded before import = 0Number of asset objects unloaded after import = 0

========================================================================
Received Import Request.
  Time since last request: 0.000017 seconds.
  path: Packages/com.unity.render-pipelines.core/Tests/Editor/RenderPipeline/RenderPipelineGraphicsSettingsStripperTests.cs
  artifactKey: Guid(9117e1a7622b88b44935fe419dbf36e1) Importer(2089858483,b0f066a214c2f5e87bad3c948f4d605d)
Start importing Packages/com.unity.render-pipelines.core/Tests/Editor/RenderPipeline/RenderPipelineGraphicsSettingsStripperTests.cs using Guid(9117e1a7622b88b44935fe419dbf36e1) Importer(2089858483,b0f066a214c2f5e87bad3c948f4d605d) (ScriptedImporter) -> (artifact id: 'f990a3a202eae122115775266f6bc759') in 0.0063272 seconds
Number of updated asset objects reloaded before import = 0Number of asset objects unloaded after import = 0

========================================================================
Received Import Request.
  Time since last request: 0.000020 seconds.
  path: Packages/com.unity.render-pipelines.core/Tests/Editor/RenderPipeline/DummyRenderPipelineGlobalSettings.cs
  artifactKey: Guid(df917bc22e044f4c95e47671dcfe9f8d) Importer(2089858483,b0f066a214c2f5e87bad3c948f4d605d)
Start importing Packages/com.unity.render-pipelines.core/Tests/Editor/RenderPipeline/DummyRenderPipelineGlobalSettings.cs using Guid(df917bc22e044f4c95e47671dcfe9f8d) Importer(2089858483,b0f066a214c2f5e87bad3c948f4d605d) (ScriptedImporter) -> (artifact id: 'f93f6b73c0bf15029aae1f3d9c327efd') in 0.0058118 seconds
Number of updated asset objects reloaded before import = 0Number of asset objects unloaded after import = 0

========================================================================
Received Import Request.
  Time since last request: 0.000026 seconds.
  path: Packages/com.unity.render-pipelines.core/Editor/Lighting/Icons/LightUnitIcons/d_BrightSky.png
  artifactKey: Guid(a543c2d2147884347a1846e862efa72f) Importer(2089858483,b0f066a214c2f5e87bad3c948f4d605d)
Start importing Packages/com.unity.render-pipelines.core/Editor/Lighting/Icons/LightUnitIcons/d_BrightSky.png using Guid(a543c2d2147884347a1846e862efa72f) Importer(2089858483,b0f066a214c2f5e87bad3c948f4d605d) (ScriptedImporter) -> (artifact id: 'c2415f2263a0448d05e66121b63d34a9') in 0.0126518 seconds
Number of updated asset objects reloaded before import = 0Number of asset objects unloaded after import = 1

========================================================================
Received Import Request.
  Time since last request: 0.000016 seconds.
  path: Packages/com.unity.render-pipelines.core/Editor/Lighting/Icons/LightUnitIcons/d_DecorativeLight.png
  artifactKey: Guid(73e9cf59769215c4892d0a8008f39737) Importer(2089858483,b0f066a214c2f5e87bad3c948f4d605d)
Start importing Packages/com.unity.render-pipelines.core/Editor/Lighting/Icons/LightUnitIcons/d_DecorativeLight.png using Guid(73e9cf59769215c4892d0a8008f39737) Importer(2089858483,b0f066a214c2f5e87bad3c948f4d605d) (ScriptedImporter) -> (artifact id: 'fd103db6061e1547b565742c513ecab9') in 0.0110139 seconds
Number of updated asset objects reloaded before import = 0Number of asset objects unloaded after import = 1

========================================================================
Received Import Request.
  Time since last request: 0.000018 seconds.
  path: Packages/com.unity.render-pipelines.core/Editor/Lighting/Icons/LightUnitIcons/BrightSky@2x.png
  artifactKey: Guid(04c70b69874deb746a4c63f1a29f7715) Importer(2089858483,b0f066a214c2f5e87bad3c948f4d605d)
Start importing Packages/com.unity.render-pipelines.core/Editor/Lighting/Icons/LightUnitIcons/BrightSky@2x.png using Guid(04c70b69874deb746a4c63f1a29f7715) Importer(2089858483,b0f066a214c2f5e87bad3c948f4d605d) (ScriptedImporter) -> (artifact id: 'df86abf730ffcb224619b1d6e23cc23d') in 0.0105517 seconds
Number of updated asset objects reloaded before import = 0Number of asset objects unloaded after import = 1

========================================================================
Received Import Request.
  Time since last request: 0.000025 seconds.
  path: Packages/com.unity.render-pipelines.core/Runtime/Vrs/Shaders/VrsTileSize.hlsl
  artifactKey: Guid(234c0613ab6043a7852e6ab1a268352a) Importer(2089858483,b0f066a214c2f5e87bad3c948f4d605d)
Start importing Packages/com.unity.render-pipelines.core/Runtime/Vrs/Shaders/VrsTileSize.hlsl using Guid(234c0613ab6043a7852e6ab1a268352a) Importer(2089858483,b0f066a214c2f5e87bad3c948f4d605d) (ScriptedImporter) -> (artifact id: 'd9c215c7b182e08850fa5b906fb56f57') in 0.0057703 seconds
Number of updated asset objects reloaded before import = 0Number of asset objects unloaded after import = 1

========================================================================
Received Import Request.
  Time since last request: 0.000016 seconds.
  path: Packages/com.unity.render-pipelines.core/Tests/Editor/GPUDriven/GPUDrivenRenderingTests.cs
  artifactKey: Guid(19d5db6c1e7ceef4aaed40e16d839598) Importer(2089858483,b0f066a214c2f5e87bad3c948f4d605d)
Start importing Packages/com.unity.render-pipelines.core/Tests/Editor/GPUDriven/GPUDrivenRenderingTests.cs using Guid(19d5db6c1e7ceef4aaed40e16d839598) Importer(2089858483,b0f066a214c2f5e87bad3c948f4d605d) (ScriptedImporter) -> (artifact id: '263f7f55d81e8439410f9464c51b34a7') in 0.0059847 seconds
Number of updated asset objects reloaded before import = 0Number of asset objects unloaded after import = 0

========================================================================
Received Import Request.
  Time since last request: 0.000019 seconds.
  path: Packages/com.unity.render-pipelines.core/Tests/Editor/ShaderStripping/ShaderExtensionsTests.cs
  artifactKey: Guid(d398fd9774b019e42ace1eb23b805f59) Importer(2089858483,b0f066a214c2f5e87bad3c948f4d605d)
Start importing Packages/com.unity.render-pipelines.core/Tests/Editor/ShaderStripping/ShaderExtensionsTests.cs using Guid(d398fd9774b019e42ace1eb23b805f59) Importer(2089858483,b0f066a214c2f5e87bad3c948f4d605d) (ScriptedImporter) -> (artifact id: '603f0bf9a6bbd8900e13356f56e11e5f') in 0.0053785 seconds
Number of updated asset objects reloaded before import = 0Number of asset objects unloaded after import = 0

========================================================================
Received Import Request.
  Time since last request: 0.000028 seconds.
  path: Packages/com.unity.render-pipelines.core/Runtime/Utilities/GPUSort/GPUSort.Data.cs
  artifactKey: Guid(6ae7551dd2f145dabc729526be5a6a2f) Importer(2089858483,b0f066a214c2f5e87bad3c948f4d605d)
Start importing Packages/com.unity.render-pipelines.core/Runtime/Utilities/GPUSort/GPUSort.Data.cs using Guid(6ae7551dd2f145dabc729526be5a6a2f) Importer(2089858483,b0f066a214c2f5e87bad3c948f4d605d) (ScriptedImporter) -> (artifact id: '51df73e3aab5853a80d006c4827582d6') in 0.0062007 seconds
Number of updated asset objects reloaded before import = 0Number of asset objects unloaded after import = 0

========================================================================
Received Import Request.
  Time since last request: 0.000021 seconds.
  path: Packages/com.unity.render-pipelines.core/Editor/Icons/MipLevels/RenderGraphViewer/d_Resources@32.png
  artifactKey: Guid(00a734322b2ba1249b58c24b688b3108) Importer(2089858483,b0f066a214c2f5e87bad3c948f4d605d)
Start importing Packages/com.unity.render-pipelines.core/Editor/Icons/MipLevels/RenderGraphViewer/d_Resources@32.png using Guid(00a734322b2ba1249b58c24b688b3108) Importer(2089858483,b0f066a214c2f5e87bad3c948f4d605d) (ScriptedImporter) -> (artifact id: '0c9e7b0d2ca64ed2ea77d268aef1c515') in 0.0118344 seconds
Number of updated asset objects reloaded before import = 0Number of asset objects unloaded after import = 1

========================================================================
Received Import Request.
  Time since last request: 0.000018 seconds.
  path: Packages/com.unity.render-pipelines.core/Tests/Runtime/Threading/FunctionTests.cs
  artifactKey: Guid(59c8a12d341e781489ab4c7b1815b241) Importer(2089858483,b0f066a214c2f5e87bad3c948f4d605d)
Start importing Packages/com.unity.render-pipelines.core/Tests/Runtime/Threading/FunctionTests.cs using Guid(59c8a12d341e781489ab4c7b1815b241) Importer(2089858483,b0f066a214c2f5e87bad3c948f4d605d) (ScriptedImporter) -> (artifact id: 'a79b7ec4cb6fc9edb46e3e263c01c234') in 0.005695 seconds
Number of updated asset objects reloaded before import = 0Number of asset objects unloaded after import = 0

========================================================================
Received Import Request.
  Time since last request: 0.000026 seconds.
  path: Packages/com.unity.render-pipelines.core/Tests/Editor/Debugging/GetItemTests.cs
  artifactKey: Guid(910d5b0536f6ed44a8ce8618000af3db) Importer(2089858483,b0f066a214c2f5e87bad3c948f4d605d)
Start importing Packages/com.unity.render-pipelines.core/Tests/Editor/Debugging/GetItemTests.cs using Guid(910d5b0536f6ed44a8ce8618000af3db) Importer(2089858483,b0f066a214c2f5e87bad3c948f4d605d) (ScriptedImporter) -> (artifact id: '6c62424bb44df4dee2b42a0f7a00877b') in 0.0056334 seconds
Number of updated asset objects reloaded before import = 0Number of asset objects unloaded after import = 0

========================================================================
Received Import Request.
  Time since last request: 0.000018 seconds.
  path: Packages/com.unity.render-pipelines.core/Runtime/Vrs/Shaders/VrsImage.hlsl
  artifactKey: Guid(3cc7957ff84646bbbb849b88919e2109) Importer(2089858483,b0f066a214c2f5e87bad3c948f4d605d)
Start importing Packages/com.unity.render-pipelines.core/Runtime/Vrs/Shaders/VrsImage.hlsl using Guid(3cc7957ff84646bbbb849b88919e2109) Importer(2089858483,b0f066a214c2f5e87bad3c948f4d605d) (ScriptedImporter) -> (artifact id: '6070c87bf20ac1af36d08d6d7f6e6e6e') in 0.0058471 seconds
Number of updated asset objects reloaded before import = 0Number of asset objects unloaded after import = 1

========================================================================
Received Import Request.
  Time since last request: 0.000019 seconds.
  path: Packages/com.unity.render-pipelines.core/Runtime/Vrs/Shaders/VrsMainTex.hlsl
  artifactKey: Guid(08b9525dab8d497cb640174e593275d1) Importer(2089858483,b0f066a214c2f5e87bad3c948f4d605d)
Start importing Packages/com.unity.render-pipelines.core/Runtime/Vrs/Shaders/VrsMainTex.hlsl using Guid(08b9525dab8d497cb640174e593275d1) Importer(2089858483,b0f066a214c2f5e87bad3c948f4d605d) (ScriptedImporter) -> (artifact id: 'ba502f287c02f9b0edece321b1e2706b') in 0.0070879 seconds
Number of updated asset objects reloaded before import = 0Number of asset objects unloaded after import = 1

========================================================================
Received Import Request.
  Time since last request: 0.000033 seconds.
  path: Packages/com.unity.render-pipelines.core/Editor/Icons/MipLevels/RenderGraphViewer/PassInspector@32.png
  artifactKey: Guid(b9ac6ad13d9312941912fc855a3bcc41) Importer(2089858483,b0f066a214c2f5e87bad3c948f4d605d)
Start importing Packages/com.unity.render-pipelines.core/Editor/Icons/MipLevels/RenderGraphViewer/PassInspector@32.png using Guid(b9ac6ad13d9312941912fc855a3bcc41) Importer(2089858483,b0f066a214c2f5e87bad3c948f4d605d) (ScriptedImporter) -> (artifact id: 'b76fc20a288aef857b4ef9e716ccb4e7') in 0.0184356 seconds
Number of updated asset objects reloaded before import = 0Number of asset objects unloaded after import = 1

========================================================================
Received Import Request.
  Time since last request: 0.000016 seconds.
  path: Packages/com.unity.render-pipelines.core/Tests/Editor/XR/XRLayoutTests.cs
  artifactKey: Guid(0962482855590ee4cbfb66b12d3cf1ad) Importer(2089858483,b0f066a214c2f5e87bad3c948f4d605d)
Start importing Packages/com.unity.render-pipelines.core/Tests/Editor/XR/XRLayoutTests.cs using Guid(0962482855590ee4cbfb66b12d3cf1ad) Importer(2089858483,b0f066a214c2f5e87bad3c948f4d605d) (ScriptedImporter) -> (artifact id: '315349b9dfd6422ca4f79364f27e5bc9') in 0.0069724 seconds
Number of updated asset objects reloaded before import = 0Number of asset objects unloaded after import = 0

========================================================================
Received Import Request.
  Time since last request: 0.000021 seconds.
  path: Packages/com.unity.render-pipelines.core/Editor/Lighting/Icons/LightUnitIcons/d_ClearSky@2x.png
  artifactKey: Guid(490d69b278eff784b85feca736d57389) Importer(2089858483,b0f066a214c2f5e87bad3c948f4d605d)
Start importing Packages/com.unity.render-pipelines.core/Editor/Lighting/Icons/LightUnitIcons/d_ClearSky@2x.png using Guid(490d69b278eff784b85feca736d57389) Importer(2089858483,b0f066a214c2f5e87bad3c948f4d605d) (ScriptedImporter) -> (artifact id: '61d1163f1e6e04b27632d4afa48a803d') in 0.011041 seconds
Number of updated asset objects reloaded before import = 0Number of asset objects unloaded after import = 1

========================================================================
Received Import Request.
  Time since last request: 0.000025 seconds.
  path: Packages/com.unity.render-pipelines.core/Tests/Editor/ShaderStripping/DummyPipelineShader.shader
  artifactKey: Guid(61e53729ad706d049b12a441f328fe34) Importer(2089858483,b0f066a214c2f5e87bad3c948f4d605d)
Start importing Packages/com.unity.render-pipelines.core/Tests/Editor/ShaderStripping/DummyPipelineShader.shader using Guid(61e53729ad706d049b12a441f328fe34) Importer(2089858483,b0f066a214c2f5e87bad3c948f4d605d) (ScriptedImporter) -> (artifact id: 'fd33887dd768588e1f843e9634caad07') in 0.0071065 seconds
Number of updated asset objects reloaded before import = 0Number of asset objects unloaded after import = 1

========================================================================
Received Import Request.
  Time since last request: 0.000016 seconds.
  path: Packages/com.unity.render-pipelines.core/Tests/Editor/Analytics/AnalyticsUtilsTest.cs
  artifactKey: Guid(3c5629833fc66a8429b658d89b3d88e9) Importer(2089858483,b0f066a214c2f5e87bad3c948f4d605d)
Start importing Packages/com.unity.render-pipelines.core/Tests/Editor/Analytics/AnalyticsUtilsTest.cs using Guid(3c5629833fc66a8429b658d89b3d88e9) Importer(2089858483,b0f066a214c2f5e87bad3c948f4d605d) (ScriptedImporter) -> (artifact id: '54374ab38926fadbf1846f47ab37f74e') in 0.0056107 seconds
Number of updated asset objects reloaded before import = 0Number of asset objects unloaded after import = 0

========================================================================
Received Import Request.
  Time since last request: 0.000018 seconds.
  path: Packages/com.unity.render-pipelines.core/Editor/Lighting/Icons/LightUnitIcons/d_DecorativeLight@2x.png
  artifactKey: Guid(e194061ed57dcf6478bc4a4079ac3998) Importer(2089858483,b0f066a214c2f5e87bad3c948f4d605d)
Start importing Packages/com.unity.render-pipelines.core/Editor/Lighting/Icons/LightUnitIcons/d_DecorativeLight@2x.png using Guid(e194061ed57dcf6478bc4a4079ac3998) Importer(2089858483,b0f066a214c2f5e87bad3c948f4d605d) (ScriptedImporter) -> (artifact id: 'a3d87128125722035326c414718662f0') in 0.0118952 seconds
Number of updated asset objects reloaded before import = 0Number of asset objects unloaded after import = 1

========================================================================
Received Import Request.
  Time since last request: 0.000025 seconds.
  path: Packages/com.unity.render-pipelines.core/Editor/Lighting/Icons/LightUnitIcons/ClearSky@2x.png
  artifactKey: Guid(a01d783415aa03a449e3408eb92d8505) Importer(2089858483,b0f066a214c2f5e87bad3c948f4d605d)
Start importing Packages/com.unity.render-pipelines.core/Editor/Lighting/Icons/LightUnitIcons/ClearSky@2x.png using Guid(a01d783415aa03a449e3408eb92d8505) Importer(2089858483,b0f066a214c2f5e87bad3c948f4d605d) (ScriptedImporter) -> (artifact id: '20e0c38d5fcb7e389cfb2a2da6b139a5') in 0.0144351 seconds
Number of updated asset objects reloaded before import = 0Number of asset objects unloaded after import = 1

========================================================================
Received Import Request.
  Time since last request: 0.000015 seconds.
  path: Packages/com.unity.render-pipelines.core/Editor/LookDev/Icons/LookDev@2x.png
  artifactKey: Guid(bd76726ffb1eb94429fb8143429bd978) Importer(2089858483,b0f066a214c2f5e87bad3c948f4d605d)
Start importing Packages/com.unity.render-pipelines.core/Editor/LookDev/Icons/LookDev@2x.png using Guid(bd76726ffb1eb94429fb8143429bd978) Importer(2089858483,b0f066a214c2f5e87bad3c948f4d605d) (ScriptedImporter) -> (artifact id: '4d60352fc0b4b475756ebabd44102037') in 0.0184708 seconds
Number of updated asset objects reloaded before import = 0Number of asset objects unloaded after import = 3

========================================================================
Received Import Request.
  Time since last request: 0.000020 seconds.
  path: Packages/com.unity.render-pipelines.core/Runtime/UnifiedRayTracing/Common/Utilities/CopyBuffer.compute
  artifactKey: Guid(1b95b5dcf48d1914c9e1e7405c7660e3) Importer(2089858483,b0f066a214c2f5e87bad3c948f4d605d)
Start importing Packages/com.unity.render-pipelines.core/Runtime/UnifiedRayTracing/Common/Utilities/CopyBuffer.compute using Guid(1b95b5dcf48d1914c9e1e7405c7660e3) Importer(2089858483,b0f066a214c2f5e87bad3c948f4d605d) (ScriptedImporter) -> (artifact id: 'c5f691f2b5a496f4d9e7e15224cc5f8f') in 0.007133 seconds
Number of updated asset objects reloaded before import = 0Number of asset objects unloaded after import = 0

========================================================================
Received Import Request.
  Time since last request: 0.000026 seconds.
  path: Packages/com.unity.render-pipelines.core/Runtime/Sampling/Textures/SobolBlueNoise/ScramblingTile256SPP.png
  artifactKey: Guid(11fcf3c83299e814cbb25c4d74cd045d) Importer(2089858483,b0f066a214c2f5e87bad3c948f4d605d)
Start importing Packages/com.unity.render-pipelines.core/Runtime/Sampling/Textures/SobolBlueNoise/ScramblingTile256SPP.png using Guid(11fcf3c83299e814cbb25c4d74cd045d) Importer(2089858483,b0f066a214c2f5e87bad3c948f4d605d) (ScriptedImporter) -> (artifact id: '05d74ef8a0889532027db48531335f1a') in 0.0158405 seconds
Number of updated asset objects reloaded before import = 0Number of asset objects unloaded after import = 1

========================================================================
Received Import Request.
  Time since last request: 0.000017 seconds.
  path: Packages/com.unity.render-pipelines.core/Runtime/Debugging/Prefabs/Scripts/DebugUIHandlerRenderingLayerField.cs
  artifactKey: Guid(ea44ef5968bb44a48b7855c36dae02c4) Importer(2089858483,b0f066a214c2f5e87bad3c948f4d605d)
Start importing Packages/com.unity.render-pipelines.core/Runtime/Debugging/Prefabs/Scripts/DebugUIHandlerRenderingLayerField.cs using Guid(ea44ef5968bb44a48b7855c36dae02c4) Importer(2089858483,b0f066a214c2f5e87bad3c948f4d605d) (ScriptedImporter) -> (artifact id: 'bc879ffe9c00b25e949a32c40e6a5d49') in 0.0062135 seconds
Number of updated asset objects reloaded before import = 0Number of asset objects unloaded after import = 0

========================================================================
Received Import Request.
  Time since last request: 0.000016 seconds.
  path: Packages/com.unity.render-pipelines.core/Runtime/Debugging/Prefabs/Widgets/DebugUIVector3.prefab
  artifactKey: Guid(94afea5f242d72547979595ba963f335) Importer(2089858483,b0f066a214c2f5e87bad3c948f4d605d)
Start importing Packages/com.unity.render-pipelines.core/Runtime/Debugging/Prefabs/Widgets/DebugUIVector3.prefab using Guid(94afea5f242d72547979595ba963f335) Importer(2089858483,b0f066a214c2f5e87bad3c948f4d605d) (ScriptedImporter) -> (artifact id: '7bcb3ac6be0e73704240061760ddcc4a') in 0.032362 seconds
Number of updated asset objects reloaded before import = 0Number of asset objects unloaded after import = 67

========================================================================
Received Import Request.
  Time since last request: 0.000032 seconds.
  path: Packages/com.unity.render-pipelines.core/Tests/Editor/RenderPipeline/SettingsStrippingResults/WrongStripper_A_B_C.json
  artifactKey: Guid(2fe8312442a2a0d45b36a4263a7b0849) Importer(2089858483,b0f066a214c2f5e87bad3c948f4d605d)
Start importing Packages/com.unity.render-pipelines.core/Tests/Editor/RenderPipeline/SettingsStrippingResults/WrongStripper_A_B_C.json using Guid(2fe8312442a2a0d45b36a4263a7b0849) Importer(2089858483,b0f066a214c2f5e87bad3c948f4d605d) (ScriptedImporter) -> (artifact id: '8b946171d7032db3e45e5ebf32999ca5') in 0.0071398 seconds
Number of updated asset objects reloaded before import = 0Number of asset objects unloaded after import = 1

========================================================================
Received Import Request.
  Time since last request: 0.000014 seconds.
  path: Packages/com.unity.render-pipelines.core/Runtime/Debugging/Prefabs/Scripts/DebugUIHandlerVBox.cs
  artifactKey: Guid(ee7ce141c3937674f8ac247bbcf63711) Importer(2089858483,b0f066a214c2f5e87bad3c948f4d605d)
Start importing Packages/com.unity.render-pipelines.core/Runtime/Debugging/Prefabs/Scripts/DebugUIHandlerVBox.cs using Guid(ee7ce141c3937674f8ac247bbcf63711) Importer(2089858483,b0f066a214c2f5e87bad3c948f4d605d) (ScriptedImporter) -> (artifact id: '50d01c0ef92b236e71b6abcb670af776') in 0.0070062 seconds
Number of updated asset objects reloaded before import = 0Number of asset objects unloaded after import = 0

========================================================================
Received Import Request.
  Time since last request: 0.000018 seconds.
  path: Packages/com.unity.render-pipelines.core/Runtime/Debugging/Prefabs/Widgets/DebugUIIntField.prefab
  artifactKey: Guid(ae00bb75e0cd5b04b8fe7fb4ab662629) Importer(2089858483,b0f066a214c2f5e87bad3c948f4d605d)
Start importing Packages/com.unity.render-pipelines.core/Runtime/Debugging/Prefabs/Widgets/DebugUIIntField.prefab using Guid(ae00bb75e0cd5b04b8fe7fb4ab662629) Importer(2089858483,b0f066a214c2f5e87bad3c948f4d605d) (ScriptedImporter) -> (artifact id: '6eef478f43459effd528e0dbd91f183a') in 0.0131019 seconds
Number of updated asset objects reloaded before import = 0Number of asset objects unloaded after import = 37

========================================================================
Received Import Request.
  Time since last request: 0.000027 seconds.
  path: Packages/com.unity.render-pipelines.core/Editor/Lighting/Icons/LightUnitIcons/SoftAreaLight.png
  artifactKey: Guid(e10d9c07adc061a448e00b3e33fad966) Importer(2089858483,b0f066a214c2f5e87bad3c948f4d605d)
Start importing Packages/com.unity.render-pipelines.core/Editor/Lighting/Icons/LightUnitIcons/SoftAreaLight.png using Guid(e10d9c07adc061a448e00b3e33fad966) Importer(2089858483,b0f066a214c2f5e87bad3c948f4d605d) (ScriptedImporter) -> (artifact id: 'd980620825efbdbd9c309c8375afde0e') in 0.0119651 seconds
Number of updated asset objects reloaded before import = 0Number of asset objects unloaded after import = 1

========================================================================
Received Import Request.
  Time since last request: 0.000016 seconds.
  path: Packages/com.unity.render-pipelines.core/Runtime/Debugging/Prefabs/Widgets/DebugUIVBox.prefab
  artifactKey: Guid(ca3e294656861a64b8aeeb9f916da0a9) Importer(2089858483,b0f066a214c2f5e87bad3c948f4d605d)
Start importing Packages/com.unity.render-pipelines.core/Runtime/Debugging/Prefabs/Widgets/DebugUIVBox.prefab using Guid(ca3e294656861a64b8aeeb9f916da0a9) Importer(2089858483,b0f066a214c2f5e87bad3c948f4d605d) (ScriptedImporter) -> (artifact id: '760637de9e9ed65f7a7e6a3ed7d34529') in 0.011558 seconds
Number of updated asset objects reloaded before import = 0Number of asset objects unloaded after import = 8

========================================================================
Received Import Request.
  Time since last request: 0.000018 seconds.
  path: Packages/com.unity.render-pipelines.core/Editor/Lighting/Icons/LightUnitIcons/VeryBrightSun@2x.png
  artifactKey: Guid(37ca6c7ad753f1648a24db2b740ba2ca) Importer(2089858483,b0f066a214c2f5e87bad3c948f4d605d)
Start importing Packages/com.unity.render-pipelines.core/Editor/Lighting/Icons/LightUnitIcons/VeryBrightSun@2x.png using Guid(37ca6c7ad753f1648a24db2b740ba2ca) Importer(2089858483,b0f066a214c2f5e87bad3c948f4d605d) (ScriptedImporter) -> (artifact id: '00415ebdba62799e9c6ac890408be61d') in 0.0153613 seconds
Number of updated asset objects reloaded before import = 0Number of asset objects unloaded after import = 1

========================================================================
Received Import Request.
  Time since last request: 0.000025 seconds.
  path: Packages/com.unity.render-pipelines.core/Runtime/Debugging/Prefabs/Widgets/DebugUIRow.prefab
  artifactKey: Guid(2d019437ff89b8d44949727731cd9357) Importer(2089858483,b0f066a214c2f5e87bad3c948f4d605d)
Start importing Packages/com.unity.render-pipelines.core/Runtime/Debugging/Prefabs/Widgets/DebugUIRow.prefab using Guid(2d019437ff89b8d44949727731cd9357) Importer(2089858483,b0f066a214c2f5e87bad3c948f4d605d) (ScriptedImporter) -> (artifact id: '6f1c5607dd0d132d8fa858e569d14675') in 0.0163225 seconds
Number of updated asset objects reloaded before import = 0Number of asset objects unloaded after import = 34

========================================================================
Received Import Request.
  Time since last request: 0.000018 seconds.
  path: Packages/com.unity.render-pipelines.core/Editor/Lighting/Icons/LightUnitIcons/InteriorLight.png
  artifactKey: Guid(ddbb35633e84dde4a93c6662f696ae4c) Importer(2089858483,b0f066a214c2f5e87bad3c948f4d605d)
Start importing Packages/com.unity.render-pipelines.core/Editor/Lighting/Icons/LightUnitIcons/InteriorLight.png using Guid(ddbb35633e84dde4a93c6662f696ae4c) Importer(2089858483,b0f066a214c2f5e87bad3c948f4d605d) (ScriptedImporter) -> (artifact id: 'c3e8280263786a84be29b176d9116339') in 0.011087 seconds
Number of updated asset objects reloaded before import = 0Number of asset objects unloaded after import = 1

========================================================================
Received Import Request.
  Time since last request: 0.000019 seconds.
  path: Packages/com.unity.render-pipelines.core/Editor/Lighting/Icons/LightUnitIcons/InteriorLight@2x.png
  artifactKey: Guid(1bb3da4ea375c37498c93327420e6a01) Importer(2089858483,b0f066a214c2f5e87bad3c948f4d605d)
Start importing Packages/com.unity.render-pipelines.core/Editor/Lighting/Icons/LightUnitIcons/InteriorLight@2x.png using Guid(1bb3da4ea375c37498c93327420e6a01) Importer(2089858483,b0f066a214c2f5e87bad3c948f4d605d) (ScriptedImporter) -> (artifact id: '4e14242f6837a9c72d1ed1d9dcb7d548') in 0.0110992 seconds
Number of updated asset objects reloaded before import = 0Number of asset objects unloaded after import = 1

========================================================================
Received Prepare
Refreshing native plugins compatible for Editor in 6.04 ms, found 5 plugins.
Preloading 0 native plugins for Editor in 0.00 ms.
Unloading 16 Unused Serialized files (Serialized files now loaded: 0)
Unloading 7203 unused Assets / (4.5 MB). Loaded Objects now: 8031.
Memory consumption went from 169.0 MB to 164.5 MB.
Total: 16.263700 ms (FindLiveObjects: 0.892500 ms CreateObjectMapping: 1.447200 ms MarkObjects: 10.902700 ms  DeleteObjects: 3.020500 ms)

Prepare: number of updated asset objects reloaded= 0
========================================================================
Received Import Request.
  Time since last request: 1.741751 seconds.
  path: Packages/com.unity.burst/Unity.Burst.Unsafe.dll
  artifactKey: Guid(9ac5be0090514aa8b35011788efe5757) Importer(2089858483,b0f066a214c2f5e87bad3c948f4d605d)
Start importing Packages/com.unity.burst/Unity.Burst.Unsafe.dll using Guid(9ac5be0090514aa8b35011788efe5757) Importer(2089858483,b0f066a214c2f5e87bad3c948f4d605d) (ScriptedImporter) -> (artifact id: 'b7a0915b9665e1456f6a5f8cc02599e1') in 0.0181478 seconds
Number of updated asset objects reloaded before import = 0Number of asset objects unloaded after import = 0

========================================================================
Received Import Request.
  Time since last request: 0.000023 seconds.
  path: Packages/com.unity.render-pipelines.core/Runtime/UnifiedRayTracing/Compute/RadeonRays/kernels/bit_histogram.compute
  artifactKey: Guid(8670f7ce4b60cef43bed36148aa1b0a2) Importer(2089858483,b0f066a214c2f5e87bad3c948f4d605d)
Start importing Packages/com.unity.render-pipelines.core/Runtime/UnifiedRayTracing/Compute/RadeonRays/kernels/bit_histogram.compute using Guid(8670f7ce4b60cef43bed36148aa1b0a2) Importer(2089858483,b0f066a214c2f5e87bad3c948f4d605d) (ScriptedImporter) -> (artifact id: '5526971ab6cdce08680785d71c09753a') in 0.0077461 seconds
Number of updated asset objects reloaded before import = 0Number of asset objects unloaded after import = 0

========================================================================
Received Prepare
Refreshing native plugins compatible for Editor in 8.50 ms, found 5 plugins.
Preloading 0 native plugins for Editor in 0.00 ms.
Unloading 16 Unused Serialized files (Serialized files now loaded: 0)
Unloading 7196 unused Assets / (4.0 MB). Loaded Objects now: 8031.
Memory consumption went from 168.9 MB to 165.0 MB.
Total: 16.186500 ms (FindLiveObjects: 1.171600 ms CreateObjectMapping: 1.797100 ms MarkObjects: 10.422700 ms  DeleteObjects: 2.793600 ms)

Prepare: number of updated asset objects reloaded= 0
========================================================================
Received Import Request.
  Time since last request: 2.748621 seconds.
  path: Packages/com.unity.collab-proxy/Editor/Assets/Images/d_iconpackageupdateavailable@2x.png
  artifactKey: Guid(19b06b801c204604290761788cf6e125) Importer(2089858483,b0f066a214c2f5e87bad3c948f4d605d)
Start importing Packages/com.unity.collab-proxy/Editor/Assets/Images/d_iconpackageupdateavailable@2x.png using Guid(19b06b801c204604290761788cf6e125) Importer(2089858483,b0f066a214c2f5e87bad3c948f4d605d) (ScriptedImporter) -> (artifact id: '1ecf59986ba0100c683c6eb65a0e1f6c') in 0.0296667 seconds
Number of updated asset objects reloaded before import = 0Number of asset objects unloaded after import = 3

========================================================================
Received Import Request.
  Time since last request: 0.000024 seconds.
  path: Packages/com.unity.test-framework/UnityEditor.TestRunner/Api/ICallbacksDelegator.cs
  artifactKey: Guid(8f8f74fe8e363da42875d9cab025d3b2) Importer(2089858483,b0f066a214c2f5e87bad3c948f4d605d)
Start importing Packages/com.unity.test-framework/UnityEditor.TestRunner/Api/ICallbacksDelegator.cs using Guid(8f8f74fe8e363da42875d9cab025d3b2) Importer(2089858483,b0f066a214c2f5e87bad3c948f4d605d) (ScriptedImporter) -> (artifact id: '7a71b735b7ebb457277e5fbf0f49fc09') in 0.0084297 seconds
Number of updated asset objects reloaded before import = 0Number of asset objects unloaded after import = 0

========================================================================
Received Import Request.
  Time since last request: 0.000028 seconds.
  path: Packages/com.unity.test-framework/UnityEditor.TestRunner/Api/ICallbacks.cs
  artifactKey: Guid(93eea84e53d0226479c9a584f19427b5) Importer(2089858483,b0f066a214c2f5e87bad3c948f4d605d)
Start importing Packages/com.unity.test-framework/UnityEditor.TestRunner/Api/ICallbacks.cs using Guid(93eea84e53d0226479c9a584f19427b5) Importer(2089858483,b0f066a214c2f5e87bad3c948f4d605d) (ScriptedImporter) -> (artifact id: 'd1529d3a9baaf0d811840d54c484a32d') in 0.0068642 seconds
Number of updated asset objects reloaded before import = 0Number of asset objects unloaded after import = 0

========================================================================
Received Import Request.
  Time since last request: 0.000023 seconds.
  path: Packages/com.unity.collab-proxy/Editor/CodeEditor/Utils/RopeNode.cs
  artifactKey: Guid(0641486b650184309b79f60e69b8a796) Importer(2089858483,b0f066a214c2f5e87bad3c948f4d605d)
Start importing Packages/com.unity.collab-proxy/Editor/CodeEditor/Utils/RopeNode.cs using Guid(0641486b650184309b79f60e69b8a796) Importer(2089858483,b0f066a214c2f5e87bad3c948f4d605d) (ScriptedImporter) -> (artifact id: 'bdd4ba7b21c7eba015e0ce6da75b07d4') in 0.0081359 seconds
Number of updated asset objects reloaded before import = 0Number of asset objects unloaded after import = 0

========================================================================
Received Import Request.
  Time since last request: 0.000021 seconds.
  path: Packages/com.unity.collab-proxy/Editor/CodeEditor/Utils/Empty.cs
  artifactKey: Guid(917f880bb43743a3869e281c51dfdc43) Importer(2089858483,b0f066a214c2f5e87bad3c948f4d605d)
Start importing Packages/com.unity.collab-proxy/Editor/CodeEditor/Utils/Empty.cs using Guid(917f880bb43743a3869e281c51dfdc43) Importer(2089858483,b0f066a214c2f5e87bad3c948f4d605d) (ScriptedImporter) -> (artifact id: 'a2ef613541ab020c6888948ac13dd9c8') in 0.0087089 seconds
Number of updated asset objects reloaded before import = 0Number of asset objects unloaded after import = 0

========================================================================
Received Import Request.
  Time since last request: 0.000032 seconds.
  path: Packages/com.unity.collab-proxy/Editor/_Deprecated/UI/CooldownWindowDelayer.cs
  artifactKey: Guid(f97de48c25074cb98c450adbdebf0dbb) Importer(2089858483,b0f066a214c2f5e87bad3c948f4d605d)
Start importing Packages/com.unity.collab-proxy/Editor/_Deprecated/UI/CooldownWindowDelayer.cs using Guid(f97de48c25074cb98c450adbdebf0dbb) Importer(2089858483,b0f066a214c2f5e87bad3c948f4d605d) (ScriptedImporter) -> (artifact id: '96427b70722dbb7f8780f677532f07e9') in 0.009512 seconds
Number of updated asset objects reloaded before import = 0Number of asset objects unloaded after import = 0

========================================================================
Received Import Request.
  Time since last request: 0.000020 seconds.
  path: Packages/com.unity.2d.tilemap/Editor/GridPaletteAddPopup.cs
  artifactKey: Guid(f60779a06bec4f14a957237a7206b786) Importer(2089858483,b0f066a214c2f5e87bad3c948f4d605d)
Start importing Packages/com.unity.2d.tilemap/Editor/GridPaletteAddPopup.cs using Guid(f60779a06bec4f14a957237a7206b786) Importer(2089858483,b0f066a214c2f5e87bad3c948f4d605d) (ScriptedImporter) -> (artifact id: '2b33c7a5686f881119d4e47fad7d59e2') in 0.0086573 seconds
Number of updated asset objects reloaded before import = 0Number of asset objects unloaded after import = 0

========================================================================
Received Import Request.
  Time since last request: 0.000030 seconds.
  path: Packages/com.unity.collab-proxy/Lib/Editor/Localization/images.ko.txt
  artifactKey: Guid(68b2b40d7b2d24d4b8daab86e7c9be2d) Importer(2089858483,b0f066a214c2f5e87bad3c948f4d605d)
Start importing Packages/com.unity.collab-proxy/Lib/Editor/Localization/images.ko.txt using Guid(68b2b40d7b2d24d4b8daab86e7c9be2d) Importer(2089858483,b0f066a214c2f5e87bad3c948f4d605d) (ScriptedImporter) -> (artifact id: '7c52449cdaddd5e8d704d3a35e18b73d') in 0.0131332 seconds
Number of updated asset objects reloaded before import = 0Number of asset objects unloaded after import = 1

========================================================================
Received Import Request.
  Time since last request: 0.000036 seconds.
  path: Packages/com.unity.render-pipelines.core/Runtime/Lighting/ProbeVolume/ProbeIndexOfIndices.cs
  artifactKey: Guid(58562d806ae1e3b4ba9cc4b895239782) Importer(2089858483,b0f066a214c2f5e87bad3c948f4d605d)
Start importing Packages/com.unity.render-pipelines.core/Runtime/Lighting/ProbeVolume/ProbeIndexOfIndices.cs using Guid(58562d806ae1e3b4ba9cc4b895239782) Importer(2089858483,b0f066a214c2f5e87bad3c948f4d605d) (ScriptedImporter) -> (artifact id: '1dd0f7f09e5da4439246dd145d683dfb') in 0.0123385 seconds
Number of updated asset objects reloaded before import = 0Number of asset objects unloaded after import = 0

========================================================================
Received Import Request.
  Time since last request: 0.000023 seconds.
  path: Packages/com.unity.render-pipelines.core/Runtime/Utilities/HashFNV1A32.cs
  artifactKey: Guid(06752bfeb5aa4120929229ade28a7cba) Importer(2089858483,b0f066a214c2f5e87bad3c948f4d605d)
Start importing Packages/com.unity.render-pipelines.core/Runtime/Utilities/HashFNV1A32.cs using Guid(06752bfeb5aa4120929229ade28a7cba) Importer(2089858483,b0f066a214c2f5e87bad3c948f4d605d) (ScriptedImporter) -> (artifact id: '8ba419e6704ab7103b87750cd699f36a') in 0.0112829 seconds
Number of updated asset objects reloaded before import = 0Number of asset objects unloaded after import = 0

========================================================================
Received Prepare
Begin MonoManager ReloadAssembly
[Licensing::Client] Successfully resolved entitlement details
- Loaded All Assemblies, in  1.477 seconds
Refreshing native plugins compatible for Editor in 6.78 ms, found 5 plugins.
Native extension for Android target not found
Native extension for WindowsStandalone target not found
Native extension for WebGL target not found
[Package Manager] Failed to launch server process. Reason: Unity was launched with the -noUpm command-line argument
[Package Manager] Unable to send message (not connected to server process).
[Package Manager] Cannot connect to Unity Package Manager local server
[Package Manager] Failed to launch server process. Reason: Unity was launched with the -noUpm command-line argument
[Package Manager] Unable to send message (not connected to server process).
[Package Manager] Cannot connect to Unity Package Manager local server
ScheduleIndexationOnStartup MainProcess:False IndexOnStartup:True
Mono: successfully reloaded assembly
- Finished resetting the current domain, in  1.056 seconds
Domain Reload Profiling: 2511ms
	BeginReloadAssembly (404ms)
		ExecutionOrderSort (0ms)
		DisableScriptedObjects (23ms)
		BackupInstance (0ms)
		ReleaseScriptingObjects (0ms)
		CreateAndSetChildDomain (83ms)
	RebuildCommonClasses (73ms)
	RebuildNativeTypeToScriptingClass (29ms)
	initialDomainReloadingComplete (105ms)
	LoadAllAssembliesAndSetupDomain (844ms)
		LoadAssemblies (707ms)
		RebuildTransferFunctionScriptingTraits (0ms)
		AnalyzeDomain (335ms)
			TypeCache.Refresh (17ms)
				TypeCache.ScanAssembly (1ms)
			BuildScriptInfoCaches (299ms)
			ResolveRequiredComponents (11ms)
	FinalizeReload (1057ms)
		ReleaseScriptCaches (0ms)
		RebuildScriptCaches (0ms)
		SetupLoadedEditorAssemblies (820ms)
			LogAssemblyErrors (0ms)
			InitializePlatformSupportModulesInManaged (12ms)
			SetLoadedEditorAssemblies (5ms)
			BeforeProcessingInitializeOnLoad (232ms)
			ProcessInitializeOnLoadAttributes (438ms)
			ProcessInitializeOnLoadMethodAttributes (120ms)
			AfterProcessingInitializeOnLoad (13ms)
			EditorAssembliesLoaded (1ms)
		ExecutionOrderSort2 (0ms)
		AwakeInstancesAfterBackupRestoration (29ms)
Refreshing native plugins compatible for Editor in 7.46 ms, found 5 plugins.
Preloading 0 native plugins for Editor in 0.00 ms.
Unloading 16 Unused Serialized files (Serialized files now loaded: 0)
Unloading 7210 unused Assets / (3.9 MB). Loaded Objects now: 8034.
Memory consumption went from 167.0 MB to 163.1 MB.
Total: 11.637000 ms (FindLiveObjects: 0.887100 ms CreateObjectMapping: 1.461700 ms MarkObjects: 6.184700 ms  DeleteObjects: 3.102000 ms)

Prepare: number of updated asset objects reloaded= 0
========================================================================
Received Import Request.
  Time since last request: 8.580972 seconds.
  path: Assets/Assessment 1 Scripts/GameManager.cs
  artifactKey: Guid(a094fc1ec7a12b744a66292d200217c4) Importer(815301076,1909f56bfc062723c751e8b465ee728b)
Start importing Assets/Assessment 1 Scripts/GameManager.cs using Guid(a094fc1ec7a12b744a66292d200217c4) Importer(815301076,1909f56bfc062723c751e8b465ee728b) (PreviewImporter) -> (artifact id: 'b81a1d48296a6a93e719940e7e9984f9') in 0.0061738 seconds
Number of updated asset objects reloaded before import = 0Number of asset objects unloaded after import = 0

========================================================================
Received Import Request.
  Time since last request: 30.419557 seconds.
  path: Assets/Assessment 1 Scripts/CharacterMovement.cs
  artifactKey: Guid(3de5457bbdd14e842b5a6928e26b3331) Importer(2089858483,b0f066a214c2f5e87bad3c948f4d605d)
Start importing Assets/Assessment 1 Scripts/CharacterMovement.cs using Guid(3de5457bbdd14e842b5a6928e26b3331) Importer(2089858483,b0f066a214c2f5e87bad3c948f4d605d) (ScriptedImporter) -> (artifact id: '770c0e679e9781f9ccf0aa0a49edb117') in 0.0885783 seconds
Number of updated asset objects reloaded before import = 0Number of asset objects unloaded after import = 0

========================================================================
Received Import Request.
  Time since last request: 0.000022 seconds.
  path: Packages/com.unity.collab-proxy/Editor/UI/UnityInternals/UnityEditor/GenericMenuExtensions.cs
  artifactKey: Guid(1181856e3fc64a12b4e5d404d501e989) Importer(2089858483,b0f066a214c2f5e87bad3c948f4d605d)
Start importing Packages/com.unity.collab-proxy/Editor/UI/UnityInternals/UnityEditor/GenericMenuExtensions.cs using Guid(1181856e3fc64a12b4e5d404d501e989) Importer(2089858483,b0f066a214c2f5e87bad3c948f4d605d) (ScriptedImporter) -> (artifact id: '796868d1cacedeeb22443f8005b96ae5') in 0.0100712 seconds
Number of updated asset objects reloaded before import = 0Number of asset objects unloaded after import = 0

========================================================================
Received Import Request.
  Time since last request: 0.000048 seconds.
  path: Packages/com.unity.render-pipelines.core/Runtime/Debugging/Prefabs/Scripts/DebugUIHandlerObjectList.cs
  artifactKey: Guid(79e8dd95427d853478c168019e7ce191) Importer(2089858483,b0f066a214c2f5e87bad3c948f4d605d)
Start importing Packages/com.unity.render-pipelines.core/Runtime/Debugging/Prefabs/Scripts/DebugUIHandlerObjectList.cs using Guid(79e8dd95427d853478c168019e7ce191) Importer(2089858483,b0f066a214c2f5e87bad3c948f4d605d) (ScriptedImporter) -> (artifact id: 'eb360c3ea34565b44b88d00528cb0aac') in 0.0076026 seconds
Number of updated asset objects reloaded before import = 0Number of asset objects unloaded after import = 0

========================================================================
Received Import Request.
  Time since last request: 0.000017 seconds.
  path: Packages/com.unity.render-pipelines.core/Editor/Lighting/Icons/LightUnitIcons/d_SoftAreaLight@2x.png
  artifactKey: Guid(e0171afec971f2343be8d5b4b14ab6eb) Importer(2089858483,b0f066a214c2f5e87bad3c948f4d605d)
Start importing Packages/com.unity.render-pipelines.core/Editor/Lighting/Icons/LightUnitIcons/d_SoftAreaLight@2x.png using Guid(e0171afec971f2343be8d5b4b14ab6eb) Importer(2089858483,b0f066a214c2f5e87bad3c948f4d605d) (ScriptedImporter) -> (artifact id: 'c5703747adf1639bf1978420e477b6d3') in 0.0709397 seconds
Number of updated asset objects reloaded before import = 0Number of asset objects unloaded after import = 1

========================================================================
Received Import Request.
  Time since last request: 0.000018 seconds.
  path: Packages/com.unity.render-pipelines.core/Runtime/Debugging/Prefabs/Resources/DebugUICanvas.prefab
  artifactKey: Guid(cf6cbdd672089a84796e55a21fed1cbe) Importer(2089858483,b0f066a214c2f5e87bad3c948f4d605d)
Start importing Packages/com.unity.render-pipelines.core/Runtime/Debugging/Prefabs/Resources/DebugUICanvas.prefab using Guid(cf6cbdd672089a84796e55a21fed1cbe) Importer(2089858483,b0f066a214c2f5e87bad3c948f4d605d) (ScriptedImporter) -> (artifact id: '4d82c66cc76abfa548ec9b9fe56c0225') in 0.1352993 seconds
Number of updated asset objects reloaded before import = 0Number of asset objects unloaded after import = 1965

========================================================================
Received Import Request.
  Time since last request: 0.000029 seconds.
  path: Packages/com.unity.render-pipelines.core/Editor/Lighting/Icons/LightUnitIcons/d_Shade@2x.png
  artifactKey: Guid(49e4a0929afd1ae4283e4657bc636f9e) Importer(2089858483,b0f066a214c2f5e87bad3c948f4d605d)
Start importing Packages/com.unity.render-pipelines.core/Editor/Lighting/Icons/LightUnitIcons/d_Shade@2x.png using Guid(49e4a0929afd1ae4283e4657bc636f9e) Importer(2089858483,b0f066a214c2f5e87bad3c948f4d605d) (ScriptedImporter) -> (artifact id: '379ca613874720795ff9383b05a84035') in 0.0139865 seconds
Number of updated asset objects reloaded before import = 0Number of asset objects unloaded after import = 1

========================================================================
Received Import Request.
  Time since last request: 0.000016 seconds.
  path: Packages/com.unity.render-pipelines.core/Editor/Lighting/Icons/LightUnitIcons/IntenseAreaLight@2x.png
  artifactKey: Guid(6abd010e1fd246f4585f513da25bcede) Importer(2089858483,b0f066a214c2f5e87bad3c948f4d605d)
Start importing Packages/com.unity.render-pipelines.core/Editor/Lighting/Icons/LightUnitIcons/IntenseAreaLight@2x.png using Guid(6abd010e1fd246f4585f513da25bcede) Importer(2089858483,b0f066a214c2f5e87bad3c948f4d605d) (ScriptedImporter) -> (artifact id: '78eb1173e8272410ce5faf6363e978d5') in 0.0131406 seconds
Number of updated asset objects reloaded before import = 0Number of asset objects unloaded after import = 1

========================================================================
Received Import Request.
  Time since last request: 0.000017 seconds.
  path: Packages/com.unity.render-pipelines.core/Runtime/Debugging/Prefabs/Fonts/PerfectDOSVGA437.ttf
  artifactKey: Guid(74a5091d8707f334b9a5c31ef71a64ba) Importer(2089858483,b0f066a214c2f5e87bad3c948f4d605d)
Start importing Packages/com.unity.render-pipelines.core/Runtime/Debugging/Prefabs/Fonts/PerfectDOSVGA437.ttf using Guid(74a5091d8707f334b9a5c31ef71a64ba) Importer(2089858483,b0f066a214c2f5e87bad3c948f4d605d) (ScriptedImporter) -> (artifact id: '14f57e944d264ac08890cb3d1b55cb7d') in 0.013468 seconds
Number of updated asset objects reloaded before import = 0Number of asset objects unloaded after import = 3

========================================================================
Received Import Request.
  Time since last request: 0.000027 seconds.
  path: Packages/com.unity.render-pipelines.core/Editor/Lighting/Icons/LightUnitIcons/Shade.png
  artifactKey: Guid(7146ed2a10f80c340b4c181e2892c87a) Importer(2089858483,b0f066a214c2f5e87bad3c948f4d605d)
Start importing Packages/com.unity.render-pipelines.core/Editor/Lighting/Icons/LightUnitIcons/Shade.png using Guid(7146ed2a10f80c340b4c181e2892c87a) Importer(2089858483,b0f066a214c2f5e87bad3c948f4d605d) (ScriptedImporter) -> (artifact id: '32970f9a920d3d23a43206a60f11fccb') in 0.0113265 seconds
Number of updated asset objects reloaded before import = 0Number of asset objects unloaded after import = 1

========================================================================
Received Import Request.
  Time since last request: 0.000017 seconds.
  path: Packages/com.unity.render-pipelines.core/Editor/Lighting/Icons/LightUnitIcons/IntenseAreaLight.png
  artifactKey: Guid(d4df75c76c1661847b6902f889b44bcb) Importer(2089858483,b0f066a214c2f5e87bad3c948f4d605d)
Start importing Packages/com.unity.render-pipelines.core/Editor/Lighting/Icons/LightUnitIcons/IntenseAreaLight.png using Guid(d4df75c76c1661847b6902f889b44bcb) Importer(2089858483,b0f066a214c2f5e87bad3c948f4d605d) (ScriptedImporter) -> (artifact id: 'ad920dcd3a8156b0250aa81b54098217') in 0.0109854 seconds
Number of updated asset objects reloaded before import = 0Number of asset objects unloaded after import = 1

========================================================================
Received Import Request.
  Time since last request: 0.000018 seconds.
  path: Packages/com.unity.render-pipelines.core/Editor/Lighting/Icons/LightUnitIcons/SunriseSunset@2x.png
  artifactKey: Guid(1ade1fa63a0a72f46be69e4ae5e83314) Importer(2089858483,b0f066a214c2f5e87bad3c948f4d605d)
Start importing Packages/com.unity.render-pipelines.core/Editor/Lighting/Icons/LightUnitIcons/SunriseSunset@2x.png using Guid(1ade1fa63a0a72f46be69e4ae5e83314) Importer(2089858483,b0f066a214c2f5e87bad3c948f4d605d) (ScriptedImporter) -> (artifact id: '92d5cd14ed11562a0e55679f312c49b4') in 0.0118898 seconds
Number of updated asset objects reloaded before import = 0Number of asset objects unloaded after import = 1

========================================================================
Received Import Request.
  Time since last request: 0.000026 seconds.
  path: Packages/com.unity.render-pipelines.core/Editor/Lighting/ProbeVolume/VirtualOffset/TraceVirtualOffset.urtshader
  artifactKey: Guid(ff2cbab5da58bf04d82c5f34037ed123) Importer(2089858483,b0f066a214c2f5e87bad3c948f4d605d)
Start importing Packages/com.unity.render-pipelines.core/Editor/Lighting/ProbeVolume/VirtualOffset/TraceVirtualOffset.urtshader using Guid(ff2cbab5da58bf04d82c5f34037ed123) Importer(2089858483,b0f066a214c2f5e87bad3c948f4d605d) (ScriptedImporter) -> (artifact id: '07269e1d736c57da06300109a56f4c7e') in 0.0101462 seconds
Number of updated asset objects reloaded before import = 0Number of asset objects unloaded after import = 0

========================================================================
Received Import Request.
  Time since last request: 0.000054 seconds.
  path: Packages/com.unity.render-pipelines.core/Editor/Lighting/Icons/LightUnitIcons/d_SoftAreaLight.png
  artifactKey: Guid(940a20d919196f1408474a7b7057f4b9) Importer(2089858483,b0f066a214c2f5e87bad3c948f4d605d)
Start importing Packages/com.unity.render-pipelines.core/Editor/Lighting/Icons/LightUnitIcons/d_SoftAreaLight.png using Guid(940a20d919196f1408474a7b7057f4b9) Importer(2089858483,b0f066a214c2f5e87bad3c948f4d605d) (ScriptedImporter) -> (artifact id: '19f73787a08fbcc2624d56a99d5a114c') in 0.0146787 seconds
Number of updated asset objects reloaded before import = 0Number of asset objects unloaded after import = 1

========================================================================
Received Import Request.
  Time since last request: 0.000018 seconds.
  path: Packages/com.unity.render-pipelines.core/Runtime/Debugging/Prefabs/Scripts/DebugUIHandlerGroup.cs
  artifactKey: Guid(c5d44b76204264d4eb90d4a92b067d7d) Importer(2089858483,b0f066a214c2f5e87bad3c948f4d605d)
Start importing Packages/com.unity.render-pipelines.core/Runtime/Debugging/Prefabs/Scripts/DebugUIHandlerGroup.cs using Guid(c5d44b76204264d4eb90d4a92b067d7d) Importer(2089858483,b0f066a214c2f5e87bad3c948f4d605d) (ScriptedImporter) -> (artifact id: '73d7267da1714deb7454e938f5a5d9a4') in 0.0056893 seconds
Number of updated asset objects reloaded before import = 0Number of asset objects unloaded after import = 0

========================================================================
Received Import Request.
  Time since last request: 0.000035 seconds.
  path: Packages/com.unity.render-pipelines.core/Runtime/Debugging/Prefabs/Scripts/DebugUIHandlerIndirectToggle.cs
  artifactKey: Guid(0012fc4688b5d5342a441aa32c0e099e) Importer(2089858483,b0f066a214c2f5e87bad3c948f4d605d)
Start importing Packages/com.unity.render-pipelines.core/Runtime/Debugging/Prefabs/Scripts/DebugUIHandlerIndirectToggle.cs using Guid(0012fc4688b5d5342a441aa32c0e099e) Importer(2089858483,b0f066a214c2f5e87bad3c948f4d605d) (ScriptedImporter) -> (artifact id: '15769492f5ae737272e38d53a432f109') in 0.005569 seconds
Number of updated asset objects reloaded before import = 0Number of asset objects unloaded after import = 0

========================================================================
Received Import Request.
  Time since last request: 0.000020 seconds.
  path: Packages/com.unity.render-pipelines.core/Editor/Lighting/Icons/LightUnitIcons/SunriseSunset.png
  artifactKey: Guid(d8ee4aa2fab810242a1ff465e662bc09) Importer(2089858483,b0f066a214c2f5e87bad3c948f4d605d)
Start importing Packages/com.unity.render-pipelines.core/Editor/Lighting/Icons/LightUnitIcons/SunriseSunset.png using Guid(d8ee4aa2fab810242a1ff465e662bc09) Importer(2089858483,b0f066a214c2f5e87bad3c948f4d605d) (ScriptedImporter) -> (artifact id: 'ea64dec35a88d3dce860a2f1039a7dc6') in 0.0105599 seconds
Number of updated asset objects reloaded before import = 0Number of asset objects unloaded after import = 1

========================================================================
Received Import Request.
  Time since last request: 0.000024 seconds.
  path: Packages/com.unity.render-pipelines.core/Editor/Lighting/Icons/LightUnitIcons/d_Shade.png
  artifactKey: Guid(fbe2a78a665b37a4c9ec6623f42feb59) Importer(2089858483,b0f066a214c2f5e87bad3c948f4d605d)
Start importing Packages/com.unity.render-pipelines.core/Editor/Lighting/Icons/LightUnitIcons/d_Shade.png using Guid(fbe2a78a665b37a4c9ec6623f42feb59) Importer(2089858483,b0f066a214c2f5e87bad3c948f4d605d) (ScriptedImporter) -> (artifact id: '62d4cde7f9fae75f96af1fecf31736d4') in 0.0111745 seconds
Number of updated asset objects reloaded before import = 0Number of asset objects unloaded after import = 1

========================================================================
Received Import Request.
  Time since last request: 0.000018 seconds.
  path: Packages/com.unity.render-pipelines.core/Editor/Lighting/Icons/LightUnitIcons/Moonlight@2x.png
  artifactKey: Guid(d8bb1a60805d8d241acc12f74cd3b2d5) Importer(2089858483,b0f066a214c2f5e87bad3c948f4d605d)
Start importing Packages/com.unity.render-pipelines.core/Editor/Lighting/Icons/LightUnitIcons/Moonlight@2x.png using Guid(d8bb1a60805d8d241acc12f74cd3b2d5) Importer(2089858483,b0f066a214c2f5e87bad3c948f4d605d) (ScriptedImporter) -> (artifact id: 'f78441dffa20a1d380d5bfefd08553a0') in 0.0127859 seconds
Number of updated asset objects reloaded before import = 0Number of asset objects unloaded after import = 1

========================================================================
Received Import Request.
  Time since last request: 0.000024 seconds.
  path: Packages/com.unity.render-pipelines.core/Runtime/Debugging/Prefabs/Scripts/DebugUIHandlerMessageBox.cs
  artifactKey: Guid(e25c98bed7eaeec4cb32c57a5280f85e) Importer(2089858483,b0f066a214c2f5e87bad3c948f4d605d)
Start importing Packages/com.unity.render-pipelines.core/Runtime/Debugging/Prefabs/Scripts/DebugUIHandlerMessageBox.cs using Guid(e25c98bed7eaeec4cb32c57a5280f85e) Importer(2089858483,b0f066a214c2f5e87bad3c948f4d605d) (ScriptedImporter) -> (artifact id: '3b92756527a97c7072d48c7c13b2c235') in 0.0054968 seconds
Number of updated asset objects reloaded before import = 0Number of asset objects unloaded after import = 0

========================================================================
Received Import Request.
  Time since last request: 0.000015 seconds.
  path: Packages/com.unity.render-pipelines.core/Editor/Lighting/Icons/LightUnitIcons/d_InteriorLight.png
  artifactKey: Guid(b5a2e773c2799aa42a4e99429158896e) Importer(2089858483,b0f066a214c2f5e87bad3c948f4d605d)
Start importing Packages/com.unity.render-pipelines.core/Editor/Lighting/Icons/LightUnitIcons/d_InteriorLight.png using Guid(b5a2e773c2799aa42a4e99429158896e) Importer(2089858483,b0f066a214c2f5e87bad3c948f4d605d) (ScriptedImporter) -> (artifact id: '97297a332844d4339352818e4e8b650c') in 0.0104863 seconds
Number of updated asset objects reloaded before import = 0Number of asset objects unloaded after import = 1

========================================================================
Received Import Request.
  Time since last request: 0.000017 seconds.
  path: Packages/com.unity.render-pipelines.core/Runtime/Debugging/Prefabs/Scripts/DebugUIHandlerFoldout.cs
  artifactKey: Guid(4e5dc9f9bba5df14fbe439bcc4c67063) Importer(2089858483,b0f066a214c2f5e87bad3c948f4d605d)
Start importing Packages/com.unity.render-pipelines.core/Runtime/Debugging/Prefabs/Scripts/DebugUIHandlerFoldout.cs using Guid(4e5dc9f9bba5df14fbe439bcc4c67063) Importer(2089858483,b0f066a214c2f5e87bad3c948f4d605d) (ScriptedImporter) -> (artifact id: '253bdc6c5e6cceff66fdfd70c94fa07f') in 0.0076049 seconds
Number of updated asset objects reloaded before import = 0Number of asset objects unloaded after import = 0

========================================================================
Received Import Request.
  Time since last request: 0.000027 seconds.
  path: Packages/com.unity.render-pipelines.core/Runtime/Debugging/Prefabs/Scripts/DebugUIHandlerHBox.cs
  artifactKey: Guid(e8261e6f2e5fac44da64da2b23939e9a) Importer(2089858483,b0f066a214c2f5e87bad3c948f4d605d)
Start importing Packages/com.unity.render-pipelines.core/Runtime/Debugging/Prefabs/Scripts/DebugUIHandlerHBox.cs using Guid(e8261e6f2e5fac44da64da2b23939e9a) Importer(2089858483,b0f066a214c2f5e87bad3c948f4d605d) (ScriptedImporter) -> (artifact id: 'feb5540f0f9b94d4892c8c3699628f78') in 0.0061949 seconds
Number of updated asset objects reloaded before import = 0Number of asset objects unloaded after import = 0

========================================================================
Received Import Request.
  Time since last request: 0.000018 seconds.
  path: Packages/com.unity.render-pipelines.core/Editor/LookDev/Icons/d_RightArrow.png
  artifactKey: Guid(99e5d180080c96940a65c6d906ff9131) Importer(2089858483,b0f066a214c2f5e87bad3c948f4d605d)
Start importing Packages/com.unity.render-pipelines.core/Editor/LookDev/Icons/d_RightArrow.png using Guid(99e5d180080c96940a65c6d906ff9131) Importer(2089858483,b0f066a214c2f5e87bad3c948f4d605d) (ScriptedImporter) -> (artifact id: '48a8f8efbf1371b83fdbaee4e9e3622d') in 0.0156637 seconds
Number of updated asset objects reloaded before import = 0Number of asset objects unloaded after import = 3

========================================================================
Received Import Request.
  Time since last request: 0.000019 seconds.
  path: Packages/com.unity.render-pipelines.core/Runtime/GPUDriven/InstanceData/InstanceTransformUpdateDefs.cs.hlsl
  artifactKey: Guid(d73035ddef2bea3469c6784cf7f2e865) Importer(2089858483,b0f066a214c2f5e87bad3c948f4d605d)
Start importing Packages/com.unity.render-pipelines.core/Runtime/GPUDriven/InstanceData/InstanceTransformUpdateDefs.cs.hlsl using Guid(d73035ddef2bea3469c6784cf7f2e865) Importer(2089858483,b0f066a214c2f5e87bad3c948f4d605d) (ScriptedImporter) -> (artifact id: '5805f4a9b3c7cfa66e1d302cb3407ead') in 0.0059832 seconds
Number of updated asset objects reloaded before import = 0Number of asset objects unloaded after import = 1

========================================================================
Received Import Request.
  Time since last request: 0.000023 seconds.
  path: Packages/com.unity.render-pipelines.core/Editor/Lighting/Icons/LightUnitIcons/DirectSunlight.png
  artifactKey: Guid(863ef838c25e51b4790fd6ac881ba895) Importer(2089858483,b0f066a214c2f5e87bad3c948f4d605d)
Start importing Packages/com.unity.render-pipelines.core/Editor/Lighting/Icons/LightUnitIcons/DirectSunlight.png using Guid(863ef838c25e51b4790fd6ac881ba895) Importer(2089858483,b0f066a214c2f5e87bad3c948f4d605d) (ScriptedImporter) -> (artifact id: 'f1cb3b03569ae74f4434154d10dee8bf') in 0.0106629 seconds
Number of updated asset objects reloaded before import = 0Number of asset objects unloaded after import = 1

========================================================================
Received Import Request.
  Time since last request: 0.000017 seconds.
  path: Packages/com.unity.render-pipelines.core/Editor/Lighting/ProbeVolume/ProbeGIBaking.RenderingLayers.cs
  artifactKey: Guid(a7f94ecffaf8aeb4bb5b8145e8f53fd2) Importer(2089858483,b0f066a214c2f5e87bad3c948f4d605d)
Start importing Packages/com.unity.render-pipelines.core/Editor/Lighting/ProbeVolume/ProbeGIBaking.RenderingLayers.cs using Guid(a7f94ecffaf8aeb4bb5b8145e8f53fd2) Importer(2089858483,b0f066a214c2f5e87bad3c948f4d605d) (ScriptedImporter) -> (artifact id: '51d9c115eeb7aa80bbb7a17bb11e256e') in 0.0056701 seconds
Number of updated asset objects reloaded before import = 0Number of asset objects unloaded after import = 0

========================================================================
Received Import Request.
  Time since last request: 0.000015 seconds.
  path: Packages/com.unity.render-pipelines.core/Tests/Runtime/RuntimeExampleTest.cs
  artifactKey: Guid(4a99028421222694897393dabe2744fb) Importer(2089858483,b0f066a214c2f5e87bad3c948f4d605d)
Start importing Packages/com.unity.render-pipelines.core/Tests/Runtime/RuntimeExampleTest.cs using Guid(4a99028421222694897393dabe2744fb) Importer(2089858483,b0f066a214c2f5e87bad3c948f4d605d) (ScriptedImporter) -> (artifact id: '2424900968dc69fa0fb3d9a0d0260a9f') in 0.0077725 seconds
Number of updated asset objects reloaded before import = 0Number of asset objects unloaded after import = 0

========================================================================
Received Import Request.
  Time since last request: 0.000019 seconds.
  path: Packages/com.unity.ugui/Runtime/UGUI/UI/Core/Layout/CanvasScaler.cs
  artifactKey: Guid(0cd44c1031e13a943bb63640046fad76) Importer(2089858483,b0f066a214c2f5e87bad3c948f4d605d)
Start importing Packages/com.unity.ugui/Runtime/UGUI/UI/Core/Layout/CanvasScaler.cs using Guid(0cd44c1031e13a943bb63640046fad76) Importer(2089858483,b0f066a214c2f5e87bad3c948f4d605d) (ScriptedImporter) -> (artifact id: 'fabf4822d68566f54d5728bf7aecd94d') in 0.0057646 seconds
Number of updated asset objects reloaded before import = 0Number of asset objects unloaded after import = 0

========================================================================
Received Import Request.
  Time since last request: 0.000023 seconds.
  path: Packages/com.unity.collab-proxy/Editor/UI/UnityInternals/UnityEditor/SplitterState.cs
  artifactKey: Guid(489341d280ec4f84966df11c8c6804d4) Importer(2089858483,b0f066a214c2f5e87bad3c948f4d605d)
Start importing Packages/com.unity.collab-proxy/Editor/UI/UnityInternals/UnityEditor/SplitterState.cs using Guid(489341d280ec4f84966df11c8c6804d4) Importer(2089858483,b0f066a214c2f5e87bad3c948f4d605d) (ScriptedImporter) -> (artifact id: '24dba0841fbdd98c6ab9043dcab4ae20') in 0.0054026 seconds
Number of updated asset objects reloaded before import = 0Number of asset objects unloaded after import = 0

========================================================================
Received Import Request.
  Time since last request: 0.000020 seconds.
  path: Packages/com.unity.test-framework/UnityEditor.TestRunner/Api/TestRunProgress.cs
  artifactKey: Guid(8a06b6fbaa6f4191aa47b7e31242f061) Importer(2089858483,b0f066a214c2f5e87bad3c948f4d605d)
Start importing Packages/com.unity.test-framework/UnityEditor.TestRunner/Api/TestRunProgress.cs using Guid(8a06b6fbaa6f4191aa47b7e31242f061) Importer(2089858483,b0f066a214c2f5e87bad3c948f4d605d) (ScriptedImporter) -> (artifact id: 'c0db5253af620fea7ce73fcd974fd384') in 0.0086051 seconds
Number of updated asset objects reloaded before import = 0Number of asset objects unloaded after import = 0

========================================================================
Received Import Request.
  Time since last request: 0.000016 seconds.
  path: Packages/com.unity.test-framework/UnityEditor.TestRunner/TestRunnerWindowSettings.cs
  artifactKey: Guid(2b301b727225f1941974d69e61a55620) Importer(2089858483,b0f066a214c2f5e87bad3c948f4d605d)
Start importing Packages/com.unity.test-framework/UnityEditor.TestRunner/TestRunnerWindowSettings.cs using Guid(2b301b727225f1941974d69e61a55620) Importer(2089858483,b0f066a214c2f5e87bad3c948f4d605d) (ScriptedImporter) -> (artifact id: 'd1c506b33e315db42014fe5150a46cbc') in 0.0054579 seconds
Number of updated asset objects reloaded before import = 0Number of asset objects unloaded after import = 0

========================================================================
Received Import Request.
  Time since last request: 0.000020 seconds.
  path: Packages/com.unity.test-framework/UnityEditor.TestRunner/Api/TestMode.cs
  artifactKey: Guid(cad095eccea17b741bc4cd264e7441cd) Importer(2089858483,b0f066a214c2f5e87bad3c948f4d605d)
Start importing Packages/com.unity.test-framework/UnityEditor.TestRunner/Api/TestMode.cs using Guid(cad095eccea17b741bc4cd264e7441cd) Importer(2089858483,b0f066a214c2f5e87bad3c948f4d605d) (ScriptedImporter) -> (artifact id: '462895de959616db2faaaa9aad4d6e2b') in 0.0074344 seconds
Number of updated asset objects reloaded before import = 0Number of asset objects unloaded after import = 0

========================================================================
Received Import Request.
  Time since last request: 0.000027 seconds.
  path: Packages/com.unity.test-framework/UnityEditor.TestRunner/Api/ITestResultAdaptor.cs
  artifactKey: Guid(4f90cfe4bf5cfb44f84a5b11387f2a42) Importer(2089858483,b0f066a214c2f5e87bad3c948f4d605d)
Start importing Packages/com.unity.test-framework/UnityEditor.TestRunner/Api/ITestResultAdaptor.cs using Guid(4f90cfe4bf5cfb44f84a5b11387f2a42) Importer(2089858483,b0f066a214c2f5e87bad3c948f4d605d) (ScriptedImporter) -> (artifact id: '5ab0cd83aba60f9d350654e1912563a5') in 0.0062304 seconds
Number of updated asset objects reloaded before import = 0Number of asset objects unloaded after import = 0

========================================================================
Received Import Request.
  Time since last request: 0.000015 seconds.
  path: Packages/com.unity.test-framework/LICENSE.md
  artifactKey: Guid(3ec7596410385054a9e0bc90377fbe63) Importer(2089858483,b0f066a214c2f5e87bad3c948f4d605d)
Start importing Packages/com.unity.test-framework/LICENSE.md using Guid(3ec7596410385054a9e0bc90377fbe63) Importer(2089858483,b0f066a214c2f5e87bad3c948f4d605d) (ScriptedImporter) -> (artifact id: '9907ef2d16f0c30dd17a22f7862354c0') in 0.0056899 seconds
Number of updated asset objects reloaded before import = 0Number of asset objects unloaded after import = 1

========================================================================
Received Import Request.
  Time since last request: 0.000017 seconds.
  path: Packages/com.unity.test-framework/Tests/TestNewCustomAssembly/NewPlayModeTest.cs
  artifactKey: Guid(74e0dd7cd2eda394aafc22c5859b35c8) Importer(2089858483,b0f066a214c2f5e87bad3c948f4d605d)
Start importing Packages/com.unity.test-framework/Tests/TestNewCustomAssembly/NewPlayModeTest.cs using Guid(74e0dd7cd2eda394aafc22c5859b35c8) Importer(2089858483,b0f066a214c2f5e87bad3c948f4d605d) (ScriptedImporter) -> (artifact id: '18e1c40d4913396490b6fe3ac43d0efd') in 0.0058848 seconds
Number of updated asset objects reloaded before import = 0Number of asset objects unloaded after import = 0

========================================================================
Received Import Request.
  Time since last request: 0.000025 seconds.
  path: Packages/com.unity.modules.uielements/package.json
  artifactKey: Guid(4f0f9b9f3ed97ad2b9ba8f1a8e4666c2) Importer(2089858483,b0f066a214c2f5e87bad3c948f4d605d)
Start importing Packages/com.unity.modules.uielements/package.json using Guid(4f0f9b9f3ed97ad2b9ba8f1a8e4666c2) Importer(2089858483,b0f066a214c2f5e87bad3c948f4d605d) (ScriptedImporter) -> (artifact id: '39a419e253e5e51981d2c797ca4657a1') in 0.0057155 seconds
Number of updated asset objects reloaded before import = 0Number of asset objects unloaded after import = 1

========================================================================
Received Import Request.
  Time since last request: 0.000015 seconds.
  path: Packages/com.unity.render-pipelines.core/Runtime/Debugging/Prefabs/Scripts/DebugUIHandlerVector3.cs
  artifactKey: Guid(cd072512faf9def4aab6bf02a353e37a) Importer(2089858483,b0f066a214c2f5e87bad3c948f4d605d)
Start importing Packages/com.unity.render-pipelines.core/Runtime/Debugging/Prefabs/Scripts/DebugUIHandlerVector3.cs using Guid(cd072512faf9def4aab6bf02a353e37a) Importer(2089858483,b0f066a214c2f5e87bad3c948f4d605d) (ScriptedImporter) -> (artifact id: 'f2807dffe829c7258baa1a7f7334f1a1') in 0.0054961 seconds
Number of updated asset objects reloaded before import = 0Number of asset objects unloaded after import = 0

========================================================================
Received Import Request.
  Time since last request: 0.000015 seconds.
  path: Packages/com.unity.render-pipelines.core/Runtime/Debugging/Prefabs/Widgets/DebugUIButton.prefab
  artifactKey: Guid(f6ce33b91f6ffe54cadacbf4bb112440) Importer(2089858483,b0f066a214c2f5e87bad3c948f4d605d)
Start importing Packages/com.unity.render-pipelines.core/Runtime/Debugging/Prefabs/Widgets/DebugUIButton.prefab using Guid(f6ce33b91f6ffe54cadacbf4bb112440) Importer(2089858483,b0f066a214c2f5e87bad3c948f4d605d) (ScriptedImporter) -> (artifact id: '97f441e45c2ee7cadca9c73a9f712710') in 0.0332594 seconds
Number of updated asset objects reloaded before import = 0Number of asset objects unloaded after import = 15

========================================================================
Received Import Request.
  Time since last request: 0.000019 seconds.
  path: Packages/com.unity.render-pipelines.core/Runtime/UnifiedRayTracing/Compute/RadeonRays/Scan.cs
  artifactKey: Guid(c083b11656047954d8aab3b2b0713f33) Importer(2089858483,b0f066a214c2f5e87bad3c948f4d605d)
Start importing Packages/com.unity.render-pipelines.core/Runtime/UnifiedRayTracing/Compute/RadeonRays/Scan.cs using Guid(c083b11656047954d8aab3b2b0713f33) Importer(2089858483,b0f066a214c2f5e87bad3c948f4d605d) (ScriptedImporter) -> (artifact id: '399fe54e85da70197ac265f1151cd141') in 0.0055522 seconds
Number of updated asset objects reloaded before import = 0Number of asset objects unloaded after import = 0

========================================================================
Received Import Request.
  Time since last request: 0.000024 seconds.
  path: Packages/com.unity.render-pipelines.core/Runtime/Debugging/Prefabs/Scripts/UIFoldout.cs
  artifactKey: Guid(e4786b5477cac0a42855b21fdaa2242f) Importer(2089858483,b0f066a214c2f5e87bad3c948f4d605d)
Start importing Packages/com.unity.render-pipelines.core/Runtime/Debugging/Prefabs/Scripts/UIFoldout.cs using Guid(e4786b5477cac0a42855b21fdaa2242f) Importer(2089858483,b0f066a214c2f5e87bad3c948f4d605d) (ScriptedImporter) -> (artifact id: 'fe3b348703fbc39af8a117193f73090a') in 0.0055267 seconds
Number of updated asset objects reloaded before import = 0Number of asset objects unloaded after import = 0

========================================================================
Received Import Request.
  Time since last request: 0.000016 seconds.
  path: Packages/com.unity.render-pipelines.core/Runtime/Debugging/Prefabs/Textures/UIArrowDown.png
  artifactKey: Guid(f224bfd122877a34aa49c63693fc317b) Importer(2089858483,b0f066a214c2f5e87bad3c948f4d605d)
Start importing Packages/com.unity.render-pipelines.core/Runtime/Debugging/Prefabs/Textures/UIArrowDown.png using Guid(f224bfd122877a34aa49c63693fc317b) Importer(2089858483,b0f066a214c2f5e87bad3c948f4d605d) (ScriptedImporter) -> (artifact id: '9d0f7b5afa303fd5177391a7add28bd9') in 0.0114103 seconds
Number of updated asset objects reloaded before import = 0Number of asset objects unloaded after import = 3

========================================================================
Received Import Request.
  Time since last request: 0.000017 seconds.
  path: Packages/com.unity.render-pipelines.core/Runtime/UnifiedRayTracing/Compute/RadeonRays/kernels/restructure_bvh.compute
  artifactKey: Guid(56641cb88dcb31a4398a4997ef7a7a8c) Importer(2089858483,b0f066a214c2f5e87bad3c948f4d605d)
Start importing Packages/com.unity.render-pipelines.core/Runtime/UnifiedRayTracing/Compute/RadeonRays/kernels/restructure_bvh.compute using Guid(56641cb88dcb31a4398a4997ef7a7a8c) Importer(2089858483,b0f066a214c2f5e87bad3c948f4d605d) (ScriptedImporter) -> (artifact id: '1f5e81dd19d19b5a6cf1ed2beac239ee') in 0.0057762 seconds
Number of updated asset objects reloaded before import = 0Number of asset objects unloaded after import = 0

========================================================================
Received Import Request.
  Time since last request: 0.000024 seconds.
  path: Packages/com.unity.test-framework/UnityEditor.TestRunner/Api/TestRunnerApi.cs
  artifactKey: Guid(68993ba529ae04440916cb7c23bf3279) Importer(2089858483,b0f066a214c2f5e87bad3c948f4d605d)
Start importing Packages/com.unity.test-framework/UnityEditor.TestRunner/Api/TestRunnerApi.cs using Guid(68993ba529ae04440916cb7c23bf3279) Importer(2089858483,b0f066a214c2f5e87bad3c948f4d605d) (ScriptedImporter) -> (artifact id: 'aeb730bcd5e172d861078b22c2cb5c7a') in 0.0054439 seconds
Number of updated asset objects reloaded before import = 0Number of asset objects unloaded after import = 0

========================================================================
Received Import Request.
  Time since last request: 0.000025 seconds.
  path: Packages/com.unity.render-pipelines.core/Runtime/UnifiedRayTracing/Compute/RadeonRays/kernels/math.hlsl
  artifactKey: Guid(8a988affc98dd434aadd71fe6be1061f) Importer(2089858483,b0f066a214c2f5e87bad3c948f4d605d)
Start importing Packages/com.unity.render-pipelines.core/Runtime/UnifiedRayTracing/Compute/RadeonRays/kernels/math.hlsl using Guid(8a988affc98dd434aadd71fe6be1061f) Importer(2089858483,b0f066a214c2f5e87bad3c948f4d605d) (ScriptedImporter) -> (artifact id: 'a45db6117986481d0a8d1c6bc9627b5f') in 0.0056005 seconds
Number of updated asset objects reloaded before import = 0Number of asset objects unloaded after import = 1

========================================================================
Received Import Request.
  Time since last request: 0.000018 seconds.
  path: Packages/com.unity.test-framework/UnityEditor.TestRunner/CommandLineTest/SetupException.cs
  artifactKey: Guid(63572993f2104574099a48392460b211) Importer(2089858483,b0f066a214c2f5e87bad3c948f4d605d)
Start importing Packages/com.unity.test-framework/UnityEditor.TestRunner/CommandLineTest/SetupException.cs using Guid(63572993f2104574099a48392460b211) Importer(2089858483,b0f066a214c2f5e87bad3c948f4d605d) (ScriptedImporter) -> (artifact id: '37489764fb8ff367ba48d9f27f9b5e70') in 0.005922 seconds
Number of updated asset objects reloaded before import = 0Number of asset objects unloaded after import = 0

========================================================================
Received Import Request.
  Time since last request: 0.000021 seconds.
  path: Packages/com.unity.render-pipelines.core/Runtime/UnifiedRayTracing/Compute/RadeonRays/kernels/CopyPositions.compute
  artifactKey: Guid(1ad53a96b58d3c3488dde4f14db1aaeb) Importer(2089858483,b0f066a214c2f5e87bad3c948f4d605d)
Start importing Packages/com.unity.render-pipelines.core/Runtime/UnifiedRayTracing/Compute/RadeonRays/kernels/CopyPositions.compute using Guid(1ad53a96b58d3c3488dde4f14db1aaeb) Importer(2089858483,b0f066a214c2f5e87bad3c948f4d605d) (ScriptedImporter) -> (artifact id: '5c9d543227592e887c37ffdda3e5cb72') in 0.0062334 seconds
Number of updated asset objects reloaded before import = 0Number of asset objects unloaded after import = 0

========================================================================
Received Import Request.
  Time since last request: 0.000023 seconds.
  path: Packages/com.unity.render-pipelines.core/Runtime/UnifiedRayTracing/Compute/RadeonRays/kernels/trace_ray.hlsl
  artifactKey: Guid(ab8d793352dffca4f9b91b50e2421b57) Importer(2089858483,b0f066a214c2f5e87bad3c948f4d605d)
Start importing Packages/com.unity.render-pipelines.core/Runtime/UnifiedRayTracing/Compute/RadeonRays/kernels/trace_ray.hlsl using Guid(ab8d793352dffca4f9b91b50e2421b57) Importer(2089858483,b0f066a214c2f5e87bad3c948f4d605d) (ScriptedImporter) -> (artifact id: '93d253cf1a03fd9a4053e95000bfc490') in 0.0069302 seconds
Number of updated asset objects reloaded before import = 0Number of asset objects unloaded after import = 1

========================================================================
Received Import Request.
  Time since last request: 0.000016 seconds.
  path: Packages/com.unity.test-framework/UnityEditor.TestRunner/CommandLineParser/ICommandLineOption.cs
  artifactKey: Guid(f445ca0c614a846449fcd8ae648c24e2) Importer(2089858483,b0f066a214c2f5e87bad3c948f4d605d)
Start importing Packages/com.unity.test-framework/UnityEditor.TestRunner/CommandLineParser/ICommandLineOption.cs using Guid(f445ca0c614a846449fcd8ae648c24e2) Importer(2089858483,b0f066a214c2f5e87bad3c948f4d605d) (ScriptedImporter) -> (artifact id: '3c07de6e5449f300e880d408e326d833') in 0.0055593 seconds
Number of updated asset objects reloaded before import = 0Number of asset objects unloaded after import = 0

========================================================================
Received Import Request.
  Time since last request: 0.000017 seconds.
  path: Packages/com.unity.render-pipelines.core/Runtime/Debugging/Prefabs/Widgets/DebugUIObject.prefab
  artifactKey: Guid(a87cfaef648f17c41b568e842e068c51) Importer(2089858483,b0f066a214c2f5e87bad3c948f4d605d)
Start importing Packages/com.unity.render-pipelines.core/Runtime/Debugging/Prefabs/Widgets/DebugUIObject.prefab using Guid(a87cfaef648f17c41b568e842e068c51) Importer(2089858483,b0f066a214c2f5e87bad3c948f4d605d) (ScriptedImporter) -> (artifact id: '1bc5e17d290c654d1dd2384a11bd7576') in 0.0093775 seconds
Number of updated asset objects reloaded before import = 0Number of asset objects unloaded after import = 15

========================================================================
Received Import Request.
  Time since last request: 0.000020 seconds.
  path: Packages/com.unity.render-pipelines.core/Runtime/UnifiedRayTracing/Compute/RadeonRays/RadeonRaysAPI.cs
  artifactKey: Guid(72f2039b19e30244dafbaeed758cb3c6) Importer(2089858483,b0f066a214c2f5e87bad3c948f4d605d)
Start importing Packages/com.unity.render-pipelines.core/Runtime/UnifiedRayTracing/Compute/RadeonRays/RadeonRaysAPI.cs using Guid(72f2039b19e30244dafbaeed758cb3c6) Importer(2089858483,b0f066a214c2f5e87bad3c948f4d605d) (ScriptedImporter) -> (artifact id: '80363dc4dbfd50e6780b0f4cca2a60f3') in 0.0060864 seconds
Number of updated asset objects reloaded before import = 0Number of asset objects unloaded after import = 0

========================================================================
Received Import Request.
  Time since last request: 0.000029 seconds.
  path: Packages/com.unity.render-pipelines.core/Runtime/PostProcessing/Shaders/ffx/ffx_cas.hlsl
  artifactKey: Guid(2a9d148fab2695346824a766e925a31f) Importer(2089858483,b0f066a214c2f5e87bad3c948f4d605d)
Start importing Packages/com.unity.render-pipelines.core/Runtime/PostProcessing/Shaders/ffx/ffx_cas.hlsl using Guid(2a9d148fab2695346824a766e925a31f) Importer(2089858483,b0f066a214c2f5e87bad3c948f4d605d) (ScriptedImporter) -> (artifact id: '4d1e4c2a25e13e2b75c67dce39cc1cc2') in 0.0058343 seconds
Number of updated asset objects reloaded before import = 0Number of asset objects unloaded after import = 1

========================================================================
Received Import Request.
  Time since last request: 0.000015 seconds.
  path: Packages/com.unity.render-pipelines.core/Runtime/UnifiedRayTracing/Compute/RadeonRays/RadixSort.cs
  artifactKey: Guid(e8f82bb52f3ef1645959cbcafd7ce168) Importer(2089858483,b0f066a214c2f5e87bad3c948f4d605d)
Start importing Packages/com.unity.render-pipelines.core/Runtime/UnifiedRayTracing/Compute/RadeonRays/RadixSort.cs using Guid(e8f82bb52f3ef1645959cbcafd7ce168) Importer(2089858483,b0f066a214c2f5e87bad3c948f4d605d) (ScriptedImporter) -> (artifact id: '934aa54a10037461a6015f8da2ef9c04') in 0.0055617 seconds
Number of updated asset objects reloaded before import = 0Number of asset objects unloaded after import = 0

========================================================================
Received Import Request.
  Time since last request: 0.000017 seconds.
  path: Packages/com.unity.render-pipelines.core/Runtime/UnifiedRayTracing/Compute/RadeonRays/kernels/bvh2il.hlsl
  artifactKey: Guid(4541f1bb75b10ac4597809e3016f3026) Importer(2089858483,b0f066a214c2f5e87bad3c948f4d605d)
Start importing Packages/com.unity.render-pipelines.core/Runtime/UnifiedRayTracing/Compute/RadeonRays/kernels/bvh2il.hlsl using Guid(4541f1bb75b10ac4597809e3016f3026) Importer(2089858483,b0f066a214c2f5e87bad3c948f4d605d) (ScriptedImporter) -> (artifact id: '74c9ce36aede3bb3e15b5131ad4087cf') in 0.0055796 seconds
Number of updated asset objects reloaded before import = 0Number of asset objects unloaded after import = 1

========================================================================
Received Prepare
Refreshing native plugins compatible for Editor in 6.41 ms, found 5 plugins.
Preloading 0 native plugins for Editor in 0.00 ms.
Unloading 16 Unused Serialized files (Serialized files now loaded: 0)
Unloading 7200 unused Assets / (4.4 MB). Loaded Objects now: 8035.
Memory consumption went from 168.6 MB to 164.2 MB.
Total: 13.015000 ms (FindLiveObjects: 0.883100 ms CreateObjectMapping: 1.327500 ms MarkObjects: 8.226700 ms  DeleteObjects: 2.576000 ms)

Prepare: number of updated asset objects reloaded= 0
========================================================================
Received Import Request.
  Time since last request: 0.585156 seconds.
  path: Assets/Assessment 1 Scripts/PlayerManager.cs
  artifactKey: Guid(e14052427d0b352489854ec74f368aa7) Importer(815301076,1909f56bfc062723c751e8b465ee728b)
Start importing Assets/Assessment 1 Scripts/PlayerManager.cs using Guid(e14052427d0b352489854ec74f368aa7) Importer(815301076,1909f56bfc062723c751e8b465ee728b) (PreviewImporter) -> (artifact id: 'd2e32afaa275ca42b2155b124d2cf64a') in 0.0046489 seconds
Number of updated asset objects reloaded before import = 0Number of asset objects unloaded after import = 0

========================================================================
Received Import Request.
  Time since last request: 0.314419 seconds.
  path: Packages/com.unity.test-framework/UnityEditor.TestRunner/GUI/UITestRunnerFilter.cs
  artifactKey: Guid(8069e1fc631e461ababf11f19a9c0df3) Importer(2089858483,b0f066a214c2f5e87bad3c948f4d605d)
Start importing Packages/com.unity.test-framework/UnityEditor.TestRunner/GUI/UITestRunnerFilter.cs using Guid(8069e1fc631e461ababf11f19a9c0df3) Importer(2089858483,b0f066a214c2f5e87bad3c948f4d605d) (ScriptedImporter) -> (artifact id: '47697ba5676cac27768a7526d50d2369') in 0.007142 seconds
Number of updated asset objects reloaded before import = 0Number of asset objects unloaded after import = 0

========================================================================
Received Import Request.
  Time since last request: 0.000020 seconds.
  path: Packages/com.unity.test-framework/UnityEngine.TestRunner/Utils/PostBuildCleanupAttribute.cs
  artifactKey: Guid(621fd19bcb071b64aa1d68f0271aa780) Importer(2089858483,b0f066a214c2f5e87bad3c948f4d605d)
Start importing Packages/com.unity.test-framework/UnityEngine.TestRunner/Utils/PostBuildCleanupAttribute.cs using Guid(621fd19bcb071b64aa1d68f0271aa780) Importer(2089858483,b0f066a214c2f5e87bad3c948f4d605d) (ScriptedImporter) -> (artifact id: '1dbb6e3c5027e0afaeae032ed08c1736') in 0.0084006 seconds
Number of updated asset objects reloaded before import = 0Number of asset objects unloaded after import = 0

========================================================================
Received Import Request.
  Time since last request: 0.000030 seconds.
  path: Packages/com.unity.test-framework/UnityEngine.TestRunner/Assertions/UnityTestTimeoutException.cs
  artifactKey: Guid(ffb335140c799c4408411d81789fb05c) Importer(2089858483,b0f066a214c2f5e87bad3c948f4d605d)
Start importing Packages/com.unity.test-framework/UnityEngine.TestRunner/Assertions/UnityTestTimeoutException.cs using Guid(ffb335140c799c4408411d81789fb05c) Importer(2089858483,b0f066a214c2f5e87bad3c948f4d605d) (ScriptedImporter) -> (artifact id: '1b6f0dcd7b0200ffbed57c2064fc4ec6') in 0.0054758 seconds
Number of updated asset objects reloaded before import = 0Number of asset objects unloaded after import = 0

========================================================================
Received Import Request.
  Time since last request: 0.000019 seconds.
  path: Packages/com.unity.test-framework/UnityEditor.TestRunner/GUI/Controls/SelectionDropDown.cs
  artifactKey: Guid(f8f9b43d4e034c2d997f4eb6a0d85a96) Importer(2089858483,b0f066a214c2f5e87bad3c948f4d605d)
Start importing Packages/com.unity.test-framework/UnityEditor.TestRunner/GUI/Controls/SelectionDropDown.cs using Guid(f8f9b43d4e034c2d997f4eb6a0d85a96) Importer(2089858483,b0f066a214c2f5e87bad3c948f4d605d) (ScriptedImporter) -> (artifact id: '3245741ffcf129920606846f778dfd90') in 0.0095678 seconds
Number of updated asset objects reloaded before import = 0Number of asset objects unloaded after import = 0

========================================================================
Received Import Request.
  Time since last request: 0.000020 seconds.
  path: Packages/com.unity.test-framework/UnityEditor.TestRunner/GUI/TestListTreeView/TestListTreeViewDataSource.cs
  artifactKey: Guid(ce87c287371edde43a4b5fcfdee7b9ef) Importer(2089858483,b0f066a214c2f5e87bad3c948f4d605d)
Start importing Packages/com.unity.test-framework/UnityEditor.TestRunner/GUI/TestListTreeView/TestListTreeViewDataSource.cs using Guid(ce87c287371edde43a4b5fcfdee7b9ef) Importer(2089858483,b0f066a214c2f5e87bad3c948f4d605d) (ScriptedImporter) -> (artifact id: 'fe0483fa0ef8f34e48ef4acfb5939c69') in 0.0060981 seconds
Number of updated asset objects reloaded before import = 0Number of asset objects unloaded after import = 0

========================================================================
Received Import Request.
  Time since last request: 0.000040 seconds.
  path: Packages/com.unity.test-framework/UnityEngine.TestRunner/NUnitExtensions/ActionDelegator.cs
  artifactKey: Guid(4f939b9e23a0946439b812551e07ac81) Importer(2089858483,b0f066a214c2f5e87bad3c948f4d605d)
Start importing Packages/com.unity.test-framework/UnityEngine.TestRunner/NUnitExtensions/ActionDelegator.cs using Guid(4f939b9e23a0946439b812551e07ac81) Importer(2089858483,b0f066a214c2f5e87bad3c948f4d605d) (ScriptedImporter) -> (artifact id: '35f63475174841712b94ef6fa099d688') in 0.0084031 seconds
Number of updated asset objects reloaded before import = 0Number of asset objects unloaded after import = 0

========================================================================
Received Prepare
Refreshing native plugins compatible for Editor in 7.48 ms, found 5 plugins.
Preloading 0 native plugins for Editor in 0.00 ms.
Unloading 16 Unused Serialized files (Serialized files now loaded: 0)
Unloading 7196 unused Assets / (4.1 MB). Loaded Objects now: 8035.
Memory consumption went from 168.4 MB to 164.3 MB.
Total: 12.867000 ms (FindLiveObjects: 0.894800 ms CreateObjectMapping: 1.417600 ms MarkObjects: 7.701900 ms  DeleteObjects: 2.851700 ms)

Prepare: number of updated asset objects reloaded= 0
========================================================================
Received Import Request.
  Time since last request: 2.306163 seconds.
  path: Packages/com.unity.test-framework/UnityEditor.TestRunner/TestLaunchers/PlatformSetup/XboxOnePlatformSetup.cs
  artifactKey: Guid(aed7ab02155e43341a2dbcb7bc17c160) Importer(2089858483,b0f066a214c2f5e87bad3c948f4d605d)
Start importing Packages/com.unity.test-framework/UnityEditor.TestRunner/TestLaunchers/PlatformSetup/XboxOnePlatformSetup.cs using Guid(aed7ab02155e43341a2dbcb7bc17c160) Importer(2089858483,b0f066a214c2f5e87bad3c948f4d605d) (ScriptedImporter) -> (artifact id: '55104017d8b5ae3e189258579d35a665') in 0.010537 seconds
Number of updated asset objects reloaded before import = 0Number of asset objects unloaded after import = 0

========================================================================
Received Import Request.
  Time since last request: 0.000053 seconds.
  path: Packages/com.unity.test-framework/UnityEditor.TestRunner/TestRun/Data/TaskMode.cs
  artifactKey: Guid(06e624de88cb4a808350b63994eb39ed) Importer(2089858483,b0f066a214c2f5e87bad3c948f4d605d)
Start importing Packages/com.unity.test-framework/UnityEditor.TestRunner/TestRun/Data/TaskMode.cs using Guid(06e624de88cb4a808350b63994eb39ed) Importer(2089858483,b0f066a214c2f5e87bad3c948f4d605d) (ScriptedImporter) -> (artifact id: 'bcbee611c046b1d9f28c1c87657c2353') in 0.0065123 seconds
Number of updated asset objects reloaded before import = 0Number of asset objects unloaded after import = 0

========================================================================
Received Import Request.
  Time since last request: 0.000017 seconds.
  path: Packages/com.unity.test-framework/UnityEditor.TestRunner/TestRun/Tasks/CleanupConstructDelegatorTask.cs
  artifactKey: Guid(a155fee568ce42a4b561ee3a27d88532) Importer(2089858483,b0f066a214c2f5e87bad3c948f4d605d)
Start importing Packages/com.unity.test-framework/UnityEditor.TestRunner/TestRun/Tasks/CleanupConstructDelegatorTask.cs using Guid(a155fee568ce42a4b561ee3a27d88532) Importer(2089858483,b0f066a214c2f5e87bad3c948f4d605d) (ScriptedImporter) -> (artifact id: '0238d23975974891b6a59c544dabc16e') in 0.0071653 seconds
Number of updated asset objects reloaded before import = 0Number of asset objects unloaded after import = 0

========================================================================
Received Import Request.
  Time since last request: 0.000039 seconds.
  path: Packages/com.unity.test-framework/UnityEditor.TestRunner/TestRun/Data/TestProgress.cs
  artifactKey: Guid(881a6e4afaf6d1744a7aacea7f268f4c) Importer(2089858483,b0f066a214c2f5e87bad3c948f4d605d)
Start importing Packages/com.unity.test-framework/UnityEditor.TestRunner/TestRun/Data/TestProgress.cs using Guid(881a6e4afaf6d1744a7aacea7f268f4c) Importer(2089858483,b0f066a214c2f5e87bad3c948f4d605d) (ScriptedImporter) -> (artifact id: '39c26afc2a74247fe33eefcf29f3a8bb') in 0.0073299 seconds
Number of updated asset objects reloaded before import = 0Number of asset objects unloaded after import = 0

========================================================================
Received Import Request.
  Time since last request: 0.000020 seconds.
  path: Packages/com.unity.test-framework/UnityEditor.TestRunner/TestRun/Tasks/EnterPlayModeTask.cs
  artifactKey: Guid(4b45f42910304b00a63958173ee2c76f) Importer(2089858483,b0f066a214c2f5e87bad3c948f4d605d)
Start importing Packages/com.unity.test-framework/UnityEditor.TestRunner/TestRun/Tasks/EnterPlayModeTask.cs using Guid(4b45f42910304b00a63958173ee2c76f) Importer(2089858483,b0f066a214c2f5e87bad3c948f4d605d) (ScriptedImporter) -> (artifact id: '0c8f19c8eaf1e7520e7601972c8d782d') in 0.0066183 seconds
Number of updated asset objects reloaded before import = 0Number of asset objects unloaded after import = 0

========================================================================
Received Import Request.
  Time since last request: 0.000018 seconds.
  path: Packages/com.unity.test-framework/UnityEditor.TestRunner/TestRun/Tasks/BuildActionTaskBase.cs
  artifactKey: Guid(c2441d353f9c42a44af6e224e4901b52) Importer(2089858483,b0f066a214c2f5e87bad3c948f4d605d)
Start importing Packages/com.unity.test-framework/UnityEditor.TestRunner/TestRun/Tasks/BuildActionTaskBase.cs using Guid(c2441d353f9c42a44af6e224e4901b52) Importer(2089858483,b0f066a214c2f5e87bad3c948f4d605d) (ScriptedImporter) -> (artifact id: 'af066c76a043bf62847d281ab107f8ba') in 0.0056093 seconds
Number of updated asset objects reloaded before import = 0Number of asset objects unloaded after import = 0

========================================================================
Received Prepare
Begin MonoManager ReloadAssembly
- Loaded All Assemblies, in  1.192 seconds
Refreshing native plugins compatible for Editor in 6.33 ms, found 5 plugins.
Native extension for Android target not found
Native extension for WindowsStandalone target not found
Native extension for WebGL target not found
[Package Manager] Failed to launch server process. Reason: Unity was launched with the -noUpm command-line argument
[Package Manager] Unable to send message (not connected to server process).
[Package Manager] Cannot connect to Unity Package Manager local server
[Package Manager] Failed to launch server process. Reason: Unity was launched with the -noUpm command-line argument
[Package Manager] Unable to send message (not connected to server process).
[Package Manager] Cannot connect to Unity Package Manager local server
ScheduleIndexationOnStartup MainProcess:False IndexOnStartup:True
Mono: successfully reloaded assembly
- Finished resetting the current domain, in  0.973 seconds
Domain Reload Profiling: 2157ms
	BeginReloadAssembly (290ms)
		ExecutionOrderSort (0ms)
		DisableScriptedObjects (15ms)
		BackupInstance (0ms)
		ReleaseScriptingObjects (0ms)
		CreateAndSetChildDomain (59ms)
	RebuildCommonClasses (50ms)
	RebuildNativeTypeToScriptingClass (17ms)
	initialDomainReloadingComplete (44ms)
	LoadAllAssembliesAndSetupDomain (782ms)
		LoadAssemblies (585ms)
		RebuildTransferFunctionScriptingTraits (0ms)
		AnalyzeDomain (344ms)
			TypeCache.Refresh (15ms)
				TypeCache.ScanAssembly (0ms)
			BuildScriptInfoCaches (307ms)
			ResolveRequiredComponents (15ms)
	FinalizeReload (974ms)
		ReleaseScriptCaches (0ms)
		RebuildScriptCaches (0ms)
		SetupLoadedEditorAssemblies (768ms)
			LogAssemblyErrors (0ms)
			InitializePlatformSupportModulesInManaged (12ms)
			SetLoadedEditorAssemblies (4ms)
			BeforeProcessingInitializeOnLoad (201ms)
			ProcessInitializeOnLoadAttributes (424ms)
			ProcessInitializeOnLoadMethodAttributes (111ms)
			AfterProcessingInitializeOnLoad (15ms)
			EditorAssembliesLoaded (1ms)
		ExecutionOrderSort2 (0ms)
		AwakeInstancesAfterBackupRestoration (26ms)
Refreshing native plugins compatible for Editor in 6.26 ms, found 5 plugins.
Preloading 0 native plugins for Editor in 0.00 ms.
Unloading 16 Unused Serialized files (Serialized files now loaded: 0)
Unloading 7211 unused Assets / (4.8 MB). Loaded Objects now: 8038.
Memory consumption went from 167.7 MB to 162.9 MB.
Total: 12.227200 ms (FindLiveObjects: 0.894200 ms CreateObjectMapping: 1.390400 ms MarkObjects: 6.737900 ms  DeleteObjects: 3.203600 ms)

Prepare: number of updated asset objects reloaded= 0
========================================================================
Received Import Request.
  Time since last request: 8.501616 seconds.
  path: Assets/Assessment 1 Scripts/PlayerManager.cs
  artifactKey: Guid(e14052427d0b352489854ec74f368aa7) Importer(815301076,1909f56bfc062723c751e8b465ee728b)
Start importing Assets/Assessment 1 Scripts/PlayerManager.cs using Guid(e14052427d0b352489854ec74f368aa7) Importer(815301076,1909f56bfc062723c751e8b465ee728b) (PreviewImporter) -> (artifact id: '8434a58470ee184bca5596d5bd91b2bf') in 0.006354 seconds
Number of updated asset objects reloaded before import = 0Number of asset objects unloaded after import = 0

========================================================================
Received Import Request.
  Time since last request: 34.207162 seconds.
  path: Assets/Assessment 1 Scripts/GameManager.cs
  artifactKey: Guid(a094fc1ec7a12b744a66292d200217c4) Importer(815301076,1909f56bfc062723c751e8b465ee728b)
Start importing Assets/Assessment 1 Scripts/GameManager.cs using Guid(a094fc1ec7a12b744a66292d200217c4) Importer(815301076,1909f56bfc062723c751e8b465ee728b) (PreviewImporter) -> (artifact id: '6bb854473a211d2d3741629318ac682b') in 0.0007719 seconds
Number of updated asset objects reloaded before import = 0Number of asset objects unloaded after import = 0

========================================================================
Received Prepare
Refreshing native plugins compatible for Editor in 7.13 ms, found 5 plugins.
Preloading 0 native plugins for Editor in 0.00 ms.
Unloading 16 Unused Serialized files (Serialized files now loaded: 0)
Unloading 7196 unused Assets / (4.5 MB). Loaded Objects now: 8038.
Memory consumption went from 167.8 MB to 163.2 MB.
Total: 10.923000 ms (FindLiveObjects: 0.851200 ms CreateObjectMapping: 1.493100 ms MarkObjects: 5.733900 ms  DeleteObjects: 2.843400 ms)

Prepare: number of updated asset objects reloaded= 0
========================================================================
Received Import Request.
  Time since last request: 6.777858 seconds.
  path: Assets/Assessment 1 Scripts/GameManager.cs
  artifactKey: Guid(a094fc1ec7a12b744a66292d200217c4) Importer(815301076,1909f56bfc062723c751e8b465ee728b)
Start importing Assets/Assessment 1 Scripts/GameManager.cs using Guid(a094fc1ec7a12b744a66292d200217c4) Importer(815301076,1909f56bfc062723c751e8b465ee728b) (PreviewImporter) -> (artifact id: '85a6a00cb0db2535047296727c6798e1') in 0.0052636 seconds
Number of updated asset objects reloaded before import = 0Number of asset objects unloaded after import = 0

========================================================================
Received Prepare
Begin MonoManager ReloadAssembly
[Licensing::Client] Successfully resolved entitlement details
- Loaded All Assemblies, in  1.207 seconds
Refreshing native plugins compatible for Editor in 6.16 ms, found 5 plugins.
Native extension for Android target not found
Native extension for WindowsStandalone target not found
Native extension for WebGL target not found
[Package Manager] Failed to launch server process. Reason: Unity was launched with the -noUpm command-line argument
[Package Manager] Unable to send message (not connected to server process).
[Package Manager] Cannot connect to Unity Package Manager local server
[Package Manager] Failed to launch server process. Reason: Unity was launched with the -noUpm command-line argument
[Package Manager] Unable to send message (not connected to server process).
[Package Manager] Cannot connect to Unity Package Manager local server
ScheduleIndexationOnStartup MainProcess:False IndexOnStartup:True
Mono: successfully reloaded assembly
- Finished resetting the current domain, in  0.942 seconds
Domain Reload Profiling: 2140ms
	BeginReloadAssembly (278ms)
		ExecutionOrderSort (0ms)
		DisableScriptedObjects (17ms)
		BackupInstance (0ms)
		ReleaseScriptingObjects (0ms)
		CreateAndSetChildDomain (53ms)
	RebuildCommonClasses (44ms)
	RebuildNativeTypeToScriptingClass (16ms)
	initialDomainReloadingComplete (44ms)
	LoadAllAssembliesAndSetupDomain (816ms)
		LoadAssemblies (572ms)
		RebuildTransferFunctionScriptingTraits (0ms)
		AnalyzeDomain (373ms)
			TypeCache.Refresh (13ms)
				TypeCache.ScanAssembly (0ms)
			BuildScriptInfoCaches (342ms)
			ResolveRequiredComponents (11ms)
	FinalizeReload (942ms)
		ReleaseScriptCaches (0ms)
		RebuildScriptCaches (0ms)
		SetupLoadedEditorAssemblies (737ms)
			LogAssemblyErrors (0ms)
			InitializePlatformSupportModulesInManaged (11ms)
			SetLoadedEditorAssemblies (6ms)
			BeforeProcessingInitializeOnLoad (205ms)
			ProcessInitializeOnLoadAttributes (405ms)
			ProcessInitializeOnLoadMethodAttributes (93ms)
			AfterProcessingInitializeOnLoad (16ms)
			EditorAssembliesLoaded (1ms)
		ExecutionOrderSort2 (0ms)
		AwakeInstancesAfterBackupRestoration (29ms)
Refreshing native plugins compatible for Editor in 8.15 ms, found 5 plugins.
Preloading 0 native plugins for Editor in 0.00 ms.
Unloading 16 Unused Serialized files (Serialized files now loaded: 0)
Unloading 7211 unused Assets / (4.7 MB). Loaded Objects now: 8041.
Memory consumption went from 167.7 MB to 163.0 MB.
Total: 11.028300 ms (FindLiveObjects: 0.859200 ms CreateObjectMapping: 1.341600 ms MarkObjects: 5.728000 ms  DeleteObjects: 3.098500 ms)

Prepare: number of updated asset objects reloaded= 0
========================================================================
Received Prepare
Begin MonoManager ReloadAssembly
[Licensing::Client] Successfully resolved entitlement details
- Loaded All Assemblies, in  1.109 seconds
Refreshing native plugins compatible for Editor in 5.50 ms, found 5 plugins.
Native extension for Android target not found
Native extension for WindowsStandalone target not found
Native extension for WebGL target not found
[Package Manager] Failed to launch server process. Reason: Unity was launched with the -noUpm command-line argument
[Package Manager] Unable to send message (not connected to server process).
[Package Manager] Cannot connect to Unity Package Manager local server
[Package Manager] Failed to launch server process. Reason: Unity was launched with the -noUpm command-line argument
[Package Manager] Unable to send message (not connected to server process).
[Package Manager] Cannot connect to Unity Package Manager local server
ScheduleIndexationOnStartup MainProcess:False IndexOnStartup:True
Mono: successfully reloaded assembly
- Finished resetting the current domain, in  0.941 seconds
Domain Reload Profiling: 2043ms
	BeginReloadAssembly (272ms)
		ExecutionOrderSort (0ms)
		DisableScriptedObjects (18ms)
		BackupInstance (0ms)
		ReleaseScriptingObjects (0ms)
		CreateAndSetChildDomain (53ms)
	RebuildCommonClasses (42ms)
	RebuildNativeTypeToScriptingClass (17ms)
	initialDomainReloadingComplete (42ms)
	LoadAllAssembliesAndSetupDomain (728ms)
		LoadAssemblies (538ms)
		RebuildTransferFunctionScriptingTraits (0ms)
		AnalyzeDomain (316ms)
			TypeCache.Refresh (9ms)
				TypeCache.ScanAssembly (0ms)
			BuildScriptInfoCaches (293ms)
			ResolveRequiredComponents (9ms)
	FinalizeReload (942ms)
		ReleaseScriptCaches (0ms)
		RebuildScriptCaches (0ms)
		SetupLoadedEditorAssemblies (733ms)
			LogAssemblyErrors (0ms)
			InitializePlatformSupportModulesInManaged (11ms)
			SetLoadedEditorAssemblies (4ms)
			BeforeProcessingInitializeOnLoad (189ms)
			ProcessInitializeOnLoadAttributes (416ms)
			ProcessInitializeOnLoadMethodAttributes (98ms)
			AfterProcessingInitializeOnLoad (14ms)
			EditorAssembliesLoaded (1ms)
		ExecutionOrderSort2 (0ms)
		AwakeInstancesAfterBackupRestoration (28ms)
Refreshing native plugins compatible for Editor in 6.90 ms, found 5 plugins.
Preloading 0 native plugins for Editor in 0.00 ms.
Unloading 16 Unused Serialized files (Serialized files now loaded: 0)
Unloading 7211 unused Assets / (4.8 MB). Loaded Objects now: 8044.
Memory consumption went from 167.7 MB to 162.9 MB.
Total: 11.938200 ms (FindLiveObjects: 0.944800 ms CreateObjectMapping: 1.564500 ms MarkObjects: 6.231300 ms  DeleteObjects: 3.196400 ms)

Prepare: number of updated asset objects reloaded= 0
========================================================================
Received Prepare
Refreshing native plugins compatible for Editor in 5.83 ms, found 5 plugins.
Preloading 0 native plugins for Editor in 0.00 ms.
Unloading 16 Unused Serialized files (Serialized files now loaded: 0)
Unloading 7196 unused Assets / (4.3 MB). Loaded Objects now: 8044.
Memory consumption went from 167.9 MB to 163.5 MB.
Total: 11.139300 ms (FindLiveObjects: 0.859700 ms CreateObjectMapping: 1.583700 ms MarkObjects: 6.224100 ms  DeleteObjects: 2.471000 ms)

Prepare: number of updated asset objects reloaded= 0
========================================================================
Received Prepare
Begin MonoManager ReloadAssembly
[Licensing::Client] Successfully resolved entitlement details
- Loaded All Assemblies, in  1.111 seconds
Refreshing native plugins compatible for Editor in 5.73 ms, found 5 plugins.
Native extension for Android target not found
Native extension for WindowsStandalone target not found
Native extension for WebGL target not found
[Package Manager] Failed to launch server process. Reason: Unity was launched with the -noUpm command-line argument
[Package Manager] Unable to send message (not connected to server process).
[Package Manager] Cannot connect to Unity Package Manager local server
[Package Manager] Failed to launch server process. Reason: Unity was launched with the -noUpm command-line argument
[Package Manager] Unable to send message (not connected to server process).
[Package Manager] Cannot connect to Unity Package Manager local server
ScheduleIndexationOnStartup MainProcess:False IndexOnStartup:True
Mono: successfully reloaded assembly
- Finished resetting the current domain, in  0.859 seconds
Domain Reload Profiling: 1961ms
	BeginReloadAssembly (279ms)
		ExecutionOrderSort (0ms)
		DisableScriptedObjects (22ms)
		BackupInstance (0ms)
		ReleaseScriptingObjects (0ms)
		CreateAndSetChildDomain (50ms)
	RebuildCommonClasses (44ms)
	RebuildNativeTypeToScriptingClass (16ms)
	initialDomainReloadingComplete (43ms)
	LoadAllAssembliesAndSetupDomain (719ms)
		LoadAssemblies (555ms)
		RebuildTransferFunctionScriptingTraits (0ms)
		AnalyzeDomain (296ms)
			TypeCache.Refresh (13ms)
				TypeCache.ScanAssembly (0ms)
			BuildScriptInfoCaches (269ms)
			ResolveRequiredComponents (9ms)
	FinalizeReload (859ms)
		ReleaseScriptCaches (0ms)
		RebuildScriptCaches (0ms)
		SetupLoadedEditorAssemblies (660ms)
			LogAssemblyErrors (0ms)
			InitializePlatformSupportModulesInManaged (10ms)
			SetLoadedEditorAssemblies (4ms)
			BeforeProcessingInitializeOnLoad (183ms)
			ProcessInitializeOnLoadAttributes (371ms)
			ProcessInitializeOnLoadMethodAttributes (80ms)
			AfterProcessingInitializeOnLoad (11ms)
			EditorAssembliesLoaded (0ms)
		ExecutionOrderSort2 (0ms)
		AwakeInstancesAfterBackupRestoration (28ms)
Refreshing native plugins compatible for Editor in 5.48 ms, found 5 plugins.
Preloading 0 native plugins for Editor in 0.00 ms.
Unloading 16 Unused Serialized files (Serialized files now loaded: 0)
Unloading 7211 unused Assets / (4.3 MB). Loaded Objects now: 8047.
Memory consumption went from 167.8 MB to 163.5 MB.
Total: 10.067500 ms (FindLiveObjects: 0.956400 ms CreateObjectMapping: 1.416200 ms MarkObjects: 5.251100 ms  DeleteObjects: 2.442500 ms)

Prepare: number of updated asset objects reloaded= 0
========================================================================
Received Prepare
Begin MonoManager ReloadAssembly
- Loaded All Assemblies, in  1.091 seconds
Refreshing native plugins compatible for Editor in 5.83 ms, found 5 plugins.
Native extension for Android target not found
Native extension for WindowsStandalone target not found
Native extension for WebGL target not found
[Package Manager] Failed to launch server process. Reason: Unity was launched with the -noUpm command-line argument
[Package Manager] Unable to send message (not connected to server process).
[Package Manager] Cannot connect to Unity Package Manager local server
[Package Manager] Failed to launch server process. Reason: Unity was launched with the -noUpm command-line argument
[Package Manager] Unable to send message (not connected to server process).
[Package Manager] Cannot connect to Unity Package Manager local server
ScheduleIndexationOnStartup MainProcess:False IndexOnStartup:True
Mono: successfully reloaded assembly
- Finished resetting the current domain, in  0.982 seconds
Domain Reload Profiling: 2065ms
	BeginReloadAssembly (272ms)
		ExecutionOrderSort (0ms)
		DisableScriptedObjects (16ms)
		BackupInstance (0ms)
		ReleaseScriptingObjects (0ms)
		CreateAndSetChildDomain (56ms)
	RebuildCommonClasses (41ms)
	RebuildNativeTypeToScriptingClass (17ms)
	initialDomainReloadingComplete (42ms)
	LoadAllAssembliesAndSetupDomain (711ms)
		LoadAssemblies (514ms)
		RebuildTransferFunctionScriptingTraits (0ms)
		AnalyzeDomain (320ms)
			TypeCache.Refresh (8ms)
				TypeCache.ScanAssembly (0ms)
			BuildScriptInfoCaches (296ms)
			ResolveRequiredComponents (10ms)
	FinalizeReload (982ms)
		ReleaseScriptCaches (0ms)
		RebuildScriptCaches (0ms)
		SetupLoadedEditorAssemblies (784ms)
			LogAssemblyErrors (0ms)
			InitializePlatformSupportModulesInManaged (10ms)
			SetLoadedEditorAssemblies (4ms)
			BeforeProcessingInitializeOnLoad (197ms)
			ProcessInitializeOnLoadAttributes (457ms)
			ProcessInitializeOnLoadMethodAttributes (103ms)
			AfterProcessingInitializeOnLoad (13ms)
			EditorAssembliesLoaded (1ms)
		ExecutionOrderSort2 (0ms)
		AwakeInstancesAfterBackupRestoration (28ms)
Refreshing native plugins compatible for Editor in 7.32 ms, found 5 plugins.
Preloading 0 native plugins for Editor in 0.00 ms.
Unloading 16 Unused Serialized files (Serialized files now loaded: 0)
Unloading 7211 unused Assets / (4.7 MB). Loaded Objects now: 8050.
Memory consumption went from 167.8 MB to 163.1 MB.
Total: 13.043900 ms (FindLiveObjects: 0.932000 ms CreateObjectMapping: 1.494100 ms MarkObjects: 7.324300 ms  DeleteObjects: 3.292400 ms)

Prepare: number of updated asset objects reloaded= 0
========================================================================
Received Prepare
Refreshing native plugins compatible for Editor in 7.25 ms, found 5 plugins.
Preloading 0 native plugins for Editor in 0.00 ms.
Unloading 16 Unused Serialized files (Serialized files now loaded: 0)
Unloading 7196 unused Assets / (4.4 MB). Loaded Objects now: 8050.
Memory consumption went from 168.0 MB to 163.5 MB.
Total: 12.861100 ms (FindLiveObjects: 1.183300 ms CreateObjectMapping: 1.712700 ms MarkObjects: 6.995200 ms  DeleteObjects: 2.968500 ms)

Prepare: number of updated asset objects reloaded= 0
========================================================================
Received Prepare
Begin MonoManager ReloadAssembly
[Licensing::Client] Successfully resolved entitlement details
- Loaded All Assemblies, in  1.101 seconds
Refreshing native plugins compatible for Editor in 5.91 ms, found 5 plugins.
Native extension for Android target not found
Native extension for WindowsStandalone target not found
Native extension for WebGL target not found
[Package Manager] Failed to launch server process. Reason: Unity was launched with the -noUpm command-line argument
[Package Manager] Unable to send message (not connected to server process).
[Package Manager] Cannot connect to Unity Package Manager local server
[Package Manager] Failed to launch server process. Reason: Unity was launched with the -noUpm command-line argument
[Package Manager] Unable to send message (not connected to server process).
[Package Manager] Cannot connect to Unity Package Manager local server
ScheduleIndexationOnStartup MainProcess:False IndexOnStartup:True
Mono: successfully reloaded assembly
- Finished resetting the current domain, in  0.870 seconds
Domain Reload Profiling: 1964ms
	BeginReloadAssembly (279ms)
		ExecutionOrderSort (0ms)
		DisableScriptedObjects (19ms)
		BackupInstance (0ms)
		ReleaseScriptingObjects (0ms)
		CreateAndSetChildDomain (48ms)
	RebuildCommonClasses (44ms)
	RebuildNativeTypeToScriptingClass (16ms)
	initialDomainReloadingComplete (41ms)
	LoadAllAssembliesAndSetupDomain (714ms)
		LoadAssemblies (544ms)
		RebuildTransferFunctionScriptingTraits (0ms)
		AnalyzeDomain (304ms)
			TypeCache.Refresh (11ms)
				TypeCache.ScanAssembly (0ms)
			BuildScriptInfoCaches (278ms)
			ResolveRequiredComponents (9ms)
	FinalizeReload (871ms)
		ReleaseScriptCaches (0ms)
		RebuildScriptCaches (0ms)
		SetupLoadedEditorAssemblies (669ms)
			LogAssemblyErrors (0ms)
			InitializePlatformSupportModulesInManaged (10ms)
			SetLoadedEditorAssemblies (4ms)
			BeforeProcessingInitializeOnLoad (182ms)
			ProcessInitializeOnLoadAttributes (380ms)
			ProcessInitializeOnLoadMethodAttributes (80ms)
			AfterProcessingInitializeOnLoad (11ms)
			EditorAssembliesLoaded (0ms)
		ExecutionOrderSort2 (0ms)
		AwakeInstancesAfterBackupRestoration (24ms)
Refreshing native plugins compatible for Editor in 5.72 ms, found 5 plugins.
Preloading 0 native plugins for Editor in 0.00 ms.
Unloading 16 Unused Serialized files (Serialized files now loaded: 0)
Unloading 7211 unused Assets / (4.3 MB). Loaded Objects now: 8053.
Memory consumption went from 167.9 MB to 163.5 MB.
Total: 10.608200 ms (FindLiveObjects: 0.851200 ms CreateObjectMapping: 1.295200 ms MarkObjects: 6.055600 ms  DeleteObjects: 2.404700 ms)

Prepare: number of updated asset objects reloaded= 0
========================================================================
Received Prepare
Begin MonoManager ReloadAssembly
- Loaded All Assemblies, in  1.091 seconds
Refreshing native plugins compatible for Editor in 5.79 ms, found 5 plugins.
Native extension for Android target not found
Native extension for WindowsStandalone target not found
Native extension for WebGL target not found
[Package Manager] Failed to launch server process. Reason: Unity was launched with the -noUpm command-line argument
[Package Manager] Unable to send message (not connected to server process).
[Package Manager] Cannot connect to Unity Package Manager local server
[Package Manager] Failed to launch server process. Reason: Unity was launched with the -noUpm command-line argument
[Package Manager] Unable to send message (not connected to server process).
[Package Manager] Cannot connect to Unity Package Manager local server
ScheduleIndexationOnStartup MainProcess:False IndexOnStartup:True
Mono: successfully reloaded assembly
- Finished resetting the current domain, in  1.000 seconds
Domain Reload Profiling: 2083ms
	BeginReloadAssembly (270ms)
		ExecutionOrderSort (0ms)
		DisableScriptedObjects (16ms)
		BackupInstance (0ms)
		ReleaseScriptingObjects (0ms)
		CreateAndSetChildDomain (50ms)
	RebuildCommonClasses (43ms)
	RebuildNativeTypeToScriptingClass (26ms)
	initialDomainReloadingComplete (43ms)
	LoadAllAssembliesAndSetupDomain (700ms)
		LoadAssemblies (529ms)
		RebuildTransferFunctionScriptingTraits (0ms)
		AnalyzeDomain (299ms)
			TypeCache.Refresh (8ms)
				TypeCache.ScanAssembly (0ms)
			BuildScriptInfoCaches (275ms)
			ResolveRequiredComponents (9ms)
	FinalizeReload (1001ms)
		ReleaseScriptCaches (0ms)
		RebuildScriptCaches (0ms)
		SetupLoadedEditorAssemblies (790ms)
			LogAssemblyErrors (0ms)
			InitializePlatformSupportModulesInManaged (10ms)
			SetLoadedEditorAssemblies (4ms)
			BeforeProcessingInitializeOnLoad (208ms)
			ProcessInitializeOnLoadAttributes (448ms)
			ProcessInitializeOnLoadMethodAttributes (103ms)
			AfterProcessingInitializeOnLoad (15ms)
			EditorAssembliesLoaded (1ms)
		ExecutionOrderSort2 (0ms)
		AwakeInstancesAfterBackupRestoration (31ms)
Refreshing native plugins compatible for Editor in 7.19 ms, found 5 plugins.
Preloading 0 native plugins for Editor in 0.00 ms.
Unloading 16 Unused Serialized files (Serialized files now loaded: 0)
Unloading 7211 unused Assets / (4.5 MB). Loaded Objects now: 8056.
Memory consumption went from 167.9 MB to 163.4 MB.
Total: 12.745900 ms (FindLiveObjects: 1.040500 ms CreateObjectMapping: 1.567900 ms MarkObjects: 7.029700 ms  DeleteObjects: 3.106600 ms)

Prepare: number of updated asset objects reloaded= 0
========================================================================
Received Prepare
Begin MonoManager ReloadAssembly
[Licensing::Client] Successfully resolved entitlement details
- Loaded All Assemblies, in  1.088 seconds
Refreshing native plugins compatible for Editor in 5.94 ms, found 5 plugins.
Native extension for Android target not found
Native extension for WindowsStandalone target not found
Native extension for WebGL target not found
[Package Manager] Failed to launch server process. Reason: Unity was launched with the -noUpm command-line argument
[Package Manager] Unable to send message (not connected to server process).
[Package Manager] Cannot connect to Unity Package Manager local server
[Package Manager] Failed to launch server process. Reason: Unity was launched with the -noUpm command-line argument
[Package Manager] Unable to send message (not connected to server process).
[Package Manager] Cannot connect to Unity Package Manager local server
ScheduleIndexationOnStartup MainProcess:False IndexOnStartup:True
Mono: successfully reloaded assembly
- Finished resetting the current domain, in  1.046 seconds
Domain Reload Profiling: 2128ms
	BeginReloadAssembly (268ms)
		ExecutionOrderSort (0ms)
		DisableScriptedObjects (16ms)
		BackupInstance (0ms)
		ReleaseScriptingObjects (0ms)
		CreateAndSetChildDomain (50ms)
	RebuildCommonClasses (43ms)
	RebuildNativeTypeToScriptingClass (17ms)
	initialDomainReloadingComplete (41ms)
	LoadAllAssembliesAndSetupDomain (711ms)
		LoadAssemblies (549ms)
		RebuildTransferFunctionScriptingTraits (0ms)
		AnalyzeDomain (289ms)
			TypeCache.Refresh (9ms)
				TypeCache.ScanAssembly (0ms)
			BuildScriptInfoCaches (264ms)
			ResolveRequiredComponents (9ms)
	FinalizeReload (1047ms)
		ReleaseScriptCaches (0ms)
		RebuildScriptCaches (0ms)
		SetupLoadedEditorAssemblies (837ms)
			LogAssemblyErrors (0ms)
			InitializePlatformSupportModulesInManaged (13ms)
			SetLoadedEditorAssemblies (4ms)
			BeforeProcessingInitializeOnLoad (228ms)
			ProcessInitializeOnLoadAttributes (471ms)
			ProcessInitializeOnLoadMethodAttributes (106ms)
			AfterProcessingInitializeOnLoad (13ms)
			EditorAssembliesLoaded (1ms)
		ExecutionOrderSort2 (0ms)
		AwakeInstancesAfterBackupRestoration (28ms)
Refreshing native plugins compatible for Editor in 7.69 ms, found 5 plugins.
Preloading 0 native plugins for Editor in 0.00 ms.
Unloading 16 Unused Serialized files (Serialized files now loaded: 0)
Unloading 7211 unused Assets / (4.7 MB). Loaded Objects now: 8059.
Memory consumption went from 168.0 MB to 163.2 MB.
Total: 15.963700 ms (FindLiveObjects: 1.159800 ms CreateObjectMapping: 1.864500 ms MarkObjects: 9.209800 ms  DeleteObjects: 3.728200 ms)

Prepare: number of updated asset objects reloaded= 0
