[Licensing::Module] Trying to connect to existing licensing client channel...
Built from '6000.3/staging' branch; Version is '6000.3.21f1 (c02631ffc030) revision 12592689'; Using compiler version '194234433'; Build Type 'Release'
[Licensing::IpcConnector] Successfully connected to: "LicenseClient-p010519p" at "2026-10-02T13:12:07.3349138Z"
OS: 'Windows 11  (10.0.26300) Enterprise' Language: 'en' Physical Memory: 32512 MB
BatchMode: 1, IsHumanControllingUs: 0, StartBugReporterOnCrash: 0, Is64bit: 1
System  architecture: x64
Process architecture: x64
Date: 2026-10-02T13:12:07Z
[Licensing::Client] Code 10 while verifying Licensing Client signature (process Id: 16868, path: "C:/Program Files/Unity/Hub/Editor/6000.3.21f1/Editor/Data/Resources/Licensing/Client/Unity.Licensing.Client.exe")
[Licensing::Module] LicensingClient has failed validation; ignoring
[Licensing::Client] Handshaking with LicensingClient:
  Version:                 1.18.1+9fbee8e
  Session Id:              09caaa29fc2348f9bc8fa5d7792d8e46
  Correlation Id:          6ada71b0dbde02055b69b7d7becf900b
  External correlation Id: 2357524289174730722
  Machine Id:              WmF/gGYNjaauUTA2yo6+RisPqRg=
[Licensing::Module] Successfully connected to LicensingClient on channel: "LicenseClient-p010519p" (connect: 0.00s, validation: 0.01s, handshake: 0.20s)
[Licensing::IpcConnector] Successfully connected to: "LicenseClient-p010519p-notifications" at "2026-10-02T13:12:07.5499212Z"
[Licensing::Module] Licensing Background thread has ended after 0.22s

COMMAND LINE ARGUMENTS:
C:\Program Files\Unity\Hub\Editor\6000.3.21f1\Editor\Unity.exe
-adb2
-batchMode
-noUpm
-name
AssetImportWorker0
-projectPath
C:/Users/p010519p/Documents/GitHub/INTRODUCTION-TO-MECHANICS-DESIGN/IMDFramework26-27/IMDFramework26-27
-logFile
Logs/AssetImportWorker0.log
-srvPort
56463
-parentPid
13756
-analyticsCloudUserId
anonymous
-analyticsLocalProjectId
033ed0957c3021744bf43070b6df6ed8
-editorAnalyticsEnabled
1
-cbmEditorLicense
714d2dff40e6d49f7c9da248b896ac5a71c7ab3b
-cbmMachineId
WmF/gGYNjaauUTA2yo6+RisPqRg=
-job-worker-count
7
-background-job-worker-count
8
-gc-helper-count
1
-name
AssetImport
Successfully changed project path to: C:/Users/p010519p/Documents/GitHub/INTRODUCTION-TO-MECHANICS-DESIGN/IMDFramework26-27/IMDFramework26-27
C:/Users/p010519p/Documents/GitHub/INTRODUCTION-TO-MECHANICS-DESIGN/IMDFramework26-27/IMDFramework26-27
[UnityMemory] Configuration Parameters - Can be set up in boot.config
    "memorysetup-temp-allocator-size-nav-mesh-worker=65536"
    "memorysetup-temp-allocator-size-audio-worker=65536"
    "memorysetup-temp-allocator-size-gfx=262144"
    "memorysetup-allocator-temp-initial-block-size-main=262144"
    "memorysetup-allocator-temp-initial-block-size-worker=262144"
    "memorysetup-temp-allocator-size-background-worker=32768"
    "memorysetup-temp-allocator-size-job-worker=262144"
    "memorysetup-temp-allocator-size-preload-manager=33554432"
    "memorysetup-temp-allocator-size-gi-baking-worker=262144"
    "memorysetup-temp-allocator-size-gi-baking-worker=262144"
    "memorysetup-temp-allocator-size-gi-baking-worker=262144"
    "memorysetup-temp-allocator-size-gi-baking-worker=262144"
    "memorysetup-temp-allocator-size-gi-baking-worker=262144"
    "memorysetup-bucket-allocator-granularity=16"
    "memorysetup-bucket-allocator-bucket-count=8"
    "memorysetup-bucket-allocator-block-size=33554432"
    "memorysetup-bucket-allocator-block-count=8"
    "memorysetup-main-allocator-block-size=16777216"
    "memorysetup-thread-allocator-block-size=16777216"
    "memorysetup-gfx-main-allocator-block-size=16777216"
    "memorysetup-gfx-thread-allocator-block-size=16777216"
    "memorysetup-cache-allocator-block-size=4194304"
    "memorysetup-typetree-allocator-block-size=2097152"
    "memorysetup-profiler-bucket-allocator-granularity=16"
    "memorysetup-profiler-bucket-allocator-bucket-count=8"
    "memorysetup-profiler-bucket-allocator-block-size=33554432"
    "memorysetup-profiler-bucket-allocator-block-count=8"
    "memorysetup-profiler-allocator-block-size=16777216"
    "memorysetup-profiler-editor-allocator-block-size=1048576"
    "memorysetup-temp-allocator-size-main=16777216"
    "memorysetup-job-temp-allocator-block-size=2097152"
    "memorysetup-job-temp-allocator-block-size-background=1048576"
    "memorysetup-job-temp-allocator-reduction-small-platforms=262144"
    "memorysetup-temp-allocator-size-cloud-worker=32768"
Player connection [17796]  Target information:

Player connection [17796]  * "[IP] 10.176.115.68 [Port] 0 [Flags] 2 [Guid] 733081916 [EditorId] 733081916 [Version] 1048832 [Id] WindowsEditor(7,SUL-KE1-02) [Debug] 1 [PackageName] WindowsEditor [ProjectName] Editor" 

Player connection [17796]  * "[IP] 192.168.150.1 [Port] 0 [Flags] 2 [Guid] 733081916 [EditorId] 733081916 [Version] 1048832 [Id] WindowsEditor(7,SUL-KE1-02) [Debug] 1 [PackageName] WindowsEditor [ProjectName] Editor" 

Player connection [17796]  * "[IP] 192.168.159.1 [Port] 0 [Flags] 2 [Guid] 733081916 [EditorId] 733081916 [Version] 1048832 [Id] WindowsEditor(7,SUL-KE1-02) [Debug] 1 [PackageName] WindowsEditor [ProjectName] Editor" 

Player connection [17796] Host joined multi-casting on [225.0.0.222:54997]...
Player connection [17796] Host joined alternative multi-casting on [225.0.0.222:34997]...
JobSystem: Creating JobQueue using job-worker-count value 7
Input System module state changed to: Initialized.
[Physics::Module] Initialized fallback backend.
[Physics::Module] Id: 0xdecafbad
Library Redirect Path: Library/
[Physics::Module] Selected backend.
[Physics::Module] Name: PhysX
[Physics::Module] Id: 0xf2b8ea05
[Physics::Module] SDK Version: 4.1.2
[Physics::Module] Integration Version: 1.0.0
[Physics::Module] Threading Mode: Multi-Threaded
Refreshing native plugins compatible for Editor in 13.29 ms, found 5 plugins.
Preloading 0 native plugins for Editor in 0.00 ms.
Initialize engine version: 6000.3.21f1 (c02631ffc030)
[Subsystems] Discovering subsystems at path C:/Program Files/Unity/Hub/Editor/6000.3.21f1/Editor/Data/Resources/UnitySubsystems
[Subsystems] Discovering subsystems at path C:/Users/p010519p/Documents/GitHub/INTRODUCTION-TO-MECHANICS-DESIGN/IMDFramework26-27/IMDFramework26-27/Assets
GfxDevice: creating device client; kGfxThreadingModeNonThreaded
Direct3D:
    Version:  Direct3D 11.0 [level 11.1]
    Renderer: NVIDIA GeForce RTX 3080 (ID=0x2206)
    Vendor:   NVIDIA
    VRAM:     10051 MB
    Driver:   32.0.16.1062
Shader 'Universal Render Pipeline/Nature/SpeedTree7': fallback shader 'Hidden/Universal Render Pipeline/FallbackError' not found
Shader 'Universal Render Pipeline/Nature/SpeedTree7': dependency 'BillboardShader' shader 'Universal Render Pipeline/Nature/SpeedTree7 Billboard' not found
Shader 'Hidden/Universal Render Pipeline/FallbackError': fallback shader 'Hidden/Core/FallbackError' not found
Shader 'Hidden/Universal Render Pipeline/StencilDeferred': fallback shader 'Hidden/Universal Render Pipeline/FallbackError' not found
Shader 'Hidden/Universal Render Pipeline/ClusterDeferred': fallback shader 'Hidden/Universal Render Pipeline/FallbackError' not found
Shader 'Universal Render Pipeline/Lit': fallback shader 'Hidden/Universal Render Pipeline/FallbackError' not found
Shader 'Universal Render Pipeline/Particles/Unlit': fallback shader 'Hidden/Universal Render Pipeline/FallbackError' not found
Shader 'Universal Render Pipeline/VR/SpatialMapping/Occlusion': fallback shader 'Hidden/Universal Render Pipeline/FallbackError' not found
Shader 'Universal Render Pipeline/VR/SpatialMapping/Wireframe': fallback shader 'Hidden/Universal Render Pipeline/FallbackError' not found
Shader 'Universal Render Pipeline/Simple Lit': fallback shader 'Hidden/Universal Render Pipeline/FallbackError' not found
Shader 'Universal Render Pipeline/Particles/Simple Lit': fallback shader 'Universal Render Pipeline/Particles/Unlit' not found
Shader 'Universal Render Pipeline/Particles/Lit': fallback shader 'Universal Render Pipeline/Particles/Simple Lit' not found
Shader 'Universal Render Pipeline/Nature/SpeedTree7 Billboard': fallback shader 'Hidden/Universal Render Pipeline/FallbackError' not found
Shader 'Universal Render Pipeline/Complex Lit': fallback shader 'Hidden/Universal Render Pipeline/FallbackError' not found
Shader 'Universal Render Pipeline/Nature/SpeedTree8': fallback shader 'Hidden/Universal Render Pipeline/FallbackError' not found
Shader 'Hidden/Universal Render Pipeline/Terrain/Lit (Add Pass)': fallback shader 'Hidden/Universal Render Pipeline/FallbackError' not found
Shader 'Universal Render Pipeline/Baked Lit': fallback shader 'Universal Render Pipeline/Unlit' not found
Shader 'Universal Render Pipeline/Unlit': fallback shader 'Hidden/Universal Render Pipeline/FallbackError' not found
Initialize mono
Mono path[0] = 'C:/Program Files/Unity/Hub/Editor/6000.3.21f1/Editor/Data/Managed'
Mono path[1] = 'C:/Program Files/Unity/Hub/Editor/6000.3.21f1/Editor/Data/MonoBleedingEdge/lib/mono/unityjit-win32'
Mono config path = 'C:/Program Files/Unity/Hub/Editor/6000.3.21f1/Editor/Data/MonoBleedingEdge/etc'
Using monoOptions --debugger-agent=transport=dt_socket,embedding=1,server=y,suspend=n,address=127.0.0.1:56476
Begin MonoManager ReloadAssembly
Registering precompiled unity dll's ...
Register platform support module: C:/Program Files/Unity/Hub/Editor/6000.3.21f1/Editor/Data/PlaybackEngines/WebGLSupport/UnityEditor.WebGL.Extensions.dll
Register platform support module: C:/Program Files/Unity/Hub/Editor/6000.3.21f1/Editor/Data/PlaybackEngines/WindowsStandaloneSupport/UnityEditor.WindowsStandalone.Extensions.dll
[Licensing::Client] Successfully resolved entitlement details
[Licensing::Module] License group:
  Id: E4-JQBU-WZDU-ZF6E-5KZB-XXXX
  Product: Unity Education
  Type: ULF
  Expiration: 2027-09-25T10:54:10Z
Register platform support module: C:/Program Files/Unity/Hub/Editor/6000.3.21f1/Editor/Data/PlaybackEngines/AndroidPlayer/UnityEditor.Android.Extensions.dll
Registered in 0.017570 seconds.
- Loaded All Assemblies, in  0.833 seconds
Native extension for Android target not found
Native extension for WindowsStandalone target not found
Native extension for WebGL target not found
Package Manager log level set to [2]
[Package Manager] Failed to launch server process. Reason: Unity was launched with the -noUpm command-line argument
[Package Manager] Unable to send message (not connected to server process).
[Package Manager] Cannot connect to Unity Package Manager local server
ScheduleIndexationOnStartup MainProcess:False IndexOnStartup:True
Mono: successfully reloaded assembly
- Finished resetting the current domain, in  0.720 seconds
Domain Reload Profiling: 1545ms
	BeginReloadAssembly (294ms)
		ExecutionOrderSort (0ms)
		DisableScriptedObjects (0ms)
		BackupInstance (0ms)
		ReleaseScriptingObjects (0ms)
		CreateAndSetChildDomain (1ms)
	RebuildCommonClasses (60ms)
	RebuildNativeTypeToScriptingClass (20ms)
	initialDomainReloadingComplete (90ms)
	LoadAllAssembliesAndSetupDomain (359ms)
		LoadAssemblies (287ms)
		RebuildTransferFunctionScriptingTraits (0ms)
		AnalyzeDomain (352ms)
			TypeCache.Refresh (349ms)
				TypeCache.ScanAssembly (322ms)
			BuildScriptInfoCaches (0ms)
			ResolveRequiredComponents (1ms)
	FinalizeReload (721ms)
		ReleaseScriptCaches (0ms)
		RebuildScriptCaches (0ms)
		SetupLoadedEditorAssemblies (637ms)
			LogAssemblyErrors (0ms)
			InitializePlatformSupportModulesInManaged (95ms)
			SetLoadedEditorAssemblies (7ms)
			BeforeProcessingInitializeOnLoad (146ms)
			ProcessInitializeOnLoadAttributes (264ms)
			ProcessInitializeOnLoadMethodAttributes (124ms)
			AfterProcessingInitializeOnLoad (0ms)
			EditorAssembliesLoaded (0ms)
		ExecutionOrderSort2 (0ms)
		AwakeInstancesAfterBackupRestoration (0ms)
[Licensing::Client] Successfully resolved entitlement details
========================================================================
Worker process is ready to serve import requests
Import Worker Mode flag is 0x00
Begin MonoManager ReloadAssembly
- Loaded All Assemblies, in  1.597 seconds
Refreshing native plugins compatible for Editor in 6.19 ms, found 5 plugins.
Native extension for Android target not found
Native extension for WindowsStandalone target not found
Native extension for WebGL target not found
[Package Manager] Failed to launch server process. Reason: Unity was launched with the -noUpm command-line argument
[Package Manager] Unable to send message (not connected to server process).
[Package Manager] Cannot connect to Unity Package Manager local server
Refreshing native plugins compatible for Editor in 5.53 ms, found 5 plugins.
[Package Manager] Failed to launch server process. Reason: Unity was launched with the -noUpm command-line argument
[Package Manager] Unable to send message (not connected to server process).
[Package Manager] Cannot connect to Unity Package Manager local server
ScheduleIndexationOnStartup MainProcess:False IndexOnStartup:True
Shader 'Universal Render Pipeline/Autodesk Interactive/AutodeskInteractive': fallback shader 'Hidden/Shader Graph/FallbackError' not found
Shader 'Universal Render Pipeline/Autodesk Interactive/AutodeskInteractiveTransparent': fallback shader 'Hidden/Shader Graph/FallbackError' not found
Shader 'Universal Render Pipeline/Autodesk Interactive/AutodeskInteractiveMasked': fallback shader 'Hidden/Shader Graph/FallbackError' not found
Shader 'Universal Render Pipeline/Nature/SpeedTree8_PBRLit': fallback shader 'Hidden/Shader Graph/FallbackError' not found
Shader 'Universal Render Pipeline/Nature/SpeedTree9_URP': fallback shader 'Hidden/Shader Graph/FallbackError' not found
Shader 'Universal Render Pipeline/Terrain/Lit': fallback shader 'Hidden/Universal Render Pipeline/FallbackError' not found
Shader 'Universal Render Pipeline/Terrain/Lit': dependency 'AddPassShader' shader 'Hidden/Universal Render Pipeline/Terrain/Lit (Add Pass)' not found
Shader 'Universal Render Pipeline/Terrain/Lit': dependency 'BaseMapShader' shader 'Hidden/Universal Render Pipeline/Terrain/Lit (Base Pass)' not found
Shader 'Universal Render Pipeline/Terrain/Lit': dependency 'BaseMapGenShader' shader 'Hidden/Universal Render Pipeline/Terrain/Lit (Basemap Gen)' not found
Shader 'Shader Graphs/Decal': fallback shader 'Hidden/Shader Graph/FallbackError' not found
Mono: successfully reloaded assembly
- Finished resetting the current domain, in  1.065 seconds
Domain Reload Profiling: 2645ms
	BeginReloadAssembly (276ms)
		ExecutionOrderSort (0ms)
		DisableScriptedObjects (8ms)
		BackupInstance (0ms)
		ReleaseScriptingObjects (0ms)
		CreateAndSetChildDomain (37ms)
	RebuildCommonClasses (58ms)
	RebuildNativeTypeToScriptingClass (20ms)
	initialDomainReloadingComplete (70ms)
	LoadAllAssembliesAndSetupDomain (1156ms)
		LoadAssemblies (760ms)
		RebuildTransferFunctionScriptingTraits (0ms)
		AnalyzeDomain (565ms)
			TypeCache.Refresh (378ms)
				TypeCache.ScanAssembly (346ms)
			BuildScriptInfoCaches (170ms)
			ResolveRequiredComponents (10ms)
	FinalizeReload (1065ms)
		ReleaseScriptCaches (0ms)
		RebuildScriptCaches (0ms)
		SetupLoadedEditorAssemblies (844ms)
			LogAssemblyErrors (0ms)
			InitializePlatformSupportModulesInManaged (17ms)
			SetLoadedEditorAssemblies (4ms)
			BeforeProcessingInitializeOnLoad (228ms)
			ProcessInitializeOnLoadAttributes (416ms)
			ProcessInitializeOnLoadMethodAttributes (169ms)
			AfterProcessingInitializeOnLoad (9ms)
			EditorAssembliesLoaded (0ms)
		ExecutionOrderSort2 (0ms)
		AwakeInstancesAfterBackupRestoration (12ms)
WARNING: Shader Unsupported: 'Hidden/Universal Render Pipeline/Terrain/Lit (Base Pass)' - All subshaders removed
WARNING: Shader Did you use #pragma only_renderers and omit this platform?
WARNING: Shader If subshaders removal was intentional, you may have forgotten turning Fallback off?
WARNING: Shader Unsupported: 'Hidden/Universal Render Pipeline/Terrain/Lit (Base Pass)' - All subshaders removed
WARNING: Shader Did you use #pragma only_renderers and omit this platform?
WARNING: Shader If subshaders removal was intentional, you may have forgotten turning Fallback off?
Launched and connected shader compiler UnityShaderCompiler.exe after 0.05 seconds
Refreshing native plugins compatible for Editor in 10.96 ms, found 5 plugins.
Preloading 0 native plugins for Editor in 0.00 ms.
Unloading 17 Unused Serialized files (Serialized files now loaded: 0)
Curl error 3: URL rejected: Malformed input to a URL function
Unloading 7207 unused Assets / (2.1 MB). Loaded Objects now: 8018.
Memory consumption went from 163.0 MB to 160.9 MB.
Total: 20.112000 ms (FindLiveObjects: 1.062700 ms CreateObjectMapping: 1.494600 ms MarkObjects: 12.291000 ms  DeleteObjects: 5.261900 ms)

========================================================================
Received Import Request.
  Time since last request: 122965.112584 seconds.
  path: Assets/Tilemap/Textures/prototype_512x512_grey3.png
  artifactKey: Guid(d9c0dd5cdac07b145be73329e489869a) Importer(2089858483,b0f066a214c2f5e87bad3c948f4d605d)
Start importing Assets/Tilemap/Textures/prototype_512x512_grey3.png using Guid(d9c0dd5cdac07b145be73329e489869a) Importer(2089858483,b0f066a214c2f5e87bad3c948f4d605d) (ScriptedImporter) -> (artifact id: '31e7f4b90e9ff7f96dd96e4722558a3c') in 0.2863968 seconds
Number of updated asset objects reloaded before import = 0Number of asset objects unloaded after import = 3

========================================================================
Received Import Request.
  Time since last request: 0.000036 seconds.
  path: Assets/URP_Settings/Lit2DSceneTemplate.scenetemplate
  artifactKey: Guid(d03ed43fc9d8a4f2e9fa70c1c7916eb9) Importer(2089858483,b0f066a214c2f5e87bad3c948f4d605d)
Start importing Assets/URP_Settings/Lit2DSceneTemplate.scenetemplate using Guid(d03ed43fc9d8a4f2e9fa70c1c7916eb9) Importer(2089858483,b0f066a214c2f5e87bad3c948f4d605d) (ScriptedImporter) -> (artifact id: '5ebf6ae56ce21905d66df2b6c9fe7cfd') in 0.0642185 seconds
Number of updated asset objects reloaded before import = 0Number of asset objects unloaded after import = 3

========================================================================
Received Import Request.
  Time since last request: 0.000033 seconds.
  path: Assets/Tilemap/Textures/prototype_512x512_red.png
  artifactKey: Guid(3d6064e2e1cd7214e9f67f3a68f494fb) Importer(2089858483,b0f066a214c2f5e87bad3c948f4d605d)
Start importing Assets/Tilemap/Textures/prototype_512x512_red.png using Guid(3d6064e2e1cd7214e9f67f3a68f494fb) Importer(2089858483,b0f066a214c2f5e87bad3c948f4d605d) (ScriptedImporter) -> (artifact id: 'e327bbeb5654c39f15b551d3982d0316') in 0.0171958 seconds
Number of updated asset objects reloaded before import = 0Number of asset objects unloaded after import = 3

========================================================================
Received Import Request.
  Time since last request: 0.000021 seconds.
  path: Assets/Tilemap/TilemapPalette/prototype_512x512_grey2.asset
  artifactKey: Guid(aec3415b44182274bad7f265d755d706) Importer(2089858483,b0f066a214c2f5e87bad3c948f4d605d)
Start importing Assets/Tilemap/TilemapPalette/prototype_512x512_grey2.asset using Guid(aec3415b44182274bad7f265d755d706) Importer(2089858483,b0f066a214c2f5e87bad3c948f4d605d) (ScriptedImporter) -> (artifact id: 'f099a51353ad5cb61b315273e04eaacb') in 0.0143376 seconds
Number of updated asset objects reloaded before import = 0Number of asset objects unloaded after import = 2

========================================================================
Received Import Request.
  Time since last request: 0.000019 seconds.
  path: Assets/Tilemap/TilemapPalette/prototype_512x512_grey3.asset
  artifactKey: Guid(6e816dfcb8cca2541aaa0aa12ba510fc) Importer(2089858483,b0f066a214c2f5e87bad3c948f4d605d)
Start importing Assets/Tilemap/TilemapPalette/prototype_512x512_grey3.asset using Guid(6e816dfcb8cca2541aaa0aa12ba510fc) Importer(2089858483,b0f066a214c2f5e87bad3c948f4d605d) (ScriptedImporter) -> (artifact id: '1adaccca01a5b8710d1bc7912f039792') in 0.0092509 seconds
Number of updated asset objects reloaded before import = 0Number of asset objects unloaded after import = 2

========================================================================
Received Import Request.
  Time since last request: 0.000030 seconds.
  path: Packages/com.unity.collab-proxy/Editor/SwitchUVCSPlugin.cs
  artifactKey: Guid(7b85d37b2f076804f8b93f821d6ff88e) Importer(2089858483,b0f066a214c2f5e87bad3c948f4d605d)
Start importing Packages/com.unity.collab-proxy/Editor/SwitchUVCSPlugin.cs using Guid(7b85d37b2f076804f8b93f821d6ff88e) Importer(2089858483,b0f066a214c2f5e87bad3c948f4d605d) (ScriptedImporter) -> (artifact id: 'faeece737f56b16f6616d57bb41110f0') in 0.0062595 seconds
Number of updated asset objects reloaded before import = 0Number of asset objects unloaded after import = 0

========================================================================
Received Import Request.
  Time since last request: 0.000017 seconds.
  path: Packages/com.unity.collab-proxy/Editor/Execute.cs
  artifactKey: Guid(d7093db72592417cb57b7bd64a17ecff) Importer(2089858483,b0f066a214c2f5e87bad3c948f4d605d)
Start importing Packages/com.unity.collab-proxy/Editor/Execute.cs using Guid(d7093db72592417cb57b7bd64a17ecff) Importer(2089858483,b0f066a214c2f5e87bad3c948f4d605d) (ScriptedImporter) -> (artifact id: '909ef5ef62db3098c1b411809c8850e4') in 0.0078041 seconds
Number of updated asset objects reloaded before import = 0Number of asset objects unloaded after import = 0

========================================================================
Received Import Request.
  Time since last request: 0.000019 seconds.
  path: Assets/Tilemap/Textures/prototype_512x512_brown.png
  artifactKey: Guid(3c227d230cca14c42822692b6aff3459) Importer(2089858483,b0f066a214c2f5e87bad3c948f4d605d)
Start importing Assets/Tilemap/Textures/prototype_512x512_brown.png using Guid(3c227d230cca14c42822692b6aff3459) Importer(2089858483,b0f066a214c2f5e87bad3c948f4d605d) (ScriptedImporter) -> (artifact id: 'f89e1d2f27d6b493610e4ad2c4150051') in 0.0127257 seconds
Number of updated asset objects reloaded before import = 0Number of asset objects unloaded after import = 3

========================================================================
Received Import Request.
  Time since last request: 0.000025 seconds.
  path: Packages/com.unity.collab-proxy/Editor/UVCSConnectionMonitor.cs
  artifactKey: Guid(9019d1f6d4a14cb49a269dbffb6ea011) Importer(2089858483,b0f066a214c2f5e87bad3c948f4d605d)
Start importing Packages/com.unity.collab-proxy/Editor/UVCSConnectionMonitor.cs using Guid(9019d1f6d4a14cb49a269dbffb6ea011) Importer(2089858483,b0f066a214c2f5e87bad3c948f4d605d) (ScriptedImporter) -> (artifact id: '63506af837769de5d24d307a68f7472d') in 0.0070567 seconds
Number of updated asset objects reloaded before import = 0Number of asset objects unloaded after import = 0

========================================================================
Received Import Request.
  Time since last request: 0.000031 seconds.
  path: Packages/com.unity.collab-proxy/Editor/GetRelativePath.cs
  artifactKey: Guid(4af85446b06bf694a966f280918beb31) Importer(2089858483,b0f066a214c2f5e87bad3c948f4d605d)
Start importing Packages/com.unity.collab-proxy/Editor/GetRelativePath.cs using Guid(4af85446b06bf694a966f280918beb31) Importer(2089858483,b0f066a214c2f5e87bad3c948f4d605d) (ScriptedImporter) -> (artifact id: 'fb661ea0c9a8f5a1d3c0f95db797a421') in 0.0066915 seconds
Number of updated asset objects reloaded before import = 0Number of asset objects unloaded after import = 0

========================================================================
Received Import Request.
  Time since last request: 0.000024 seconds.
  path: Packages/com.unity.collab-proxy/Editor/DrawGuiModeSwitcher.cs
  artifactKey: Guid(14c7ad7d838cc1d4691f5d9ca504f0ac) Importer(2089858483,b0f066a214c2f5e87bad3c948f4d605d)
Start importing Packages/com.unity.collab-proxy/Editor/DrawGuiModeSwitcher.cs using Guid(14c7ad7d838cc1d4691f5d9ca504f0ac) Importer(2089858483,b0f066a214c2f5e87bad3c948f4d605d) (ScriptedImporter) -> (artifact id: '4b66a7b520982be17679a265079b391c') in 0.007917 seconds
Number of updated asset objects reloaded before import = 0Number of asset objects unloaded after import = 0

========================================================================
Received Import Request.
  Time since last request: 0.000022 seconds.
  path: Packages/com.unity.collab-proxy/README.md
  artifactKey: Guid(c10740cd62ccaf54c8880da0a3f4d10f) Importer(2089858483,b0f066a214c2f5e87bad3c948f4d605d)
Start importing Packages/com.unity.collab-proxy/README.md using Guid(c10740cd62ccaf54c8880da0a3f4d10f) Importer(2089858483,b0f066a214c2f5e87bad3c948f4d605d) (ScriptedImporter) -> (artifact id: '1733b46592a869ab444513c29f780e70') in 0.0060847 seconds
Number of updated asset objects reloaded before import = 0Number of asset objects unloaded after import = 1

========================================================================
Received Import Request.
  Time since last request: 0.000035 seconds.
  path: Assets/URP_Settings/Renderer2D.asset
  artifactKey: Guid(424799608f7334c24bf367e4bbfa7f9a) Importer(2089858483,b0f066a214c2f5e87bad3c948f4d605d)
Start importing Assets/URP_Settings/Renderer2D.asset using Guid(424799608f7334c24bf367e4bbfa7f9a) Importer(2089858483,b0f066a214c2f5e87bad3c948f4d605d) (ScriptedImporter) -> (artifact id: '66f9a72c01b9225cf02843c3fdf7c29d') in 0.0272432 seconds
Number of updated asset objects reloaded before import = 0Number of asset objects unloaded after import = 1

========================================================================
Received Import Request.
  Time since last request: 0.000018 seconds.
  path: Assets/Tilemap/Textures/prototype_512x512_white.png
  artifactKey: Guid(9397418d1d7b12543bf27fb61b93bbea) Importer(2089858483,b0f066a214c2f5e87bad3c948f4d605d)
Start importing Assets/Tilemap/Textures/prototype_512x512_white.png using Guid(9397418d1d7b12543bf27fb61b93bbea) Importer(2089858483,b0f066a214c2f5e87bad3c948f4d605d) (ScriptedImporter) -> (artifact id: '5e4b1be3a4f7cf811ab42b7cf896e2ed') in 0.0138005 seconds
Number of updated asset objects reloaded before import = 0Number of asset objects unloaded after import = 3

========================================================================
Received Import Request.
  Time since last request: 0.000024 seconds.
  path: Packages/com.unity.collab-proxy/Editor/ProjectPackages.cs
  artifactKey: Guid(339ab94297b6ceb4da9223a1504a917d) Importer(2089858483,b0f066a214c2f5e87bad3c948f4d605d)
Start importing Packages/com.unity.collab-proxy/Editor/ProjectPackages.cs using Guid(339ab94297b6ceb4da9223a1504a917d) Importer(2089858483,b0f066a214c2f5e87bad3c948f4d605d) (ScriptedImporter) -> (artifact id: 'bf84e3beb5088fe1c06f480167eedf2a') in 0.0063537 seconds
Number of updated asset objects reloaded before import = 0Number of asset objects unloaded after import = 0

========================================================================
Received Import Request.
  Time since last request: 0.000031 seconds.
  path: Assets/Tilemap/TilemapPalette/prototype_512x512_cyan.asset
  artifactKey: Guid(5d3062a810890934ba90c5dd0f512d1f) Importer(2089858483,b0f066a214c2f5e87bad3c948f4d605d)
Start importing Assets/Tilemap/TilemapPalette/prototype_512x512_cyan.asset using Guid(5d3062a810890934ba90c5dd0f512d1f) Importer(2089858483,b0f066a214c2f5e87bad3c948f4d605d) (ScriptedImporter) -> (artifact id: '9de1ac807619465e90e58ab48e3858fc') in 0.0092264 seconds
Number of updated asset objects reloaded before import = 0Number of asset objects unloaded after import = 2

========================================================================
Received Import Request.
  Time since last request: 0.000019 seconds.
  path: Packages/com.unity.collab-proxy/Editor/VCSBuiltInPlugin.cs
  artifactKey: Guid(7aad121cec1867b4493b3b31bc5c8a26) Importer(2089858483,b0f066a214c2f5e87bad3c948f4d605d)
Start importing Packages/com.unity.collab-proxy/Editor/VCSBuiltInPlugin.cs using Guid(7aad121cec1867b4493b3b31bc5c8a26) Importer(2089858483,b0f066a214c2f5e87bad3c948f4d605d) (ScriptedImporter) -> (artifact id: '28e71c7dda1d1d52ebfaad3cb8d4e5f5') in 0.0069661 seconds
Number of updated asset objects reloaded before import = 0Number of asset objects unloaded after import = 0

========================================================================
Received Import Request.
  Time since last request: 0.000020 seconds.
  path: Packages/com.unity.collab-proxy/Editor/HierarchyExtensions.cs
  artifactKey: Guid(b43c91410e1046b58c07a72471ccfd85) Importer(2089858483,b0f066a214c2f5e87bad3c948f4d605d)
Start importing Packages/com.unity.collab-proxy/Editor/HierarchyExtensions.cs using Guid(b43c91410e1046b58c07a72471ccfd85) Importer(2089858483,b0f066a214c2f5e87bad3c948f4d605d) (ScriptedImporter) -> (artifact id: '08cbca09e5b33fb47a73eb27967247a1') in 0.0062746 seconds
Number of updated asset objects reloaded before import = 0Number of asset objects unloaded after import = 0

========================================================================
Received Import Request.
  Time since last request: 0.000031 seconds.
  path: Assets/UniversalRenderPipelineGlobalSettings.asset
  artifactKey: Guid(93b439a37f63240aca3dd4e01d978a9f) Importer(2089858483,b0f066a214c2f5e87bad3c948f4d605d)
Start importing Assets/UniversalRenderPipelineGlobalSettings.asset using Guid(93b439a37f63240aca3dd4e01d978a9f) Importer(2089858483,b0f066a214c2f5e87bad3c948f4d605d) (ScriptedImporter) -> (artifact id: 'c65710682001d574962d0ed3c3404269') in 0.0863297 seconds
Number of updated asset objects reloaded before import = 0Number of asset objects unloaded after import = 0

========================================================================
Received Import Request.
  Time since last request: 0.000032 seconds.
  path: Assets/Tilemap/TilemapPalette/prototype_512x512_green3.asset
  artifactKey: Guid(5f6982ba7104b7d4b8e0f98401262f4f) Importer(2089858483,b0f066a214c2f5e87bad3c948f4d605d)
Start importing Assets/Tilemap/TilemapPalette/prototype_512x512_green3.asset using Guid(5f6982ba7104b7d4b8e0f98401262f4f) Importer(2089858483,b0f066a214c2f5e87bad3c948f4d605d) (ScriptedImporter) -> (artifact id: 'fe75e866b7910a1db6dc5df65f15e346') in 0.0126138 seconds
Number of updated asset objects reloaded before import = 0Number of asset objects unloaded after import = 2

========================================================================
Received Import Request.
  Time since last request: 0.000035 seconds.
  path: Packages/com.unity.collab-proxy/Editor/RecommendToEnableManualCheckout.cs
  artifactKey: Guid(193169bf9ce845319ec19a5beb1f3afb) Importer(2089858483,b0f066a214c2f5e87bad3c948f4d605d)
Start importing Packages/com.unity.collab-proxy/Editor/RecommendToEnableManualCheckout.cs using Guid(193169bf9ce845319ec19a5beb1f3afb) Importer(2089858483,b0f066a214c2f5e87bad3c948f4d605d) (ScriptedImporter) -> (artifact id: 'fc54cd2a039b2dc3d82d1c38dfd96190') in 0.0071958 seconds
Number of updated asset objects reloaded before import = 0Number of asset objects unloaded after import = 0

========================================================================
Received Import Request.
  Time since last request: 0.000018 seconds.
  path: Assets/URP_Settings/Scenes/URP2DSceneTemplate.unity
  artifactKey: Guid(2cda990e2423bbf4892e6590ba056729) Importer(2089858483,b0f066a214c2f5e87bad3c948f4d605d)
Start importing Assets/URP_Settings/Scenes/URP2DSceneTemplate.unity using Guid(2cda990e2423bbf4892e6590ba056729) Importer(2089858483,b0f066a214c2f5e87bad3c948f4d605d) (ScriptedImporter) -> (artifact id: 'e0a4f9c9f4c4b79e786444aa1f0a8c83') in 0.0067709 seconds
Number of updated asset objects reloaded before import = 0Number of asset objects unloaded after import = 1

========================================================================
Received Import Request.
  Time since last request: 0.000024 seconds.
  path: Assets/URP_Settings/UniversalRP.asset
  artifactKey: Guid(681886c5eb7344803b6206f758bf0b1c) Importer(2089858483,b0f066a214c2f5e87bad3c948f4d605d)
Start importing Assets/URP_Settings/UniversalRP.asset using Guid(681886c5eb7344803b6206f758bf0b1c) Importer(2089858483,b0f066a214c2f5e87bad3c948f4d605d) (ScriptedImporter) -> (artifact id: '901e1908d6da09a8634df010b7ecf7d2') in 0.0561437 seconds
Number of updated asset objects reloaded before import = 0Number of asset objects unloaded after import = 1

========================================================================
Received Import Request.
  Time since last request: 0.000041 seconds.
  path: Assets/Tilemap/Textures/prototype_512x512_pink.png
  artifactKey: Guid(054e32e11095e1d4896131bb4eed8cc1) Importer(2089858483,b0f066a214c2f5e87bad3c948f4d605d)
Start importing Assets/Tilemap/Textures/prototype_512x512_pink.png using Guid(054e32e11095e1d4896131bb4eed8cc1) Importer(2089858483,b0f066a214c2f5e87bad3c948f4d605d) (ScriptedImporter) -> (artifact id: 'f85685b0f99a2bd5a6fc45f4136bd134') in 0.0155739 seconds
Number of updated asset objects reloaded before import = 0Number of asset objects unloaded after import = 3

========================================================================
Received Import Request.
  Time since last request: 0.000026 seconds.
  path: Packages/com.unity.collab-proxy/LICENSE.md
  artifactKey: Guid(52a2c019761d4f74ea3dbdaa0d889673) Importer(2089858483,b0f066a214c2f5e87bad3c948f4d605d)
Start importing Packages/com.unity.collab-proxy/LICENSE.md using Guid(52a2c019761d4f74ea3dbdaa0d889673) Importer(2089858483,b0f066a214c2f5e87bad3c948f4d605d) (ScriptedImporter) -> (artifact id: 'bcbd7235f375a94c18a4167519dd7e0c') in 0.0080564 seconds
Number of updated asset objects reloaded before import = 0Number of asset objects unloaded after import = 1

========================================================================
Received Import Request.
  Time since last request: 0.000021 seconds.
  path: Assets/Tilemap/TilemapPalette/prototype_512x512_pink.asset
  artifactKey: Guid(8eb19a90868c05d48892887e9c33e9b7) Importer(2089858483,b0f066a214c2f5e87bad3c948f4d605d)
Start importing Assets/Tilemap/TilemapPalette/prototype_512x512_pink.asset using Guid(8eb19a90868c05d48892887e9c33e9b7) Importer(2089858483,b0f066a214c2f5e87bad3c948f4d605d) (ScriptedImporter) -> (artifact id: '7fe246d537fd73aa36ed20b002e69b46') in 0.0090908 seconds
Number of updated asset objects reloaded before import = 0Number of asset objects unloaded after import = 2

========================================================================
Received Import Request.
  Time since last request: 0.000032 seconds.
  path: Packages/com.unity.collab-proxy/Editor/PackageInfo.cs
  artifactKey: Guid(40771e457c113c441b7ec6c975584675) Importer(2089858483,b0f066a214c2f5e87bad3c948f4d605d)
Start importing Packages/com.unity.collab-proxy/Editor/PackageInfo.cs using Guid(40771e457c113c441b7ec6c975584675) Importer(2089858483,b0f066a214c2f5e87bad3c948f4d605d) (ScriptedImporter) -> (artifact id: 'd6e9ec506b1a9c3ce37a8c98ae3f45bf') in 0.0086089 seconds
Number of updated asset objects reloaded before import = 0Number of asset objects unloaded after import = 0

========================================================================
Received Import Request.
  Time since last request: 0.000027 seconds.
  path: Packages/com.unity.collab-proxy/Editor/BoolSetting.cs
  artifactKey: Guid(5be77ef41db4cc24a82cd1eca7456b5a) Importer(2089858483,b0f066a214c2f5e87bad3c948f4d605d)
Start importing Packages/com.unity.collab-proxy/Editor/BoolSetting.cs using Guid(5be77ef41db4cc24a82cd1eca7456b5a) Importer(2089858483,b0f066a214c2f5e87bad3c948f4d605d) (ScriptedImporter) -> (artifact id: 'da0f520527186fda1b375904cf94ede8') in 0.0062241 seconds
Number of updated asset objects reloaded before import = 0Number of asset objects unloaded after import = 0

========================================================================
Received Import Request.
  Time since last request: 0.000030 seconds.
  path: Packages/com.unity.collab-proxy/Editor/UVCSToolbarButtonIsShownPreference.cs
  artifactKey: Guid(f32f865aa8b3e3341be18107db54b5cb) Importer(2089858483,b0f066a214c2f5e87bad3c948f4d605d)
Start importing Packages/com.unity.collab-proxy/Editor/UVCSToolbarButtonIsShownPreference.cs using Guid(f32f865aa8b3e3341be18107db54b5cb) Importer(2089858483,b0f066a214c2f5e87bad3c948f4d605d) (ScriptedImporter) -> (artifact id: 'e1e7711adac20593810d19b9a9ef3597') in 0.0072537 seconds
Number of updated asset objects reloaded before import = 0Number of asset objects unloaded after import = 0

========================================================================
Received Import Request.
  Time since last request: 0.000040 seconds.
  path: Packages/com.unity.collab-proxy/Editor/AssetOverlays/DrawAssetOverlayIcon.cs
  artifactKey: Guid(a92f7c4434405984a811b4e7c316594e) Importer(2089858483,b0f066a214c2f5e87bad3c948f4d605d)
Start importing Packages/com.unity.collab-proxy/Editor/AssetOverlays/DrawAssetOverlayIcon.cs using Guid(a92f7c4434405984a811b4e7c316594e) Importer(2089858483,b0f066a214c2f5e87bad3c948f4d605d) (ScriptedImporter) -> (artifact id: '378c8893eac4b420abe1d01ac284d275') in 0.006619 seconds
Number of updated asset objects reloaded before import = 0Number of asset objects unloaded after import = 0

========================================================================
Received Import Request.
  Time since last request: 0.000022 seconds.
  path: Packages/com.unity.collab-proxy/Editor/AssetOverlays/AssetOverlay.cs
  artifactKey: Guid(408f89d90a01494cbef838c7d21449a9) Importer(2089858483,b0f066a214c2f5e87bad3c948f4d605d)
Start importing Packages/com.unity.collab-proxy/Editor/AssetOverlays/AssetOverlay.cs using Guid(408f89d90a01494cbef838c7d21449a9) Importer(2089858483,b0f066a214c2f5e87bad3c948f4d605d) (ScriptedImporter) -> (artifact id: '4e678b22c921f87ece55378d65a9ee80') in 0.0058254 seconds
Number of updated asset objects reloaded before import = 0Number of asset objects unloaded after import = 0

========================================================================
Received Import Request.
  Time since last request: 0.000029 seconds.
  path: Packages/com.unity.collab-proxy/Editor/Configuration/SSOCredentialsDialog.cs
  artifactKey: Guid(f1969c6a4a44a474983058896f48d9f5) Importer(2089858483,b0f066a214c2f5e87bad3c948f4d605d)
Start importing Packages/com.unity.collab-proxy/Editor/Configuration/SSOCredentialsDialog.cs using Guid(f1969c6a4a44a474983058896f48d9f5) Importer(2089858483,b0f066a214c2f5e87bad3c948f4d605d) (ScriptedImporter) -> (artifact id: '96e9eac5b8bac8056af7598a6f4e5a58') in 0.0057248 seconds
Number of updated asset objects reloaded before import = 0Number of asset objects unloaded after import = 0

========================================================================
Received Import Request.
  Time since last request: 0.000031 seconds.
  path: Packages/com.unity.collab-proxy/Editor/Configuration/WriteLogConfiguration.cs
  artifactKey: Guid(332442c8f4f7b1943bb9e12fc97356e4) Importer(2089858483,b0f066a214c2f5e87bad3c948f4d605d)
Start importing Packages/com.unity.collab-proxy/Editor/Configuration/WriteLogConfiguration.cs using Guid(332442c8f4f7b1943bb9e12fc97356e4) Importer(2089858483,b0f066a214c2f5e87bad3c948f4d605d) (ScriptedImporter) -> (artifact id: '401a084b837a956f63fd35e53e1f2b28') in 0.0059298 seconds
Number of updated asset objects reloaded before import = 0Number of asset objects unloaded after import = 0

========================================================================
Received Import Request.
  Time since last request: 0.000018 seconds.
  path: Packages/com.unity.collab-proxy/Editor/Diff/DiffWindow.cs
  artifactKey: Guid(08c46e1f56d34c62ba9e0107516e21db) Importer(2089858483,b0f066a214c2f5e87bad3c948f4d605d)
Start importing Packages/com.unity.collab-proxy/Editor/Diff/DiffWindow.cs using Guid(08c46e1f56d34c62ba9e0107516e21db) Importer(2089858483,b0f066a214c2f5e87bad3c948f4d605d) (ScriptedImporter) -> (artifact id: '2ffbfc027a8eefe018b3b3b50888842c') in 0.0057435 seconds
Number of updated asset objects reloaded before import = 0Number of asset objects unloaded after import = 0

========================================================================
Received Import Request.
  Time since last request: 0.000020 seconds.
  path: Packages/com.unity.collab-proxy/Editor/AssetsUtils/LoadAsset.cs
  artifactKey: Guid(91f74d588534bef42ac4b919a2ece84a) Importer(2089858483,b0f066a214c2f5e87bad3c948f4d605d)
Start importing Packages/com.unity.collab-proxy/Editor/AssetsUtils/LoadAsset.cs using Guid(91f74d588534bef42ac4b919a2ece84a) Importer(2089858483,b0f066a214c2f5e87bad3c948f4d605d) (ScriptedImporter) -> (artifact id: 'ae75a579b5d679fdc3278ebacdb24aa5') in 0.0056262 seconds
Number of updated asset objects reloaded before import = 0Number of asset objects unloaded after import = 0

========================================================================
Received Import Request.
  Time since last request: 0.000026 seconds.
  path: Packages/com.unity.collab-proxy/Editor/AssetOverlays/DrawProjectOverlay.cs
  artifactKey: Guid(d30dfeb72257204458e1e8e1576b84ba) Importer(2089858483,b0f066a214c2f5e87bad3c948f4d605d)
Start importing Packages/com.unity.collab-proxy/Editor/AssetOverlays/DrawProjectOverlay.cs using Guid(d30dfeb72257204458e1e8e1576b84ba) Importer(2089858483,b0f066a214c2f5e87bad3c948f4d605d) (ScriptedImporter) -> (artifact id: 'c5b146cf6e63cd499d54ee18d2a0079c') in 0.0060989 seconds
Number of updated asset objects reloaded before import = 0Number of asset objects unloaded after import = 0

========================================================================
Received Import Request.
  Time since last request: 0.000029 seconds.
  path: Packages/com.unity.collab-proxy/Editor/Headless/HeadlessUpdateProgress.cs
  artifactKey: Guid(d7826644a043a9b4cb6b1f06c937cad7) Importer(2089858483,b0f066a214c2f5e87bad3c948f4d605d)
Start importing Packages/com.unity.collab-proxy/Editor/Headless/HeadlessUpdateProgress.cs using Guid(d7826644a043a9b4cb6b1f06c937cad7) Importer(2089858483,b0f066a214c2f5e87bad3c948f4d605d) (ScriptedImporter) -> (artifact id: '81d764d15b56947e7ce3b16a007bb0d4') in 0.0054241 seconds
Number of updated asset objects reloaded before import = 0Number of asset objects unloaded after import = 0

========================================================================
Received Import Request.
  Time since last request: 0.000018 seconds.
  path: Packages/com.unity.collab-proxy/Editor/Developer/GenericProgress.cs
  artifactKey: Guid(dc0cbec450c3bd54eb12276dcfdc27d3) Importer(2089858483,b0f066a214c2f5e87bad3c948f4d605d)
Start importing Packages/com.unity.collab-proxy/Editor/Developer/GenericProgress.cs using Guid(dc0cbec450c3bd54eb12276dcfdc27d3) Importer(2089858483,b0f066a214c2f5e87bad3c948f4d605d) (ScriptedImporter) -> (artifact id: '332d7aaa0f98a4e2cfe882c898a8e409') in 0.0069312 seconds
Number of updated asset objects reloaded before import = 0Number of asset objects unloaded after import = 0

========================================================================
Received Import Request.
  Time since last request: 0.000017 seconds.
  path: Packages/com.unity.collab-proxy/Editor/AssetMenu/AssetUVCSOperations.cs
  artifactKey: Guid(2c8b452bcd72d8248a3297ff656f0a7a) Importer(2089858483,b0f066a214c2f5e87bad3c948f4d605d)
Start importing Packages/com.unity.collab-proxy/Editor/AssetMenu/AssetUVCSOperations.cs using Guid(2c8b452bcd72d8248a3297ff656f0a7a) Importer(2089858483,b0f066a214c2f5e87bad3c948f4d605d) (ScriptedImporter) -> (artifact id: '96efee0b754b5ec33a0939ec891c2653') in 0.0061955 seconds
Number of updated asset objects reloaded before import = 0Number of asset objects unloaded after import = 0

========================================================================
Received Import Request.
  Time since last request: 0.000021 seconds.
  path: Packages/com.unity.collab-proxy/Editor/Headless/HeadlessProgressControls.cs
  artifactKey: Guid(f957d659be9dee74fb0f993b67b2d044) Importer(2089858483,b0f066a214c2f5e87bad3c948f4d605d)
Start importing Packages/com.unity.collab-proxy/Editor/Headless/HeadlessProgressControls.cs using Guid(f957d659be9dee74fb0f993b67b2d044) Importer(2089858483,b0f066a214c2f5e87bad3c948f4d605d) (ScriptedImporter) -> (artifact id: '54221b03642297884aa1f06dd03adae4') in 0.0059209 seconds
Number of updated asset objects reloaded before import = 0Number of asset objects unloaded after import = 0

========================================================================
Received Import Request.
  Time since last request: 0.000035 seconds.
  path: Packages/com.unity.collab-proxy/Editor/AssetOverlays/AssetStatus.cs
  artifactKey: Guid(062535eac3e5dd1409b6a50b0d043e2c) Importer(2089858483,b0f066a214c2f5e87bad3c948f4d605d)
Start importing Packages/com.unity.collab-proxy/Editor/AssetOverlays/AssetStatus.cs using Guid(062535eac3e5dd1409b6a50b0d043e2c) Importer(2089858483,b0f066a214c2f5e87bad3c948f4d605d) (ScriptedImporter) -> (artifact id: '8abc1933d24ad505fdee88598a0c09a6') in 0.0075709 seconds
Number of updated asset objects reloaded before import = 0Number of asset objects unloaded after import = 0

========================================================================
Received Import Request.
  Time since last request: 0.000020 seconds.
  path: Packages/com.unity.collab-proxy/Editor/Diff/AssetType.cs
  artifactKey: Guid(e6c29999aff44b79938d04786d7b9373) Importer(2089858483,b0f066a214c2f5e87bad3c948f4d605d)
Start importing Packages/com.unity.collab-proxy/Editor/Diff/AssetType.cs using Guid(e6c29999aff44b79938d04786d7b9373) Importer(2089858483,b0f066a214c2f5e87bad3c948f4d605d) (ScriptedImporter) -> (artifact id: 'ebb45caea5a4c3e19c0c7e499ff14818') in 0.0059555 seconds
Number of updated asset objects reloaded before import = 0Number of asset objects unloaded after import = 0

========================================================================
Received Import Request.
  Time since last request: 0.000018 seconds.
  path: Packages/com.unity.collab-proxy/Editor/Gluon/UpdateProgress.cs
  artifactKey: Guid(c13239fbea1666a42b26691afcd91e63) Importer(2089858483,b0f066a214c2f5e87bad3c948f4d605d)
Start importing Packages/com.unity.collab-proxy/Editor/Gluon/UpdateProgress.cs using Guid(c13239fbea1666a42b26691afcd91e63) Importer(2089858483,b0f066a214c2f5e87bad3c948f4d605d) (ScriptedImporter) -> (artifact id: '1acc3437182f7e1a094ae68f12400814') in 0.0060024 seconds
Number of updated asset objects reloaded before import = 0Number of asset objects unloaded after import = 0

========================================================================
Received Import Request.
  Time since last request: 0.000021 seconds.
  path: Packages/com.unity.collab-proxy/Editor/CodeEditor/TextViewPosition.cs
  artifactKey: Guid(1acfe7cc6c5909f4a954500ea46f9123) Importer(2089858483,b0f066a214c2f5e87bad3c948f4d605d)
Start importing Packages/com.unity.collab-proxy/Editor/CodeEditor/TextViewPosition.cs using Guid(1acfe7cc6c5909f4a954500ea46f9123) Importer(2089858483,b0f066a214c2f5e87bad3c948f4d605d) (ScriptedImporter) -> (artifact id: '56701b8d89974c6dbe9668597f9b6b71') in 0.0053317 seconds
Number of updated asset objects reloaded before import = 0Number of asset objects unloaded after import = 0

========================================================================
Received Import Request.
  Time since last request: 0.000032 seconds.
  path: Packages/com.unity.collab-proxy/Editor/CloudDrive/WindowStatusBar.cs
  artifactKey: Guid(bdab12da216948e2a24b90b910e519c0) Importer(2089858483,b0f066a214c2f5e87bad3c948f4d605d)
Start importing Packages/com.unity.collab-proxy/Editor/CloudDrive/WindowStatusBar.cs using Guid(bdab12da216948e2a24b90b910e519c0) Importer(2089858483,b0f066a214c2f5e87bad3c948f4d605d) (ScriptedImporter) -> (artifact id: 'b68ae760ed41f7b807f6bd3f2be95645') in 0.00603 seconds
Number of updated asset objects reloaded before import = 0Number of asset objects unloaded after import = 0

========================================================================
Received Import Request.
  Time since last request: 0.000027 seconds.
  path: Packages/com.unity.collab-proxy/Editor/Entities/HierarchyExtensions.cs
  artifactKey: Guid(fe6ad6eb139a49f4a02d9794e934bd9c) Importer(2089858483,b0f066a214c2f5e87bad3c948f4d605d)
Start importing Packages/com.unity.collab-proxy/Editor/Entities/HierarchyExtensions.cs using Guid(fe6ad6eb139a49f4a02d9794e934bd9c) Importer(2089858483,b0f066a214c2f5e87bad3c948f4d605d) (ScriptedImporter) -> (artifact id: '2dfcb5db0dd6a1b96704d3bd92e86e17') in 0.005325 seconds
Number of updated asset objects reloaded before import = 0Number of asset objects unloaded after import = 0

========================================================================
Received Import Request.
  Time since last request: 0.000019 seconds.
  path: Packages/com.unity.collab-proxy/Editor/AssetsUtils/GetSelectedPaths.cs
  artifactKey: Guid(d9369fa547ca81b4fafa42a3e74c1b7a) Importer(2089858483,b0f066a214c2f5e87bad3c948f4d605d)
Start importing Packages/com.unity.collab-proxy/Editor/AssetsUtils/GetSelectedPaths.cs using Guid(d9369fa547ca81b4fafa42a3e74c1b7a) Importer(2089858483,b0f066a214c2f5e87bad3c948f4d605d) (ScriptedImporter) -> (artifact id: 'ca6cddec91befc25801e1f3122af8f12') in 0.0055318 seconds
Number of updated asset objects reloaded before import = 0Number of asset objects unloaded after import = 0

========================================================================
Received Import Request.
  Time since last request: 0.000022 seconds.
  path: Packages/com.unity.collab-proxy/Editor/WaitForPendingOperations.cs
  artifactKey: Guid(2d63e236b259c9b4c8c5175cb624721f) Importer(2089858483,b0f066a214c2f5e87bad3c948f4d605d)
Start importing Packages/com.unity.collab-proxy/Editor/WaitForPendingOperations.cs using Guid(2d63e236b259c9b4c8c5175cb624721f) Importer(2089858483,b0f066a214c2f5e87bad3c948f4d605d) (ScriptedImporter) -> (artifact id: '4d2494a90dbb61fd4fd49d92ee489207') in 0.0059407 seconds
Number of updated asset objects reloaded before import = 0Number of asset objects unloaded after import = 0

========================================================================
Received Import Request.
  Time since last request: 0.000029 seconds.
  path: Packages/com.unity.collab-proxy/Editor/Hub/CommandLineArguments.cs
  artifactKey: Guid(4675673a75b20a14da0806d155b5680c) Importer(2089858483,b0f066a214c2f5e87bad3c948f4d605d)
Start importing Packages/com.unity.collab-proxy/Editor/Hub/CommandLineArguments.cs using Guid(4675673a75b20a14da0806d155b5680c) Importer(2089858483,b0f066a214c2f5e87bad3c948f4d605d) (ScriptedImporter) -> (artifact id: '73c2670c283ccf95f041af7265020778') in 0.0062205 seconds
Number of updated asset objects reloaded before import = 0Number of asset objects unloaded after import = 0

========================================================================
Received Import Request.
  Time since last request: 0.000019 seconds.
  path: Packages/com.unity.collab-proxy/Editor/Gluon/CheckinProgress.cs
  artifactKey: Guid(201d30422af8ea34193a59b4254b8663) Importer(2089858483,b0f066a214c2f5e87bad3c948f4d605d)
Start importing Packages/com.unity.collab-proxy/Editor/Gluon/CheckinProgress.cs using Guid(201d30422af8ea34193a59b4254b8663) Importer(2089858483,b0f066a214c2f5e87bad3c948f4d605d) (ScriptedImporter) -> (artifact id: '092892b073bdb69b69974a44e9882994') in 0.005289 seconds
Number of updated asset objects reloaded before import = 0Number of asset objects unloaded after import = 0

========================================================================
Received Import Request.
  Time since last request: 0.000021 seconds.
  path: Packages/com.unity.collab-proxy/Editor/Diff/DiffMessagePanel.cs
  artifactKey: Guid(26e3da9604f1418d8da4a0b39108d6e7) Importer(2089858483,b0f066a214c2f5e87bad3c948f4d605d)
Start importing Packages/com.unity.collab-proxy/Editor/Diff/DiffMessagePanel.cs using Guid(26e3da9604f1418d8da4a0b39108d6e7) Importer(2089858483,b0f066a214c2f5e87bad3c948f4d605d) (ScriptedImporter) -> (artifact id: '156709516eac06a21bc9b793224be58b') in 0.0056625 seconds
Number of updated asset objects reloaded before import = 0Number of asset objects unloaded after import = 0

========================================================================
Received Import Request.
  Time since last request: 0.000023 seconds.
  path: Assets/Tilemap/Textures/prototype_512x512_cyan.png
  artifactKey: Guid(6c35396cb8128474a8a73c6b19f2fe1f) Importer(2089858483,b0f066a214c2f5e87bad3c948f4d605d)
Start importing Assets/Tilemap/Textures/prototype_512x512_cyan.png using Guid(6c35396cb8128474a8a73c6b19f2fe1f) Importer(2089858483,b0f066a214c2f5e87bad3c948f4d605d) (ScriptedImporter) -> (artifact id: '6ff605b54bcca82fe0cf6b7693ff7e12') in 0.0128816 seconds
Number of updated asset objects reloaded before import = 0Number of asset objects unloaded after import = 3

========================================================================
Received Import Request.
  Time since last request: 0.000047 seconds.
  path: Assets/Tilemap/TilemapPalette/prototype_512x512_grey1.asset
  artifactKey: Guid(0a3ca147ff7d43944a20e3971b53efe7) Importer(2089858483,b0f066a214c2f5e87bad3c948f4d605d)
Start importing Assets/Tilemap/TilemapPalette/prototype_512x512_grey1.asset using Guid(0a3ca147ff7d43944a20e3971b53efe7) Importer(2089858483,b0f066a214c2f5e87bad3c948f4d605d) (ScriptedImporter) -> (artifact id: '8493055bc3c6f26d87fc95dfa0763c62') in 0.0081916 seconds
Number of updated asset objects reloaded before import = 0Number of asset objects unloaded after import = 2

========================================================================
Received Import Request.
  Time since last request: 0.000019 seconds.
  path: Packages/com.unity.collab-proxy/Editor/CloudDrive/CloudDriveMenuItem.cs
  artifactKey: Guid(e0ca5f7f9ce171a44a14d09d62ee6c8e) Importer(2089858483,b0f066a214c2f5e87bad3c948f4d605d)
Start importing Packages/com.unity.collab-proxy/Editor/CloudDrive/CloudDriveMenuItem.cs using Guid(e0ca5f7f9ce171a44a14d09d62ee6c8e) Importer(2089858483,b0f066a214c2f5e87bad3c948f4d605d) (ScriptedImporter) -> (artifact id: '323331242989d8abdcd23c8197851ef3') in 0.0054387 seconds
Number of updated asset objects reloaded before import = 0Number of asset objects unloaded after import = 0

========================================================================
Received Import Request.
  Time since last request: 0.000019 seconds.
  path: Packages/com.unity.collab-proxy/Editor/AssetMenu/AssetsSelection.cs
  artifactKey: Guid(1686ac2e1d109ed43bf2dec74fed784f) Importer(2089858483,b0f066a214c2f5e87bad3c948f4d605d)
Start importing Packages/com.unity.collab-proxy/Editor/AssetMenu/AssetsSelection.cs using Guid(1686ac2e1d109ed43bf2dec74fed784f) Importer(2089858483,b0f066a214c2f5e87bad3c948f4d605d) (ScriptedImporter) -> (artifact id: '44a62f430669bd115a6c10349396b167') in 0.005795 seconds
Number of updated asset objects reloaded before import = 0Number of asset objects unloaded after import = 0

========================================================================
Received Import Request.
  Time since last request: 0.000022 seconds.
  path: Packages/com.unity.collab-proxy/Editor/QueryVisualElementsExtensions.cs
  artifactKey: Guid(1e089ef91cc04ecda860ed0dda02a46f) Importer(2089858483,b0f066a214c2f5e87bad3c948f4d605d)
Start importing Packages/com.unity.collab-proxy/Editor/QueryVisualElementsExtensions.cs using Guid(1e089ef91cc04ecda860ed0dda02a46f) Importer(2089858483,b0f066a214c2f5e87bad3c948f4d605d) (ScriptedImporter) -> (artifact id: '9d4706c3e7a6d1effe5df4a3b34d2167') in 0.0061741 seconds
Number of updated asset objects reloaded before import = 0Number of asset objects unloaded after import = 0

========================================================================
Received Import Request.
  Time since last request: 0.000028 seconds.
  path: Assets/Tilemap/TilemapPalette/prototype_512x512_purple.asset
  artifactKey: Guid(fb482c1019aaab54ca0a323c10598f5b) Importer(2089858483,b0f066a214c2f5e87bad3c948f4d605d)
Start importing Assets/Tilemap/TilemapPalette/prototype_512x512_purple.asset using Guid(fb482c1019aaab54ca0a323c10598f5b) Importer(2089858483,b0f066a214c2f5e87bad3c948f4d605d) (ScriptedImporter) -> (artifact id: '406b44fec9bf1a4acc1e383e38a92447') in 0.0081323 seconds
Number of updated asset objects reloaded before import = 0Number of asset objects unloaded after import = 2

========================================================================
Received Import Request.
  Time since last request: 0.000018 seconds.
  path: Packages/com.unity.collab-proxy/Editor/AssetsUtils/SaveAssets.cs
  artifactKey: Guid(802adf99bdbb1a3439a0a09ae5664192) Importer(2089858483,b0f066a214c2f5e87bad3c948f4d605d)
Start importing Packages/com.unity.collab-proxy/Editor/AssetsUtils/SaveAssets.cs using Guid(802adf99bdbb1a3439a0a09ae5664192) Importer(2089858483,b0f066a214c2f5e87bad3c948f4d605d) (ScriptedImporter) -> (artifact id: '2e187e701a6656f25e5082e1f32e8ca5') in 0.0055097 seconds
Number of updated asset objects reloaded before import = 0Number of asset objects unloaded after import = 0

========================================================================
Received Import Request.
  Time since last request: 0.000019 seconds.
  path: Packages/com.unity.collab-proxy/Editor/Configuration/AutoConfig.cs
  artifactKey: Guid(7c21251ff4b7d844292a388e81e47e59) Importer(2089858483,b0f066a214c2f5e87bad3c948f4d605d)
Start importing Packages/com.unity.collab-proxy/Editor/Configuration/AutoConfig.cs using Guid(7c21251ff4b7d844292a388e81e47e59) Importer(2089858483,b0f066a214c2f5e87bad3c948f4d605d) (ScriptedImporter) -> (artifact id: 'b1334d1d3d4b37958acd91395fd124b0') in 0.005787 seconds
Number of updated asset objects reloaded before import = 0Number of asset objects unloaded after import = 0

========================================================================
Received Import Request.
  Time since last request: 0.000019 seconds.
  path: Packages/com.unity.collab-proxy/Editor/EnumExtensions.cs
  artifactKey: Guid(f032fd1e0068a2642abd4fe8e1fd4241) Importer(2089858483,b0f066a214c2f5e87bad3c948f4d605d)
Start importing Packages/com.unity.collab-proxy/Editor/EnumExtensions.cs using Guid(f032fd1e0068a2642abd4fe8e1fd4241) Importer(2089858483,b0f066a214c2f5e87bad3c948f4d605d) (ScriptedImporter) -> (artifact id: '974074cf20a030de92abd508ca5b4a84') in 0.0053722 seconds
Number of updated asset objects reloaded before import = 0Number of asset objects unloaded after import = 0

========================================================================
Received Import Request.
  Time since last request: 0.000029 seconds.
  path: Assets/Tilemap/Textures/prototype_512x512_grey4.png
  artifactKey: Guid(ed0c2c8a99e92e14ba740ac8aa428288) Importer(2089858483,b0f066a214c2f5e87bad3c948f4d605d)
Start importing Assets/Tilemap/Textures/prototype_512x512_grey4.png using Guid(ed0c2c8a99e92e14ba740ac8aa428288) Importer(2089858483,b0f066a214c2f5e87bad3c948f4d605d) (ScriptedImporter) -> (artifact id: '3e1f3e88246a46cf6ff070d3d3ed6e55') in 0.0102723 seconds
Number of updated asset objects reloaded before import = 0Number of asset objects unloaded after import = 3

========================================================================
Received Import Request.
  Time since last request: 0.000020 seconds.
  path: Packages/com.unity.collab-proxy/Editor/Inspector/InspectorAssetSelection.cs
  artifactKey: Guid(9bef80072d106be4ea36de88adc0e985) Importer(2089858483,b0f066a214c2f5e87bad3c948f4d605d)
Start importing Packages/com.unity.collab-proxy/Editor/Inspector/InspectorAssetSelection.cs using Guid(9bef80072d106be4ea36de88adc0e985) Importer(2089858483,b0f066a214c2f5e87bad3c948f4d605d) (ScriptedImporter) -> (artifact id: '99b2a803be06e53aafde17883aa27b79') in 0.0057242 seconds
Number of updated asset objects reloaded before import = 0Number of asset objects unloaded after import = 0

========================================================================
Received Import Request.
  Time since last request: 0.000019 seconds.
  path: Packages/com.unity.collab-proxy/Editor/Tool/FindTool.cs
  artifactKey: Guid(2e0d1d689c88f76448cad390443d7ba3) Importer(2089858483,b0f066a214c2f5e87bad3c948f4d605d)
Start importing Packages/com.unity.collab-proxy/Editor/Tool/FindTool.cs using Guid(2e0d1d689c88f76448cad390443d7ba3) Importer(2089858483,b0f066a214c2f5e87bad3c948f4d605d) (ScriptedImporter) -> (artifact id: '1d765a711470d7f2b5794d99873375da') in 0.0057101 seconds
Number of updated asset objects reloaded before import = 0Number of asset objects unloaded after import = 0

========================================================================
Received Import Request.
  Time since last request: 0.000022 seconds.
  path: Packages/com.unity.collab-proxy/Editor/Topbar/Breadcrumb.cs
  artifactKey: Guid(c0fb4867bb584f229fb38202476e0ce5) Importer(2089858483,b0f066a214c2f5e87bad3c948f4d605d)
Start importing Packages/com.unity.collab-proxy/Editor/Topbar/Breadcrumb.cs using Guid(c0fb4867bb584f229fb38202476e0ce5) Importer(2089858483,b0f066a214c2f5e87bad3c948f4d605d) (ScriptedImporter) -> (artifact id: 'b1f3ca24eed0feca4e421ca626cf8659') in 0.0055654 seconds
Number of updated asset objects reloaded before import = 0Number of asset objects unloaded after import = 0

========================================================================
Received Import Request.
  Time since last request: 0.000032 seconds.
  path: Packages/com.unity.collab-proxy/Editor/UI/DrawActionHelpBox.cs
  artifactKey: Guid(30c4cfa3209d4a44480017a19ec5b3b8) Importer(2089858483,b0f066a214c2f5e87bad3c948f4d605d)
Start importing Packages/com.unity.collab-proxy/Editor/UI/DrawActionHelpBox.cs using Guid(30c4cfa3209d4a44480017a19ec5b3b8) Importer(2089858483,b0f066a214c2f5e87bad3c948f4d605d) (ScriptedImporter) -> (artifact id: 'f1f7398a104893242114bd97891e9e29') in 0.0085341 seconds
Number of updated asset objects reloaded before import = 0Number of asset objects unloaded after import = 0

========================================================================
Received Import Request.
  Time since last request: 0.000018 seconds.
  path: Packages/com.unity.collab-proxy/Editor/UI/UnityPlasticTimer.cs
  artifactKey: Guid(90a94ffd2947aab4d9da12dee0175a7a) Importer(2089858483,b0f066a214c2f5e87bad3c948f4d605d)
Start importing Packages/com.unity.collab-proxy/Editor/UI/UnityPlasticTimer.cs using Guid(90a94ffd2947aab4d9da12dee0175a7a) Importer(2089858483,b0f066a214c2f5e87bad3c948f4d605d) (ScriptedImporter) -> (artifact id: '95bd6980ff7e45cbddc0a17b30c91e58') in 0.0071802 seconds
Number of updated asset objects reloaded before import = 0Number of asset objects unloaded after import = 0

========================================================================
Received Import Request.
  Time since last request: 0.000019 seconds.
  path: Packages/com.unity.collab-proxy/Editor/UVCSToolbar/ToolbarController.cs
  artifactKey: Guid(792f2bf6e6d57db4f93253a322673bc7) Importer(2089858483,b0f066a214c2f5e87bad3c948f4d605d)
Start importing Packages/com.unity.collab-proxy/Editor/UVCSToolbar/ToolbarController.cs using Guid(792f2bf6e6d57db4f93253a322673bc7) Importer(2089858483,b0f066a214c2f5e87bad3c948f4d605d) (ScriptedImporter) -> (artifact id: '214cb35bbe46b43b5b5ea3eee38901a8') in 0.010362 seconds
Number of updated asset objects reloaded before import = 0Number of asset objects unloaded after import = 0

========================================================================
Received Import Request.
  Time since last request: 0.000021 seconds.
  path: Packages/com.unity.collab-proxy/Editor/UI/PathTrimming.cs
  artifactKey: Guid(c6a44f63ad4048afb913f7b9194abcb1) Importer(2089858483,b0f066a214c2f5e87bad3c948f4d605d)
Start importing Packages/com.unity.collab-proxy/Editor/UI/PathTrimming.cs using Guid(c6a44f63ad4048afb913f7b9194abcb1) Importer(2089858483,b0f066a214c2f5e87bad3c948f4d605d) (ScriptedImporter) -> (artifact id: '996e298b30a682b290cf02e9233d0aa0') in 0.0058995 seconds
Number of updated asset objects reloaded before import = 0Number of asset objects unloaded after import = 0

========================================================================
Received Import Request.
  Time since last request: 0.000030 seconds.
  path: Packages/com.unity.collab-proxy/Editor/Tool/AuthToken.cs
  artifactKey: Guid(537d6b35c9cc8bd42a656dfc8cb64948) Importer(2089858483,b0f066a214c2f5e87bad3c948f4d605d)
Start importing Packages/com.unity.collab-proxy/Editor/Tool/AuthToken.cs using Guid(537d6b35c9cc8bd42a656dfc8cb64948) Importer(2089858483,b0f066a214c2f5e87bad3c948f4d605d) (ScriptedImporter) -> (artifact id: '3dbb26f410b9adac4a4254901a3b5070') in 0.0063978 seconds
Number of updated asset objects reloaded before import = 0Number of asset objects unloaded after import = 0

========================================================================
Received Import Request.
  Time since last request: 0.000022 seconds.
  path: Packages/com.unity.collab-proxy/Editor/Settings/UVCSProjectSettingsProvider.cs
  artifactKey: Guid(d097a5d507694ba7ac97bc9a9f2942e3) Importer(2089858483,b0f066a214c2f5e87bad3c948f4d605d)
Start importing Packages/com.unity.collab-proxy/Editor/Settings/UVCSProjectSettingsProvider.cs using Guid(d097a5d507694ba7ac97bc9a9f2942e3) Importer(2089858483,b0f066a214c2f5e87bad3c948f4d605d) (ScriptedImporter) -> (artifact id: '716549aba7ab43552145484fe61f5a6f') in 0.0077261 seconds
Number of updated asset objects reloaded before import = 0Number of asset objects unloaded after import = 0

========================================================================
Received Import Request.
  Time since last request: 0.000026 seconds.
  path: Packages/com.unity.collab-proxy/Editor/UI/DialogWithCheckBox.cs
  artifactKey: Guid(bf4c80d864854f97a4b2f1dcad326904) Importer(2089858483,b0f066a214c2f5e87bad3c948f4d605d)
Start importing Packages/com.unity.collab-proxy/Editor/UI/DialogWithCheckBox.cs using Guid(bf4c80d864854f97a4b2f1dcad326904) Importer(2089858483,b0f066a214c2f5e87bad3c948f4d605d) (ScriptedImporter) -> (artifact id: 'ddc6d5e81f73a085f4ec8bf13add85db') in 0.0063303 seconds
Number of updated asset objects reloaded before import = 0Number of asset objects unloaded after import = 0

========================================================================
Received Import Request.
  Time since last request: 0.000031 seconds.
  path: Packages/com.unity.collab-proxy/Editor/Topbar/TopbarButtons.cs
  artifactKey: Guid(a4431274b9694af98cec7d089835c6a4) Importer(2089858483,b0f066a214c2f5e87bad3c948f4d605d)
Start importing Packages/com.unity.collab-proxy/Editor/Topbar/TopbarButtons.cs using Guid(a4431274b9694af98cec7d089835c6a4) Importer(2089858483,b0f066a214c2f5e87bad3c948f4d605d) (ScriptedImporter) -> (artifact id: '04a21d0dc4f99783eb6ebba36acd22bb') in 0.0070241 seconds
Number of updated asset objects reloaded before import = 0Number of asset objects unloaded after import = 0

========================================================================
Received Import Request.
  Time since last request: 0.000019 seconds.
  path: Packages/com.unity.collab-proxy/Editor/UI/UnityStyles.cs
  artifactKey: Guid(0a3ad267026374439be70d4b4cd3d4f7) Importer(2089858483,b0f066a214c2f5e87bad3c948f4d605d)
Start importing Packages/com.unity.collab-proxy/Editor/UI/UnityStyles.cs using Guid(0a3ad267026374439be70d4b4cd3d4f7) Importer(2089858483,b0f066a214c2f5e87bad3c948f4d605d) (ScriptedImporter) -> (artifact id: '8b5e1cbc985b5bbf8f9c9884dd763c83') in 0.0064367 seconds
Number of updated asset objects reloaded before import = 0Number of asset objects unloaded after import = 0

========================================================================
Received Import Request.
  Time since last request: 0.000024 seconds.
  path: Packages/com.unity.collab-proxy/Editor/UI/DrawTextBlockWithLink.cs
  artifactKey: Guid(54390afd4066b724d9a802ff75bed13b) Importer(2089858483,b0f066a214c2f5e87bad3c948f4d605d)
Start importing Packages/com.unity.collab-proxy/Editor/UI/DrawTextBlockWithLink.cs using Guid(54390afd4066b724d9a802ff75bed13b) Importer(2089858483,b0f066a214c2f5e87bad3c948f4d605d) (ScriptedImporter) -> (artifact id: '4ccfdc1ed898671c16ffe598dda96232') in 0.0058003 seconds
Number of updated asset objects reloaded before import = 0Number of asset objects unloaded after import = 0

========================================================================
Received Import Request.
  Time since last request: 0.000033 seconds.
  path: Packages/com.unity.collab-proxy/Editor/UI/AttributeColor.cs
  artifactKey: Guid(ccc9f105224248edbf0b807faa2bcba9) Importer(2089858483,b0f066a214c2f5e87bad3c948f4d605d)
Start importing Packages/com.unity.collab-proxy/Editor/UI/AttributeColor.cs using Guid(ccc9f105224248edbf0b807faa2bcba9) Importer(2089858483,b0f066a214c2f5e87bad3c948f4d605d) (ScriptedImporter) -> (artifact id: '837e0ebd100a1319fd622c885407c7e0') in 0.0072242 seconds
Number of updated asset objects reloaded before import = 0Number of asset objects unloaded after import = 0

========================================================================
Received Import Request.
  Time since last request: 0.000020 seconds.
  path: Packages/com.unity.collab-proxy/Editor/UI/OverlayProgress.cs
  artifactKey: Guid(1ea55c972a804304b2c7212f93c6bc4e) Importer(2089858483,b0f066a214c2f5e87bad3c948f4d605d)
Start importing Packages/com.unity.collab-proxy/Editor/UI/OverlayProgress.cs using Guid(1ea55c972a804304b2c7212f93c6bc4e) Importer(2089858483,b0f066a214c2f5e87bad3c948f4d605d) (ScriptedImporter) -> (artifact id: 'ca86992fbc678ab9e5640cae184e68bf') in 0.0058265 seconds
Number of updated asset objects reloaded before import = 0Number of asset objects unloaded after import = 0

========================================================================
Received Import Request.
  Time since last request: 0.000017 seconds.
  path: Packages/com.unity.collab-proxy/Editor/UI/DrawActionButton.cs
  artifactKey: Guid(c08cfcfc4c2c46c46940ed103538acae) Importer(2089858483,b0f066a214c2f5e87bad3c948f4d605d)
Start importing Packages/com.unity.collab-proxy/Editor/UI/DrawActionButton.cs using Guid(c08cfcfc4c2c46c46940ed103538acae) Importer(2089858483,b0f066a214c2f5e87bad3c948f4d605d) (ScriptedImporter) -> (artifact id: 'e532103f17a225d02ab2d31053c273a6') in 0.0065267 seconds
Number of updated asset objects reloaded before import = 0Number of asset objects unloaded after import = 0

========================================================================
Received Import Request.
  Time since last request: 0.000022 seconds.
  path: Packages/com.unity.collab-proxy/Editor/UI/GetWindowIfOpened.cs
  artifactKey: Guid(3320b7341e4731842a6fd50ae97c96f5) Importer(2089858483,b0f066a214c2f5e87bad3c948f4d605d)
Start importing Packages/com.unity.collab-proxy/Editor/UI/GetWindowIfOpened.cs using Guid(3320b7341e4731842a6fd50ae97c96f5) Importer(2089858483,b0f066a214c2f5e87bad3c948f4d605d) (ScriptedImporter) -> (artifact id: '210e453656f25abd86b5ad3b7f6b3b8b') in 0.006816 seconds
Number of updated asset objects reloaded before import = 0Number of asset objects unloaded after import = 0

========================================================================
Received Import Request.
  Time since last request: 0.000032 seconds.
  path: Packages/com.unity.collab-proxy/Editor/UI/INotificationContent.cs
  artifactKey: Guid(2bd4f044bfa05a14ebd7f4e6dcd0fb74) Importer(2089858483,b0f066a214c2f5e87bad3c948f4d605d)
Start importing Packages/com.unity.collab-proxy/Editor/UI/INotificationContent.cs using Guid(2bd4f044bfa05a14ebd7f4e6dcd0fb74) Importer(2089858483,b0f066a214c2f5e87bad3c948f4d605d) (ScriptedImporter) -> (artifact id: '82031b46f68167ae0dcf6b9692df3f38') in 0.0059313 seconds
Number of updated asset objects reloaded before import = 0Number of asset objects unloaded after import = 0

========================================================================
Received Import Request.
  Time since last request: 0.000019 seconds.
  path: Packages/com.unity.collab-proxy/Editor/UI/MeasureMaxWidth.cs
  artifactKey: Guid(5eeef8c7e006fbe49ab66c960691f11e) Importer(2089858483,b0f066a214c2f5e87bad3c948f4d605d)
Start importing Packages/com.unity.collab-proxy/Editor/UI/MeasureMaxWidth.cs using Guid(5eeef8c7e006fbe49ab66c960691f11e) Importer(2089858483,b0f066a214c2f5e87bad3c948f4d605d) (ScriptedImporter) -> (artifact id: 'efa9bbe9dc8d4a22a73fc5b11143c3bd') in 0.0064805 seconds
Number of updated asset objects reloaded before import = 0Number of asset objects unloaded after import = 0

========================================================================
Received Import Request.
  Time since last request: 0.000018 seconds.
  path: Packages/com.unity.collab-proxy/Editor/UI/EntryBuilder.cs
  artifactKey: Guid(97b51e80cfabfe341958267f3d6c2ed6) Importer(2089858483,b0f066a214c2f5e87bad3c948f4d605d)
Start importing Packages/com.unity.collab-proxy/Editor/UI/EntryBuilder.cs using Guid(97b51e80cfabfe341958267f3d6c2ed6) Importer(2089858483,b0f066a214c2f5e87bad3c948f4d605d) (ScriptedImporter) -> (artifact id: '06ed538827c63b586f68d48b8266351b') in 0.0065946 seconds
Number of updated asset objects reloaded before import = 0Number of asset objects unloaded after import = 0

========================================================================
Received Import Request.
  Time since last request: 0.000032 seconds.
  path: Packages/com.unity.collab-proxy/Editor/UI/ScreenResolution.cs
  artifactKey: Guid(9c549b85e316e2d4ea9265d63a17e401) Importer(2089858483,b0f066a214c2f5e87bad3c948f4d605d)
Start importing Packages/com.unity.collab-proxy/Editor/UI/ScreenResolution.cs using Guid(9c549b85e316e2d4ea9265d63a17e401) Importer(2089858483,b0f066a214c2f5e87bad3c948f4d605d) (ScriptedImporter) -> (artifact id: '69820cdf745f3cbf6929425af9d01966') in 0.0057109 seconds
Number of updated asset objects reloaded before import = 0Number of asset objects unloaded after import = 0

========================================================================
Received Import Request.
  Time since last request: 0.000030 seconds.
  path: Packages/com.unity.collab-proxy/Editor/UI/RunModal.cs
  artifactKey: Guid(701a688f3cb0245579bf46b63d0b7134) Importer(2089858483,b0f066a214c2f5e87bad3c948f4d605d)
Start importing Packages/com.unity.collab-proxy/Editor/UI/RunModal.cs using Guid(701a688f3cb0245579bf46b63d0b7134) Importer(2089858483,b0f066a214c2f5e87bad3c948f4d605d) (ScriptedImporter) -> (artifact id: 'a7536bafb355768f6ef788543992f99c') in 0.0058176 seconds
Number of updated asset objects reloaded before import = 0Number of asset objects unloaded after import = 0

========================================================================
Received Import Request.
  Time since last request: 0.000028 seconds.
  path: Packages/com.unity.collab-proxy/Editor/UnityInternals/UVCSToolbarBoostrap.cs
  artifactKey: Guid(e09919744ef75bc4eaa3181b195375bd) Importer(2089858483,b0f066a214c2f5e87bad3c948f4d605d)
Start importing Packages/com.unity.collab-proxy/Editor/UnityInternals/UVCSToolbarBoostrap.cs using Guid(e09919744ef75bc4eaa3181b195375bd) Importer(2089858483,b0f066a214c2f5e87bad3c948f4d605d) (ScriptedImporter) -> (artifact id: '812aca64dd5b18738d4b0895a2ea6a8f') in 0.0087631 seconds
Number of updated asset objects reloaded before import = 0Number of asset objects unloaded after import = 0

========================================================================
Received Import Request.
  Time since last request: 0.000028 seconds.
  path: Packages/com.unity.collab-proxy/Editor/Tool/IsExeAvailable.cs
  artifactKey: Guid(f25df29da91c45449ada5f3da8cf20ea) Importer(2089858483,b0f066a214c2f5e87bad3c948f4d605d)
Start importing Packages/com.unity.collab-proxy/Editor/Tool/IsExeAvailable.cs using Guid(f25df29da91c45449ada5f3da8cf20ea) Importer(2089858483,b0f066a214c2f5e87bad3c948f4d605d) (ScriptedImporter) -> (artifact id: '2cd45d7ebb20c4510654b2f37c473d63') in 0.0092367 seconds
Number of updated asset objects reloaded before import = 0Number of asset objects unloaded after import = 0

========================================================================
Received Import Request.
  Time since last request: 0.000030 seconds.
  path: Packages/com.unity.collab-proxy/Editor/UI/EnumPopupSetting.cs
  artifactKey: Guid(de396a7891b8b7f4f9649c3ccee67421) Importer(2089858483,b0f066a214c2f5e87bad3c948f4d605d)
Start importing Packages/com.unity.collab-proxy/Editor/UI/EnumPopupSetting.cs using Guid(de396a7891b8b7f4f9649c3ccee67421) Importer(2089858483,b0f066a214c2f5e87bad3c948f4d605d) (ScriptedImporter) -> (artifact id: 'dd0b1a7b25bec6e478fcb8ddb9a5ad17') in 0.0069742 seconds
Number of updated asset objects reloaded before import = 0Number of asset objects unloaded after import = 0

========================================================================
Received Import Request.
  Time since last request: 0.000026 seconds.
  path: Packages/com.unity.collab-proxy/Editor/UI/GuiEnabled.cs
  artifactKey: Guid(3a4d828da4d125740924da08b5fbe1cb) Importer(2089858483,b0f066a214c2f5e87bad3c948f4d605d)
Start importing Packages/com.unity.collab-proxy/Editor/UI/GuiEnabled.cs using Guid(3a4d828da4d125740924da08b5fbe1cb) Importer(2089858483,b0f066a214c2f5e87bad3c948f4d605d) (ScriptedImporter) -> (artifact id: 'd0503685ee107396b9d0a71aa9ebb69f') in 0.0093397 seconds
Number of updated asset objects reloaded before import = 0Number of asset objects unloaded after import = 0

========================================================================
Received Import Request.
  Time since last request: 0.000028 seconds.
  path: Packages/com.unity.collab-proxy/Editor/UI/UnityMenuItem.cs
  artifactKey: Guid(ad0c4895dbf7aeb459c1d136884a7998) Importer(2089858483,b0f066a214c2f5e87bad3c948f4d605d)
Start importing Packages/com.unity.collab-proxy/Editor/UI/UnityMenuItem.cs using Guid(ad0c4895dbf7aeb459c1d136884a7998) Importer(2089858483,b0f066a214c2f5e87bad3c948f4d605d) (ScriptedImporter) -> (artifact id: '032f6ab27d4d443928b87d4db696d891') in 0.0078258 seconds
Number of updated asset objects reloaded before import = 0Number of asset objects unloaded after import = 0

========================================================================
Received Import Request.
  Time since last request: 0.000038 seconds.
  path: Packages/com.unity.collab-proxy/Editor/UI/EditorVersion.cs
  artifactKey: Guid(0e1e2d80d9c79b042ab42fdf0b5c0b65) Importer(2089858483,b0f066a214c2f5e87bad3c948f4d605d)
Start importing Packages/com.unity.collab-proxy/Editor/UI/EditorVersion.cs using Guid(0e1e2d80d9c79b042ab42fdf0b5c0b65) Importer(2089858483,b0f066a214c2f5e87bad3c948f4d605d) (ScriptedImporter) -> (artifact id: '9e49e13c4df9b577022940c79eb76510') in 0.0082327 seconds
Number of updated asset objects reloaded before import = 0Number of asset objects unloaded after import = 0

========================================================================
Received Import Request.
  Time since last request: 0.000018 seconds.
  path: Packages/com.unity.collab-proxy/Editor/UI/InputTextDialog.cs
  artifactKey: Guid(e269ac752b6af4e40bc8fbf471ece79b) Importer(2089858483,b0f066a214c2f5e87bad3c948f4d605d)
Start importing Packages/com.unity.collab-proxy/Editor/UI/InputTextDialog.cs using Guid(e269ac752b6af4e40bc8fbf471ece79b) Importer(2089858483,b0f066a214c2f5e87bad3c948f4d605d) (ScriptedImporter) -> (artifact id: '209ac9c3d358fd07ffa5a16fa1754801') in 0.0069294 seconds
Number of updated asset objects reloaded before import = 0Number of asset objects unloaded after import = 0

========================================================================
Received Import Request.
  Time since last request: 0.000028 seconds.
  path: Packages/com.unity.collab-proxy/Editor/UI/CloseWindowIfOpened.cs
  artifactKey: Guid(25e3b426e5be4f64db3f9184fd625379) Importer(2089858483,b0f066a214c2f5e87bad3c948f4d605d)
Start importing Packages/com.unity.collab-proxy/Editor/UI/CloseWindowIfOpened.cs using Guid(25e3b426e5be4f64db3f9184fd625379) Importer(2089858483,b0f066a214c2f5e87bad3c948f4d605d) (ScriptedImporter) -> (artifact id: '51544da81cb1c88ee3ba63b62952fa71') in 0.0091833 seconds
Number of updated asset objects reloaded before import = 0Number of asset objects unloaded after import = 0

========================================================================
Received Import Request.
  Time since last request: 0.000048 seconds.
  path: Packages/com.unity.collab-proxy/Editor/WebApi/CredentialsResponse.cs
  artifactKey: Guid(d1c46ccb760d06146a24b7e265e19566) Importer(2089858483,b0f066a214c2f5e87bad3c948f4d605d)
Start importing Packages/com.unity.collab-proxy/Editor/WebApi/CredentialsResponse.cs using Guid(d1c46ccb760d06146a24b7e265e19566) Importer(2089858483,b0f066a214c2f5e87bad3c948f4d605d) (ScriptedImporter) -> (artifact id: 'e8952867bc89885aa3fa97d4b55e6b5a') in 0.0079892 seconds
Number of updated asset objects reloaded before import = 0Number of asset objects unloaded after import = 0

========================================================================
Received Import Request.
  Time since last request: 0.000018 seconds.
  path: Packages/com.unity.collab-proxy/Editor/Assets/Images/d_iconclosebutton@2x.png
  artifactKey: Guid(0525793900d728a42936791a8a6de63b) Importer(2089858483,b0f066a214c2f5e87bad3c948f4d605d)
Start importing Packages/com.unity.collab-proxy/Editor/Assets/Images/d_iconclosebutton@2x.png using Guid(0525793900d728a42936791a8a6de63b) Importer(2089858483,b0f066a214c2f5e87bad3c948f4d605d) (ScriptedImporter) -> (artifact id: '6274c6c808bf031fc89102dab7dafcb0') in 0.0153918 seconds
Number of updated asset objects reloaded before import = 0Number of asset objects unloaded after import = 1

========================================================================
Received Import Request.
  Time since last request: 0.000026 seconds.
  path: Packages/com.unity.collab-proxy/Editor/WebApi/ErrorResponse.cs
  artifactKey: Guid(e86abcad326bbd44a9f3c0516899ce75) Importer(2089858483,b0f066a214c2f5e87bad3c948f4d605d)
Start importing Packages/com.unity.collab-proxy/Editor/WebApi/ErrorResponse.cs using Guid(e86abcad326bbd44a9f3c0516899ce75) Importer(2089858483,b0f066a214c2f5e87bad3c948f4d605d) (ScriptedImporter) -> (artifact id: 'ef7e85fae444bffaedbcf0b00b54e0ce') in 0.0068332 seconds
Number of updated asset objects reloaded before import = 0Number of asset objects unloaded after import = 0

========================================================================
Received Import Request.
  Time since last request: 0.000029 seconds.
  path: Packages/com.unity.collab-proxy/Editor/Assets/Images/ArrowCaretRight.png
  artifactKey: Guid(af5dbec545ddf41e7b15fef8a3cfb75b) Importer(2089858483,b0f066a214c2f5e87bad3c948f4d605d)
Start importing Packages/com.unity.collab-proxy/Editor/Assets/Images/ArrowCaretRight.png using Guid(af5dbec545ddf41e7b15fef8a3cfb75b) Importer(2089858483,b0f066a214c2f5e87bad3c948f4d605d) (ScriptedImporter) -> (artifact id: '574ed84a54178a2338709284892a55f8') in 0.0169889 seconds
Number of updated asset objects reloaded before import = 0Number of asset objects unloaded after import = 3

========================================================================
Received Import Request.
  Time since last request: 0.000021 seconds.
  path: Packages/com.unity.collab-proxy/Editor/Assets/Images/buttonhome.png
  artifactKey: Guid(dda6504e0e7d670488e2fee625f7da02) Importer(2089858483,b0f066a214c2f5e87bad3c948f4d605d)
Start importing Packages/com.unity.collab-proxy/Editor/Assets/Images/buttonhome.png using Guid(dda6504e0e7d670488e2fee625f7da02) Importer(2089858483,b0f066a214c2f5e87bad3c948f4d605d) (ScriptedImporter) -> (artifact id: '5ed1e9dd9c4a5994abacecc7a066e2ab') in 0.015161 seconds
Number of updated asset objects reloaded before import = 0Number of asset objects unloaded after import = 3

========================================================================
Received Import Request.
  Time since last request: 0.000022 seconds.
  path: Packages/com.unity.collab-proxy/Editor/Assets/Images/d_iconclipboard.png
  artifactKey: Guid(3f65802f2a170a145bd30ab3801b8d80) Importer(2089858483,b0f066a214c2f5e87bad3c948f4d605d)
Start importing Packages/com.unity.collab-proxy/Editor/Assets/Images/d_iconclipboard.png using Guid(3f65802f2a170a145bd30ab3801b8d80) Importer(2089858483,b0f066a214c2f5e87bad3c948f4d605d) (ScriptedImporter) -> (artifact id: 'e62ab0eccc92fee3d407a139b1556352') in 0.0162334 seconds
Number of updated asset objects reloaded before import = 0Number of asset objects unloaded after import = 3

========================================================================
Received Import Request.
  Time since last request: 0.000036 seconds.
  path: Packages/com.unity.collab-proxy/Editor/Assets/Images/d_iconchangesets@2x.png
  artifactKey: Guid(b76c20add7d3d4f79afcbafeaa12e974) Importer(2089858483,b0f066a214c2f5e87bad3c948f4d605d)
Start importing Packages/com.unity.collab-proxy/Editor/Assets/Images/d_iconchangesets@2x.png using Guid(b76c20add7d3d4f79afcbafeaa12e974) Importer(2089858483,b0f066a214c2f5e87bad3c948f4d605d) (ScriptedImporter) -> (artifact id: 'ef75783504c5318e46fd9da9568c5e20') in 0.0165346 seconds
Number of updated asset objects reloaded before import = 0Number of asset objects unloaded after import = 3

========================================================================
Received Import Request.
  Time since last request: 0.000024 seconds.
  path: Packages/com.unity.collab-proxy/Editor/Assets/Images/ArrowCaretRight@2x.png
  artifactKey: Guid(be2e0deab40f1478a99038fcbc19219d) Importer(2089858483,b0f066a214c2f5e87bad3c948f4d605d)
Start importing Packages/com.unity.collab-proxy/Editor/Assets/Images/ArrowCaretRight@2x.png using Guid(be2e0deab40f1478a99038fcbc19219d) Importer(2089858483,b0f066a214c2f5e87bad3c948f4d605d) (ScriptedImporter) -> (artifact id: '199f4606a770ea3b81b6b157e2cbe466') in 0.0172034 seconds
Number of updated asset objects reloaded before import = 0Number of asset objects unloaded after import = 3

========================================================================
Received Import Request.
  Time since last request: 0.000027 seconds.
  path: Packages/com.unity.collab-proxy/Editor/Assets/Images/d_iconconflicted.png
  artifactKey: Guid(881798b77426a8f47b533dcc4767e9e5) Importer(2089858483,b0f066a214c2f5e87bad3c948f4d605d)
Start importing Packages/com.unity.collab-proxy/Editor/Assets/Images/d_iconconflicted.png using Guid(881798b77426a8f47b533dcc4767e9e5) Importer(2089858483,b0f066a214c2f5e87bad3c948f4d605d) (ScriptedImporter) -> (artifact id: 'd6a1525502147e279bc852c302d7d56b') in 0.0213667 seconds
Number of updated asset objects reloaded before import = 0Number of asset objects unloaded after import = 1

========================================================================
Received Import Request.
  Time since last request: 0.000031 seconds.
  path: Packages/com.unity.collab-proxy/Editor/Assets/Images/d_iconadd@2x.png
  artifactKey: Guid(c41381829109cd84786a392ea6e3db60) Importer(2089858483,b0f066a214c2f5e87bad3c948f4d605d)
Start importing Packages/com.unity.collab-proxy/Editor/Assets/Images/d_iconadd@2x.png using Guid(c41381829109cd84786a392ea6e3db60) Importer(2089858483,b0f066a214c2f5e87bad3c948f4d605d) (ScriptedImporter) -> (artifact id: '0d4f354ca263f757f8f207e8747f8d00') in 0.0162814 seconds
Number of updated asset objects reloaded before import = 0Number of asset objects unloaded after import = 3

========================================================================
Received Import Request.
  Time since last request: 0.000030 seconds.
  path: Packages/com.unity.collab-proxy/Editor/Assets/Images/buttonssosigninemail@2x.png
  artifactKey: Guid(ddf2e76e8a1f88f46ae1e42277850b48) Importer(2089858483,b0f066a214c2f5e87bad3c948f4d605d)
Start importing Packages/com.unity.collab-proxy/Editor/Assets/Images/buttonssosigninemail@2x.png using Guid(ddf2e76e8a1f88f46ae1e42277850b48) Importer(2089858483,b0f066a214c2f5e87bad3c948f4d605d) (ScriptedImporter) -> (artifact id: 'a4b35ac312c071c84c356bed39512647') in 0.0216819 seconds
Number of updated asset objects reloaded before import = 0Number of asset objects unloaded after import = 1

========================================================================
Received Import Request.
  Time since last request: 0.000117 seconds.
  path: Packages/com.unity.collab-proxy/Editor/_Deprecated/README.md
  artifactKey: Guid(9e56b150f059e654b911faff982eacf8) Importer(2089858483,b0f066a214c2f5e87bad3c948f4d605d)
Start importing Packages/com.unity.collab-proxy/Editor/_Deprecated/README.md using Guid(9e56b150f059e654b911faff982eacf8) Importer(2089858483,b0f066a214c2f5e87bad3c948f4d605d) (ScriptedImporter) -> (artifact id: 'fc557325f2d8648a9b848775cf05a060') in 0.0097136 seconds
Number of updated asset objects reloaded before import = 0Number of asset objects unloaded after import = 1

========================================================================
Received Import Request.
  Time since last request: 0.000051 seconds.
  path: Packages/com.unity.collab-proxy/Editor/Assets/Images/d_iconcheckedoutlocaloverlay.png
  artifactKey: Guid(bb1928aff4fd4cf44af1f629dc14ef9b) Importer(2089858483,b0f066a214c2f5e87bad3c948f4d605d)
Start importing Packages/com.unity.collab-proxy/Editor/Assets/Images/d_iconcheckedoutlocaloverlay.png using Guid(bb1928aff4fd4cf44af1f629dc14ef9b) Importer(2089858483,b0f066a214c2f5e87bad3c948f4d605d) (ScriptedImporter) -> (artifact id: '5d52aff3a31cf9202c5fa511a37c29be') in 0.0211589 seconds
Number of updated asset objects reloaded before import = 0Number of asset objects unloaded after import = 1

========================================================================
Received Import Request.
  Time since last request: 0.000024 seconds.
  path: Packages/com.unity.collab-proxy/Editor/Assets/Images/d_iconclouddriveview@2x.png
  artifactKey: Guid(59eedc7f076ac5749993ec0e94b87af3) Importer(2089858483,b0f066a214c2f5e87bad3c948f4d605d)
Start importing Packages/com.unity.collab-proxy/Editor/Assets/Images/d_iconclouddriveview@2x.png using Guid(59eedc7f076ac5749993ec0e94b87af3) Importer(2089858483,b0f066a214c2f5e87bad3c948f4d605d) (ScriptedImporter) -> (artifact id: '9ed39f484a2a3fc9a9549df329bff431') in 0.0200719 seconds
Number of updated asset objects reloaded before import = 0Number of asset objects unloaded after import = 3

========================================================================
Received Import Request.
  Time since last request: 0.000030 seconds.
  path: Packages/com.unity.collab-proxy/Editor/Assets/Fonts/Cascadia.ttf
  artifactKey: Guid(9229ae5dbc38f488d921156ff75869e9) Importer(2089858483,b0f066a214c2f5e87bad3c948f4d605d)
Start importing Packages/com.unity.collab-proxy/Editor/Assets/Fonts/Cascadia.ttf using Guid(9229ae5dbc38f488d921156ff75869e9) Importer(2089858483,b0f066a214c2f5e87bad3c948f4d605d) (ScriptedImporter) -> (artifact id: '8912d8a5771fb462a2d5e09a63b26827') in 0.0257003 seconds
Number of updated asset objects reloaded before import = 0Number of asset objects unloaded after import = 3

========================================================================
Received Import Request.
  Time since last request: 0.000035 seconds.
  path: Packages/com.unity.collab-proxy/Lib/Editor/Unity.Plastic.Antlr3.Runtime.dll
  artifactKey: Guid(f3cad5fee9fee5945b13e7e3518afb1b) Importer(2089858483,b0f066a214c2f5e87bad3c948f4d605d)
Start importing Packages/com.unity.collab-proxy/Lib/Editor/Unity.Plastic.Antlr3.Runtime.dll using Guid(f3cad5fee9fee5945b13e7e3518afb1b) Importer(2089858483,b0f066a214c2f5e87bad3c948f4d605d) (ScriptedImporter) -> (artifact id: '7f762b9b2ca520017795057eb5de7a3d') in 0.0126551 seconds
Number of updated asset objects reloaded before import = 0Number of asset objects unloaded after import = 0

========================================================================
Received Import Request.
  Time since last request: 0.000026 seconds.
  path: Packages/com.unity.collab-proxy/Editor/AssetOverlays/Cache/RemoteStatusCache.cs
  artifactKey: Guid(a9acb575a60d7e045ad7fadd3e3e137d) Importer(2089858483,b0f066a214c2f5e87bad3c948f4d605d)
Start importing Packages/com.unity.collab-proxy/Editor/AssetOverlays/Cache/RemoteStatusCache.cs using Guid(a9acb575a60d7e045ad7fadd3e3e137d) Importer(2089858483,b0f066a214c2f5e87bad3c948f4d605d) (ScriptedImporter) -> (artifact id: 'fc18ac728167dca82b02922efa6193bf') in 0.0115741 seconds
Number of updated asset objects reloaded before import = 0Number of asset objects unloaded after import = 0

========================================================================
Received Import Request.
  Time since last request: 0.000031 seconds.
  path: Packages/com.unity.collab-proxy/Editor/Assets/Images/d_exclusionrule@2x.png
  artifactKey: Guid(78de972b7bcb2424e8560a8c310a6d10) Importer(2089858483,b0f066a214c2f5e87bad3c948f4d605d)
Start importing Packages/com.unity.collab-proxy/Editor/Assets/Images/d_exclusionrule@2x.png using Guid(78de972b7bcb2424e8560a8c310a6d10) Importer(2089858483,b0f066a214c2f5e87bad3c948f4d605d) (ScriptedImporter) -> (artifact id: 'f42bdf00d01ae66c80f157be4294aa0f') in 0.0149198 seconds
Number of updated asset objects reloaded before import = 0Number of asset objects unloaded after import = 3

========================================================================
Received Import Request.
  Time since last request: 0.000050 seconds.
  path: Packages/com.unity.collab-proxy/Editor/Assets/Images/d_iconbranches.png
  artifactKey: Guid(612c5e166a121e3449dad067fbdc37a4) Importer(2089858483,b0f066a214c2f5e87bad3c948f4d605d)
Start importing Packages/com.unity.collab-proxy/Editor/Assets/Images/d_iconbranches.png using Guid(612c5e166a121e3449dad067fbdc37a4) Importer(2089858483,b0f066a214c2f5e87bad3c948f4d605d) (ScriptedImporter) -> (artifact id: '7f2bec1cac62ed0e175aade5a7924294') in 0.0189463 seconds
Number of updated asset objects reloaded before import = 0Number of asset objects unloaded after import = 1

========================================================================
Received Import Request.
  Time since last request: 0.000023 seconds.
  path: Packages/com.unity.collab-proxy/Editor/Assets/Images/d_iconbranch.png
  artifactKey: Guid(c1516142c0a669b42aecce30a3459017) Importer(2089858483,b0f066a214c2f5e87bad3c948f4d605d)
Start importing Packages/com.unity.collab-proxy/Editor/Assets/Images/d_iconbranch.png using Guid(c1516142c0a669b42aecce30a3459017) Importer(2089858483,b0f066a214c2f5e87bad3c948f4d605d) (ScriptedImporter) -> (artifact id: 'c20e293f49c6c59cd2c0e583a1a82b8f') in 0.018309 seconds
Number of updated asset objects reloaded before import = 0Number of asset objects unloaded after import = 3

========================================================================
Received Import Request.
  Time since last request: 0.000034 seconds.
  path: Packages/com.unity.collab-proxy/Lib/Editor/lz4x64Plastic.dll
  artifactKey: Guid(074a5a5f34697b64c9b36dc09f6f7c32) Importer(2089858483,b0f066a214c2f5e87bad3c948f4d605d)
Start importing Packages/com.unity.collab-proxy/Lib/Editor/lz4x64Plastic.dll using Guid(074a5a5f34697b64c9b36dc09f6f7c32) Importer(2089858483,b0f066a214c2f5e87bad3c948f4d605d) (ScriptedImporter) -> (artifact id: 'ff61eb0c70fbb3d1d8db1e0111932f84') in 0.0101136 seconds
Number of updated asset objects reloaded before import = 0Number of asset objects unloaded after import = 0

========================================================================
Received Import Request.
  Time since last request: 0.000036 seconds.
  path: Packages/com.unity.collab-proxy/Editor/Assets/Images/d_iconplasticnotifypendingchanges@2x.png
  artifactKey: Guid(f0c047e73e3b41341822a9e31da81877) Importer(2089858483,b0f066a214c2f5e87bad3c948f4d605d)
Start importing Packages/com.unity.collab-proxy/Editor/Assets/Images/d_iconplasticnotifypendingchanges@2x.png using Guid(f0c047e73e3b41341822a9e31da81877) Importer(2089858483,b0f066a214c2f5e87bad3c948f4d605d) (ScriptedImporter) -> (artifact id: 'cd371f0e5d715e440eed9a2727317d71') in 0.0182885 seconds
Number of updated asset objects reloaded before import = 0Number of asset objects unloaded after import = 3

========================================================================
Received Import Request.
  Time since last request: 0.000019 seconds.
  path: Packages/com.unity.collab-proxy/Editor/Assets/Images/d_iconplasticnotifyincoming@2x.png
  artifactKey: Guid(c5fc116b3271b5947808130b2212cd60) Importer(2089858483,b0f066a214c2f5e87bad3c948f4d605d)
Start importing Packages/com.unity.collab-proxy/Editor/Assets/Images/d_iconplasticnotifyincoming@2x.png using Guid(c5fc116b3271b5947808130b2212cd60) Importer(2089858483,b0f066a214c2f5e87bad3c948f4d605d) (ScriptedImporter) -> (artifact id: 'cf885b8da28f98cc92e9aeab335349ff') in 0.0147493 seconds
Number of updated asset objects reloaded before import = 0Number of asset objects unloaded after import = 1

========================================================================
Received Import Request.
  Time since last request: 0.000032 seconds.
  path: Packages/com.unity.collab-proxy/Editor/Assets/Images/d_iconlabel@2x.png
  artifactKey: Guid(ce435fe40bff4da41aadc577ebfb27d7) Importer(2089858483,b0f066a214c2f5e87bad3c948f4d605d)
Start importing Packages/com.unity.collab-proxy/Editor/Assets/Images/d_iconlabel@2x.png using Guid(ce435fe40bff4da41aadc577ebfb27d7) Importer(2089858483,b0f066a214c2f5e87bad3c948f4d605d) (ScriptedImporter) -> (artifact id: 'a510ad8057f7e0c9b75bf6e1fb30909d') in 0.0232377 seconds
Number of updated asset objects reloaded before import = 0Number of asset objects unloaded after import = 3

========================================================================
Received Import Request.
  Time since last request: 0.000033 seconds.
  path: Packages/com.unity.collab-proxy/Editor/Assets/Images/d_iconplasticview.png
  artifactKey: Guid(519d97e745e55f041b609f3666cbc037) Importer(2089858483,b0f066a214c2f5e87bad3c948f4d605d)
Start importing Packages/com.unity.collab-proxy/Editor/Assets/Images/d_iconplasticview.png using Guid(519d97e745e55f041b609f3666cbc037) Importer(2089858483,b0f066a214c2f5e87bad3c948f4d605d) (ScriptedImporter) -> (artifact id: '06048954133236b315acd1e3f146c934') in 0.0162392 seconds
Number of updated asset objects reloaded before import = 0Number of asset objects unloaded after import = 1

========================================================================
Received Import Request.
  Time since last request: 0.000028 seconds.
  path: Packages/com.unity.collab-proxy/Editor/Assets/Images/d_iconmergeview.png
  artifactKey: Guid(998e4aae0494244578bee3771d57801c) Importer(2089858483,b0f066a214c2f5e87bad3c948f4d605d)
Start importing Packages/com.unity.collab-proxy/Editor/Assets/Images/d_iconmergeview.png using Guid(998e4aae0494244578bee3771d57801c) Importer(2089858483,b0f066a214c2f5e87bad3c948f4d605d) (ScriptedImporter) -> (artifact id: '8fa1937a99285058cb015f7d74017ad3') in 0.0202282 seconds
Number of updated asset objects reloaded before import = 0Number of asset objects unloaded after import = 3

========================================================================
Received Import Request.
  Time since last request: 0.000035 seconds.
  path: Packages/com.unity.collab-proxy/Editor/Assets/Images/d_iconedit@2x.png
  artifactKey: Guid(a36e66e044a5fd94ca570351917c6bda) Importer(2089858483,b0f066a214c2f5e87bad3c948f4d605d)
Start importing Packages/com.unity.collab-proxy/Editor/Assets/Images/d_iconedit@2x.png using Guid(a36e66e044a5fd94ca570351917c6bda) Importer(2089858483,b0f066a214c2f5e87bad3c948f4d605d) (ScriptedImporter) -> (artifact id: 'f1f826c0ea4a5917b5a55ffa187390f8') in 0.0248917 seconds
Number of updated asset objects reloaded before import = 0Number of asset objects unloaded after import = 3

========================================================================
Received Import Request.
  Time since last request: 0.000044 seconds.
  path: Packages/com.unity.collab-proxy/Editor/Assets/Images/d_iconshelve@2x.png
  artifactKey: Guid(9264df9de832d7f4bb90a1d0c31d8343) Importer(2089858483,b0f066a214c2f5e87bad3c948f4d605d)
Start importing Packages/com.unity.collab-proxy/Editor/Assets/Images/d_iconshelve@2x.png using Guid(9264df9de832d7f4bb90a1d0c31d8343) Importer(2089858483,b0f066a214c2f5e87bad3c948f4d605d) (ScriptedImporter) -> (artifact id: 'a68861fd46e33915b0b426603fbd618a') in 0.0212305 seconds
Number of updated asset objects reloaded before import = 0Number of asset objects unloaded after import = 3

========================================================================
Received Import Request.
  Time since last request: 0.000026 seconds.
  path: Packages/com.unity.collab-proxy/Editor/Assets/Images/d_iconedit.png
  artifactKey: Guid(b0e7ed213bccf484e89c4261a7e16f66) Importer(2089858483,b0f066a214c2f5e87bad3c948f4d605d)
Start importing Packages/com.unity.collab-proxy/Editor/Assets/Images/d_iconedit.png using Guid(b0e7ed213bccf484e89c4261a7e16f66) Importer(2089858483,b0f066a214c2f5e87bad3c948f4d605d) (ScriptedImporter) -> (artifact id: '563a23ec935c0b9fb4eae9a18aaeb953') in 0.0204237 seconds
Number of updated asset objects reloaded before import = 0Number of asset objects unloaded after import = 3

========================================================================
Received Import Request.
  Time since last request: 0.000032 seconds.
  path: Packages/com.unity.collab-proxy/Editor/Assets/Images/d_iconlockedremoteoverlay@2x.png
  artifactKey: Guid(2bb4e96f5d0b02c468932d665a015c54) Importer(2089858483,b0f066a214c2f5e87bad3c948f4d605d)
Start importing Packages/com.unity.collab-proxy/Editor/Assets/Images/d_iconlockedremoteoverlay@2x.png using Guid(2bb4e96f5d0b02c468932d665a015c54) Importer(2089858483,b0f066a214c2f5e87bad3c948f4d605d) (ScriptedImporter) -> (artifact id: '82dd6228f90c2ae6ffe9c495d9cea194') in 0.0212596 seconds
Number of updated asset objects reloaded before import = 0Number of asset objects unloaded after import = 1

========================================================================
Received Import Request.
  Time since last request: 0.000038 seconds.
  path: Packages/com.unity.collab-proxy/Editor/Assets/Images/d_iconlock@2x.png
  artifactKey: Guid(55747841a2e3b47dab36dc8d5e0dc4df) Importer(2089858483,b0f066a214c2f5e87bad3c948f4d605d)
Start importing Packages/com.unity.collab-proxy/Editor/Assets/Images/d_iconlock@2x.png using Guid(55747841a2e3b47dab36dc8d5e0dc4df) Importer(2089858483,b0f066a214c2f5e87bad3c948f4d605d) (ScriptedImporter) -> (artifact id: 'dfbfe0869b6f2f223c7b3672a8c19b90') in 0.0205111 seconds
Number of updated asset objects reloaded before import = 0Number of asset objects unloaded after import = 3

========================================================================
Received Import Request.
  Time since last request: 0.000044 seconds.
  path: Packages/com.unity.collab-proxy/Editor/Assets/Images/d_iconinfobellnotification.png
  artifactKey: Guid(f38e832edef3ab648bcc2ab5dfa2906d) Importer(2089858483,b0f066a214c2f5e87bad3c948f4d605d)
Start importing Packages/com.unity.collab-proxy/Editor/Assets/Images/d_iconinfobellnotification.png using Guid(f38e832edef3ab648bcc2ab5dfa2906d) Importer(2089858483,b0f066a214c2f5e87bad3c948f4d605d) (ScriptedImporter) -> (artifact id: 'b0276fea228634f56ba75bfb8cf7d774') in 0.0166575 seconds
Number of updated asset objects reloaded before import = 0Number of asset objects unloaded after import = 3

========================================================================
Received Import Request.
  Time since last request: 0.000028 seconds.
  path: Packages/com.unity.collab-proxy/Editor/Assets/Images/d_iconlabel.png
  artifactKey: Guid(e1e64e28e7631534d8408668bcb82502) Importer(2089858483,b0f066a214c2f5e87bad3c948f4d605d)
Start importing Packages/com.unity.collab-proxy/Editor/Assets/Images/d_iconlabel.png using Guid(e1e64e28e7631534d8408668bcb82502) Importer(2089858483,b0f066a214c2f5e87bad3c948f4d605d) (ScriptedImporter) -> (artifact id: 'b04663627b36fb26994b90fb0ab72b4b') in 0.0127865 seconds
Number of updated asset objects reloaded before import = 0Number of asset objects unloaded after import = 3

========================================================================
Received Import Request.
  Time since last request: 0.000038 seconds.
  path: Packages/com.unity.collab-proxy/Editor/Assets/Images/d_iconoutofsyncoverlay.png
  artifactKey: Guid(dc633de6e6e7415448c7568418239a9d) Importer(2089858483,b0f066a214c2f5e87bad3c948f4d605d)
Start importing Packages/com.unity.collab-proxy/Editor/Assets/Images/d_iconoutofsyncoverlay.png using Guid(dc633de6e6e7415448c7568418239a9d) Importer(2089858483,b0f066a214c2f5e87bad3c948f4d605d) (ScriptedImporter) -> (artifact id: '2f9b4a87b97487d9111a1e90441cf594') in 0.0141902 seconds
Number of updated asset objects reloaded before import = 0Number of asset objects unloaded after import = 1

========================================================================
Received Import Request.
  Time since last request: 0.000036 seconds.
  path: Packages/com.unity.collab-proxy/Editor/Assets/Images/d_iconplasticnotifyincoming.png
  artifactKey: Guid(f31d2c855644aad4cb2030bce12859f6) Importer(2089858483,b0f066a214c2f5e87bad3c948f4d605d)
Start importing Packages/com.unity.collab-proxy/Editor/Assets/Images/d_iconplasticnotifyincoming.png using Guid(f31d2c855644aad4cb2030bce12859f6) Importer(2089858483,b0f066a214c2f5e87bad3c948f4d605d) (ScriptedImporter) -> (artifact id: 'c3d16d8e270a7891a266f205233117af') in 0.0107099 seconds
Number of updated asset objects reloaded before import = 0Number of asset objects unloaded after import = 1

========================================================================
Received Import Request.
  Time since last request: 0.000018 seconds.
  path: Packages/com.unity.collab-proxy/Editor/AssetOverlays/Cache/LockStatusCache.cs
  artifactKey: Guid(953c29d2e0dece647a64940343c91547) Importer(2089858483,b0f066a214c2f5e87bad3c948f4d605d)
Start importing Packages/com.unity.collab-proxy/Editor/AssetOverlays/Cache/LockStatusCache.cs using Guid(953c29d2e0dece647a64940343c91547) Importer(2089858483,b0f066a214c2f5e87bad3c948f4d605d) (ScriptedImporter) -> (artifact id: '8e06b5413089340e1826a73fd5f61f7d') in 0.0052448 seconds
Number of updated asset objects reloaded before import = 0Number of asset objects unloaded after import = 0

========================================================================
Received Import Request.
  Time since last request: 0.000018 seconds.
  path: Packages/com.unity.collab-proxy/Editor/WebApi/WebRestApiClient.cs
  artifactKey: Guid(e57a1c5d3e1c8844eb3893fed51c9727) Importer(2089858483,b0f066a214c2f5e87bad3c948f4d605d)
Start importing Packages/com.unity.collab-proxy/Editor/WebApi/WebRestApiClient.cs using Guid(e57a1c5d3e1c8844eb3893fed51c9727) Importer(2089858483,b0f066a214c2f5e87bad3c948f4d605d) (ScriptedImporter) -> (artifact id: '810b75e61f548376eff8b1fe7bdd6875') in 0.0054065 seconds
Number of updated asset objects reloaded before import = 0Number of asset objects unloaded after import = 0

========================================================================
Received Import Request.
  Time since last request: 0.000028 seconds.
  path: Assets/Assessment 1 Scripts
  artifactKey: Guid(ed46dabfb6d2da34fad3112ed586adde) Importer(815301076,1909f56bfc062723c751e8b465ee728b)
Start importing Assets/Assessment 1 Scripts using Guid(ed46dabfb6d2da34fad3112ed586adde) Importer(815301076,1909f56bfc062723c751e8b465ee728b) (PreviewImporter) -> (artifact id: '1b6618dbdb1da79aa51ecbe7ed8eed18') in 0.0006294 seconds
Number of updated asset objects reloaded before import = 0Number of asset objects unloaded after import = 0

========================================================================
Received Import Request.
  Time since last request: 0.000017 seconds.
  path: Packages/com.unity.collab-proxy/Editor/Assets/Images/d_iconconflicted@2x.png
  artifactKey: Guid(65f0e363b74cf5845ab8c3fbc14f39ac) Importer(2089858483,b0f066a214c2f5e87bad3c948f4d605d)
Start importing Packages/com.unity.collab-proxy/Editor/Assets/Images/d_iconconflicted@2x.png using Guid(65f0e363b74cf5845ab8c3fbc14f39ac) Importer(2089858483,b0f066a214c2f5e87bad3c948f4d605d) (ScriptedImporter) -> (artifact id: '325ec60df4f156532d324850c931bc73') in 0.0090534 seconds
Number of updated asset objects reloaded before import = 0Number of asset objects unloaded after import = 1

========================================================================
Received Import Request.
  Time since last request: 0.000020 seconds.
  path: Packages/com.unity.collab-proxy/Editor/Assets/Images/d_iconbrex.png
  artifactKey: Guid(d44f9c7a4044e1845b5b3627ba32fb10) Importer(2089858483,b0f066a214c2f5e87bad3c948f4d605d)
Start importing Packages/com.unity.collab-proxy/Editor/Assets/Images/d_iconbrex.png using Guid(d44f9c7a4044e1845b5b3627ba32fb10) Importer(2089858483,b0f066a214c2f5e87bad3c948f4d605d) (ScriptedImporter) -> (artifact id: '0d4001198952ea7fc89a44efc9eb7650') in 0.0118531 seconds
Number of updated asset objects reloaded before import = 0Number of asset objects unloaded after import = 3

========================================================================
Received Import Request.
  Time since last request: 0.000032 seconds.
  path: Packages/com.unity.collab-proxy/Editor/Assets/Images/d_iconconflictresolvedoverlay.png
  artifactKey: Guid(056ee72c467a4e24d87541d42839ca72) Importer(2089858483,b0f066a214c2f5e87bad3c948f4d605d)
Start importing Packages/com.unity.collab-proxy/Editor/Assets/Images/d_iconconflictresolvedoverlay.png using Guid(056ee72c467a4e24d87541d42839ca72) Importer(2089858483,b0f066a214c2f5e87bad3c948f4d605d) (ScriptedImporter) -> (artifact id: '6f5f350d631ec510668308c8b93b11f6') in 0.0097477 seconds
Number of updated asset objects reloaded before import = 0Number of asset objects unloaded after import = 1

========================================================================
Received Import Request.
  Time since last request: 0.000028 seconds.
  path: Packages/com.unity.collab-proxy/Editor/Assets/Images/d_exclusionrule.png
  artifactKey: Guid(d616c78aaf225437199c9ac8c4f2197b) Importer(2089858483,b0f066a214c2f5e87bad3c948f4d605d)
Start importing Packages/com.unity.collab-proxy/Editor/Assets/Images/d_exclusionrule.png using Guid(d616c78aaf225437199c9ac8c4f2197b) Importer(2089858483,b0f066a214c2f5e87bad3c948f4d605d) (ScriptedImporter) -> (artifact id: '81b0308aef49de7233e68a49f3841769') in 0.0097265 seconds
Number of updated asset objects reloaded before import = 0Number of asset objects unloaded after import = 3

========================================================================
Received Import Request.
  Time since last request: 0.000017 seconds.
  path: Packages/com.unity.collab-proxy/Editor/Assets/Images/d_iconcurrentbranch@2x.png
  artifactKey: Guid(c48b8bcda45b63442a7a7c7244c84635) Importer(2089858483,b0f066a214c2f5e87bad3c948f4d605d)
Start importing Packages/com.unity.collab-proxy/Editor/Assets/Images/d_iconcurrentbranch@2x.png using Guid(c48b8bcda45b63442a7a7c7244c84635) Importer(2089858483,b0f066a214c2f5e87bad3c948f4d605d) (ScriptedImporter) -> (artifact id: '2b97ee1ef9b48a522d3c2db28896a0b8') in 0.0101929 seconds
Number of updated asset objects reloaded before import = 0Number of asset objects unloaded after import = 3

========================================================================
Received Import Request.
  Time since last request: 0.000018 seconds.
  path: Packages/com.unity.collab-proxy/Editor/Assets/Images/d_iconzoomout.png
  artifactKey: Guid(43735cb4df8a4aa49b379e83bd9d77b8) Importer(2089858483,b0f066a214c2f5e87bad3c948f4d605d)
Start importing Packages/com.unity.collab-proxy/Editor/Assets/Images/d_iconzoomout.png using Guid(43735cb4df8a4aa49b379e83bd9d77b8) Importer(2089858483,b0f066a214c2f5e87bad3c948f4d605d) (ScriptedImporter) -> (artifact id: '06f15cd2e7e5bf6f6ecb533cf6c2d115') in 0.0129657 seconds
Number of updated asset objects reloaded before import = 0Number of asset objects unloaded after import = 3

========================================================================
Received Import Request.
  Time since last request: 0.000020 seconds.
  path: Packages/com.unity.collab-proxy/Editor/Assets/Images/d_icondeletedlocaloverlay.png
  artifactKey: Guid(4da274d970a82a943ae3979e7833f3dd) Importer(2089858483,b0f066a214c2f5e87bad3c948f4d605d)
Start importing Packages/com.unity.collab-proxy/Editor/Assets/Images/d_icondeletedlocaloverlay.png using Guid(4da274d970a82a943ae3979e7833f3dd) Importer(2089858483,b0f066a214c2f5e87bad3c948f4d605d) (ScriptedImporter) -> (artifact id: '4ca24d7ff5d5ac7859fb9fc453ee839f') in 0.0090428 seconds
Number of updated asset objects reloaded before import = 0Number of asset objects unloaded after import = 1

========================================================================
Received Import Request.
  Time since last request: 0.000028 seconds.
  path: Packages/com.unity.collab-proxy/Editor/Assets/Images/d_iconplasticnotifyconflict@2x.png
  artifactKey: Guid(23743f0c0ed1e6546808a5d645c2a6a5) Importer(2089858483,b0f066a214c2f5e87bad3c948f4d605d)
Start importing Packages/com.unity.collab-proxy/Editor/Assets/Images/d_iconplasticnotifyconflict@2x.png using Guid(23743f0c0ed1e6546808a5d645c2a6a5) Importer(2089858483,b0f066a214c2f5e87bad3c948f4d605d) (ScriptedImporter) -> (artifact id: '92a3307d38864142e8a1f74dff6f81f1') in 0.0101257 seconds
Number of updated asset objects reloaded before import = 0Number of asset objects unloaded after import = 1

========================================================================
Received Import Request.
  Time since last request: 0.000018 seconds.
  path: Packages/com.unity.collab-proxy/Editor/Assets/Images/d_iconrepository@2x.png
  artifactKey: Guid(36564eb85f1bdf2409df96325231cb6c) Importer(2089858483,b0f066a214c2f5e87bad3c948f4d605d)
Start importing Packages/com.unity.collab-proxy/Editor/Assets/Images/d_iconrepository@2x.png using Guid(36564eb85f1bdf2409df96325231cb6c) Importer(2089858483,b0f066a214c2f5e87bad3c948f4d605d) (ScriptedImporter) -> (artifact id: 'd27d36911d9a786c03562f43d144ea2e') in 0.0111105 seconds
Number of updated asset objects reloaded before import = 0Number of asset objects unloaded after import = 3

========================================================================
Received Import Request.
  Time since last request: 0.000020 seconds.
  path: Packages/com.unity.collab-proxy/Editor/Assets/Images/d_iconemptygravatar@2x.png
  artifactKey: Guid(0ac55f9f886d827408c102bdf33c5ff7) Importer(2089858483,b0f066a214c2f5e87bad3c948f4d605d)
Start importing Packages/com.unity.collab-proxy/Editor/Assets/Images/d_iconemptygravatar@2x.png using Guid(0ac55f9f886d827408c102bdf33c5ff7) Importer(2089858483,b0f066a214c2f5e87bad3c948f4d605d) (ScriptedImporter) -> (artifact id: 'b2a90dbcb3907d3c2038af219c56ff16') in 0.009117 seconds
Number of updated asset objects reloaded before import = 0Number of asset objects unloaded after import = 1

========================================================================
Received Import Request.
  Time since last request: 0.000020 seconds.
  path: Packages/com.unity.collab-proxy/Editor/UI/DialogWithCheckBox_Legacy.cs
  artifactKey: Guid(e26dd2ea146011948b8e7518465ea71a) Importer(2089858483,b0f066a214c2f5e87bad3c948f4d605d)
Start importing Packages/com.unity.collab-proxy/Editor/UI/DialogWithCheckBox_Legacy.cs using Guid(e26dd2ea146011948b8e7518465ea71a) Importer(2089858483,b0f066a214c2f5e87bad3c948f4d605d) (ScriptedImporter) -> (artifact id: '5deaf873d0a1460f09cd78a7b0dad8b7') in 0.0044788 seconds
Number of updated asset objects reloaded before import = 0Number of asset objects unloaded after import = 0

========================================================================
Received Import Request.
  Time since last request: 0.000030 seconds.
  path: Packages/com.unity.collab-proxy/Editor/UI/UnityThreadWaiter.cs
  artifactKey: Guid(83e946775d0516c4aba77860a60ed6e6) Importer(2089858483,b0f066a214c2f5e87bad3c948f4d605d)
Start importing Packages/com.unity.collab-proxy/Editor/UI/UnityThreadWaiter.cs using Guid(83e946775d0516c4aba77860a60ed6e6) Importer(2089858483,b0f066a214c2f5e87bad3c948f4d605d) (ScriptedImporter) -> (artifact id: '19abcd08b6add9dbd5a5546d98c47ae7') in 0.0055896 seconds
Number of updated asset objects reloaded before import = 0Number of asset objects unloaded after import = 0

========================================================================
Received Import Request.
  Time since last request: 0.000017 seconds.
  path: Packages/com.unity.collab-proxy/Editor/Assets/Images/d_iconmovedoverlay@2x.png
  artifactKey: Guid(e27bb56b83f03421880673ee2b951102) Importer(2089858483,b0f066a214c2f5e87bad3c948f4d605d)
Start importing Packages/com.unity.collab-proxy/Editor/Assets/Images/d_iconmovedoverlay@2x.png using Guid(e27bb56b83f03421880673ee2b951102) Importer(2089858483,b0f066a214c2f5e87bad3c948f4d605d) (ScriptedImporter) -> (artifact id: 'd1f5b022d6c0cd261337913d8695ab22') in 0.0117062 seconds
Number of updated asset objects reloaded before import = 0Number of asset objects unloaded after import = 3

========================================================================
Received Import Request.
  Time since last request: 0.000020 seconds.
  path: Packages/com.unity.collab-proxy/Editor/_Deprecated/CollabPlugin.cs
  artifactKey: Guid(8b1d1407c22e5844698f18df6a9f1781) Importer(2089858483,b0f066a214c2f5e87bad3c948f4d605d)
Start importing Packages/com.unity.collab-proxy/Editor/_Deprecated/CollabPlugin.cs using Guid(8b1d1407c22e5844698f18df6a9f1781) Importer(2089858483,b0f066a214c2f5e87bad3c948f4d605d) (ScriptedImporter) -> (artifact id: '571834bfea5fdc1598a70dfb0554477e') in 0.0055618 seconds
Number of updated asset objects reloaded before import = 0Number of asset objects unloaded after import = 0

========================================================================
Received Import Request.
  Time since last request: 0.000022 seconds.
  path: Packages/com.unity.collab-proxy/Editor/Assets/Images/d_iconincomingchangesview.png
  artifactKey: Guid(f6ea7eb320af940f6ade67ef3befef89) Importer(2089858483,b0f066a214c2f5e87bad3c948f4d605d)
Start importing Packages/com.unity.collab-proxy/Editor/Assets/Images/d_iconincomingchangesview.png using Guid(f6ea7eb320af940f6ade67ef3befef89) Importer(2089858483,b0f066a214c2f5e87bad3c948f4d605d) (ScriptedImporter) -> (artifact id: '784473ff08582c37623478a787bc9fb5') in 0.0102393 seconds
Number of updated asset objects reloaded before import = 0Number of asset objects unloaded after import = 3

========================================================================
Received Import Request.
  Time since last request: 0.824720 seconds.
  path: Packages/com.unity.collab-proxy/Editor/Assets/Images/d_inclusionrule@2x.png
  artifactKey: Guid(bcc1ec3ffeb1c46f7abd19daa3e05f49) Importer(2089858483,b0f066a214c2f5e87bad3c948f4d605d)
Start importing Packages/com.unity.collab-proxy/Editor/Assets/Images/d_inclusionrule@2x.png using Guid(bcc1ec3ffeb1c46f7abd19daa3e05f49) Importer(2089858483,b0f066a214c2f5e87bad3c948f4d605d) (ScriptedImporter) -> (artifact id: '2a9c9be3e371fdc5bd62ff5e36d4463b') in 0.0131879 seconds
Number of updated asset objects reloaded before import = 0Number of asset objects unloaded after import = 3

========================================================================
Received Import Request.
  Time since last request: 0.000019 seconds.
  path: Packages/com.unity.collab-proxy/Editor/Assets/Images/iconmergeview@2x.png
  artifactKey: Guid(ca92e845b7b4b41da8e081ca8c0ed3b8) Importer(2089858483,b0f066a214c2f5e87bad3c948f4d605d)
Start importing Packages/com.unity.collab-proxy/Editor/Assets/Images/iconmergeview@2x.png using Guid(ca92e845b7b4b41da8e081ca8c0ed3b8) Importer(2089858483,b0f066a214c2f5e87bad3c948f4d605d) (ScriptedImporter) -> (artifact id: 'f02e952ab3555cee43fcaa10d814180d') in 0.0104084 seconds
Number of updated asset objects reloaded before import = 0Number of asset objects unloaded after import = 3

========================================================================
Received Import Request.
  Time since last request: 0.000021 seconds.
  path: Packages/com.unity.collab-proxy/Editor/Assets/Images/iconmovedoverlay@2x.png
  artifactKey: Guid(c7bee029a895b44cfb249d7cd63d13af) Importer(2089858483,b0f066a214c2f5e87bad3c948f4d605d)
Start importing Packages/com.unity.collab-proxy/Editor/Assets/Images/iconmovedoverlay@2x.png using Guid(c7bee029a895b44cfb249d7cd63d13af) Importer(2089858483,b0f066a214c2f5e87bad3c948f4d605d) (ScriptedImporter) -> (artifact id: '037ab76e7e23f836b984fcc5f5179c23') in 0.011838 seconds
Number of updated asset objects reloaded before import = 0Number of asset objects unloaded after import = 3

========================================================================
Received Import Request.
  Time since last request: 0.000036 seconds.
  path: Packages/com.unity.collab-proxy/Editor/Assets/Images/iconoutofsync@2x.png
  artifactKey: Guid(d7094718bdac022428dd29244922d06b) Importer(2089858483,b0f066a214c2f5e87bad3c948f4d605d)
Start importing Packages/com.unity.collab-proxy/Editor/Assets/Images/iconoutofsync@2x.png using Guid(d7094718bdac022428dd29244922d06b) Importer(2089858483,b0f066a214c2f5e87bad3c948f4d605d) (ScriptedImporter) -> (artifact id: '794227f4959acd7fe5e76f9baae5c3ff') in 0.0096978 seconds
Number of updated asset objects reloaded before import = 0Number of asset objects unloaded after import = 1

========================================================================
Received Import Request.
  Time since last request: 0.000027 seconds.
  path: Packages/com.unity.collab-proxy/Editor/Assets/Images/d_step2@2x.png
  artifactKey: Guid(cdb88fdb0cf46b244a667edaff21c7df) Importer(2089858483,b0f066a214c2f5e87bad3c948f4d605d)
Start importing Packages/com.unity.collab-proxy/Editor/Assets/Images/d_step2@2x.png using Guid(cdb88fdb0cf46b244a667edaff21c7df) Importer(2089858483,b0f066a214c2f5e87bad3c948f4d605d) (ScriptedImporter) -> (artifact id: '5b2943073a1df26db6cbd84d1f141d0d') in 0.0130502 seconds
Number of updated asset objects reloaded before import = 0Number of asset objects unloaded after import = 1

========================================================================
Received Import Request.
  Time since last request: 0.000019 seconds.
  path: Packages/com.unity.collab-proxy/Editor/Assets/Images/d_step2.png
  artifactKey: Guid(897c3a3f5c4038345a7143573bbb4a40) Importer(2089858483,b0f066a214c2f5e87bad3c948f4d605d)
Start importing Packages/com.unity.collab-proxy/Editor/Assets/Images/d_step2.png using Guid(897c3a3f5c4038345a7143573bbb4a40) Importer(2089858483,b0f066a214c2f5e87bad3c948f4d605d) (ScriptedImporter) -> (artifact id: '8adeca3e8b3cb1ff9f6dd053f2f6e097') in 0.0152635 seconds
Number of updated asset objects reloaded before import = 0Number of asset objects unloaded after import = 1

========================================================================
Received Import Request.
  Time since last request: 0.000025 seconds.
  path: Packages/com.unity.collab-proxy/Editor/Assets/Images/iconinviteusers@2x.png
  artifactKey: Guid(b43651fb085b38445ade3f9de3ab0636) Importer(2089858483,b0f066a214c2f5e87bad3c948f4d605d)
Start importing Packages/com.unity.collab-proxy/Editor/Assets/Images/iconinviteusers@2x.png using Guid(b43651fb085b38445ade3f9de3ab0636) Importer(2089858483,b0f066a214c2f5e87bad3c948f4d605d) (ScriptedImporter) -> (artifact id: 'd04ff4519899f6a628b2b0d82cafadab') in 0.0174277 seconds
Number of updated asset objects reloaded before import = 0Number of asset objects unloaded after import = 3

========================================================================
Received Import Request.
  Time since last request: 0.000031 seconds.
  path: Packages/com.unity.collab-proxy/Editor/Assets/Images/d_step1@2x.png
  artifactKey: Guid(c8a69ecdf54ac8e4b873466605de27ff) Importer(2089858483,b0f066a214c2f5e87bad3c948f4d605d)
Start importing Packages/com.unity.collab-proxy/Editor/Assets/Images/d_step1@2x.png using Guid(c8a69ecdf54ac8e4b873466605de27ff) Importer(2089858483,b0f066a214c2f5e87bad3c948f4d605d) (ScriptedImporter) -> (artifact id: '9934e5500abb386ee63befcc526005d0') in 0.0101774 seconds
Number of updated asset objects reloaded before import = 0Number of asset objects unloaded after import = 1

========================================================================
Received Import Request.
  Time since last request: 0.000021 seconds.
  path: Packages/com.unity.collab-proxy/Editor/Assets/Images/iconlockedremoteoverlay.png
  artifactKey: Guid(4cffcba66879d7a4a9da8554709e9825) Importer(2089858483,b0f066a214c2f5e87bad3c948f4d605d)
Start importing Packages/com.unity.collab-proxy/Editor/Assets/Images/iconlockedremoteoverlay.png using Guid(4cffcba66879d7a4a9da8554709e9825) Importer(2089858483,b0f066a214c2f5e87bad3c948f4d605d) (ScriptedImporter) -> (artifact id: 'b4ef56c6e5eeb2f6a82442abe30fec18') in 0.0111791 seconds
Number of updated asset objects reloaded before import = 0Number of asset objects unloaded after import = 3

========================================================================
Received Import Request.
  Time since last request: 0.000020 seconds.
  path: Packages/com.unity.collab-proxy/Editor/Assets/Images/icondeletedremote@2x.png
  artifactKey: Guid(70e3ce8ad01f39248a3ea97a35bcf238) Importer(2089858483,b0f066a214c2f5e87bad3c948f4d605d)
Start importing Packages/com.unity.collab-proxy/Editor/Assets/Images/icondeletedremote@2x.png using Guid(70e3ce8ad01f39248a3ea97a35bcf238) Importer(2089858483,b0f066a214c2f5e87bad3c948f4d605d) (ScriptedImporter) -> (artifact id: '6ef09ddcb4675da97dd38b5504e1478b') in 0.0160234 seconds
Number of updated asset objects reloaded before import = 0Number of asset objects unloaded after import = 1

========================================================================
Received Import Request.
  Time since last request: 0.000031 seconds.
  path: Packages/com.unity.collab-proxy/Editor/Assets/Images/iconaddedlocal.png
  artifactKey: Guid(9a1ab8af8c446204e989a90f18305caf) Importer(2089858483,b0f066a214c2f5e87bad3c948f4d605d)
Start importing Packages/com.unity.collab-proxy/Editor/Assets/Images/iconaddedlocal.png using Guid(9a1ab8af8c446204e989a90f18305caf) Importer(2089858483,b0f066a214c2f5e87bad3c948f4d605d) (ScriptedImporter) -> (artifact id: 'f4ff3c7279648c0caed71ef69ee6307d') in 0.0228117 seconds
Number of updated asset objects reloaded before import = 0Number of asset objects unloaded after import = 1

========================================================================
Received Import Request.
  Time since last request: 0.000042 seconds.
  path: Packages/com.unity.collab-proxy/Editor/Assets/Images/iconbrex@2x.png
  artifactKey: Guid(ab97695f01bc84c4b93e8440531417e7) Importer(2089858483,b0f066a214c2f5e87bad3c948f4d605d)
Start importing Packages/com.unity.collab-proxy/Editor/Assets/Images/iconbrex@2x.png using Guid(ab97695f01bc84c4b93e8440531417e7) Importer(2089858483,b0f066a214c2f5e87bad3c948f4d605d) (ScriptedImporter) -> (artifact id: '1ca891a3935bcb34cb817df528c7e0c7') in 0.0165277 seconds
Number of updated asset objects reloaded before import = 0Number of asset objects unloaded after import = 3

========================================================================
Received Import Request.
  Time since last request: 0.000021 seconds.
  path: Packages/com.unity.collab-proxy/Editor/Assets/Images/iconpendingchanges@2x.png
  artifactKey: Guid(232fe04bebe5e904bb0568e685bd32a6) Importer(2089858483,b0f066a214c2f5e87bad3c948f4d605d)
Start importing Packages/com.unity.collab-proxy/Editor/Assets/Images/iconpendingchanges@2x.png using Guid(232fe04bebe5e904bb0568e685bd32a6) Importer(2089858483,b0f066a214c2f5e87bad3c948f4d605d) (ScriptedImporter) -> (artifact id: '7951b38a30603906131407a332b0dae6') in 0.0156795 seconds
Number of updated asset objects reloaded before import = 0Number of asset objects unloaded after import = 3

========================================================================
Received Import Request.
  Time since last request: 0.000023 seconds.
  path: Packages/com.unity.collab-proxy/Editor/Assets/Images/iconchangesets.png
  artifactKey: Guid(c5d82e0b4fbcf42539ceffc642e631ce) Importer(2089858483,b0f066a214c2f5e87bad3c948f4d605d)
Start importing Packages/com.unity.collab-proxy/Editor/Assets/Images/iconchangesets.png using Guid(c5d82e0b4fbcf42539ceffc642e631ce) Importer(2089858483,b0f066a214c2f5e87bad3c948f4d605d) (ScriptedImporter) -> (artifact id: 'b313af6db7cc13fc3cfddfabe89ab83b') in 0.0148504 seconds
Number of updated asset objects reloaded before import = 0Number of asset objects unloaded after import = 3

========================================================================
Received Import Request.
  Time since last request: 0.000042 seconds.
  path: Packages/com.unity.collab-proxy/Editor/Assets/Images/iconlockedlocaloverlay@2x.png
  artifactKey: Guid(b528c1b33a65cf94ea74f830b54c9acb) Importer(2089858483,b0f066a214c2f5e87bad3c948f4d605d)
Start importing Packages/com.unity.collab-proxy/Editor/Assets/Images/iconlockedlocaloverlay@2x.png using Guid(b528c1b33a65cf94ea74f830b54c9acb) Importer(2089858483,b0f066a214c2f5e87bad3c948f4d605d) (ScriptedImporter) -> (artifact id: '09b882c484f0133bc494b34185942086') in 0.0138314 seconds
Number of updated asset objects reloaded before import = 0Number of asset objects unloaded after import = 1

========================================================================
Received Import Request.
  Time since last request: 0.000021 seconds.
  path: Packages/com.unity.collab-proxy/Editor/Assets/Images/iconclipboard.png
  artifactKey: Guid(8d91317e8f7610f41a30fcb9c0d99196) Importer(2089858483,b0f066a214c2f5e87bad3c948f4d605d)
Start importing Packages/com.unity.collab-proxy/Editor/Assets/Images/iconclipboard.png using Guid(8d91317e8f7610f41a30fcb9c0d99196) Importer(2089858483,b0f066a214c2f5e87bad3c948f4d605d) (ScriptedImporter) -> (artifact id: 'ef9f1b978c4b27da8c51928b47bd9103') in 0.0179445 seconds
Number of updated asset objects reloaded before import = 0Number of asset objects unloaded after import = 3

========================================================================
Received Import Request.
  Time since last request: 0.000030 seconds.
  path: Packages/com.unity.collab-proxy/Editor/Assets/Images/d_step3.png
  artifactKey: Guid(46930b20180b59e46b73494adf53abbb) Importer(2089858483,b0f066a214c2f5e87bad3c948f4d605d)
Start importing Packages/com.unity.collab-proxy/Editor/Assets/Images/d_step3.png using Guid(46930b20180b59e46b73494adf53abbb) Importer(2089858483,b0f066a214c2f5e87bad3c948f4d605d) (ScriptedImporter) -> (artifact id: '176b6c8f17f25eabfb2b3c49e546f0dd') in 0.0163031 seconds
Number of updated asset objects reloaded before import = 0Number of asset objects unloaded after import = 1

========================================================================
Received Import Request.
  Time since last request: 0.000054 seconds.
  path: Packages/com.unity.collab-proxy/Editor/Assets/Images/iconmergeview.png
  artifactKey: Guid(569cb7c654ca242978cdc7428c2881a3) Importer(2089858483,b0f066a214c2f5e87bad3c948f4d605d)
Start importing Packages/com.unity.collab-proxy/Editor/Assets/Images/iconmergeview.png using Guid(569cb7c654ca242978cdc7428c2881a3) Importer(2089858483,b0f066a214c2f5e87bad3c948f4d605d) (ScriptedImporter) -> (artifact id: 'c7a6d71abae126949a6fd0150ff7d6ab') in 0.0165116 seconds
Number of updated asset objects reloaded before import = 0Number of asset objects unloaded after import = 3

========================================================================
Received Import Request.
  Time since last request: 0.000023 seconds.
  path: Packages/com.unity.collab-proxy/Editor/Assets/Images/iconedit@2x.png
  artifactKey: Guid(0e3e607c04fbd4d4090157ea31abb634) Importer(2089858483,b0f066a214c2f5e87bad3c948f4d605d)
Start importing Packages/com.unity.collab-proxy/Editor/Assets/Images/iconedit@2x.png using Guid(0e3e607c04fbd4d4090157ea31abb634) Importer(2089858483,b0f066a214c2f5e87bad3c948f4d605d) (ScriptedImporter) -> (artifact id: 'b1f65bfdea09ec7da43636536b6c065c') in 0.0153373 seconds
Number of updated asset objects reloaded before import = 0Number of asset objects unloaded after import = 3

========================================================================
Received Import Request.
  Time since last request: 0.000033 seconds.
  path: Packages/com.unity.collab-proxy/Editor/Assets/Images/icondeletedremote.png
  artifactKey: Guid(b85a4b2ec6433d04895612d791edc260) Importer(2089858483,b0f066a214c2f5e87bad3c948f4d605d)
Start importing Packages/com.unity.collab-proxy/Editor/Assets/Images/icondeletedremote.png using Guid(b85a4b2ec6433d04895612d791edc260) Importer(2089858483,b0f066a214c2f5e87bad3c948f4d605d) (ScriptedImporter) -> (artifact id: '76a5491cb87b02d6350bed19e5749fa3') in 0.0141508 seconds
Number of updated asset objects reloaded before import = 0Number of asset objects unloaded after import = 1

========================================================================
Received Import Request.
  Time since last request: 0.000042 seconds.
  path: Packages/com.unity.collab-proxy/Editor/Assets/Images/iconoutofsyncoverlay@2x.png
  artifactKey: Guid(3728580c149181a44b359e89f6edacae) Importer(2089858483,b0f066a214c2f5e87bad3c948f4d605d)
Start importing Packages/com.unity.collab-proxy/Editor/Assets/Images/iconoutofsyncoverlay@2x.png using Guid(3728580c149181a44b359e89f6edacae) Importer(2089858483,b0f066a214c2f5e87bad3c948f4d605d) (ScriptedImporter) -> (artifact id: 'd5ca6b682fd6ddd61b591d2a1ab1bf86') in 0.0138487 seconds
Number of updated asset objects reloaded before import = 0Number of asset objects unloaded after import = 1

========================================================================
Received Import Request.
  Time since last request: 0.000021 seconds.
  path: Packages/com.unity.collab-proxy/Editor/Assets/Images/iconhistory.png
  artifactKey: Guid(f42a69ee6b34c4a8eb57e17686d6ab67) Importer(2089858483,b0f066a214c2f5e87bad3c948f4d605d)
Start importing Packages/com.unity.collab-proxy/Editor/Assets/Images/iconhistory.png using Guid(f42a69ee6b34c4a8eb57e17686d6ab67) Importer(2089858483,b0f066a214c2f5e87bad3c948f4d605d) (ScriptedImporter) -> (artifact id: '9a2bccfb4b142e1d5ba0be65f59c9fe4') in 0.0147956 seconds
Number of updated asset objects reloaded before import = 0Number of asset objects unloaded after import = 3

========================================================================
Received Import Request.
  Time since last request: 0.000035 seconds.
  path: Packages/com.unity.collab-proxy/Editor/Assets/Images/iconconflicted.png
  artifactKey: Guid(d1c88f142eee55b4eb2b2cfd7b3624ce) Importer(2089858483,b0f066a214c2f5e87bad3c948f4d605d)
Start importing Packages/com.unity.collab-proxy/Editor/Assets/Images/iconconflicted.png using Guid(d1c88f142eee55b4eb2b2cfd7b3624ce) Importer(2089858483,b0f066a214c2f5e87bad3c948f4d605d) (ScriptedImporter) -> (artifact id: '0f172261af53451201abe43c61a857af') in 0.017482 seconds
Number of updated asset objects reloaded before import = 0Number of asset objects unloaded after import = 1

========================================================================
Received Import Request.
  Time since last request: 0.000096 seconds.
  path: Packages/com.unity.collab-proxy/Editor/Assets/Images/iconcurrentbranch@2x.png
  artifactKey: Guid(ead32eef98d0a664fb5b025c4bf013d4) Importer(2089858483,b0f066a214c2f5e87bad3c948f4d605d)
Start importing Packages/com.unity.collab-proxy/Editor/Assets/Images/iconcurrentbranch@2x.png using Guid(ead32eef98d0a664fb5b025c4bf013d4) Importer(2089858483,b0f066a214c2f5e87bad3c948f4d605d) (ScriptedImporter) -> (artifact id: 'edda0ae0f92ad749f17f9c5bf4f26e56') in 0.0220664 seconds
Number of updated asset objects reloaded before import = 0Number of asset objects unloaded after import = 3

========================================================================
Received Import Request.
  Time since last request: 0.000027 seconds.
  path: Packages/com.unity.collab-proxy/Editor/Assets/Images/iconadd@2x.png
  artifactKey: Guid(efa87fc6a7693ac48844726c5391e3ab) Importer(2089858483,b0f066a214c2f5e87bad3c948f4d605d)
Start importing Packages/com.unity.collab-proxy/Editor/Assets/Images/iconadd@2x.png using Guid(efa87fc6a7693ac48844726c5391e3ab) Importer(2089858483,b0f066a214c2f5e87bad3c948f4d605d) (ScriptedImporter) -> (artifact id: '9ff68d8b48f6306a536adfd8d172f093') in 0.0138984 seconds
Number of updated asset objects reloaded before import = 0Number of asset objects unloaded after import = 3

========================================================================
Received Import Request.
  Time since last request: 0.000026 seconds.
  path: Packages/com.unity.collab-proxy/Editor/CloudDrive/CreateWorkspace/CollaboratorsMultiColumnHeader.cs
  artifactKey: Guid(224736fab6ec4e119f1f69e2c1d7b554) Importer(2089858483,b0f066a214c2f5e87bad3c948f4d605d)
Start importing Packages/com.unity.collab-proxy/Editor/CloudDrive/CreateWorkspace/CollaboratorsMultiColumnHeader.cs using Guid(224736fab6ec4e119f1f69e2c1d7b554) Importer(2089858483,b0f066a214c2f5e87bad3c948f4d605d) (ScriptedImporter) -> (artifact id: '877f8c5543d6ebbf92db7089a8640bc7') in 0.0069863 seconds
Number of updated asset objects reloaded before import = 0Number of asset objects unloaded after import = 0

========================================================================
Received Import Request.
  Time since last request: 0.000035 seconds.
  path: Packages/com.unity.collab-proxy/Editor/CodeEditor/Document/WeakLineTracker.cs
  artifactKey: Guid(5ace82b9e549646ee8414b4ac05f7a3c) Importer(2089858483,b0f066a214c2f5e87bad3c948f4d605d)
Start importing Packages/com.unity.collab-proxy/Editor/CodeEditor/Document/WeakLineTracker.cs using Guid(5ace82b9e549646ee8414b4ac05f7a3c) Importer(2089858483,b0f066a214c2f5e87bad3c948f4d605d) (ScriptedImporter) -> (artifact id: 'f221164b7337fd2c85e15564c8a5e498') in 0.0103439 seconds
Number of updated asset objects reloaded before import = 0Number of asset objects unloaded after import = 0

========================================================================
Received Import Request.
  Time since last request: 0.000020 seconds.
  path: Packages/com.unity.collab-proxy/Editor/CodeEditor/Document/TextAnchorNode.cs
  artifactKey: Guid(8d60b8806ad5a453e978d149b4442288) Importer(2089858483,b0f066a214c2f5e87bad3c948f4d605d)
Start importing Packages/com.unity.collab-proxy/Editor/CodeEditor/Document/TextAnchorNode.cs using Guid(8d60b8806ad5a453e978d149b4442288) Importer(2089858483,b0f066a214c2f5e87bad3c948f4d605d) (ScriptedImporter) -> (artifact id: '825b8de1e2768b24aa89482196562c83') in 0.009098 seconds
Number of updated asset objects reloaded before import = 0Number of asset objects unloaded after import = 0

========================================================================
Received Import Request.
  Time since last request: 0.000026 seconds.
  path: Packages/com.unity.collab-proxy/Editor/AssetsUtils/Processor/UVCSAssetModificationProcessor.cs
  artifactKey: Guid(c53c624438663f74ab67fbdf8869ae18) Importer(2089858483,b0f066a214c2f5e87bad3c948f4d605d)
Start importing Packages/com.unity.collab-proxy/Editor/AssetsUtils/Processor/UVCSAssetModificationProcessor.cs using Guid(c53c624438663f74ab67fbdf8869ae18) Importer(2089858483,b0f066a214c2f5e87bad3c948f4d605d) (ScriptedImporter) -> (artifact id: '316c67a7a217ecd77d7079861db94211') in 0.0068584 seconds
Number of updated asset objects reloaded before import = 0Number of asset objects unloaded after import = 0

========================================================================
Received Import Request.
  Time since last request: 0.000033 seconds.
  path: Packages/com.unity.collab-proxy/Editor/Assets/Images/iconplasticnotifypendingchanges@2x.png
  artifactKey: Guid(eb1c900f0d4a3ee42a9a49630bf88a12) Importer(2089858483,b0f066a214c2f5e87bad3c948f4d605d)
Start importing Packages/com.unity.collab-proxy/Editor/Assets/Images/iconplasticnotifypendingchanges@2x.png using Guid(eb1c900f0d4a3ee42a9a49630bf88a12) Importer(2089858483,b0f066a214c2f5e87bad3c948f4d605d) (ScriptedImporter) -> (artifact id: '85e67ab1902e4834744c4eefee17f556') in 0.0151208 seconds
Number of updated asset objects reloaded before import = 0Number of asset objects unloaded after import = 3

========================================================================
Received Import Request.
  Time since last request: 0.000029 seconds.
  path: Packages/com.unity.collab-proxy/Editor/CodeEditor/Document/DocumentLineTree.cs
  artifactKey: Guid(7d8e4407573404e26af41eacb660eb3e) Importer(2089858483,b0f066a214c2f5e87bad3c948f4d605d)
Start importing Packages/com.unity.collab-proxy/Editor/CodeEditor/Document/DocumentLineTree.cs using Guid(7d8e4407573404e26af41eacb660eb3e) Importer(2089858483,b0f066a214c2f5e87bad3c948f4d605d) (ScriptedImporter) -> (artifact id: 'bd2272e32887eb6d4303e39a55ae3a6e') in 0.0059352 seconds
Number of updated asset objects reloaded before import = 0Number of asset objects unloaded after import = 0

========================================================================
Received Import Request.
  Time since last request: 0.000022 seconds.
  path: Packages/com.unity.collab-proxy/Editor/Assets/Styles/Base.uss
  artifactKey: Guid(bdf4f3d05dd541fa829ffa06bfbc8d0c) Importer(2089858483,b0f066a214c2f5e87bad3c948f4d605d)
Start importing Packages/com.unity.collab-proxy/Editor/Assets/Styles/Base.uss using Guid(bdf4f3d05dd541fa829ffa06bfbc8d0c) Importer(2089858483,b0f066a214c2f5e87bad3c948f4d605d) (ScriptedImporter) -> (artifact id: 'da387ccd90c772fad5651a9ef93ddc57') in 0.0179033 seconds
Number of updated asset objects reloaded before import = 0Number of asset objects unloaded after import = 1

========================================================================
Received Import Request.
  Time since last request: 0.000030 seconds.
  path: Packages/com.unity.collab-proxy/Editor/Assets/Images/iconzoomin@2x.png
  artifactKey: Guid(0247a919add89e04aad63b6657886901) Importer(2089858483,b0f066a214c2f5e87bad3c948f4d605d)
Start importing Packages/com.unity.collab-proxy/Editor/Assets/Images/iconzoomin@2x.png using Guid(0247a919add89e04aad63b6657886901) Importer(2089858483,b0f066a214c2f5e87bad3c948f4d605d) (ScriptedImporter) -> (artifact id: '3bc033294741cd392f7c6bbc71cef4d4') in 0.0125345 seconds
Number of updated asset objects reloaded before import = 0Number of asset objects unloaded after import = 3

========================================================================
Received Import Request.
  Time since last request: 0.000021 seconds.
  path: Packages/com.unity.collab-proxy/Editor/CodeEditor/Editing/SelectionSegment.cs
  artifactKey: Guid(72b0ca78cb7b28b4c966c626e0eebf77) Importer(2089858483,b0f066a214c2f5e87bad3c948f4d605d)
Start importing Packages/com.unity.collab-proxy/Editor/CodeEditor/Editing/SelectionSegment.cs using Guid(72b0ca78cb7b28b4c966c626e0eebf77) Importer(2089858483,b0f066a214c2f5e87bad3c948f4d605d) (ScriptedImporter) -> (artifact id: 'efd2b2e4047d718dbc4ea0794926e4c5') in 0.0062101 seconds
Number of updated asset objects reloaded before import = 0Number of asset objects unloaded after import = 0

========================================================================
Received Import Request.
  Time since last request: 0.000025 seconds.
  path: Packages/com.unity.collab-proxy/Editor/Assets/Styles/SignInWithEmailPanel.uss
  artifactKey: Guid(b37675bc656348c429a6c56b2eda1345) Importer(2089858483,b0f066a214c2f5e87bad3c948f4d605d)
Start importing Packages/com.unity.collab-proxy/Editor/Assets/Styles/SignInWithEmailPanel.uss using Guid(b37675bc656348c429a6c56b2eda1345) Importer(2089858483,b0f066a214c2f5e87bad3c948f4d605d) (ScriptedImporter) -> (artifact id: 'c92373b487141d8b040443df98490eb7') in 0.0101337 seconds
Number of updated asset objects reloaded before import = 0Number of asset objects unloaded after import = 2

========================================================================
Received Import Request.
  Time since last request: 0.000031 seconds.
  path: Packages/com.unity.collab-proxy/Editor/CloudDrive/CreateWorkspace/CollaboratorsListView.cs
  artifactKey: Guid(a8bf7716389c4dfe840c4e747033debc) Importer(2089858483,b0f066a214c2f5e87bad3c948f4d605d)
Start importing Packages/com.unity.collab-proxy/Editor/CloudDrive/CreateWorkspace/CollaboratorsListView.cs using Guid(a8bf7716389c4dfe840c4e747033debc) Importer(2089858483,b0f066a214c2f5e87bad3c948f4d605d) (ScriptedImporter) -> (artifact id: '2be4c787f2333ab10411d5fd7fbd925e') in 0.005415 seconds
Number of updated asset objects reloaded before import = 0Number of asset objects unloaded after import = 0

========================================================================
Received Import Request.
  Time since last request: 0.000020 seconds.
  path: Packages/com.unity.collab-proxy/Editor/Assets/Layouts/TabView.uxml
  artifactKey: Guid(d0a8e201e79e1f441bdf295aef957220) Importer(2089858483,b0f066a214c2f5e87bad3c948f4d605d)
Start importing Packages/com.unity.collab-proxy/Editor/Assets/Layouts/TabView.uxml using Guid(d0a8e201e79e1f441bdf295aef957220) Importer(2089858483,b0f066a214c2f5e87bad3c948f4d605d) (ScriptedImporter) -> (artifact id: '3cab9a2a60c03ad4f0168c1858dbfd83') in 0.0149744 seconds
Number of updated asset objects reloaded before import = 0Number of asset objects unloaded after import = 2

========================================================================
Received Import Request.
  Time since last request: 0.000023 seconds.
  path: Packages/com.unity.collab-proxy/Editor/Assets/Styles/TabView.uss
  artifactKey: Guid(88da5407899aaaf448a40c85888108ae) Importer(2089858483,b0f066a214c2f5e87bad3c948f4d605d)
Start importing Packages/com.unity.collab-proxy/Editor/Assets/Styles/TabView.uss using Guid(88da5407899aaaf448a40c85888108ae) Importer(2089858483,b0f066a214c2f5e87bad3c948f4d605d) (ScriptedImporter) -> (artifact id: 'cc512672a82683f10ea708c812b1377c') in 0.0099357 seconds
Number of updated asset objects reloaded before import = 0Number of asset objects unloaded after import = 2

========================================================================
Received Import Request.
  Time since last request: 0.000032 seconds.
  path: Packages/com.unity.collab-proxy/Editor/CloudDrive/CreateWorkspace/CollaboratorsListViewHeaderState.cs
  artifactKey: Guid(a67a7d0865a447b49e842eac00d70833) Importer(2089858483,b0f066a214c2f5e87bad3c948f4d605d)
Start importing Packages/com.unity.collab-proxy/Editor/CloudDrive/CreateWorkspace/CollaboratorsListViewHeaderState.cs using Guid(a67a7d0865a447b49e842eac00d70833) Importer(2089858483,b0f066a214c2f5e87bad3c948f4d605d) (ScriptedImporter) -> (artifact id: '2616c64a216b0bc1a81ba37cb9244da8') in 0.0063011 seconds
Number of updated asset objects reloaded before import = 0Number of asset objects unloaded after import = 0

========================================================================
Received Import Request.
  Time since last request: 0.000018 seconds.
  path: Packages/com.unity.collab-proxy/Editor/Assets/Images/iconplasticview.png
  artifactKey: Guid(dcb2ee37925b97e438ae244996d81a55) Importer(2089858483,b0f066a214c2f5e87bad3c948f4d605d)
Start importing Packages/com.unity.collab-proxy/Editor/Assets/Images/iconplasticview.png using Guid(dcb2ee37925b97e438ae244996d81a55) Importer(2089858483,b0f066a214c2f5e87bad3c948f4d605d) (ScriptedImporter) -> (artifact id: '96087cb8d885124f103e4f2766ed8ccf') in 0.0129371 seconds
Number of updated asset objects reloaded before import = 0Number of asset objects unloaded after import = 1

========================================================================
Received Import Request.
  Time since last request: 0.000020 seconds.
  path: Packages/com.unity.collab-proxy/Editor/AssetsUtils/Processor/WorkspaceOperationsMonitor.cs
  artifactKey: Guid(fdec637f96aaa6546ad88a90cae5dcf1) Importer(2089858483,b0f066a214c2f5e87bad3c948f4d605d)
Start importing Packages/com.unity.collab-proxy/Editor/AssetsUtils/Processor/WorkspaceOperationsMonitor.cs using Guid(fdec637f96aaa6546ad88a90cae5dcf1) Importer(2089858483,b0f066a214c2f5e87bad3c948f4d605d) (ScriptedImporter) -> (artifact id: 'a01274745e492c4f62817e8a07fe82a9') in 0.0068274 seconds
Number of updated asset objects reloaded before import = 0Number of asset objects unloaded after import = 0

========================================================================
Received Import Request.
  Time since last request: 0.000029 seconds.
  path: Packages/com.unity.collab-proxy/Editor/Assets/Images/iconplasticview@2x.png
  artifactKey: Guid(97a4e2b6ae08b1140a5ba9e22953e029) Importer(2089858483,b0f066a214c2f5e87bad3c948f4d605d)
Start importing Packages/com.unity.collab-proxy/Editor/Assets/Images/iconplasticview@2x.png using Guid(97a4e2b6ae08b1140a5ba9e22953e029) Importer(2089858483,b0f066a214c2f5e87bad3c948f4d605d) (ScriptedImporter) -> (artifact id: 'cff5f2d263fdd6b3370c4f1f1bfea1dd') in 0.0115788 seconds
Number of updated asset objects reloaded before import = 0Number of asset objects unloaded after import = 1

========================================================================
Received Import Request.
  Time since last request: 0.000015 seconds.
  path: Packages/com.unity.collab-proxy/Editor/CodeEditor/Document/OffsetChangeMap.cs
  artifactKey: Guid(c75b18825b89d4e2485182ab4ea5ddda) Importer(2089858483,b0f066a214c2f5e87bad3c948f4d605d)
Start importing Packages/com.unity.collab-proxy/Editor/CodeEditor/Document/OffsetChangeMap.cs using Guid(c75b18825b89d4e2485182ab4ea5ddda) Importer(2089858483,b0f066a214c2f5e87bad3c948f4d605d) (ScriptedImporter) -> (artifact id: '75a454dd0f9f10571cd6a07b943421e7') in 0.0056442 seconds
Number of updated asset objects reloaded before import = 0Number of asset objects unloaded after import = 0

========================================================================
Received Import Request.
  Time since last request: 0.000022 seconds.
  path: Packages/com.unity.collab-proxy/Editor/CloudDrive/CreateWorkspace/CreateWorkspaceDialog.cs
  artifactKey: Guid(179af60903151564bb6b3157bce93991) Importer(2089858483,b0f066a214c2f5e87bad3c948f4d605d)
Start importing Packages/com.unity.collab-proxy/Editor/CloudDrive/CreateWorkspace/CreateWorkspaceDialog.cs using Guid(179af60903151564bb6b3157bce93991) Importer(2089858483,b0f066a214c2f5e87bad3c948f4d605d) (ScriptedImporter) -> (artifact id: '4a91d0d6a32554160f4b38eace472981') in 0.0067257 seconds
Number of updated asset objects reloaded before import = 0Number of asset objects unloaded after import = 0

========================================================================
Received Import Request.
  Time since last request: 0.000029 seconds.
  path: Packages/com.unity.collab-proxy/Editor/CodeEditor/Editing/Selection.cs
  artifactKey: Guid(7289f88fb8294b549b7bc6d75d95d475) Importer(2089858483,b0f066a214c2f5e87bad3c948f4d605d)
Start importing Packages/com.unity.collab-proxy/Editor/CodeEditor/Editing/Selection.cs using Guid(7289f88fb8294b549b7bc6d75d95d475) Importer(2089858483,b0f066a214c2f5e87bad3c948f4d605d) (ScriptedImporter) -> (artifact id: '27fb948913f96b40ab6bd0ff2b4e9cb4') in 0.0064678 seconds
Number of updated asset objects reloaded before import = 0Number of asset objects unloaded after import = 0

========================================================================
Received Import Request.
  Time since last request: 0.000018 seconds.
  path: Packages/com.unity.collab-proxy/Editor/Assets/Images/step2.png
  artifactKey: Guid(cd0b17b71a5c498428ee91dee8a78a88) Importer(2089858483,b0f066a214c2f5e87bad3c948f4d605d)
Start importing Packages/com.unity.collab-proxy/Editor/Assets/Images/step2.png using Guid(cd0b17b71a5c498428ee91dee8a78a88) Importer(2089858483,b0f066a214c2f5e87bad3c948f4d605d) (ScriptedImporter) -> (artifact id: '4282c06580856c45a8f60155acf1ff9d') in 0.0120865 seconds
Number of updated asset objects reloaded before import = 0Number of asset objects unloaded after import = 1

========================================================================
Received Import Request.
  Time since last request: 0.000036 seconds.
  path: Packages/com.unity.collab-proxy/Editor/Assets/Images/loading.png
  artifactKey: Guid(c6b1bcaa3f4767141acd747384dbb276) Importer(2089858483,b0f066a214c2f5e87bad3c948f4d605d)
Start importing Packages/com.unity.collab-proxy/Editor/Assets/Images/loading.png using Guid(c6b1bcaa3f4767141acd747384dbb276) Importer(2089858483,b0f066a214c2f5e87bad3c948f4d605d) (ScriptedImporter) -> (artifact id: '9bf6aa28a83f1bdd89efdd5b7cb1fea9') in 0.0116678 seconds
Number of updated asset objects reloaded before import = 0Number of asset objects unloaded after import = 1

========================================================================
Received Import Request.
  Time since last request: 0.000032 seconds.
  path: Packages/com.unity.collab-proxy/Editor/Assets/Images/inclusionrule.png
  artifactKey: Guid(63387a17b866347b390227e10a2b1f2e) Importer(2089858483,b0f066a214c2f5e87bad3c948f4d605d)
Start importing Packages/com.unity.collab-proxy/Editor/Assets/Images/inclusionrule.png using Guid(63387a17b866347b390227e10a2b1f2e) Importer(2089858483,b0f066a214c2f5e87bad3c948f4d605d) (ScriptedImporter) -> (artifact id: 'e09c68ac2dfe94ecdb45e8ed5e69ba06') in 0.0132096 seconds
Number of updated asset objects reloaded before import = 0Number of asset objects unloaded after import = 3

========================================================================
Received Import Request.
  Time since last request: 0.000023 seconds.
  path: Packages/com.unity.collab-proxy/Editor/Assets/Images/iconundo.png
  artifactKey: Guid(98773313eabe35543bfdbf542ccea271) Importer(2089858483,b0f066a214c2f5e87bad3c948f4d605d)
Start importing Packages/com.unity.collab-proxy/Editor/Assets/Images/iconundo.png using Guid(98773313eabe35543bfdbf542ccea271) Importer(2089858483,b0f066a214c2f5e87bad3c948f4d605d) (ScriptedImporter) -> (artifact id: '06b79d0385bf1a221eb516b425ed14c6') in 0.0133395 seconds
Number of updated asset objects reloaded before import = 0Number of asset objects unloaded after import = 1

========================================================================
Received Import Request.
  Time since last request: 0.000029 seconds.
  path: Packages/com.unity.collab-proxy/Editor/Assets/Styles/ProgressControlsForDialogs.uss
  artifactKey: Guid(e05b9be8556f5ae41aa78140b83146d5) Importer(2089858483,b0f066a214c2f5e87bad3c948f4d605d)
Start importing Packages/com.unity.collab-proxy/Editor/Assets/Styles/ProgressControlsForDialogs.uss using Guid(e05b9be8556f5ae41aa78140b83146d5) Importer(2089858483,b0f066a214c2f5e87bad3c948f4d605d) (ScriptedImporter) -> (artifact id: 'c382529d3c13034fc9f4f90b68037e6d') in 0.0101239 seconds
Number of updated asset objects reloaded before import = 0Number of asset objects unloaded after import = 2

========================================================================
Received Import Request.
  Time since last request: 0.000043 seconds.
  path: Packages/com.unity.collab-proxy/Editor/CloudDrive/CreateWorkspace/CollaboratorsListViewItem.cs
  artifactKey: Guid(a287a16eb8f0400e86cec102678ab7a5) Importer(2089858483,b0f066a214c2f5e87bad3c948f4d605d)
Start importing Packages/com.unity.collab-proxy/Editor/CloudDrive/CreateWorkspace/CollaboratorsListViewItem.cs using Guid(a287a16eb8f0400e86cec102678ab7a5) Importer(2089858483,b0f066a214c2f5e87bad3c948f4d605d) (ScriptedImporter) -> (artifact id: '74240ca56b007f70cfd1f3ae81c59016') in 0.0088966 seconds
Number of updated asset objects reloaded before import = 0Number of asset objects unloaded after import = 0

========================================================================
Received Import Request.
  Time since last request: 0.000022 seconds.
  path: Packages/com.unity.collab-proxy/Editor/Assets/Images/iconzoomout.png
  artifactKey: Guid(0727168a534af3641a8e744834225825) Importer(2089858483,b0f066a214c2f5e87bad3c948f4d605d)
Start importing Packages/com.unity.collab-proxy/Editor/Assets/Images/iconzoomout.png using Guid(0727168a534af3641a8e744834225825) Importer(2089858483,b0f066a214c2f5e87bad3c948f4d605d) (ScriptedImporter) -> (artifact id: '81e445ae55c6b3a678ca331cf085a983') in 0.0142242 seconds
Number of updated asset objects reloaded before import = 0Number of asset objects unloaded after import = 3

========================================================================
Received Import Request.
  Time since last request: 0.000027 seconds.
  path: Packages/com.unity.collab-proxy/Editor/Developer/UpdateReport/UpdateReportListHeaderState.cs
  artifactKey: Guid(5b37b989e50b35043bba89d7d660e31e) Importer(2089858483,b0f066a214c2f5e87bad3c948f4d605d)
Start importing Packages/com.unity.collab-proxy/Editor/Developer/UpdateReport/UpdateReportListHeaderState.cs using Guid(5b37b989e50b35043bba89d7d660e31e) Importer(2089858483,b0f066a214c2f5e87bad3c948f4d605d) (ScriptedImporter) -> (artifact id: 'b78ad3097b632daa3cc2ef34320c0e87') in 0.0086582 seconds
Number of updated asset objects reloaded before import = 0Number of asset objects unloaded after import = 0

========================================================================
Received Import Request.
  Time since last request: 0.000158 seconds.
  path: Packages/com.unity.collab-proxy/Editor/CodeEditor/Utils/PropertyChangedWeakEventManager.cs
  artifactKey: Guid(8e419520e9d6e49c8bae5052896fe460) Importer(2089858483,b0f066a214c2f5e87bad3c948f4d605d)
Start importing Packages/com.unity.collab-proxy/Editor/CodeEditor/Utils/PropertyChangedWeakEventManager.cs using Guid(8e419520e9d6e49c8bae5052896fe460) Importer(2089858483,b0f066a214c2f5e87bad3c948f4d605d) (ScriptedImporter) -> (artifact id: 'eee6674a0b7512086ee86c94ed163cb1') in 0.0066073 seconds
Number of updated asset objects reloaded before import = 0Number of asset objects unloaded after import = 0

========================================================================
Received Import Request.
  Time since last request: 0.000029 seconds.
  path: Packages/com.unity.collab-proxy/Editor/CodeEditor/Rendering/VisualLineTextSource.cs
  artifactKey: Guid(42f48d12e7fc440891c9b505fcebe808) Importer(2089858483,b0f066a214c2f5e87bad3c948f4d605d)
Start importing Packages/com.unity.collab-proxy/Editor/CodeEditor/Rendering/VisualLineTextSource.cs using Guid(42f48d12e7fc440891c9b505fcebe808) Importer(2089858483,b0f066a214c2f5e87bad3c948f4d605d) (ScriptedImporter) -> (artifact id: 'a52c4a22bbbe26e646ad8f7267e17348') in 0.0081188 seconds
Number of updated asset objects reloaded before import = 0Number of asset objects unloaded after import = 0

========================================================================
Received Import Request.
  Time since last request: 0.000025 seconds.
  path: Packages/com.unity.collab-proxy/Editor/CodeEditor/Editing/TextSegmentReadOnlySectionProvider.cs
  artifactKey: Guid(c70164c20e48fc7478fd88c1613ac05a) Importer(2089858483,b0f066a214c2f5e87bad3c948f4d605d)
Start importing Packages/com.unity.collab-proxy/Editor/CodeEditor/Editing/TextSegmentReadOnlySectionProvider.cs using Guid(c70164c20e48fc7478fd88c1613ac05a) Importer(2089858483,b0f066a214c2f5e87bad3c948f4d605d) (ScriptedImporter) -> (artifact id: '02ac76c8f6b4cd29d6e66018df5b09ec') in 0.006281 seconds
Number of updated asset objects reloaded before import = 0Number of asset objects unloaded after import = 0

========================================================================
Received Import Request.
  Time since last request: 0.000032 seconds.
  path: Packages/com.unity.collab-proxy/Editor/CodeEditor/Utils/IServiceContainer.cs
  artifactKey: Guid(5d04019d947ff4be294c29c0faebb79f) Importer(2089858483,b0f066a214c2f5e87bad3c948f4d605d)
Start importing Packages/com.unity.collab-proxy/Editor/CodeEditor/Utils/IServiceContainer.cs using Guid(5d04019d947ff4be294c29c0faebb79f) Importer(2089858483,b0f066a214c2f5e87bad3c948f4d605d) (ScriptedImporter) -> (artifact id: '3a558c44a46ff7a3ecf83c563c212745') in 0.0068594 seconds
Number of updated asset objects reloaded before import = 0Number of asset objects unloaded after import = 0

========================================================================
Received Import Request.
  Time since last request: 0.000023 seconds.
  path: Packages/com.unity.collab-proxy/Editor/CodeEditor/Editing/TextArea.cs
  artifactKey: Guid(76f83e4befc84169b2dab9ee2cc3545f) Importer(2089858483,b0f066a214c2f5e87bad3c948f4d605d)
Start importing Packages/com.unity.collab-proxy/Editor/CodeEditor/Editing/TextArea.cs using Guid(76f83e4befc84169b2dab9ee2cc3545f) Importer(2089858483,b0f066a214c2f5e87bad3c948f4d605d) (ScriptedImporter) -> (artifact id: 'da67a36023815498740f160a597a77a2') in 0.0059509 seconds
Number of updated asset objects reloaded before import = 0Number of asset objects unloaded after import = 0

========================================================================
Received Prepare
Refreshing native plugins compatible for Editor in 10.13 ms, found 5 plugins.
Preloading 0 native plugins for Editor in 0.00 ms.
Unloading 16 Unused Serialized files (Serialized files now loaded: 0)
Unloading 7192 unused Assets / (4.7 MB). Loaded Objects now: 8022.
Memory consumption went from 162.1 MB to 157.4 MB.
Total: 19.803900 ms (FindLiveObjects: 1.134900 ms CreateObjectMapping: 1.602100 ms MarkObjects: 13.774700 ms  DeleteObjects: 3.290800 ms)

Prepare: number of updated asset objects reloaded= 0
========================================================================
Received Import Request.
  Time since last request: 2.187666 seconds.
  path: Packages/com.unity.collab-proxy/Editor/Diff/Asset/AssetDiffControl.cs
  artifactKey: Guid(83ac42cfcef844f98fd021a805db6392) Importer(2089858483,b0f066a214c2f5e87bad3c948f4d605d)
Start importing Packages/com.unity.collab-proxy/Editor/Diff/Asset/AssetDiffControl.cs using Guid(83ac42cfcef844f98fd021a805db6392) Importer(2089858483,b0f066a214c2f5e87bad3c948f4d605d) (ScriptedImporter) -> (artifact id: '449cb28a42afd55bb6607344e84302a5') in 0.0136292 seconds
Number of updated asset objects reloaded before import = 0Number of asset objects unloaded after import = 0

========================================================================
Received Import Request.
  Time since last request: 0.000026 seconds.
  path: Packages/com.unity.collab-proxy/Editor/UI/Avatar/AvatarGenerator.cs
  artifactKey: Guid(81c4345dea952454584016b0ced862df) Importer(2089858483,b0f066a214c2f5e87bad3c948f4d605d)
Start importing Packages/com.unity.collab-proxy/Editor/UI/Avatar/AvatarGenerator.cs using Guid(81c4345dea952454584016b0ced862df) Importer(2089858483,b0f066a214c2f5e87bad3c948f4d605d) (ScriptedImporter) -> (artifact id: '69004b0007ae5159258e2287e8368fa4') in 0.0072404 seconds
Number of updated asset objects reloaded before import = 0Number of asset objects unloaded after import = 0

========================================================================
Received Import Request.
  Time since last request: 0.000044 seconds.
  path: Packages/com.unity.collab-proxy/Editor/UI/Avatar/AvatarImages.cs
  artifactKey: Guid(43c380b3a07cbf449a54619bb50096b1) Importer(2089858483,b0f066a214c2f5e87bad3c948f4d605d)
Start importing Packages/com.unity.collab-proxy/Editor/UI/Avatar/AvatarImages.cs using Guid(43c380b3a07cbf449a54619bb50096b1) Importer(2089858483,b0f066a214c2f5e87bad3c948f4d605d) (ScriptedImporter) -> (artifact id: 'a079d0f492d1cb12233220a500b03535') in 0.0086623 seconds
Number of updated asset objects reloaded before import = 0Number of asset objects unloaded after import = 0

========================================================================
Received Import Request.
  Time since last request: 0.000031 seconds.
  path: Packages/com.unity.collab-proxy/Editor/Diff/Text/DiffControl.cs
  artifactKey: Guid(c7b330f4dd3b4e53a44bde385af89aed) Importer(2089858483,b0f066a214c2f5e87bad3c948f4d605d)
Start importing Packages/com.unity.collab-proxy/Editor/Diff/Text/DiffControl.cs using Guid(c7b330f4dd3b4e53a44bde385af89aed) Importer(2089858483,b0f066a214c2f5e87bad3c948f4d605d) (ScriptedImporter) -> (artifact id: 'e14b3957dfb2ed480b38473bfcf4647d') in 0.0081377 seconds
Number of updated asset objects reloaded before import = 0Number of asset objects unloaded after import = 0

========================================================================
Received Import Request.
  Time since last request: 0.000032 seconds.
  path: Packages/com.unity.collab-proxy/Editor/UI/Avatar/GetAvatar.cs
  artifactKey: Guid(0afb4c6d979970647841ee14a55b8d25) Importer(2089858483,b0f066a214c2f5e87bad3c948f4d605d)
Start importing Packages/com.unity.collab-proxy/Editor/UI/Avatar/GetAvatar.cs using Guid(0afb4c6d979970647841ee14a55b8d25) Importer(2089858483,b0f066a214c2f5e87bad3c948f4d605d) (ScriptedImporter) -> (artifact id: '01344c122b44e1a5b362039ba9748e89') in 0.0075717 seconds
Number of updated asset objects reloaded before import = 0Number of asset objects unloaded after import = 0

========================================================================
Received Import Request.
  Time since last request: 0.000053 seconds.
  path: Packages/com.unity.collab-proxy/Editor/Diff/Text/ContentControl.cs
  artifactKey: Guid(2c80adc488044eddbad72e2e92f8bba2) Importer(2089858483,b0f066a214c2f5e87bad3c948f4d605d)
Start importing Packages/com.unity.collab-proxy/Editor/Diff/Text/ContentControl.cs using Guid(2c80adc488044eddbad72e2e92f8bba2) Importer(2089858483,b0f066a214c2f5e87bad3c948f4d605d) (ScriptedImporter) -> (artifact id: 'f135037990576ccbfc7e20cc5a91efca') in 0.0104537 seconds
Number of updated asset objects reloaded before import = 0Number of asset objects unloaded after import = 0

========================================================================
Received Import Request.
  Time since last request: 0.000744 seconds.
  path: Packages/com.unity.collab-proxy/Editor/Diff/Purged/PurgedRevisionControl.cs
  artifactKey: Guid(41e102f2e5fa4b40b4ed138a4ca27a14) Importer(2089858483,b0f066a214c2f5e87bad3c948f4d605d)
Start importing Packages/com.unity.collab-proxy/Editor/Diff/Purged/PurgedRevisionControl.cs using Guid(41e102f2e5fa4b40b4ed138a4ca27a14) Importer(2089858483,b0f066a214c2f5e87bad3c948f4d605d) (ScriptedImporter) -> (artifact id: '4500c1a14f38559c3f316ce1a62dd5fb') in 0.0125996 seconds
Number of updated asset objects reloaded before import = 0Number of asset objects unloaded after import = 0

========================================================================
Received Import Request.
  Time since last request: 9.959047 seconds.
  path: Packages/com.unity.collab-proxy/Editor/Assets/Images/d_stepok.png
  artifactKey: Guid(be423a54b981d38428de82ad12534629) Importer(2089858483,b0f066a214c2f5e87bad3c948f4d605d)
Start importing Packages/com.unity.collab-proxy/Editor/Assets/Images/d_stepok.png using Guid(be423a54b981d38428de82ad12534629) Importer(2089858483,b0f066a214c2f5e87bad3c948f4d605d) (ScriptedImporter) -> (artifact id: 'bfcd60d8c9976bebbe8abfc73f4261d6') in 0.0109017 seconds
Number of updated asset objects reloaded before import = 0Number of asset objects unloaded after import = 1

========================================================================
Received Import Request.
  Time since last request: 0.000021 seconds.
  path: Packages/com.unity.collab-proxy/Editor/UI/Errors/ErrorsPanel.cs
  artifactKey: Guid(79a84f5f92624d57ae40a84a53bd9d24) Importer(2089858483,b0f066a214c2f5e87bad3c948f4d605d)
Start importing Packages/com.unity.collab-proxy/Editor/UI/Errors/ErrorsPanel.cs using Guid(79a84f5f92624d57ae40a84a53bd9d24) Importer(2089858483,b0f066a214c2f5e87bad3c948f4d605d) (ScriptedImporter) -> (artifact id: 'd179371da9ff6a0e99353ebdb8a85fb2') in 0.0069194 seconds
Number of updated asset objects reloaded before import = 0Number of asset objects unloaded after import = 0

========================================================================
Received Import Request.
  Time since last request: 0.000019 seconds.
  path: Packages/com.unity.collab-proxy/Editor/CodeEditor/Rendering/SimpleTextSource.cs
  artifactKey: Guid(3d90656409b04b918d9e0abfefbc39df) Importer(2089858483,b0f066a214c2f5e87bad3c948f4d605d)
Start importing Packages/com.unity.collab-proxy/Editor/CodeEditor/Rendering/SimpleTextSource.cs using Guid(3d90656409b04b918d9e0abfefbc39df) Importer(2089858483,b0f066a214c2f5e87bad3c948f4d605d) (ScriptedImporter) -> (artifact id: '49a082a4f2cc28e23c55f2b3106f81b0') in 0.0107465 seconds
Number of updated asset objects reloaded before import = 0Number of asset objects unloaded after import = 0

========================================================================
Received Import Request.
  Time since last request: 0.000167 seconds.
  path: Packages/com.unity.collab-proxy/Editor/CodeEditor/Rendering/VisualLinesInvalidException.cs
  artifactKey: Guid(17983278f10d4455a8b77556019ab3b1) Importer(2089858483,b0f066a214c2f5e87bad3c948f4d605d)
Start importing Packages/com.unity.collab-proxy/Editor/CodeEditor/Rendering/VisualLinesInvalidException.cs using Guid(17983278f10d4455a8b77556019ab3b1) Importer(2089858483,b0f066a214c2f5e87bad3c948f4d605d) (ScriptedImporter) -> (artifact id: 'a6da44ab5380fdac79878148d290fa71') in 0.0121302 seconds
Number of updated asset objects reloaded before import = 0Number of asset objects unloaded after import = 0

========================================================================
Received Prepare
Begin MonoManager ReloadAssembly
- Loaded All Assemblies, in  4.039 seconds
Refreshing native plugins compatible for Editor in 6.92 ms, found 5 plugins.
Native extension for Android target not found
Native extension for WindowsStandalone target not found
Native extension for WebGL target not found
[Package Manager] Failed to launch server process. Reason: Unity was launched with the -noUpm command-line argument
[Package Manager] Unable to send message (not connected to server process).
[Package Manager] Cannot connect to Unity Package Manager local server
[Package Manager] Failed to launch server process. Reason: Unity was launched with the -noUpm command-line argument
[Package Manager] Unable to send message (not connected to server process).
[Package Manager] Cannot connect to Unity Package Manager local server
ScheduleIndexationOnStartup MainProcess:False IndexOnStartup:True
Mono: successfully reloaded assembly
- Finished resetting the current domain, in  1.390 seconds
Domain Reload Profiling: 5417ms
	BeginReloadAssembly (2742ms)
		ExecutionOrderSort (0ms)
		DisableScriptedObjects (243ms)
		BackupInstance (0ms)
		ReleaseScriptingObjects (0ms)
		CreateAndSetChildDomain (1037ms)
	RebuildCommonClasses (79ms)
	RebuildNativeTypeToScriptingClass (29ms)
	initialDomainReloadingComplete (70ms)
	LoadAllAssembliesAndSetupDomain (1106ms)
		LoadAssemblies (1532ms)
		RebuildTransferFunctionScriptingTraits (0ms)
		AnalyzeDomain (464ms)
			TypeCache.Refresh (21ms)
				TypeCache.ScanAssembly (1ms)
			BuildScriptInfoCaches (421ms)
			ResolveRequiredComponents (14ms)
	FinalizeReload (1390ms)
		ReleaseScriptCaches (0ms)
		RebuildScriptCaches (0ms)
		SetupLoadedEditorAssemblies (1083ms)
			LogAssemblyErrors (0ms)
			InitializePlatformSupportModulesInManaged (17ms)
			SetLoadedEditorAssemblies (7ms)
			BeforeProcessingInitializeOnLoad (280ms)
			ProcessInitializeOnLoadAttributes (623ms)
			ProcessInitializeOnLoadMethodAttributes (137ms)
			AfterProcessingInitializeOnLoad (18ms)
			EditorAssembliesLoaded (1ms)
		ExecutionOrderSort2 (0ms)
		AwakeInstancesAfterBackupRestoration (38ms)
Refreshing native plugins compatible for Editor in 7.64 ms, found 5 plugins.
Preloading 0 native plugins for Editor in 0.00 ms.
Unloading 16 Unused Serialized files (Serialized files now loaded: 0)
Unloading 7206 unused Assets / (4.3 MB). Loaded Objects now: 8026.
Memory consumption went from 164.6 MB to 160.3 MB.
Total: 13.210800 ms (FindLiveObjects: 1.003200 ms CreateObjectMapping: 1.322700 ms MarkObjects: 7.099200 ms  DeleteObjects: 3.783500 ms)

Prepare: number of updated asset objects reloaded= 0
Editor requested this worker to shutdown with reason: Scaling down because of idle timeout
AssetImportWorker is now disconnected from the server
Process exiting
Exiting without the bug reporter. Application will terminate with return code 0