[Licensing::Module] Trying to connect to existing licensing client channel...
Built from '6000.3/staging' branch; Version is '6000.3.21f1 (c02631ffc030) revision 12592689'; Using compiler version '194234433'; Build Type 'Release'
[Licensing::IpcConnector] Successfully connected to: "LicenseClient-p010519p" at "2026-10-05T13:43:05.8642135Z"
OS: 'Windows 11  (10.0.26200) Enterprise' Language: 'en' Physical Memory: 32541 MB
BatchMode: 1, IsHumanControllingUs: 0, StartBugReporterOnCrash: 0, Is64bit: 1
System  architecture: x64
Process architecture: x64
Date: 2026-10-05T13:43:05Z
[Licensing::Client] Code 10 while verifying Licensing Client signature (process Id: 9356, path: "C:/Program Files/Unity/Hub/Editor/6000.3.21f1/Editor/Data/Resources/Licensing/Client/Unity.Licensing.Client.exe")
[Licensing::Module] LicensingClient has failed validation; ignoring
[Licensing::Client] Handshaking with LicensingClient:
  Version:                 1.18.1+9fbee8e
  Session Id:              60b7c74a7e4b430890060c84d2d42158
  Correlation Id:          f8fa47032f5c0d7816c68b3b019e660e
  External correlation Id: 3969803423959158766
  Machine Id:              /KKJOisi+73vBvm3brMS6//YTNY=
[Licensing::Module] Successfully connected to LicensingClient on channel: "LicenseClient-p010519p" (connect: 0.00s, validation: 0.01s, handshake: 0.14s)
[Licensing::IpcConnector] Successfully connected to: "LicenseClient-p010519p-notifications" at "2026-10-05T13:43:06.0128173Z"
[Licensing::Module] Licensing Background thread has ended after 0.15s

COMMAND LINE ARGUMENTS:
C:\Program Files\Unity\Hub\Editor\6000.3.21f1\Editor\Unity.exe
-adb2
-batchMode
-noUpm
-name
AssetImportWorker5
-projectPath
C:/Users/p010519p/Documents/GitHub/INTRODUCTION-TO-MECHANICS-DESIGN/IMDFramework26-27/IMDFramework26-27
-logFile
Logs/AssetImportWorker5.log
-srvPort
53373
-parentPid
2964
-analyticsCloudUserId
anonymous
-analyticsLocalProjectId
033ed0957c3021744bf43070b6df6ed8
-editorAnalyticsEnabled
1
-cbmEditorLicense
714d2dff40e6d49f7c9da248b896ac5a71c7ab3b
-cbmMachineId
/KKJOisi+73vBvm3brMS6//YTNY=
-job-worker-count
5
-background-job-worker-count
8
-gc-helper-count
1
-name
AssetImport
Successfully changed project path to: C:/Users/p010519p/Documents/GitHub/INTRODUCTION-TO-MECHANICS-DESIGN/IMDFramework26-27/IMDFramework26-27
C:/Users/p010519p/Documents/GitHub/INTRODUCTION-TO-MECHANICS-DESIGN/IMDFramework26-27/IMDFramework26-27
[UnityMemory] Configuration Parameters - Can be set up in boot.config
    "memorysetup-temp-allocator-size-nav-mesh-worker=65536"
    "memorysetup-temp-allocator-size-audio-worker=65536"
    "memorysetup-temp-allocator-size-gfx=262144"
    "memorysetup-allocator-temp-initial-block-size-main=262144"
    "memorysetup-allocator-temp-initial-block-size-worker=262144"
    "memorysetup-temp-allocator-size-background-worker=32768"
    "memorysetup-temp-allocator-size-job-worker=262144"
    "memorysetup-temp-allocator-size-preload-manager=33554432"
    "memorysetup-temp-allocator-size-gi-baking-worker=262144"
    "memorysetup-temp-allocator-size-gi-baking-worker=262144"
    "memorysetup-temp-allocator-size-gi-baking-worker=262144"
    "memorysetup-temp-allocator-size-gi-baking-worker=262144"
    "memorysetup-temp-allocator-size-gi-baking-worker=262144"
    "memorysetup-bucket-allocator-granularity=16"
    "memorysetup-bucket-allocator-bucket-count=8"
    "memorysetup-bucket-allocator-block-size=33554432"
    "memorysetup-bucket-allocator-block-count=8"
    "memorysetup-main-allocator-block-size=16777216"
    "memorysetup-thread-allocator-block-size=16777216"
    "memorysetup-gfx-main-allocator-block-size=16777216"
    "memorysetup-gfx-thread-allocator-block-size=16777216"
    "memorysetup-cache-allocator-block-size=4194304"
    "memorysetup-typetree-allocator-block-size=2097152"
    "memorysetup-profiler-bucket-allocator-granularity=16"
    "memorysetup-profiler-bucket-allocator-bucket-count=8"
    "memorysetup-profiler-bucket-allocator-block-size=33554432"
    "memorysetup-profiler-bucket-allocator-block-count=8"
    "memorysetup-profiler-allocator-block-size=16777216"
    "memorysetup-profiler-editor-allocator-block-size=1048576"
    "memorysetup-temp-allocator-size-main=16777216"
    "memorysetup-job-temp-allocator-block-size=2097152"
    "memorysetup-job-temp-allocator-block-size-background=1048576"
    "memorysetup-job-temp-allocator-reduction-small-platforms=262144"
    "memorysetup-temp-allocator-size-cloud-worker=32768"
Player connection [4208]  Target information:

Player connection [4208]  * "[IP] 10.176.110.148 [Port] 0 [Flags] 2 [Guid] 675054743 [EditorId] 675054743 [Version] 1048832 [Id] WindowsEditor(7,SUL-LAB2-29) [Debug] 1 [PackageName] WindowsEditor [ProjectName] Editor" 

Player connection [4208]  * "[IP] 192.168.220.1 [Port] 0 [Flags] 2 [Guid] 675054743 [EditorId] 675054743 [Version] 1048832 [Id] WindowsEditor(7,SUL-LAB2-29) [Debug] 1 [PackageName] WindowsEditor [ProjectName] Editor" 

Player connection [4208]  * "[IP] 192.168.94.1 [Port] 0 [Flags] 2 [Guid] 675054743 [EditorId] 675054743 [Version] 1048832 [Id] WindowsEditor(7,SUL-LAB2-29) [Debug] 1 [PackageName] WindowsEditor [ProjectName] Editor" 

Player connection [4208] Host joined multi-casting on [225.0.0.222:54997]...
Player connection [4208] Host joined alternative multi-casting on [225.0.0.222:34997]...
JobSystem: Creating JobQueue using job-worker-count value 5
Input System module state changed to: Initialized.
[Physics::Module] Initialized fallback backend.
[Physics::Module] Id: 0xdecafbad
Library Redirect Path: Library/
[Physics::Module] Selected backend.
[Physics::Module] Name: PhysX
[Physics::Module] Id: 0xf2b8ea05
[Physics::Module] SDK Version: 4.1.2
[Physics::Module] Integration Version: 1.0.0
[Physics::Module] Threading Mode: Multi-Threaded
Refreshing native plugins compatible for Editor in 12.46 ms, found 5 plugins.
Preloading 0 native plugins for Editor in 0.00 ms.
Initialize engine version: 6000.3.21f1 (c02631ffc030)
[Subsystems] Discovering subsystems at path C:/Program Files/Unity/Hub/Editor/6000.3.21f1/Editor/Data/Resources/UnitySubsystems
[Subsystems] Discovering subsystems at path C:/Users/p010519p/Documents/GitHub/INTRODUCTION-TO-MECHANICS-DESIGN/IMDFramework26-27/IMDFramework26-27/Assets
GfxDevice: creating device client; kGfxThreadingModeNonThreaded
Direct3D:
    Version:  Direct3D 11.0 [level 11.1]
    Renderer: NVIDIA GeForce RTX 2080 (ID=0x1e82)
    Vendor:   NVIDIA
    VRAM:     7989 MB
    Driver:   32.0.16.1062
Initialize mono
Mono path[0] = 'C:/Program Files/Unity/Hub/Editor/6000.3.21f1/Editor/Data/Managed'
Mono path[1] = 'C:/Program Files/Unity/Hub/Editor/6000.3.21f1/Editor/Data/MonoBleedingEdge/lib/mono/unityjit-win32'
Mono config path = 'C:/Program Files/Unity/Hub/Editor/6000.3.21f1/Editor/Data/MonoBleedingEdge/etc'
Using monoOptions --debugger-agent=transport=dt_socket,embedding=1,server=y,suspend=n,address=127.0.0.1:56556
Begin MonoManager ReloadAssembly
Registering precompiled unity dll's ...
Register platform support module: C:/Program Files/Unity/Hub/Editor/6000.3.21f1/Editor/Data/PlaybackEngines/WebGLSupport/UnityEditor.WebGL.Extensions.dll
Register platform support module: C:/Program Files/Unity/Hub/Editor/6000.3.21f1/Editor/Data/PlaybackEngines/WindowsStandaloneSupport/UnityEditor.WindowsStandalone.Extensions.dll
[Licensing::Client] Successfully resolved entitlement details
[Licensing::Module] License group:
  Id: E4-JQBU-WZDU-ZF6E-5KZB-XXXX
  Product: Unity Education
  Type: ULF
  Expiration: 2027-09-25T10:54:10Z
Register platform support module: C:/Program Files/Unity/Hub/Editor/6000.3.21f1/Editor/Data/PlaybackEngines/AndroidPlayer/UnityEditor.Android.Extensions.dll
Registered in 0.008632 seconds.
- Loaded All Assemblies, in  0.566 seconds
Native extension for Android target not found
Native extension for WindowsStandalone target not found
Native extension for WebGL target not found
Package Manager log level set to [2]
[Package Manager] Failed to launch server process. Reason: Unity was launched with the -noUpm command-line argument
[Package Manager] Unable to send message (not connected to server process).
[Package Manager] Cannot connect to Unity Package Manager local server
ScheduleIndexationOnStartup MainProcess:False IndexOnStartup:True
Mono: successfully reloaded assembly
- Finished resetting the current domain, in  0.521 seconds
Domain Reload Profiling: 1080ms
	BeginReloadAssembly (176ms)
		ExecutionOrderSort (0ms)
		DisableScriptedObjects (0ms)
		BackupInstance (0ms)
		ReleaseScriptingObjects (0ms)
		CreateAndSetChildDomain (1ms)
	RebuildCommonClasses (45ms)
	RebuildNativeTypeToScriptingClass (18ms)
	initialDomainReloadingComplete (70ms)
	LoadAllAssembliesAndSetupDomain (250ms)
		LoadAssemblies (171ms)
		RebuildTransferFunctionScriptingTraits (0ms)
		AnalyzeDomain (244ms)
			TypeCache.Refresh (242ms)
				TypeCache.ScanAssembly (226ms)
			BuildScriptInfoCaches (0ms)
			ResolveRequiredComponents (0ms)
	FinalizeReload (521ms)
		ReleaseScriptCaches (0ms)
		RebuildScriptCaches (0ms)
		SetupLoadedEditorAssemblies (462ms)
			LogAssemblyErrors (0ms)
			InitializePlatformSupportModulesInManaged (75ms)
			SetLoadedEditorAssemblies (5ms)
			BeforeProcessingInitializeOnLoad (111ms)
			ProcessInitializeOnLoadAttributes (176ms)
			ProcessInitializeOnLoadMethodAttributes (95ms)
			AfterProcessingInitializeOnLoad (0ms)
			EditorAssembliesLoaded (0ms)
		ExecutionOrderSort2 (0ms)
		AwakeInstancesAfterBackupRestoration (0ms)
[Licensing::Client] Successfully resolved entitlement details
========================================================================
Worker process is ready to serve import requests
Import Worker Mode flag is 0x00
Begin MonoManager ReloadAssembly
- Loaded All Assemblies, in  1.228 seconds
Refreshing native plugins compatible for Editor in 5.62 ms, found 5 plugins.
Native extension for Android target not found
Native extension for WindowsStandalone target not found
Native extension for WebGL target not found
[Package Manager] Failed to launch server process. Reason: Unity was launched with the -noUpm command-line argument
[Package Manager] Unable to send message (not connected to server process).
[Package Manager] Cannot connect to Unity Package Manager local server
Refreshing native plugins compatible for Editor in 8.76 ms, found 5 plugins.
[Package Manager] Failed to launch server process. Reason: Unity was launched with the -noUpm command-line argument
[Package Manager] Unable to send message (not connected to server process).
[Package Manager] Cannot connect to Unity Package Manager local server
ScheduleIndexationOnStartup MainProcess:False IndexOnStartup:True
Mono: successfully reloaded assembly
- Finished resetting the current domain, in  1.113 seconds
Domain Reload Profiling: 2327ms
	BeginReloadAssembly (256ms)
		ExecutionOrderSort (0ms)
		DisableScriptedObjects (8ms)
		BackupInstance (0ms)
		ReleaseScriptingObjects (0ms)
		CreateAndSetChildDomain (31ms)
	RebuildCommonClasses (43ms)
	RebuildNativeTypeToScriptingClass (16ms)
	initialDomainReloadingComplete (56ms)
	LoadAllAssembliesAndSetupDomain (842ms)
		LoadAssemblies (597ms)
		RebuildTransferFunctionScriptingTraits (0ms)
		AnalyzeDomain (405ms)
			TypeCache.Refresh (253ms)
				TypeCache.ScanAssembly (230ms)
			BuildScriptInfoCaches (129ms)
			ResolveRequiredComponents (15ms)
	FinalizeReload (1113ms)
		ReleaseScriptCaches (0ms)
		RebuildScriptCaches (0ms)
		SetupLoadedEditorAssemblies (915ms)
			LogAssemblyErrors (0ms)
			InitializePlatformSupportModulesInManaged (11ms)
			SetLoadedEditorAssemblies (5ms)
			BeforeProcessingInitializeOnLoad (208ms)
			ProcessInitializeOnLoadAttributes (491ms)
			ProcessInitializeOnLoadMethodAttributes (185ms)
			AfterProcessingInitializeOnLoad (14ms)
			EditorAssembliesLoaded (1ms)
		ExecutionOrderSort2 (0ms)
		AwakeInstancesAfterBackupRestoration (18ms)
Launched and connected shader compiler UnityShaderCompiler.exe after 0.04 seconds
Refreshing native plugins compatible for Editor in 6.14 ms, found 5 plugins.
Preloading 0 native plugins for Editor in 0.00 ms.
Unloading 16 Unused Serialized files (Serialized files now loaded: 0)
Curl error 3: URL rejected: Malformed input to a URL function
Unloading 7210 unused Assets / (3.8 MB). Loaded Objects now: 8022.
Memory consumption went from 165.0 MB to 161.1 MB.
Total: 16.267900 ms (FindLiveObjects: 1.010000 ms CreateObjectMapping: 1.922400 ms MarkObjects: 10.874100 ms  DeleteObjects: 2.459800 ms)

========================================================================
Received Import Request.
  Time since last request: 38290.950704 seconds.
  path: Packages/com.unity.collab-proxy/Editor/Assets/Images/iconbranch@2x.png
  artifactKey: Guid(425970578f3342a43b40545d1ac8a25d) Importer(2089858483,b0f066a214c2f5e87bad3c948f4d605d)
Start importing Packages/com.unity.collab-proxy/Editor/Assets/Images/iconbranch@2x.png using Guid(425970578f3342a43b40545d1ac8a25d) Importer(2089858483,b0f066a214c2f5e87bad3c948f4d605d) (ScriptedImporter) -> (artifact id: '4bd26e3581ff57146e82a2acc300bb7e') in 0.1491768 seconds
Number of updated asset objects reloaded before import = 0Number of asset objects unloaded after import = 3

========================================================================
Received Import Request.
  Time since last request: 0.000021 seconds.
  path: Packages/com.unity.collab-proxy/Editor/Assets/Images/iconchangesets@2x.png
  artifactKey: Guid(59d17703fae374169bc28ce046728590) Importer(2089858483,b0f066a214c2f5e87bad3c948f4d605d)
Start importing Packages/com.unity.collab-proxy/Editor/Assets/Images/iconchangesets@2x.png using Guid(59d17703fae374169bc28ce046728590) Importer(2089858483,b0f066a214c2f5e87bad3c948f4d605d) (ScriptedImporter) -> (artifact id: 'd81eb63929af15d14e16b01033f517f3') in 0.0114511 seconds
Number of updated asset objects reloaded before import = 0Number of asset objects unloaded after import = 3

========================================================================
Received Import Request.
  Time since last request: 0.000026 seconds.
  path: Packages/com.unity.collab-proxy/Editor/Assets/Images/d_secondarytabclose.png
  artifactKey: Guid(6975ee4c1f40caf4da8dd733ee2cfeaf) Importer(2089858483,b0f066a214c2f5e87bad3c948f4d605d)
Start importing Packages/com.unity.collab-proxy/Editor/Assets/Images/d_secondarytabclose.png using Guid(6975ee4c1f40caf4da8dd733ee2cfeaf) Importer(2089858483,b0f066a214c2f5e87bad3c948f4d605d) (ScriptedImporter) -> (artifact id: 'ca28142e92cae0e8147b7e6118c38ba3') in 0.0110374 seconds
Number of updated asset objects reloaded before import = 0Number of asset objects unloaded after import = 1

========================================================================
Received Import Request.
  Time since last request: 0.000017 seconds.
  path: Packages/com.unity.collab-proxy/Editor/Assets/Images/d_iconzoomout@2x.png
  artifactKey: Guid(320a7c2756434dc43b9ecca2585168b2) Importer(2089858483,b0f066a214c2f5e87bad3c948f4d605d)
Start importing Packages/com.unity.collab-proxy/Editor/Assets/Images/d_iconzoomout@2x.png using Guid(320a7c2756434dc43b9ecca2585168b2) Importer(2089858483,b0f066a214c2f5e87bad3c948f4d605d) (ScriptedImporter) -> (artifact id: '142f6aa9e38fb478226626b754f7e934') in 0.0124575 seconds
Number of updated asset objects reloaded before import = 0Number of asset objects unloaded after import = 3

========================================================================
Received Import Request.
  Time since last request: 0.000018 seconds.
  path: Packages/com.unity.collab-proxy/Editor/Assets/Images/hideversioncontrol.png
  artifactKey: Guid(0a08fa9ec51507e488400cee024073a7) Importer(2089858483,b0f066a214c2f5e87bad3c948f4d605d)
Start importing Packages/com.unity.collab-proxy/Editor/Assets/Images/hideversioncontrol.png using Guid(0a08fa9ec51507e488400cee024073a7) Importer(2089858483,b0f066a214c2f5e87bad3c948f4d605d) (ScriptedImporter) -> (artifact id: '6b001152e6a952bb2256928cbdbe7bb6') in 0.011499 seconds
Number of updated asset objects reloaded before import = 0Number of asset objects unloaded after import = 3

========================================================================
Received Import Request.
  Time since last request: 0.000025 seconds.
  path: Packages/com.unity.collab-proxy/Editor/Assets/Images/iconclosebutton@2x.png
  artifactKey: Guid(fea4bd4d5cc294ea59798fa81207b6d9) Importer(2089858483,b0f066a214c2f5e87bad3c948f4d605d)
Start importing Packages/com.unity.collab-proxy/Editor/Assets/Images/iconclosebutton@2x.png using Guid(fea4bd4d5cc294ea59798fa81207b6d9) Importer(2089858483,b0f066a214c2f5e87bad3c948f4d605d) (ScriptedImporter) -> (artifact id: '6d6800831b71e00ed180eb05de03c7b4') in 0.0110335 seconds
Number of updated asset objects reloaded before import = 0Number of asset objects unloaded after import = 3

========================================================================
Received Import Request.
  Time since last request: 0.000016 seconds.
  path: Packages/com.unity.collab-proxy/Editor/Assets/Images/d_iconzoomin.png
  artifactKey: Guid(5544f39aea350784ba1dd4ecc285b777) Importer(2089858483,b0f066a214c2f5e87bad3c948f4d605d)
Start importing Packages/com.unity.collab-proxy/Editor/Assets/Images/d_iconzoomin.png using Guid(5544f39aea350784ba1dd4ecc285b777) Importer(2089858483,b0f066a214c2f5e87bad3c948f4d605d) (ScriptedImporter) -> (artifact id: '3630bea3f0b283c8955cb8753a618000') in 0.0125629 seconds
Number of updated asset objects reloaded before import = 0Number of asset objects unloaded after import = 3

========================================================================
Received Import Request.
  Time since last request: 0.000018 seconds.
  path: Packages/com.unity.collab-proxy/Editor/CodeEditor/Keyboard.cs
  artifactKey: Guid(7d9221bc32738c5498b01916d61a39b9) Importer(2089858483,b0f066a214c2f5e87bad3c948f4d605d)
Start importing Packages/com.unity.collab-proxy/Editor/CodeEditor/Keyboard.cs using Guid(7d9221bc32738c5498b01916d61a39b9) Importer(2089858483,b0f066a214c2f5e87bad3c948f4d605d) (ScriptedImporter) -> (artifact id: '1afe17479a23a9954aaa1f9f2909fdd2') in 0.0057967 seconds
Number of updated asset objects reloaded before import = 0Number of asset objects unloaded after import = 0

========================================================================
Received Import Request.
  Time since last request: 0.000025 seconds.
  path: Packages/com.unity.collab-proxy/Editor/AssetOverlays/Cache/AssetStatusCache.cs
  artifactKey: Guid(3f227b28cf424364489edd67fce697bc) Importer(2089858483,b0f066a214c2f5e87bad3c948f4d605d)
Start importing Packages/com.unity.collab-proxy/Editor/AssetOverlays/Cache/AssetStatusCache.cs using Guid(3f227b28cf424364489edd67fce697bc) Importer(2089858483,b0f066a214c2f5e87bad3c948f4d605d) (ScriptedImporter) -> (artifact id: 'fa9bde693369df3c0862e2091e98eeb8') in 0.0053147 seconds
Number of updated asset objects reloaded before import = 0Number of asset objects unloaded after import = 0

========================================================================
Received Import Request.
  Time since last request: 0.000016 seconds.
  path: Packages/com.unity.collab-proxy/Editor/Assets/Images/d_iconignoredoverlay.png
  artifactKey: Guid(6768dd39d3740af429fb2d88f53390c2) Importer(2089858483,b0f066a214c2f5e87bad3c948f4d605d)
Start importing Packages/com.unity.collab-proxy/Editor/Assets/Images/d_iconignoredoverlay.png using Guid(6768dd39d3740af429fb2d88f53390c2) Importer(2089858483,b0f066a214c2f5e87bad3c948f4d605d) (ScriptedImporter) -> (artifact id: '5c42ae7c0302de5af95da6338a4fdd66') in 0.0156547 seconds
Number of updated asset objects reloaded before import = 0Number of asset objects unloaded after import = 3

========================================================================
Received Import Request.
  Time since last request: 0.000019 seconds.
  path: Packages/com.unity.collab-proxy/Editor/Configuration/AutoConfig.cs
  artifactKey: Guid(7c21251ff4b7d844292a388e81e47e59) Importer(2089858483,b0f066a214c2f5e87bad3c948f4d605d)
Start importing Packages/com.unity.collab-proxy/Editor/Configuration/AutoConfig.cs using Guid(7c21251ff4b7d844292a388e81e47e59) Importer(2089858483,b0f066a214c2f5e87bad3c948f4d605d) (ScriptedImporter) -> (artifact id: '7ff312970dc7642fd9d4db75ca090ab3') in 0.0053133 seconds
Number of updated asset objects reloaded before import = 0Number of asset objects unloaded after import = 0

========================================================================
Received Import Request.
  Time since last request: 0.000027 seconds.
  path: Packages/com.unity.collab-proxy/CHANGELOG.md
  artifactKey: Guid(47777d81697d65f45befb6ccd55b2324) Importer(2089858483,b0f066a214c2f5e87bad3c948f4d605d)
Start importing Packages/com.unity.collab-proxy/CHANGELOG.md using Guid(47777d81697d65f45befb6ccd55b2324) Importer(2089858483,b0f066a214c2f5e87bad3c948f4d605d) (ScriptedImporter) -> (artifact id: '72f223f6fc4366be3fd67664e6772081') in 0.0055949 seconds
Number of updated asset objects reloaded before import = 0Number of asset objects unloaded after import = 1

========================================================================
Received Import Request.
  Time since last request: 0.000015 seconds.
  path: Packages/com.unity.collab-proxy/Editor/Assets/Images/buttonssosigninunity.png
  artifactKey: Guid(f9161c6c9e06dc445ada3ee16d991f90) Importer(2089858483,b0f066a214c2f5e87bad3c948f4d605d)
Start importing Packages/com.unity.collab-proxy/Editor/Assets/Images/buttonssosigninunity.png using Guid(f9161c6c9e06dc445ada3ee16d991f90) Importer(2089858483,b0f066a214c2f5e87bad3c948f4d605d) (ScriptedImporter) -> (artifact id: '63841a369b7e77fcd3b88ccd033d70a6') in 0.0104698 seconds
Number of updated asset objects reloaded before import = 0Number of asset objects unloaded after import = 1

========================================================================
Received Import Request.
  Time since last request: 0.000014 seconds.
  path: Packages/com.unity.collab-proxy/Editor/Assets/Images/d_iconincomingchangesview.png
  artifactKey: Guid(f6ea7eb320af940f6ade67ef3befef89) Importer(2089858483,b0f066a214c2f5e87bad3c948f4d605d)
Start importing Packages/com.unity.collab-proxy/Editor/Assets/Images/d_iconincomingchangesview.png using Guid(f6ea7eb320af940f6ade67ef3befef89) Importer(2089858483,b0f066a214c2f5e87bad3c948f4d605d) (ScriptedImporter) -> (artifact id: '42783f5fb5e3205949825cd6988e2b8c') in 0.0185092 seconds
Number of updated asset objects reloaded before import = 0Number of asset objects unloaded after import = 3

========================================================================
Received Import Request.
  Time since last request: 0.000019 seconds.
  path: Packages/com.unity.collab-proxy/Editor/CodeEditor/TextEditor.cs
  artifactKey: Guid(4a1d41c16a2a049f389fd9cb47230775) Importer(2089858483,b0f066a214c2f5e87bad3c948f4d605d)
Start importing Packages/com.unity.collab-proxy/Editor/CodeEditor/TextEditor.cs using Guid(4a1d41c16a2a049f389fd9cb47230775) Importer(2089858483,b0f066a214c2f5e87bad3c948f4d605d) (ScriptedImporter) -> (artifact id: 'c14344b971ac29696b5f156776427dc2') in 0.0058346 seconds
Number of updated asset objects reloaded before import = 0Number of asset objects unloaded after import = 0

========================================================================
Received Import Request.
  Time since last request: 0.000031 seconds.
  path: Packages/com.unity.collab-proxy/Editor/Assets/Images/d_iconclosebutton@2x.png
  artifactKey: Guid(0525793900d728a42936791a8a6de63b) Importer(2089858483,b0f066a214c2f5e87bad3c948f4d605d)
Start importing Packages/com.unity.collab-proxy/Editor/Assets/Images/d_iconclosebutton@2x.png using Guid(0525793900d728a42936791a8a6de63b) Importer(2089858483,b0f066a214c2f5e87bad3c948f4d605d) (ScriptedImporter) -> (artifact id: 'f121171ed47d499b4d01ab40a3b01432') in 0.0126942 seconds
Number of updated asset objects reloaded before import = 0Number of asset objects unloaded after import = 1

========================================================================
Received Import Request.
  Time since last request: 0.000021 seconds.
  path: Packages/com.unity.collab-proxy/Editor/Assets/Images/d_ArrowCaretRight.png
  artifactKey: Guid(f4d4cddc7d40e49e18d2253e661465b2) Importer(2089858483,b0f066a214c2f5e87bad3c948f4d605d)
Start importing Packages/com.unity.collab-proxy/Editor/Assets/Images/d_ArrowCaretRight.png using Guid(f4d4cddc7d40e49e18d2253e661465b2) Importer(2089858483,b0f066a214c2f5e87bad3c948f4d605d) (ScriptedImporter) -> (artifact id: 'd638a91149484ad9c378e35789069a70') in 0.0147085 seconds
Number of updated asset objects reloaded before import = 0Number of asset objects unloaded after import = 3

========================================================================
Received Import Request.
  Time since last request: 0.000020 seconds.
  path: Packages/com.unity.collab-proxy/Editor/Assets/Images/d_secondarytabclosehover@2x.png
  artifactKey: Guid(9aa4348290784b2468144a97eb15d8d7) Importer(2089858483,b0f066a214c2f5e87bad3c948f4d605d)
Start importing Packages/com.unity.collab-proxy/Editor/Assets/Images/d_secondarytabclosehover@2x.png using Guid(9aa4348290784b2468144a97eb15d8d7) Importer(2089858483,b0f066a214c2f5e87bad3c948f4d605d) (ScriptedImporter) -> (artifact id: '9b9f59bf94f330dacd5552da0a09fb4b') in 0.0120437 seconds
Number of updated asset objects reloaded before import = 0Number of asset objects unloaded after import = 1

========================================================================
Received Import Request.
  Time since last request: 0.000022 seconds.
  path: Packages/com.unity.collab-proxy/Editor/Assets/Images/d_refresh.png
  artifactKey: Guid(92b8c447daf4d4b41a0ec148d1091261) Importer(2089858483,b0f066a214c2f5e87bad3c948f4d605d)
Start importing Packages/com.unity.collab-proxy/Editor/Assets/Images/d_refresh.png using Guid(92b8c447daf4d4b41a0ec148d1091261) Importer(2089858483,b0f066a214c2f5e87bad3c948f4d605d) (ScriptedImporter) -> (artifact id: '295e106bb913e89724ab410ad02ca46e') in 0.0103705 seconds
Number of updated asset objects reloaded before import = 0Number of asset objects unloaded after import = 1

========================================================================
Received Import Request.
  Time since last request: 0.000016 seconds.
  path: Packages/com.unity.collab-proxy/Editor/Assets/Images/iconcheckedoutlocaloverlay.png
  artifactKey: Guid(eb591dd22aae343468cc4dd017c550d0) Importer(2089858483,b0f066a214c2f5e87bad3c948f4d605d)
Start importing Packages/com.unity.collab-proxy/Editor/Assets/Images/iconcheckedoutlocaloverlay.png using Guid(eb591dd22aae343468cc4dd017c550d0) Importer(2089858483,b0f066a214c2f5e87bad3c948f4d605d) (ScriptedImporter) -> (artifact id: '97322ace54d3b93419284ec9af40565e') in 0.0116721 seconds
Number of updated asset objects reloaded before import = 0Number of asset objects unloaded after import = 3

========================================================================
Received Import Request.
  Time since last request: 0.000018 seconds.
  path: Packages/com.unity.collab-proxy/Editor/Assets/Images/d_iconrepository.png
  artifactKey: Guid(4a4dfcc81b0e1214fbbd0003c8ab4070) Importer(2089858483,b0f066a214c2f5e87bad3c948f4d605d)
Start importing Packages/com.unity.collab-proxy/Editor/Assets/Images/d_iconrepository.png using Guid(4a4dfcc81b0e1214fbbd0003c8ab4070) Importer(2089858483,b0f066a214c2f5e87bad3c948f4d605d) (ScriptedImporter) -> (artifact id: '7d3a15b56b477f2d30247b8497be541a') in 0.0127049 seconds
Number of updated asset objects reloaded before import = 0Number of asset objects unloaded after import = 3

========================================================================
Received Import Request.
  Time since last request: 0.000028 seconds.
  path: Packages/com.unity.collab-proxy/Editor/Assets/Images/d_step3@2x.png
  artifactKey: Guid(c9ed6d6ea2f9657409bfa068d4846139) Importer(2089858483,b0f066a214c2f5e87bad3c948f4d605d)
Start importing Packages/com.unity.collab-proxy/Editor/Assets/Images/d_step3@2x.png using Guid(c9ed6d6ea2f9657409bfa068d4846139) Importer(2089858483,b0f066a214c2f5e87bad3c948f4d605d) (ScriptedImporter) -> (artifact id: '4b97eabef92a7913fb3ae292b03529dd') in 0.0106107 seconds
Number of updated asset objects reloaded before import = 0Number of asset objects unloaded after import = 1

========================================================================
Received Import Request.
  Time since last request: 0.000015 seconds.
  path: Packages/com.unity.collab-proxy/Editor/Assets/Images/d_iconaddedoverlay@2x.png
  artifactKey: Guid(a6fbd5a181bc51e42a61a73fe8d727c8) Importer(2089858483,b0f066a214c2f5e87bad3c948f4d605d)
Start importing Packages/com.unity.collab-proxy/Editor/Assets/Images/d_iconaddedoverlay@2x.png using Guid(a6fbd5a181bc51e42a61a73fe8d727c8) Importer(2089858483,b0f066a214c2f5e87bad3c948f4d605d) (ScriptedImporter) -> (artifact id: 'd4980d5f4d1f785d3edb72a9f2098bf3') in 0.0116322 seconds
Number of updated asset objects reloaded before import = 0Number of asset objects unloaded after import = 1

========================================================================
Received Import Request.
  Time since last request: 0.000014 seconds.
  path: Packages/com.unity.collab-proxy/Editor/Assets/Images/d_icondeletedlocaloverlay@2x.png
  artifactKey: Guid(92b204cca46037444ab18ba6701f86f7) Importer(2089858483,b0f066a214c2f5e87bad3c948f4d605d)
Start importing Packages/com.unity.collab-proxy/Editor/Assets/Images/d_icondeletedlocaloverlay@2x.png using Guid(92b204cca46037444ab18ba6701f86f7) Importer(2089858483,b0f066a214c2f5e87bad3c948f4d605d) (ScriptedImporter) -> (artifact id: '6274410e519c9c6d1967e5ca1e7aac41') in 0.0142691 seconds
Number of updated asset objects reloaded before import = 0Number of asset objects unloaded after import = 1

========================================================================
Received Import Request.
  Time since last request: 0.000020 seconds.
  path: Packages/com.unity.collab-proxy/Editor/Assets/Images/d_iconedit@2x.png
  artifactKey: Guid(a36e66e044a5fd94ca570351917c6bda) Importer(2089858483,b0f066a214c2f5e87bad3c948f4d605d)
Start importing Packages/com.unity.collab-proxy/Editor/Assets/Images/d_iconedit@2x.png using Guid(a36e66e044a5fd94ca570351917c6bda) Importer(2089858483,b0f066a214c2f5e87bad3c948f4d605d) (ScriptedImporter) -> (artifact id: '6cfe129e3378a046bf9e34beebc568df') in 0.0135592 seconds
Number of updated asset objects reloaded before import = 0Number of asset objects unloaded after import = 3

========================================================================
Received Import Request.
  Time since last request: 0.000025 seconds.
  path: Packages/com.unity.collab-proxy/Editor/Assets/Images/d_iconignoredoverlay@2x.png
  artifactKey: Guid(079f562959995344baea4cd40a9ecea6) Importer(2089858483,b0f066a214c2f5e87bad3c948f4d605d)
Start importing Packages/com.unity.collab-proxy/Editor/Assets/Images/d_iconignoredoverlay@2x.png using Guid(079f562959995344baea4cd40a9ecea6) Importer(2089858483,b0f066a214c2f5e87bad3c948f4d605d) (ScriptedImporter) -> (artifact id: '72153962b667be101c6a5bcb577a5d0a') in 0.012057 seconds
Number of updated asset objects reloaded before import = 0Number of asset objects unloaded after import = 3

========================================================================
Received Import Request.
  Time since last request: 0.000016 seconds.
  path: Packages/com.unity.collab-proxy/Editor/Assets/Images/buttonssosigninemail@2x.png
  artifactKey: Guid(ddf2e76e8a1f88f46ae1e42277850b48) Importer(2089858483,b0f066a214c2f5e87bad3c948f4d605d)
Start importing Packages/com.unity.collab-proxy/Editor/Assets/Images/buttonssosigninemail@2x.png using Guid(ddf2e76e8a1f88f46ae1e42277850b48) Importer(2089858483,b0f066a214c2f5e87bad3c948f4d605d) (ScriptedImporter) -> (artifact id: 'bb1173792846602d918e6592b5a69085') in 0.0114625 seconds
Number of updated asset objects reloaded before import = 0Number of asset objects unloaded after import = 1

========================================================================
Received Import Request.
  Time since last request: 0.000018 seconds.
  path: Packages/com.unity.collab-proxy/Editor/Assets/Images/iconmovedoverlay@2x.png
  artifactKey: Guid(c7bee029a895b44cfb249d7cd63d13af) Importer(2089858483,b0f066a214c2f5e87bad3c948f4d605d)
Start importing Packages/com.unity.collab-proxy/Editor/Assets/Images/iconmovedoverlay@2x.png using Guid(c7bee029a895b44cfb249d7cd63d13af) Importer(2089858483,b0f066a214c2f5e87bad3c948f4d605d) (ScriptedImporter) -> (artifact id: '376ee7f4bbe6f0be1524a5cc366af533') in 0.0135652 seconds
Number of updated asset objects reloaded before import = 0Number of asset objects unloaded after import = 3

========================================================================
Received Import Request.
  Time since last request: 0.000035 seconds.
  path: Packages/com.unity.collab-proxy/Editor/Assets/Images/iconpendingchangesview@2x.png
  artifactKey: Guid(58f6d5934224b4bb0a67d67e45a6654b) Importer(2089858483,b0f066a214c2f5e87bad3c948f4d605d)
Start importing Packages/com.unity.collab-proxy/Editor/Assets/Images/iconpendingchangesview@2x.png using Guid(58f6d5934224b4bb0a67d67e45a6654b) Importer(2089858483,b0f066a214c2f5e87bad3c948f4d605d) (ScriptedImporter) -> (artifact id: 'ad4e3f998b89dea891db50cb0b677628') in 0.0127524 seconds
Number of updated asset objects reloaded before import = 0Number of asset objects unloaded after import = 3

========================================================================
Received Import Request.
  Time since last request: 0.000023 seconds.
  path: Packages/com.unity.collab-proxy/Editor/Assets/Images/iconoutofsyncoverlay.png
  artifactKey: Guid(e4517bb2f521d99439ec9981a44a87ec) Importer(2089858483,b0f066a214c2f5e87bad3c948f4d605d)
Start importing Packages/com.unity.collab-proxy/Editor/Assets/Images/iconoutofsyncoverlay.png using Guid(e4517bb2f521d99439ec9981a44a87ec) Importer(2089858483,b0f066a214c2f5e87bad3c948f4d605d) (ScriptedImporter) -> (artifact id: '9ccac590e173eb6d233650b532cfb367') in 0.0148235 seconds
Number of updated asset objects reloaded before import = 0Number of asset objects unloaded after import = 3

========================================================================
Received Import Request.
  Time since last request: 0.000020 seconds.
  path: Packages/com.unity.collab-proxy/Editor/Assets/Images/icondeletedremoteoverlay@2x.png
  artifactKey: Guid(d5c3277b1dbad9448b46c2ec87a2cef8) Importer(2089858483,b0f066a214c2f5e87bad3c948f4d605d)
Start importing Packages/com.unity.collab-proxy/Editor/Assets/Images/icondeletedremoteoverlay@2x.png using Guid(d5c3277b1dbad9448b46c2ec87a2cef8) Importer(2089858483,b0f066a214c2f5e87bad3c948f4d605d) (ScriptedImporter) -> (artifact id: '8af3f53e122c50c2a0c4089590b031a2') in 0.0121349 seconds
Number of updated asset objects reloaded before import = 0Number of asset objects unloaded after import = 1

========================================================================
Received Import Request.
  Time since last request: 0.000033 seconds.
  path: Packages/com.unity.collab-proxy/Editor/Assets/Images/iconprivateoverlay@2x.png
  artifactKey: Guid(20894f77802694ca2b9afb02a7388138) Importer(2089858483,b0f066a214c2f5e87bad3c948f4d605d)
Start importing Packages/com.unity.collab-proxy/Editor/Assets/Images/iconprivateoverlay@2x.png using Guid(20894f77802694ca2b9afb02a7388138) Importer(2089858483,b0f066a214c2f5e87bad3c948f4d605d) (ScriptedImporter) -> (artifact id: '8cc5248a631b2558b898807b2556a22e') in 0.0121861 seconds
Number of updated asset objects reloaded before import = 0Number of asset objects unloaded after import = 3

========================================================================
Received Import Request.
  Time since last request: 0.000016 seconds.
  path: Packages/com.unity.collab-proxy/Editor/Assets/Images/secondarytabclosehover.png
  artifactKey: Guid(8fac55fff4ce5fa40a7b2efefc0e617a) Importer(2089858483,b0f066a214c2f5e87bad3c948f4d605d)
Start importing Packages/com.unity.collab-proxy/Editor/Assets/Images/secondarytabclosehover.png using Guid(8fac55fff4ce5fa40a7b2efefc0e617a) Importer(2089858483,b0f066a214c2f5e87bad3c948f4d605d) (ScriptedImporter) -> (artifact id: 'e4d02688507d32d97aff22d3702d80ba') in 0.0122602 seconds
Number of updated asset objects reloaded before import = 0Number of asset objects unloaded after import = 1

========================================================================
Received Import Request.
  Time since last request: 0.000024 seconds.
  path: Packages/com.unity.collab-proxy/Editor/Assets/Images/iconplasticview.png
  artifactKey: Guid(dcb2ee37925b97e438ae244996d81a55) Importer(2089858483,b0f066a214c2f5e87bad3c948f4d605d)
Start importing Packages/com.unity.collab-proxy/Editor/Assets/Images/iconplasticview.png using Guid(dcb2ee37925b97e438ae244996d81a55) Importer(2089858483,b0f066a214c2f5e87bad3c948f4d605d) (ScriptedImporter) -> (artifact id: '5da5082a71e9c237f95def5bee097874') in 0.0126852 seconds
Number of updated asset objects reloaded before import = 0Number of asset objects unloaded after import = 1

========================================================================
Received Import Request.
  Time since last request: 0.000018 seconds.
  path: Packages/com.unity.collab-proxy/Editor/Assets/Images/step2.png
  artifactKey: Guid(cd0b17b71a5c498428ee91dee8a78a88) Importer(2089858483,b0f066a214c2f5e87bad3c948f4d605d)
Start importing Packages/com.unity.collab-proxy/Editor/Assets/Images/step2.png using Guid(cd0b17b71a5c498428ee91dee8a78a88) Importer(2089858483,b0f066a214c2f5e87bad3c948f4d605d) (ScriptedImporter) -> (artifact id: '49b6e44bdb5eae566dbf6181efa69ae2') in 0.0149112 seconds
Number of updated asset objects reloaded before import = 0Number of asset objects unloaded after import = 1

========================================================================
Received Import Request.
  Time since last request: 0.000023 seconds.
  path: Packages/com.unity.collab-proxy/Editor/Assets/Images/iconlockedremoteoverlay@2x.png
  artifactKey: Guid(f73a7d8758d7be04588b15637d94b5a8) Importer(2089858483,b0f066a214c2f5e87bad3c948f4d605d)
Start importing Packages/com.unity.collab-proxy/Editor/Assets/Images/iconlockedremoteoverlay@2x.png using Guid(f73a7d8758d7be04588b15637d94b5a8) Importer(2089858483,b0f066a214c2f5e87bad3c948f4d605d) (ScriptedImporter) -> (artifact id: 'e0c85f004219a395a3353fb88fdff3ad') in 0.0123516 seconds
Number of updated asset objects reloaded before import = 0Number of asset objects unloaded after import = 1

========================================================================
Received Import Request.
  Time since last request: 0.000013 seconds.
  path: Packages/com.unity.collab-proxy/Editor/Assets/Images/iconundo.png
  artifactKey: Guid(98773313eabe35543bfdbf542ccea271) Importer(2089858483,b0f066a214c2f5e87bad3c948f4d605d)
Start importing Packages/com.unity.collab-proxy/Editor/Assets/Images/iconundo.png using Guid(98773313eabe35543bfdbf542ccea271) Importer(2089858483,b0f066a214c2f5e87bad3c948f4d605d) (ScriptedImporter) -> (artifact id: '7f34a0b837fbca96cb5973ed4ddda198') in 0.0131995 seconds
Number of updated asset objects reloaded before import = 0Number of asset objects unloaded after import = 1

========================================================================
Received Import Request.
  Time since last request: 0.000014 seconds.
  path: Packages/com.unity.collab-proxy/Editor/Assets/Images/iconcurrentbranch@2x.png
  artifactKey: Guid(ead32eef98d0a664fb5b025c4bf013d4) Importer(2089858483,b0f066a214c2f5e87bad3c948f4d605d)
Start importing Packages/com.unity.collab-proxy/Editor/Assets/Images/iconcurrentbranch@2x.png using Guid(ead32eef98d0a664fb5b025c4bf013d4) Importer(2089858483,b0f066a214c2f5e87bad3c948f4d605d) (ScriptedImporter) -> (artifact id: '28d3204fb4f861050ecb5f6a992e6ad1') in 0.0144704 seconds
Number of updated asset objects reloaded before import = 0Number of asset objects unloaded after import = 3

========================================================================
Received Import Request.
  Time since last request: 0.000016 seconds.
  path: Packages/com.unity.collab-proxy/Editor/Assets/Images/secondarytabclose.png
  artifactKey: Guid(03cefa94d5aa9d74993fb2138af9d607) Importer(2089858483,b0f066a214c2f5e87bad3c948f4d605d)
Start importing Packages/com.unity.collab-proxy/Editor/Assets/Images/secondarytabclose.png using Guid(03cefa94d5aa9d74993fb2138af9d607) Importer(2089858483,b0f066a214c2f5e87bad3c948f4d605d) (ScriptedImporter) -> (artifact id: '9cf300e79819a5418c61c1d0c9e40a1f') in 0.017345 seconds
Number of updated asset objects reloaded before import = 0Number of asset objects unloaded after import = 1

========================================================================
Received Import Request.
  Time since last request: 0.000020 seconds.
  path: Packages/com.unity.collab-proxy/Editor/Assets/Images/refresh@2x.png
  artifactKey: Guid(59571f82a0dc1a14da606dc0df6f8ea7) Importer(2089858483,b0f066a214c2f5e87bad3c948f4d605d)
Start importing Packages/com.unity.collab-proxy/Editor/Assets/Images/refresh@2x.png using Guid(59571f82a0dc1a14da606dc0df6f8ea7) Importer(2089858483,b0f066a214c2f5e87bad3c948f4d605d) (ScriptedImporter) -> (artifact id: '4dde20c9aeb50e0c2a4d49924a3c066a') in 0.0113415 seconds
Number of updated asset objects reloaded before import = 0Number of asset objects unloaded after import = 1

========================================================================
Received Import Request.
  Time since last request: 0.000015 seconds.
  path: Packages/com.unity.collab-proxy/Editor/Assets/Images/iconinfobellnotification@2x.png
  artifactKey: Guid(830164d71b9d60c40b606822b957d10b) Importer(2089858483,b0f066a214c2f5e87bad3c948f4d605d)
Start importing Packages/com.unity.collab-proxy/Editor/Assets/Images/iconinfobellnotification@2x.png using Guid(830164d71b9d60c40b606822b957d10b) Importer(2089858483,b0f066a214c2f5e87bad3c948f4d605d) (ScriptedImporter) -> (artifact id: '89c97c6a2c4c033d48ecc54d7b99ded2') in 0.012227 seconds
Number of updated asset objects reloaded before import = 0Number of asset objects unloaded after import = 3

========================================================================
Received Import Request.
  Time since last request: 0.000017 seconds.
  path: Packages/com.unity.collab-proxy/Editor/Assets/Images/step2@2x.png
  artifactKey: Guid(0029170d14ce6c04c9f45c22cdae5559) Importer(2089858483,b0f066a214c2f5e87bad3c948f4d605d)
Start importing Packages/com.unity.collab-proxy/Editor/Assets/Images/step2@2x.png using Guid(0029170d14ce6c04c9f45c22cdae5559) Importer(2089858483,b0f066a214c2f5e87bad3c948f4d605d) (ScriptedImporter) -> (artifact id: '915a539f8fb5d9d7abe2929ba9b3b78a') in 0.0116462 seconds
Number of updated asset objects reloaded before import = 0Number of asset objects unloaded after import = 1

========================================================================
Received Import Request.
  Time since last request: 0.000022 seconds.
  path: Packages/com.unity.collab-proxy/Editor/Assets/Images/iconlockedlocaloverlay.png
  artifactKey: Guid(b6073d723b6ef3f429aa7e1d0f3db44f) Importer(2089858483,b0f066a214c2f5e87bad3c948f4d605d)
Start importing Packages/com.unity.collab-proxy/Editor/Assets/Images/iconlockedlocaloverlay.png using Guid(b6073d723b6ef3f429aa7e1d0f3db44f) Importer(2089858483,b0f066a214c2f5e87bad3c948f4d605d) (ScriptedImporter) -> (artifact id: '03012b1b1af34f7fe673a1f6d96b60fe') in 0.013836 seconds
Number of updated asset objects reloaded before import = 0Number of asset objects unloaded after import = 3

========================================================================
Received Import Request.
  Time since last request: 0.000016 seconds.
  path: Packages/com.unity.collab-proxy/Editor/Assets/Images/iconoutofsync@2x.png
  artifactKey: Guid(d7094718bdac022428dd29244922d06b) Importer(2089858483,b0f066a214c2f5e87bad3c948f4d605d)
Start importing Packages/com.unity.collab-proxy/Editor/Assets/Images/iconoutofsync@2x.png using Guid(d7094718bdac022428dd29244922d06b) Importer(2089858483,b0f066a214c2f5e87bad3c948f4d605d) (ScriptedImporter) -> (artifact id: '2044dbe7dbc2e0b97d9026ad3d50811a') in 0.0115825 seconds
Number of updated asset objects reloaded before import = 0Number of asset objects unloaded after import = 1

========================================================================
Received Import Request.
  Time since last request: 0.000018 seconds.
  path: Packages/com.unity.collab-proxy/Editor/Assets/Images/iconshelve.png
  artifactKey: Guid(b1b37c2733b68854ba004ff712ef849f) Importer(2089858483,b0f066a214c2f5e87bad3c948f4d605d)
Start importing Packages/com.unity.collab-proxy/Editor/Assets/Images/iconshelve.png using Guid(b1b37c2733b68854ba004ff712ef849f) Importer(2089858483,b0f066a214c2f5e87bad3c948f4d605d) (ScriptedImporter) -> (artifact id: '165477f953e2f6418bb0bba187a2e530') in 0.0112957 seconds
Number of updated asset objects reloaded before import = 0Number of asset objects unloaded after import = 3

========================================================================
Received Import Request.
  Time since last request: 0.000025 seconds.
  path: Packages/com.unity.collab-proxy/Editor/Assets/Images/iconcurrentbranch.png
  artifactKey: Guid(d30af1e364af1fc48be2ff2dcb0d4724) Importer(2089858483,b0f066a214c2f5e87bad3c948f4d605d)
Start importing Packages/com.unity.collab-proxy/Editor/Assets/Images/iconcurrentbranch.png using Guid(d30af1e364af1fc48be2ff2dcb0d4724) Importer(2089858483,b0f066a214c2f5e87bad3c948f4d605d) (ScriptedImporter) -> (artifact id: 'eb89116c1d5fd3e96af3d24bea96eb0b') in 0.0114314 seconds
Number of updated asset objects reloaded before import = 0Number of asset objects unloaded after import = 3

========================================================================
Received Import Request.
  Time since last request: 0.000017 seconds.
  path: Packages/com.unity.collab-proxy/Editor/Assets/Images/iconzoomin@2x.png
  artifactKey: Guid(0247a919add89e04aad63b6657886901) Importer(2089858483,b0f066a214c2f5e87bad3c948f4d605d)
Start importing Packages/com.unity.collab-proxy/Editor/Assets/Images/iconzoomin@2x.png using Guid(0247a919add89e04aad63b6657886901) Importer(2089858483,b0f066a214c2f5e87bad3c948f4d605d) (ScriptedImporter) -> (artifact id: 'cfafa27538bb91c8e1a4354f6048539b') in 0.020751 seconds
Number of updated asset objects reloaded before import = 0Number of asset objects unloaded after import = 3

========================================================================
Received Import Request.
  Time since last request: 0.000016 seconds.
  path: Packages/com.unity.collab-proxy/Editor/Assets/Images/iconchangesets.png
  artifactKey: Guid(c5d82e0b4fbcf42539ceffc642e631ce) Importer(2089858483,b0f066a214c2f5e87bad3c948f4d605d)
Start importing Packages/com.unity.collab-proxy/Editor/Assets/Images/iconchangesets.png using Guid(c5d82e0b4fbcf42539ceffc642e631ce) Importer(2089858483,b0f066a214c2f5e87bad3c948f4d605d) (ScriptedImporter) -> (artifact id: '58c558df670b9b0340f40202b4052a8c') in 0.0138613 seconds
Number of updated asset objects reloaded before import = 0Number of asset objects unloaded after import = 3

========================================================================
Received Import Request.
  Time since last request: 0.000021 seconds.
  path: Packages/com.unity.collab-proxy/Editor/Assets/Images/d_iconaddedlocal@2x.png
  artifactKey: Guid(02800fb9cff14da47a04572790384d8b) Importer(2089858483,b0f066a214c2f5e87bad3c948f4d605d)
Start importing Packages/com.unity.collab-proxy/Editor/Assets/Images/d_iconaddedlocal@2x.png using Guid(02800fb9cff14da47a04572790384d8b) Importer(2089858483,b0f066a214c2f5e87bad3c948f4d605d) (ScriptedImporter) -> (artifact id: '8b259a84146df1ff09ede55509d30d53') in 0.0108234 seconds
Number of updated asset objects reloaded before import = 0Number of asset objects unloaded after import = 1

========================================================================
Received Import Request.
  Time since last request: 0.000013 seconds.
  path: Packages/com.unity.collab-proxy/Editor/Assets/Images/iconplasticnotifyincoming.png
  artifactKey: Guid(1e6c9635b80f973488d8335a081c905f) Importer(2089858483,b0f066a214c2f5e87bad3c948f4d605d)
Start importing Packages/com.unity.collab-proxy/Editor/Assets/Images/iconplasticnotifyincoming.png using Guid(1e6c9635b80f973488d8335a081c905f) Importer(2089858483,b0f066a214c2f5e87bad3c948f4d605d) (ScriptedImporter) -> (artifact id: '5bbbba47fd8989fb1eee96067eea34c9') in 0.011138 seconds
Number of updated asset objects reloaded before import = 0Number of asset objects unloaded after import = 1

========================================================================
Received Import Request.
  Time since last request: 0.000015 seconds.
  path: Packages/com.unity.collab-proxy/Editor/Assets/Images/d_iconlockedlocaloverlay@2x.png
  artifactKey: Guid(ae53a7884da90e94eb5dfeab594b746c) Importer(2089858483,b0f066a214c2f5e87bad3c948f4d605d)
Start importing Packages/com.unity.collab-proxy/Editor/Assets/Images/d_iconlockedlocaloverlay@2x.png using Guid(ae53a7884da90e94eb5dfeab594b746c) Importer(2089858483,b0f066a214c2f5e87bad3c948f4d605d) (ScriptedImporter) -> (artifact id: '825dafecc74e02ef7fa8906b3c0ee1b6') in 0.0105955 seconds
Number of updated asset objects reloaded before import = 0Number of asset objects unloaded after import = 1

========================================================================
Received Import Request.
  Time since last request: 0.000018 seconds.
  path: Packages/com.unity.collab-proxy/Editor/Assets/Images/d_iconlock@2x.png
  artifactKey: Guid(55747841a2e3b47dab36dc8d5e0dc4df) Importer(2089858483,b0f066a214c2f5e87bad3c948f4d605d)
Start importing Packages/com.unity.collab-proxy/Editor/Assets/Images/d_iconlock@2x.png using Guid(55747841a2e3b47dab36dc8d5e0dc4df) Importer(2089858483,b0f066a214c2f5e87bad3c948f4d605d) (ScriptedImporter) -> (artifact id: '821ae6ae2c2fc829efe447672f1f2eb1') in 0.0126069 seconds
Number of updated asset objects reloaded before import = 0Number of asset objects unloaded after import = 3

========================================================================
Received Import Request.
  Time since last request: 0.000024 seconds.
  path: Packages/com.unity.collab-proxy/Editor/Assets/Images/iconplasticnotifypendingchanges.png
  artifactKey: Guid(f3e2797165e71b443bae6264899b89d6) Importer(2089858483,b0f066a214c2f5e87bad3c948f4d605d)
Start importing Packages/com.unity.collab-proxy/Editor/Assets/Images/iconplasticnotifypendingchanges.png using Guid(f3e2797165e71b443bae6264899b89d6) Importer(2089858483,b0f066a214c2f5e87bad3c948f4d605d) (ScriptedImporter) -> (artifact id: '218426595f78dba58072b7c7ed76c0f1') in 0.0124749 seconds
Number of updated asset objects reloaded before import = 0Number of asset objects unloaded after import = 3

========================================================================
Received Import Request.
  Time since last request: 0.000017 seconds.
  path: Packages/com.unity.collab-proxy/Editor/Assets/Images/iconinviteusers.png
  artifactKey: Guid(40e23f4f2fddc724db517c63f4d8990d) Importer(2089858483,b0f066a214c2f5e87bad3c948f4d605d)
Start importing Packages/com.unity.collab-proxy/Editor/Assets/Images/iconinviteusers.png using Guid(40e23f4f2fddc724db517c63f4d8990d) Importer(2089858483,b0f066a214c2f5e87bad3c948f4d605d) (ScriptedImporter) -> (artifact id: 'd8e927ce5e05bf3adb3c9b15a5e1920a') in 0.0111844 seconds
Number of updated asset objects reloaded before import = 0Number of asset objects unloaded after import = 3

========================================================================
Received Import Request.
  Time since last request: 0.000018 seconds.
  path: Packages/com.unity.collab-proxy/Editor/Assets/Images/iconlock@2x.png
  artifactKey: Guid(ba96945b6a1b743579931a87e98041fe) Importer(2089858483,b0f066a214c2f5e87bad3c948f4d605d)
Start importing Packages/com.unity.collab-proxy/Editor/Assets/Images/iconlock@2x.png using Guid(ba96945b6a1b743579931a87e98041fe) Importer(2089858483,b0f066a214c2f5e87bad3c948f4d605d) (ScriptedImporter) -> (artifact id: '9c6f27aec7f2faf236e9e3ddc82bbcd7') in 0.0111224 seconds
Number of updated asset objects reloaded before import = 0Number of asset objects unloaded after import = 3

========================================================================
Received Import Request.
  Time since last request: 0.000027 seconds.
  path: Packages/com.unity.collab-proxy/Editor/Assets/Images/iconoutofsyncoverlay@2x.png
  artifactKey: Guid(3728580c149181a44b359e89f6edacae) Importer(2089858483,b0f066a214c2f5e87bad3c948f4d605d)
Start importing Packages/com.unity.collab-proxy/Editor/Assets/Images/iconoutofsyncoverlay@2x.png using Guid(3728580c149181a44b359e89f6edacae) Importer(2089858483,b0f066a214c2f5e87bad3c948f4d605d) (ScriptedImporter) -> (artifact id: 'b89f20b0b016862af25d9aeb9560f730') in 0.0114277 seconds
Number of updated asset objects reloaded before import = 0Number of asset objects unloaded after import = 1

========================================================================
Received Import Request.
  Time since last request: 0.000015 seconds.
  path: Packages/com.unity.collab-proxy/Editor/Assets/Images/iconhistory.png
  artifactKey: Guid(f42a69ee6b34c4a8eb57e17686d6ab67) Importer(2089858483,b0f066a214c2f5e87bad3c948f4d605d)
Start importing Packages/com.unity.collab-proxy/Editor/Assets/Images/iconhistory.png using Guid(f42a69ee6b34c4a8eb57e17686d6ab67) Importer(2089858483,b0f066a214c2f5e87bad3c948f4d605d) (ScriptedImporter) -> (artifact id: 'a0177c5118f8502dfe04d58f106393ca') in 0.0117228 seconds
Number of updated asset objects reloaded before import = 0Number of asset objects unloaded after import = 3

========================================================================
Received Import Request.
  Time since last request: 0.000019 seconds.
  path: Packages/com.unity.collab-proxy/Editor/CodeEditor/Document/DocumentChangedEventArgs.cs
  artifactKey: Guid(719f01626c14c440c852febfcc5ecf9d) Importer(2089858483,b0f066a214c2f5e87bad3c948f4d605d)
Start importing Packages/com.unity.collab-proxy/Editor/CodeEditor/Document/DocumentChangedEventArgs.cs using Guid(719f01626c14c440c852febfcc5ecf9d) Importer(2089858483,b0f066a214c2f5e87bad3c948f4d605d) (ScriptedImporter) -> (artifact id: '4a1aef9beeb2b34f3813497e3a98820d') in 0.0057253 seconds
Number of updated asset objects reloaded before import = 0Number of asset objects unloaded after import = 0

========================================================================
Received Import Request.
  Time since last request: 0.000025 seconds.
  path: Packages/com.unity.collab-proxy/Editor/CodeEditor/Editing/SelectionColorizer.cs
  artifactKey: Guid(3b30e6342e7149441aa64d1d4bd764b7) Importer(2089858483,b0f066a214c2f5e87bad3c948f4d605d)
Start importing Packages/com.unity.collab-proxy/Editor/CodeEditor/Editing/SelectionColorizer.cs using Guid(3b30e6342e7149441aa64d1d4bd764b7) Importer(2089858483,b0f066a214c2f5e87bad3c948f4d605d) (ScriptedImporter) -> (artifact id: '9b4d577aac3297e4a30466fe798afb3b') in 0.0059892 seconds
Number of updated asset objects reloaded before import = 0Number of asset objects unloaded after import = 0

========================================================================
Received Import Request.
  Time since last request: 0.000015 seconds.
  path: Packages/com.unity.collab-proxy/Editor/AssetsUtils/Processor/UVCSAssetModificationProcessor.cs
  artifactKey: Guid(c53c624438663f74ab67fbdf8869ae18) Importer(2089858483,b0f066a214c2f5e87bad3c948f4d605d)
Start importing Packages/com.unity.collab-proxy/Editor/AssetsUtils/Processor/UVCSAssetModificationProcessor.cs using Guid(c53c624438663f74ab67fbdf8869ae18) Importer(2089858483,b0f066a214c2f5e87bad3c948f4d605d) (ScriptedImporter) -> (artifact id: 'a8877a4cfefb2bc2737b928d3a90b785') in 0.0065927 seconds
Number of updated asset objects reloaded before import = 0Number of asset objects unloaded after import = 0

========================================================================
Received Import Request.
  Time since last request: 0.000017 seconds.
  path: Packages/com.unity.collab-proxy/Editor/Assets/Styles/Base.uss
  artifactKey: Guid(bdf4f3d05dd541fa829ffa06bfbc8d0c) Importer(2089858483,b0f066a214c2f5e87bad3c948f4d605d)
Start importing Packages/com.unity.collab-proxy/Editor/Assets/Styles/Base.uss using Guid(bdf4f3d05dd541fa829ffa06bfbc8d0c) Importer(2089858483,b0f066a214c2f5e87bad3c948f4d605d) (ScriptedImporter) -> (artifact id: '047db84a296a7572cdb772d16305de13') in 0.0390964 seconds
Number of updated asset objects reloaded before import = 0Number of asset objects unloaded after import = 1

========================================================================
Received Import Request.
  Time since last request: 0.000024 seconds.
  path: Packages/com.unity.collab-proxy/Editor/Assets/Images/step3@2x.png
  artifactKey: Guid(36e6970b84831434a9eac79abd03700b) Importer(2089858483,b0f066a214c2f5e87bad3c948f4d605d)
Start importing Packages/com.unity.collab-proxy/Editor/Assets/Images/step3@2x.png using Guid(36e6970b84831434a9eac79abd03700b) Importer(2089858483,b0f066a214c2f5e87bad3c948f4d605d) (ScriptedImporter) -> (artifact id: '88e238ff825df808ed970c19425203d2') in 0.0149617 seconds
Number of updated asset objects reloaded before import = 0Number of asset objects unloaded after import = 1

========================================================================
Received Import Request.
  Time since last request: 0.000016 seconds.
  path: Packages/com.unity.collab-proxy/Editor/CodeEditor/Document/NewLineFinder.cs
  artifactKey: Guid(e000057c8aef84d6d81a07b18c13db7e) Importer(2089858483,b0f066a214c2f5e87bad3c948f4d605d)
Start importing Packages/com.unity.collab-proxy/Editor/CodeEditor/Document/NewLineFinder.cs using Guid(e000057c8aef84d6d81a07b18c13db7e) Importer(2089858483,b0f066a214c2f5e87bad3c948f4d605d) (ScriptedImporter) -> (artifact id: 'ff56c09e4d54f7ba0d5fd42edb8c9da0') in 0.0054012 seconds
Number of updated asset objects reloaded before import = 0Number of asset objects unloaded after import = 0

========================================================================
Received Import Request.
  Time since last request: 0.000016 seconds.
  path: Packages/com.unity.collab-proxy/Editor/CodeEditor/Document/OffsetChangeMap.cs
  artifactKey: Guid(c75b18825b89d4e2485182ab4ea5ddda) Importer(2089858483,b0f066a214c2f5e87bad3c948f4d605d)
Start importing Packages/com.unity.collab-proxy/Editor/CodeEditor/Document/OffsetChangeMap.cs using Guid(c75b18825b89d4e2485182ab4ea5ddda) Importer(2089858483,b0f066a214c2f5e87bad3c948f4d605d) (ScriptedImporter) -> (artifact id: 'b387f7f3a4114f83632e7bdca258f99b') in 0.005452 seconds
Number of updated asset objects reloaded before import = 0Number of asset objects unloaded after import = 0

========================================================================
Received Import Request.
  Time since last request: 0.000019 seconds.
  path: Packages/com.unity.collab-proxy/Editor/CodeEditor/Editing/TextArea.cs
  artifactKey: Guid(76f83e4befc84169b2dab9ee2cc3545f) Importer(2089858483,b0f066a214c2f5e87bad3c948f4d605d)
Start importing Packages/com.unity.collab-proxy/Editor/CodeEditor/Editing/TextArea.cs using Guid(76f83e4befc84169b2dab9ee2cc3545f) Importer(2089858483,b0f066a214c2f5e87bad3c948f4d605d) (ScriptedImporter) -> (artifact id: '3171f6c4b252ddb5d14b6736dd0324a2') in 0.0069061 seconds
Number of updated asset objects reloaded before import = 0Number of asset objects unloaded after import = 0

========================================================================
Received Import Request.
  Time since last request: 0.000027 seconds.
  path: Packages/com.unity.collab-proxy/Editor/CodeEditor/Editing/SelectionLayer.cs
  artifactKey: Guid(e474d6ad70f144ef80492c464c2e8d4c) Importer(2089858483,b0f066a214c2f5e87bad3c948f4d605d)
Start importing Packages/com.unity.collab-proxy/Editor/CodeEditor/Editing/SelectionLayer.cs using Guid(e474d6ad70f144ef80492c464c2e8d4c) Importer(2089858483,b0f066a214c2f5e87bad3c948f4d605d) (ScriptedImporter) -> (artifact id: '77b51c6c89a400393cf2ecf294811e80') in 0.0068089 seconds
Number of updated asset objects reloaded before import = 0Number of asset objects unloaded after import = 0

========================================================================
Received Import Request.
  Time since last request: 0.000016 seconds.
  path: Packages/com.unity.collab-proxy/Editor/Assets/Images/step3.png
  artifactKey: Guid(69899ed144c8eea4baea48b858b37746) Importer(2089858483,b0f066a214c2f5e87bad3c948f4d605d)
Start importing Packages/com.unity.collab-proxy/Editor/Assets/Images/step3.png using Guid(69899ed144c8eea4baea48b858b37746) Importer(2089858483,b0f066a214c2f5e87bad3c948f4d605d) (ScriptedImporter) -> (artifact id: 'd3f0d44bdeb67b0b51bc3eb59dfde4f5') in 0.0147762 seconds
Number of updated asset objects reloaded before import = 0Number of asset objects unloaded after import = 1

========================================================================
Received Import Request.
  Time since last request: 0.000017 seconds.
  path: Packages/com.unity.collab-proxy/Editor/CloudDrive/CreateWorkspace/CollaboratorsListViewItem.cs
  artifactKey: Guid(a287a16eb8f0400e86cec102678ab7a5) Importer(2089858483,b0f066a214c2f5e87bad3c948f4d605d)
Start importing Packages/com.unity.collab-proxy/Editor/CloudDrive/CreateWorkspace/CollaboratorsListViewItem.cs using Guid(a287a16eb8f0400e86cec102678ab7a5) Importer(2089858483,b0f066a214c2f5e87bad3c948f4d605d) (ScriptedImporter) -> (artifact id: '7dc1f98f6e639d32dcff8757697b068c') in 0.0057535 seconds
Number of updated asset objects reloaded before import = 0Number of asset objects unloaded after import = 0

========================================================================
Received Import Request.
  Time since last request: 0.000021 seconds.
  path: Packages/com.unity.collab-proxy/Editor/AssetsUtils/Processor/UnityCloudProjectLinkMonitor.cs
  artifactKey: Guid(b77071fd36e946809b40d79e6ba9fe8a) Importer(2089858483,b0f066a214c2f5e87bad3c948f4d605d)
Start importing Packages/com.unity.collab-proxy/Editor/AssetsUtils/Processor/UnityCloudProjectLinkMonitor.cs using Guid(b77071fd36e946809b40d79e6ba9fe8a) Importer(2089858483,b0f066a214c2f5e87bad3c948f4d605d) (ScriptedImporter) -> (artifact id: 'efe5ff1c3efc279af56720fe192a3412') in 0.0054096 seconds
Number of updated asset objects reloaded before import = 0Number of asset objects unloaded after import = 0

========================================================================
Received Import Request.
  Time since last request: 0.000028 seconds.
  path: Packages/com.unity.collab-proxy/Editor/CodeEditor/Document/TextLocation.cs
  artifactKey: Guid(690c38bf24d7648d381bc95a526c5f29) Importer(2089858483,b0f066a214c2f5e87bad3c948f4d605d)
Start importing Packages/com.unity.collab-proxy/Editor/CodeEditor/Document/TextLocation.cs using Guid(690c38bf24d7648d381bc95a526c5f29) Importer(2089858483,b0f066a214c2f5e87bad3c948f4d605d) (ScriptedImporter) -> (artifact id: 'f9405d6f54f744b101bc98c91c4f4737') in 0.0057031 seconds
Number of updated asset objects reloaded before import = 0Number of asset objects unloaded after import = 0

========================================================================
Received Import Request.
  Time since last request: 0.000015 seconds.
  path: Packages/com.unity.collab-proxy/Editor/Assets/Images/stepok@2x.png
  artifactKey: Guid(be340a165cb9c8d4cb50f1deeb51d4ea) Importer(2089858483,b0f066a214c2f5e87bad3c948f4d605d)
Start importing Packages/com.unity.collab-proxy/Editor/Assets/Images/stepok@2x.png using Guid(be340a165cb9c8d4cb50f1deeb51d4ea) Importer(2089858483,b0f066a214c2f5e87bad3c948f4d605d) (ScriptedImporter) -> (artifact id: 'cc1a3a8d1f449c3d556f31bd2d7ea5dd') in 0.0105744 seconds
Number of updated asset objects reloaded before import = 0Number of asset objects unloaded after import = 1

========================================================================
Received Import Request.
  Time since last request: 0.000015 seconds.
  path: Packages/com.unity.collab-proxy/Editor/Assets/Layouts/WaitingSignInPanel.uxml
  artifactKey: Guid(913c727eecab25c489fa2adbad9c9ab8) Importer(2089858483,b0f066a214c2f5e87bad3c948f4d605d)
Start importing Packages/com.unity.collab-proxy/Editor/Assets/Layouts/WaitingSignInPanel.uxml using Guid(913c727eecab25c489fa2adbad9c9ab8) Importer(2089858483,b0f066a214c2f5e87bad3c948f4d605d) (ScriptedImporter) -> (artifact id: '489fea71dfb7bc9a0b04fa2df81068ef') in 0.0588415 seconds
Number of updated asset objects reloaded before import = 0Number of asset objects unloaded after import = 2

========================================================================
Received Import Request.
  Time since last request: 0.000019 seconds.
  path: Packages/com.unity.collab-proxy/Editor/CodeEditor/Document/IUndoableOperation.cs
  artifactKey: Guid(85086b32b8552416fbdc73ec5d384b63) Importer(2089858483,b0f066a214c2f5e87bad3c948f4d605d)
Start importing Packages/com.unity.collab-proxy/Editor/CodeEditor/Document/IUndoableOperation.cs using Guid(85086b32b8552416fbdc73ec5d384b63) Importer(2089858483,b0f066a214c2f5e87bad3c948f4d605d) (ScriptedImporter) -> (artifact id: 'b3875126997cfe538aa41edd9ce314d9') in 0.0058842 seconds
Number of updated asset objects reloaded before import = 0Number of asset objects unloaded after import = 0

========================================================================
Received Import Request.
  Time since last request: 0.000031 seconds.
  path: Packages/com.unity.collab-proxy/Editor/CodeEditor/Document/ILineTracker.cs
  artifactKey: Guid(1bad6294dbf1045048f29381bfdf4961) Importer(2089858483,b0f066a214c2f5e87bad3c948f4d605d)
Start importing Packages/com.unity.collab-proxy/Editor/CodeEditor/Document/ILineTracker.cs using Guid(1bad6294dbf1045048f29381bfdf4961) Importer(2089858483,b0f066a214c2f5e87bad3c948f4d605d) (ScriptedImporter) -> (artifact id: 'c45a532a69f3aa1495f0e11dc6f45aef') in 0.0069227 seconds
Number of updated asset objects reloaded before import = 0Number of asset objects unloaded after import = 0

========================================================================
Received Import Request.
  Time since last request: 0.000014 seconds.
  path: Packages/com.unity.collab-proxy/Editor/Assets/Styles/DownloadPlasticExeDialog.uss
  artifactKey: Guid(3073089003718474ab284d743790fbb2) Importer(2089858483,b0f066a214c2f5e87bad3c948f4d605d)
Start importing Packages/com.unity.collab-proxy/Editor/Assets/Styles/DownloadPlasticExeDialog.uss using Guid(3073089003718474ab284d743790fbb2) Importer(2089858483,b0f066a214c2f5e87bad3c948f4d605d) (ScriptedImporter) -> (artifact id: 'af3ee2f0cbd755da5698b8987aa2bbdc') in 0.0080625 seconds
Number of updated asset objects reloaded before import = 0Number of asset objects unloaded after import = 2

========================================================================
Received Import Request.
  Time since last request: 0.000015 seconds.
  path: Packages/com.unity.collab-proxy/Editor/CodeEditor/Document/TextAnchorNode.cs
  artifactKey: Guid(8d60b8806ad5a453e978d149b4442288) Importer(2089858483,b0f066a214c2f5e87bad3c948f4d605d)
Start importing Packages/com.unity.collab-proxy/Editor/CodeEditor/Document/TextAnchorNode.cs using Guid(8d60b8806ad5a453e978d149b4442288) Importer(2089858483,b0f066a214c2f5e87bad3c948f4d605d) (ScriptedImporter) -> (artifact id: 'c0f80ae2b687a1db23bcf717e0aaf429') in 0.0057801 seconds
Number of updated asset objects reloaded before import = 0Number of asset objects unloaded after import = 0

========================================================================
Received Import Request.
  Time since last request: 0.000017 seconds.
  path: Packages/com.unity.collab-proxy/Editor/CodeEditor/Editing/DragDropException.cs
  artifactKey: Guid(4809ab5cb1988e5449f9e1911e77d7ef) Importer(2089858483,b0f066a214c2f5e87bad3c948f4d605d)
Start importing Packages/com.unity.collab-proxy/Editor/CodeEditor/Editing/DragDropException.cs using Guid(4809ab5cb1988e5449f9e1911e77d7ef) Importer(2089858483,b0f066a214c2f5e87bad3c948f4d605d) (ScriptedImporter) -> (artifact id: 'c4df14891671fc5a67b62e1113063684') in 0.0055449 seconds
Number of updated asset objects reloaded before import = 0Number of asset objects unloaded after import = 0

========================================================================
Received Import Request.
  Time since last request: 0.000024 seconds.
  path: Packages/com.unity.collab-proxy/Editor/Assets/Images/stepok.png
  artifactKey: Guid(d4780dc1205c7c7478c970d8c61d24e8) Importer(2089858483,b0f066a214c2f5e87bad3c948f4d605d)
Start importing Packages/com.unity.collab-proxy/Editor/Assets/Images/stepok.png using Guid(d4780dc1205c7c7478c970d8c61d24e8) Importer(2089858483,b0f066a214c2f5e87bad3c948f4d605d) (ScriptedImporter) -> (artifact id: 'fdc557ddb3b56135c9225219822d438e') in 0.012574 seconds
Number of updated asset objects reloaded before import = 0Number of asset objects unloaded after import = 1

========================================================================
Received Import Request.
  Time since last request: 0.000015 seconds.
  path: Packages/com.unity.collab-proxy/Editor/CodeEditor/Editing/CaretNavigationCommandHandler.cs
  artifactKey: Guid(5f7e5d5ce5c2fd6418dddab8e9586141) Importer(2089858483,b0f066a214c2f5e87bad3c948f4d605d)
Start importing Packages/com.unity.collab-proxy/Editor/CodeEditor/Editing/CaretNavigationCommandHandler.cs using Guid(5f7e5d5ce5c2fd6418dddab8e9586141) Importer(2089858483,b0f066a214c2f5e87bad3c948f4d605d) (ScriptedImporter) -> (artifact id: '3f6be5902c6690323eae1380dd5e575e') in 0.0059389 seconds
Number of updated asset objects reloaded before import = 0Number of asset objects unloaded after import = 0

========================================================================
Received Import Request.
  Time since last request: 0.000014 seconds.
  path: Packages/com.unity.collab-proxy/Editor/Assets/Layouts/DownloadPlasticExeDialog.uxml
  artifactKey: Guid(3da0c7cf51d8e4b40a5af55a4ca63e4e) Importer(2089858483,b0f066a214c2f5e87bad3c948f4d605d)
Start importing Packages/com.unity.collab-proxy/Editor/Assets/Layouts/DownloadPlasticExeDialog.uxml using Guid(3da0c7cf51d8e4b40a5af55a4ca63e4e) Importer(2089858483,b0f066a214c2f5e87bad3c948f4d605d) (ScriptedImporter) -> (artifact id: 'e69c9a73e71389c6850fe77cc1ac18a5') in 0.0109569 seconds
Number of updated asset objects reloaded before import = 0Number of asset objects unloaded after import = 2

========================================================================
Received Import Request.
  Time since last request: 0.000017 seconds.
  path: Packages/com.unity.collab-proxy/Editor/CodeEditor/Editing/Selection.cs
  artifactKey: Guid(7289f88fb8294b549b7bc6d75d95d475) Importer(2089858483,b0f066a214c2f5e87bad3c948f4d605d)
Start importing Packages/com.unity.collab-proxy/Editor/CodeEditor/Editing/Selection.cs using Guid(7289f88fb8294b549b7bc6d75d95d475) Importer(2089858483,b0f066a214c2f5e87bad3c948f4d605d) (ScriptedImporter) -> (artifact id: '27785a4d8edf21cd98c368eaa85c8d9b') in 0.0064887 seconds
Number of updated asset objects reloaded before import = 0Number of asset objects unloaded after import = 0

========================================================================
Received Import Request.
  Time since last request: 0.000026 seconds.
  path: Packages/com.unity.collab-proxy/Editor/Assets/Images/xlink.png
  artifactKey: Guid(556a2f3b046024d4c9621c1b4be5f0c1) Importer(2089858483,b0f066a214c2f5e87bad3c948f4d605d)
Start importing Packages/com.unity.collab-proxy/Editor/Assets/Images/xlink.png using Guid(556a2f3b046024d4c9621c1b4be5f0c1) Importer(2089858483,b0f066a214c2f5e87bad3c948f4d605d) (ScriptedImporter) -> (artifact id: 'a4433f9c705632f891b1b0d4f2f8a880') in 0.0114492 seconds
Number of updated asset objects reloaded before import = 0Number of asset objects unloaded after import = 1

========================================================================
Received Import Request.
  Time since last request: 0.000013 seconds.
  path: Packages/com.unity.collab-proxy/Editor/Assets/Images/icondeletedlocaloverlay@2x.png
  artifactKey: Guid(a3e491f99ea3ad74f8731ca93e84c497) Importer(2089858483,b0f066a214c2f5e87bad3c948f4d605d)
Start importing Packages/com.unity.collab-proxy/Editor/Assets/Images/icondeletedlocaloverlay@2x.png using Guid(a3e491f99ea3ad74f8731ca93e84c497) Importer(2089858483,b0f066a214c2f5e87bad3c948f4d605d) (ScriptedImporter) -> (artifact id: '46ffff166a7a2056596067861409ca40') in 0.0131293 seconds
Number of updated asset objects reloaded before import = 0Number of asset objects unloaded after import = 1

========================================================================
Received Import Request.
  Time since last request: 0.000015 seconds.
  path: Packages/com.unity.collab-proxy/Editor/Assets/Images/iconconflictedoverlay@2x.png
  artifactKey: Guid(5679a74364f6b4440ab7e7aed55cd95e) Importer(2089858483,b0f066a214c2f5e87bad3c948f4d605d)
Start importing Packages/com.unity.collab-proxy/Editor/Assets/Images/iconconflictedoverlay@2x.png using Guid(5679a74364f6b4440ab7e7aed55cd95e) Importer(2089858483,b0f066a214c2f5e87bad3c948f4d605d) (ScriptedImporter) -> (artifact id: 'db2a363fe3aabbcb511b389649795df0') in 0.0133451 seconds
Number of updated asset objects reloaded before import = 0Number of asset objects unloaded after import = 1

========================================================================
Received Import Request.
  Time since last request: 0.000017 seconds.
  path: Packages/com.unity.collab-proxy/Editor/Assets/Images/iconpendingchangesview.png
  artifactKey: Guid(034d3052cb4a54f028bf55f9f9115d3c) Importer(2089858483,b0f066a214c2f5e87bad3c948f4d605d)
Start importing Packages/com.unity.collab-proxy/Editor/Assets/Images/iconpendingchangesview.png using Guid(034d3052cb4a54f028bf55f9f9115d3c) Importer(2089858483,b0f066a214c2f5e87bad3c948f4d605d) (ScriptedImporter) -> (artifact id: '1adc6b2b6acf1888233001b7e97eeeb5') in 0.0147634 seconds
Number of updated asset objects reloaded before import = 0Number of asset objects unloaded after import = 3

========================================================================
Received Import Request.
  Time since last request: 0.000021 seconds.
  path: Packages/com.unity.collab-proxy/Editor/Assets/Images/iconzoomout.png
  artifactKey: Guid(0727168a534af3641a8e744834225825) Importer(2089858483,b0f066a214c2f5e87bad3c948f4d605d)
Start importing Packages/com.unity.collab-proxy/Editor/Assets/Images/iconzoomout.png using Guid(0727168a534af3641a8e744834225825) Importer(2089858483,b0f066a214c2f5e87bad3c948f4d605d) (ScriptedImporter) -> (artifact id: 'da2b0fa45b2d3b82da407d84c4d13466') in 0.0128394 seconds
Number of updated asset objects reloaded before import = 0Number of asset objects unloaded after import = 3

========================================================================
Received Import Request.
  Time since last request: 0.000014 seconds.
  path: Packages/com.unity.collab-proxy/Editor/Assets/Images/d_iconshelve.png
  artifactKey: Guid(292bae633fda01e41b8847fad37495c2) Importer(2089858483,b0f066a214c2f5e87bad3c948f4d605d)
Start importing Packages/com.unity.collab-proxy/Editor/Assets/Images/d_iconshelve.png using Guid(292bae633fda01e41b8847fad37495c2) Importer(2089858483,b0f066a214c2f5e87bad3c948f4d605d) (ScriptedImporter) -> (artifact id: 'd79decf29f796f005979bf32071a756c') in 0.0140005 seconds
Number of updated asset objects reloaded before import = 0Number of asset objects unloaded after import = 3

========================================================================
Received Import Request.
  Time since last request: 0.000017 seconds.
  path: Packages/com.unity.collab-proxy/Editor/CodeEditor/Rendering/BackgroundGeometryBuilder.cs
  artifactKey: Guid(fa79c7e1470e47549b088019b6adeb6b) Importer(2089858483,b0f066a214c2f5e87bad3c948f4d605d)
Start importing Packages/com.unity.collab-proxy/Editor/CodeEditor/Rendering/BackgroundGeometryBuilder.cs using Guid(fa79c7e1470e47549b088019b6adeb6b) Importer(2089858483,b0f066a214c2f5e87bad3c948f4d605d) (ScriptedImporter) -> (artifact id: '6085c7781ebeefc1dce696a68e44005a') in 0.0059079 seconds
Number of updated asset objects reloaded before import = 0Number of asset objects unloaded after import = 0

========================================================================
Received Import Request.
  Time since last request: 0.000023 seconds.
  path: Packages/com.unity.collab-proxy/Editor/CodeEditor/Utils/ObserveAddRemoveCollection.cs
  artifactKey: Guid(c14f63df55204483b94566ff24521e70) Importer(2089858483,b0f066a214c2f5e87bad3c948f4d605d)
Start importing Packages/com.unity.collab-proxy/Editor/CodeEditor/Utils/ObserveAddRemoveCollection.cs using Guid(c14f63df55204483b94566ff24521e70) Importer(2089858483,b0f066a214c2f5e87bad3c948f4d605d) (ScriptedImporter) -> (artifact id: 'ec23e5012bde1be2a8717686be70068b') in 0.0119853 seconds
Number of updated asset objects reloaded before import = 0Number of asset objects unloaded after import = 0

========================================================================
Received Import Request.
  Time since last request: 0.000017 seconds.
  path: Packages/com.unity.collab-proxy/Editor/CodeEditor/Utils/BusyManager.cs
  artifactKey: Guid(a2601a7e62a84d3e95fe8be6d25a7280) Importer(2089858483,b0f066a214c2f5e87bad3c948f4d605d)
Start importing Packages/com.unity.collab-proxy/Editor/CodeEditor/Utils/BusyManager.cs using Guid(a2601a7e62a84d3e95fe8be6d25a7280) Importer(2089858483,b0f066a214c2f5e87bad3c948f4d605d) (ScriptedImporter) -> (artifact id: '70d40d3158801f48e780ecd17cc1dd2f') in 0.0052771 seconds
Number of updated asset objects reloaded before import = 0Number of asset objects unloaded after import = 0

========================================================================
Received Import Request.
  Time since last request: 0.000017 seconds.
  path: Packages/com.unity.collab-proxy/Editor/Gluon/UpdateReport/UpdateReportListView.cs
  artifactKey: Guid(c5d431e8131b1d74897c1a18b5e76932) Importer(2089858483,b0f066a214c2f5e87bad3c948f4d605d)
Start importing Packages/com.unity.collab-proxy/Editor/Gluon/UpdateReport/UpdateReportListView.cs using Guid(c5d431e8131b1d74897c1a18b5e76932) Importer(2089858483,b0f066a214c2f5e87bad3c948f4d605d) (ScriptedImporter) -> (artifact id: '4ebf230f692eca4597e3bf1ff959187b') in 0.0062928 seconds
Number of updated asset objects reloaded before import = 0Number of asset objects unloaded after import = 0

========================================================================
Received Import Request.
  Time since last request: 0.000024 seconds.
  path: Packages/com.unity.collab-proxy/Editor/CodeEditor/Utils/IFreezable.cs
  artifactKey: Guid(036a88373b074a0cb5c99d4568e77563) Importer(2089858483,b0f066a214c2f5e87bad3c948f4d605d)
Start importing Packages/com.unity.collab-proxy/Editor/CodeEditor/Utils/IFreezable.cs using Guid(036a88373b074a0cb5c99d4568e77563) Importer(2089858483,b0f066a214c2f5e87bad3c948f4d605d) (ScriptedImporter) -> (artifact id: '34f29b7dc845657576c4eede5ef95477') in 0.0058379 seconds
Number of updated asset objects reloaded before import = 0Number of asset objects unloaded after import = 0

========================================================================
Received Import Request.
  Time since last request: 0.000014 seconds.
  path: Packages/com.unity.collab-proxy/Editor/CodeEditor/Rendering/CollapsedLineSection.cs
  artifactKey: Guid(57aabb9a9c3b4759aa549ef5e8bf7f07) Importer(2089858483,b0f066a214c2f5e87bad3c948f4d605d)
Start importing Packages/com.unity.collab-proxy/Editor/CodeEditor/Rendering/CollapsedLineSection.cs using Guid(57aabb9a9c3b4759aa549ef5e8bf7f07) Importer(2089858483,b0f066a214c2f5e87bad3c948f4d605d) (ScriptedImporter) -> (artifact id: '78a8628f965adbb358111bc316b23577') in 0.0067776 seconds
Number of updated asset objects reloaded before import = 0Number of asset objects unloaded after import = 0

========================================================================
Received Import Request.
  Time since last request: 0.000015 seconds.
  path: Packages/com.unity.collab-proxy/Editor/CodeEditor/Rendering/ITextRunConstructionContext.cs
  artifactKey: Guid(51def9dc85f6426281d8d68f63b72425) Importer(2089858483,b0f066a214c2f5e87bad3c948f4d605d)
Start importing Packages/com.unity.collab-proxy/Editor/CodeEditor/Rendering/ITextRunConstructionContext.cs using Guid(51def9dc85f6426281d8d68f63b72425) Importer(2089858483,b0f066a214c2f5e87bad3c948f4d605d) (ScriptedImporter) -> (artifact id: '442a924c1b86e4a80edde21044bec8e8') in 0.0057933 seconds
Number of updated asset objects reloaded before import = 0Number of asset objects unloaded after import = 0

========================================================================
Received Import Request.
  Time since last request: 0.000020 seconds.
  path: Packages/com.unity.collab-proxy/Editor/CodeEditor/Utils/ImmutableStack.cs
  artifactKey: Guid(9f34ddd268be4f129abea2667eff4185) Importer(2089858483,b0f066a214c2f5e87bad3c948f4d605d)
Start importing Packages/com.unity.collab-proxy/Editor/CodeEditor/Utils/ImmutableStack.cs using Guid(9f34ddd268be4f129abea2667eff4185) Importer(2089858483,b0f066a214c2f5e87bad3c948f4d605d) (ScriptedImporter) -> (artifact id: 'f9b21aafd82043285313e75382eefc6b') in 0.0061725 seconds
Number of updated asset objects reloaded before import = 0Number of asset objects unloaded after import = 0

========================================================================
Received Import Request.
  Time since last request: 0.000026 seconds.
  path: Packages/com.unity.collab-proxy/Editor/CodeEditor/Rendering/SimpleTextSource.cs
  artifactKey: Guid(3d90656409b04b918d9e0abfefbc39df) Importer(2089858483,b0f066a214c2f5e87bad3c948f4d605d)
Start importing Packages/com.unity.collab-proxy/Editor/CodeEditor/Rendering/SimpleTextSource.cs using Guid(3d90656409b04b918d9e0abfefbc39df) Importer(2089858483,b0f066a214c2f5e87bad3c948f4d605d) (ScriptedImporter) -> (artifact id: '76ba2d0f88d2b7f55d6f67882dc8b42e') in 0.0084117 seconds
Number of updated asset objects reloaded before import = 0Number of asset objects unloaded after import = 0

========================================================================
Received Import Request.
  Time since last request: 0.000016 seconds.
  path: Packages/com.unity.collab-proxy/Editor/CodeEditor/Platform/KeyModifiers.cs
  artifactKey: Guid(757ba4d39d48487da6bb88c8f846b385) Importer(2089858483,b0f066a214c2f5e87bad3c948f4d605d)
Start importing Packages/com.unity.collab-proxy/Editor/CodeEditor/Platform/KeyModifiers.cs using Guid(757ba4d39d48487da6bb88c8f846b385) Importer(2089858483,b0f066a214c2f5e87bad3c948f4d605d) (ScriptedImporter) -> (artifact id: 'e17b38e85176bda3aefa98ec524c2840') in 0.007028 seconds
Number of updated asset objects reloaded before import = 0Number of asset objects unloaded after import = 0

========================================================================
Received Import Request.
  Time since last request: 0.000019 seconds.
  path: Packages/com.unity.collab-proxy/Editor/CodeEditor/Rendering/CharacterHit.cs
  artifactKey: Guid(f7bef4518e6241d5b7ef35e385385335) Importer(2089858483,b0f066a214c2f5e87bad3c948f4d605d)
Start importing Packages/com.unity.collab-proxy/Editor/CodeEditor/Rendering/CharacterHit.cs using Guid(f7bef4518e6241d5b7ef35e385385335) Importer(2089858483,b0f066a214c2f5e87bad3c948f4d605d) (ScriptedImporter) -> (artifact id: 'ca228496ec02247749d1f3641294714e') in 0.0067922 seconds
Number of updated asset objects reloaded before import = 0Number of asset objects unloaded after import = 0

========================================================================
Received Import Request.
  Time since last request: 0.000026 seconds.
  path: Packages/com.unity.collab-proxy/Editor/CodeEditor/TextMate/GenericLineTransformer.cs
  artifactKey: Guid(439fd5e50e8547c3980e339ea634214d) Importer(2089858483,b0f066a214c2f5e87bad3c948f4d605d)
Start importing Packages/com.unity.collab-proxy/Editor/CodeEditor/TextMate/GenericLineTransformer.cs using Guid(439fd5e50e8547c3980e339ea634214d) Importer(2089858483,b0f066a214c2f5e87bad3c948f4d605d) (ScriptedImporter) -> (artifact id: 'ebe73864bd4cd51e27b4b2ec2f3328ba') in 0.0059178 seconds
Number of updated asset objects reloaded before import = 0Number of asset objects unloaded after import = 0

========================================================================
Received Import Request.
  Time since last request: 0.000017 seconds.
  path: Packages/com.unity.collab-proxy/Editor/CodeEditor/Utils/CompressingTreeList.cs
  artifactKey: Guid(1103767005f14426aff2dce0443ef707) Importer(2089858483,b0f066a214c2f5e87bad3c948f4d605d)
Start importing Packages/com.unity.collab-proxy/Editor/CodeEditor/Utils/CompressingTreeList.cs using Guid(1103767005f14426aff2dce0443ef707) Importer(2089858483,b0f066a214c2f5e87bad3c948f4d605d) (ScriptedImporter) -> (artifact id: '45424a19ec1d5dcd33149a6c954cce97') in 0.0060358 seconds
Number of updated asset objects reloaded before import = 0Number of asset objects unloaded after import = 0

========================================================================
Received Prepare
Refreshing native plugins compatible for Editor in 6.24 ms, found 5 plugins.
Preloading 0 native plugins for Editor in 0.00 ms.
Unloading 16 Unused Serialized files (Serialized files now loaded: 0)
Unloading 7194 unused Assets / (4.5 MB). Loaded Objects now: 8025.
Memory consumption went from 163.8 MB to 159.3 MB.
Total: 11.076100 ms (FindLiveObjects: 0.906500 ms CreateObjectMapping: 1.523900 ms MarkObjects: 6.091200 ms  DeleteObjects: 2.553500 ms)

Prepare: number of updated asset objects reloaded= 0
========================================================================
Received Prepare
Refreshing native plugins compatible for Editor in 7.96 ms, found 5 plugins.
Preloading 0 native plugins for Editor in 0.00 ms.
Unloading 16 Unused Serialized files (Serialized files now loaded: 0)
Unloading 7194 unused Assets / (4.4 MB). Loaded Objects now: 8025.
Memory consumption went from 163.8 MB to 159.4 MB.
Total: 15.058400 ms (FindLiveObjects: 0.871600 ms CreateObjectMapping: 1.510300 ms MarkObjects: 10.061500 ms  DeleteObjects: 2.613800 ms)

Prepare: number of updated asset objects reloaded= 0
========================================================================
Received Import Request.
  Time since last request: 1.974117 seconds.
  path: Packages/com.unity.collab-proxy/Editor/UI/Tree/CenteredContentPanel.cs
  artifactKey: Guid(19dca01e5c6a4d808cee50ff17837de5) Importer(2089858483,b0f066a214c2f5e87bad3c948f4d605d)
Start importing Packages/com.unity.collab-proxy/Editor/UI/Tree/CenteredContentPanel.cs using Guid(19dca01e5c6a4d808cee50ff17837de5) Importer(2089858483,b0f066a214c2f5e87bad3c948f4d605d) (ScriptedImporter) -> (artifact id: '820eb9bc988035acc566209e01f8d6c6') in 0.0201523 seconds
Number of updated asset objects reloaded before import = 0Number of asset objects unloaded after import = 0

========================================================================
Received Import Request.
  Time since last request: 0.000019 seconds.
  path: Packages/com.unity.collab-proxy/Editor/UI/Errors/ErrorsPanel.cs
  artifactKey: Guid(79a84f5f92624d57ae40a84a53bd9d24) Importer(2089858483,b0f066a214c2f5e87bad3c948f4d605d)
Start importing Packages/com.unity.collab-proxy/Editor/UI/Errors/ErrorsPanel.cs using Guid(79a84f5f92624d57ae40a84a53bd9d24) Importer(2089858483,b0f066a214c2f5e87bad3c948f4d605d) (ScriptedImporter) -> (artifact id: '3087044f9768143563ab2955dbfc1f88') in 0.0065536 seconds
Number of updated asset objects reloaded before import = 0Number of asset objects unloaded after import = 0

========================================================================
Received Import Request.
  Time since last request: 0.000018 seconds.
  path: Packages/com.unity.collab-proxy/Editor/UI/Tree/TableViewOperations.cs
  artifactKey: Guid(014287a1a6b67dd4e867168699dfdc2a) Importer(2089858483,b0f066a214c2f5e87bad3c948f4d605d)
Start importing Packages/com.unity.collab-proxy/Editor/UI/Tree/TableViewOperations.cs using Guid(014287a1a6b67dd4e867168699dfdc2a) Importer(2089858483,b0f066a214c2f5e87bad3c948f4d605d) (ScriptedImporter) -> (artifact id: 'c1140c1193b22cc1dd15b9fb4ff0d2a2') in 0.0054774 seconds
Number of updated asset objects reloaded before import = 0Number of asset objects unloaded after import = 0

========================================================================
Received Import Request.
  Time since last request: 0.000026 seconds.
  path: Packages/com.unity.collab-proxy/Editor/UI/UIElements/OverlayProgressControls.cs
  artifactKey: Guid(0288f47d0c1f4195b1fdf2c90407c9c3) Importer(2089858483,b0f066a214c2f5e87bad3c948f4d605d)
Start importing Packages/com.unity.collab-proxy/Editor/UI/UIElements/OverlayProgressControls.cs using Guid(0288f47d0c1f4195b1fdf2c90407c9c3) Importer(2089858483,b0f066a214c2f5e87bad3c948f4d605d) (ScriptedImporter) -> (artifact id: 'b456eee8bcf1a7d0b4bf9f64b0090327') in 0.0054943 seconds
Number of updated asset objects reloaded before import = 0Number of asset objects unloaded after import = 0

========================================================================
Received Import Request.
  Time since last request: 0.000017 seconds.
  path: Packages/com.unity.collab-proxy/Editor/UI/Tree/TreeViewItemIds.cs
  artifactKey: Guid(2986eff1677c33345b223bdaaee2d284) Importer(2089858483,b0f066a214c2f5e87bad3c948f4d605d)
Start importing Packages/com.unity.collab-proxy/Editor/UI/Tree/TreeViewItemIds.cs using Guid(2986eff1677c33345b223bdaaee2d284) Importer(2089858483,b0f066a214c2f5e87bad3c948f4d605d) (ScriptedImporter) -> (artifact id: '90a8a67fcc5e959c922201b056652d30') in 0.0054362 seconds
Number of updated asset objects reloaded before import = 0Number of asset objects unloaded after import = 0

========================================================================
Received Import Request.
  Time since last request: 0.000017 seconds.
  path: Packages/com.unity.collab-proxy/Editor/UI/Progress/DrawProgressForViews.cs
  artifactKey: Guid(ab0090fd6aa8c604a828244d4ba93c84) Importer(2089858483,b0f066a214c2f5e87bad3c948f4d605d)
Start importing Packages/com.unity.collab-proxy/Editor/UI/Progress/DrawProgressForViews.cs using Guid(ab0090fd6aa8c604a828244d4ba93c84) Importer(2089858483,b0f066a214c2f5e87bad3c948f4d605d) (ScriptedImporter) -> (artifact id: '71f8c6c5446840ea23047f0c57a036c0') in 0.0060164 seconds
Number of updated asset objects reloaded before import = 0Number of asset objects unloaded after import = 0

========================================================================
Received Import Request.
  Time since last request: 0.000020 seconds.
  path: Packages/com.unity.collab-proxy/Editor/Hub/Operations/DownloadRepository.cs
  artifactKey: Guid(608efd4e185fb9440bb8550d98e20ca4) Importer(2089858483,b0f066a214c2f5e87bad3c948f4d605d)
Start importing Packages/com.unity.collab-proxy/Editor/Hub/Operations/DownloadRepository.cs using Guid(608efd4e185fb9440bb8550d98e20ca4) Importer(2089858483,b0f066a214c2f5e87bad3c948f4d605d) (ScriptedImporter) -> (artifact id: 'ee16b496bc5600cd7277aa84eeeaa8cc') in 0.0061819 seconds
Number of updated asset objects reloaded before import = 0Number of asset objects unloaded after import = 0

========================================================================
Received Import Request.
  Time since last request: 0.000028 seconds.
  path: Packages/com.unity.collab-proxy/Editor/UI/Progress/ProgressControlsForWindow.cs
  artifactKey: Guid(304090ddaffb4aff8f35cc005018d302) Importer(2089858483,b0f066a214c2f5e87bad3c948f4d605d)
Start importing Packages/com.unity.collab-proxy/Editor/UI/Progress/ProgressControlsForWindow.cs using Guid(304090ddaffb4aff8f35cc005018d302) Importer(2089858483,b0f066a214c2f5e87bad3c948f4d605d) (ScriptedImporter) -> (artifact id: 'fa6ed66f8391d017a7d8f68ecacc8e7a') in 0.0074094 seconds
Number of updated asset objects reloaded before import = 0Number of asset objects unloaded after import = 0

========================================================================
Received Import Request.
  Time since last request: 0.000024 seconds.
  path: Packages/com.unity.collab-proxy/Editor/Hub/Operations/CreateWorkspace.cs
  artifactKey: Guid(de7c5b4b6cb58e546b24137064ac9025) Importer(2089858483,b0f066a214c2f5e87bad3c948f4d605d)
Start importing Packages/com.unity.collab-proxy/Editor/Hub/Operations/CreateWorkspace.cs using Guid(de7c5b4b6cb58e546b24137064ac9025) Importer(2089858483,b0f066a214c2f5e87bad3c948f4d605d) (ScriptedImporter) -> (artifact id: 'ac4efefc76c1c7e4f1a7256d3ec64ee5') in 0.0057693 seconds
Number of updated asset objects reloaded before import = 0Number of asset objects unloaded after import = 0

========================================================================
Received Import Request.
  Time since last request: 0.000023 seconds.
  path: Packages/com.unity.collab-proxy/Editor/UI/Progress/OperationProgressData.cs
  artifactKey: Guid(3e858d866b71d5245b9b869476a487f1) Importer(2089858483,b0f066a214c2f5e87bad3c948f4d605d)
Start importing Packages/com.unity.collab-proxy/Editor/UI/Progress/OperationProgressData.cs using Guid(3e858d866b71d5245b9b869476a487f1) Importer(2089858483,b0f066a214c2f5e87bad3c948f4d605d) (ScriptedImporter) -> (artifact id: '3295225b0f608f6e13e25d6698a4455f') in 0.0062998 seconds
Number of updated asset objects reloaded before import = 0Number of asset objects unloaded after import = 0

========================================================================
Received Import Request.
  Time since last request: 0.000026 seconds.
  path: Packages/com.unity.collab-proxy/Editor/UI/Avatar/GetAvatar.cs
  artifactKey: Guid(0afb4c6d979970647841ee14a55b8d25) Importer(2089858483,b0f066a214c2f5e87bad3c948f4d605d)
Start importing Packages/com.unity.collab-proxy/Editor/UI/Avatar/GetAvatar.cs using Guid(0afb4c6d979970647841ee14a55b8d25) Importer(2089858483,b0f066a214c2f5e87bad3c948f4d605d) (ScriptedImporter) -> (artifact id: '6221e05033368fde28bf9ecdbdd8aeee') in 0.0070706 seconds
Number of updated asset objects reloaded before import = 0Number of asset objects unloaded after import = 0

========================================================================
Received Import Request.
  Time since last request: 0.000016 seconds.
  path: Packages/com.unity.collab-proxy/Editor/UI/Progress/ProgressControlsForDialogs.cs
  artifactKey: Guid(aa3f399d17e1dcf4c9e417ffce5eb905) Importer(2089858483,b0f066a214c2f5e87bad3c948f4d605d)
Start importing Packages/com.unity.collab-proxy/Editor/UI/Progress/ProgressControlsForDialogs.cs using Guid(aa3f399d17e1dcf4c9e417ffce5eb905) Importer(2089858483,b0f066a214c2f5e87bad3c948f4d605d) (ScriptedImporter) -> (artifact id: '2c4552cfb1fb957b285a1bc5d3f1b075') in 0.0066518 seconds
Number of updated asset objects reloaded before import = 0Number of asset objects unloaded after import = 0

========================================================================
Received Import Request.
  Time since last request: 0.000018 seconds.
  path: Packages/com.unity.collab-proxy/Editor/Assets/Images/exclusionrule.png
  artifactKey: Guid(8ebb93c64d7a141569a153a9d4fe9ae2) Importer(2089858483,b0f066a214c2f5e87bad3c948f4d605d)
Start importing Packages/com.unity.collab-proxy/Editor/Assets/Images/exclusionrule.png using Guid(8ebb93c64d7a141569a153a9d4fe9ae2) Importer(2089858483,b0f066a214c2f5e87bad3c948f4d605d) (ScriptedImporter) -> (artifact id: '8c5209f7fbd86d03777c9934f445fa8b') in 0.0122315 seconds
Number of updated asset objects reloaded before import = 0Number of asset objects unloaded after import = 3

========================================================================
Received Import Request.
  Time since last request: 0.000026 seconds.
  path: Packages/com.unity.collab-proxy/Editor/Assets/Images/d_iconzoomout.png
  artifactKey: Guid(43735cb4df8a4aa49b379e83bd9d77b8) Importer(2089858483,b0f066a214c2f5e87bad3c948f4d605d)
Start importing Packages/com.unity.collab-proxy/Editor/Assets/Images/d_iconzoomout.png using Guid(43735cb4df8a4aa49b379e83bd9d77b8) Importer(2089858483,b0f066a214c2f5e87bad3c948f4d605d) (ScriptedImporter) -> (artifact id: '0fa54933db1d0ff23484bf723e525ad0') in 0.0131313 seconds
Number of updated asset objects reloaded before import = 0Number of asset objects unloaded after import = 3

========================================================================
Received Import Request.
  Time since last request: 0.000019 seconds.
  path: Packages/com.unity.collab-proxy/Editor/UI/UIElements/ProgressControlsForDialogs.cs
  artifactKey: Guid(f213e847b2dfa264ea3243bef42fbef0) Importer(2089858483,b0f066a214c2f5e87bad3c948f4d605d)
Start importing Packages/com.unity.collab-proxy/Editor/UI/UIElements/ProgressControlsForDialogs.cs using Guid(f213e847b2dfa264ea3243bef42fbef0) Importer(2089858483,b0f066a214c2f5e87bad3c948f4d605d) (ScriptedImporter) -> (artifact id: 'fefe8655895dbafede0d1f170552c8a7') in 0.0057191 seconds
Number of updated asset objects reloaded before import = 0Number of asset objects unloaded after import = 0

========================================================================
Received Import Request.
  Time since last request: 0.000019 seconds.
  path: Packages/com.unity.collab-proxy/Editor/Assets/Images/iconbranch.png
  artifactKey: Guid(981b1c6358520f245a69c070270eca96) Importer(2089858483,b0f066a214c2f5e87bad3c948f4d605d)
Start importing Packages/com.unity.collab-proxy/Editor/Assets/Images/iconbranch.png using Guid(981b1c6358520f245a69c070270eca96) Importer(2089858483,b0f066a214c2f5e87bad3c948f4d605d) (ScriptedImporter) -> (artifact id: 'f8e6c9180cd46b4ffb35d3bc1bd1a498') in 0.0117922 seconds
Number of updated asset objects reloaded before import = 0Number of asset objects unloaded after import = 3

========================================================================
Received Import Request.
  Time since last request: 0.000025 seconds.
  path: Packages/com.unity.collab-proxy/Editor/UI/Progress/LoadingSpinner.cs
  artifactKey: Guid(8cee66aefde0415886a851167a19c933) Importer(2089858483,b0f066a214c2f5e87bad3c948f4d605d)
Start importing Packages/com.unity.collab-proxy/Editor/UI/Progress/LoadingSpinner.cs using Guid(8cee66aefde0415886a851167a19c933) Importer(2089858483,b0f066a214c2f5e87bad3c948f4d605d) (ScriptedImporter) -> (artifact id: 'fe8108ebe4a6950b327af97121807bb7') in 0.0055871 seconds
Number of updated asset objects reloaded before import = 0Number of asset objects unloaded after import = 0

========================================================================
Received Import Request.
  Time since last request: 0.000016 seconds.
  path: Packages/com.unity.collab-proxy/Editor/Assets/Images/iconcheckedoutlocaloverlay@2x.png
  artifactKey: Guid(3999034958d54364da380a8839a11050) Importer(2089858483,b0f066a214c2f5e87bad3c948f4d605d)
Start importing Packages/com.unity.collab-proxy/Editor/Assets/Images/iconcheckedoutlocaloverlay@2x.png using Guid(3999034958d54364da380a8839a11050) Importer(2089858483,b0f066a214c2f5e87bad3c948f4d605d) (ScriptedImporter) -> (artifact id: 'b10997e4a365f77eb4283943a7b1e12a') in 0.0122068 seconds
Number of updated asset objects reloaded before import = 0Number of asset objects unloaded after import = 1

========================================================================
Received Import Request.
  Time since last request: 0.594443 seconds.
  path: Packages/com.unity.collab-proxy/Editor/Assets/Images/iconincomingchangesview.png
  artifactKey: Guid(c677bcd9111fb4514aa1a56844e9006f) Importer(2089858483,b0f066a214c2f5e87bad3c948f4d605d)
Start importing Packages/com.unity.collab-proxy/Editor/Assets/Images/iconincomingchangesview.png using Guid(c677bcd9111fb4514aa1a56844e9006f) Importer(2089858483,b0f066a214c2f5e87bad3c948f4d605d) (ScriptedImporter) -> (artifact id: '63110629dad1feefc2d1144c96e86fb6') in 0.0190174 seconds
Number of updated asset objects reloaded before import = 0Number of asset objects unloaded after import = 3

========================================================================
Received Import Request.
  Time since last request: 0.000019 seconds.
  path: Packages/com.unity.collab-proxy/Editor/Views/BrowseRepository/BrowseRepositoryHeaderState.cs
  artifactKey: Guid(f3bae7db75ee4b749b96add6a75de44d) Importer(2089858483,b0f066a214c2f5e87bad3c948f4d605d)
Start importing Packages/com.unity.collab-proxy/Editor/Views/BrowseRepository/BrowseRepositoryHeaderState.cs using Guid(f3bae7db75ee4b749b96add6a75de44d) Importer(2089858483,b0f066a214c2f5e87bad3c948f4d605d) (ScriptedImporter) -> (artifact id: 'f3dfee7e7f1d234deb9d830dae8dbb87') in 0.0063729 seconds
Number of updated asset objects reloaded before import = 0Number of asset objects unloaded after import = 0

========================================================================
Received Import Request.
  Time since last request: 0.000024 seconds.
  path: Packages/com.unity.collab-proxy/Editor/Views/BranchExplorer/BranchExplorerEmptyStatePanel.cs
  artifactKey: Guid(9448d1113e54b49bca25d38a852635b2) Importer(2089858483,b0f066a214c2f5e87bad3c948f4d605d)
Start importing Packages/com.unity.collab-proxy/Editor/Views/BranchExplorer/BranchExplorerEmptyStatePanel.cs using Guid(9448d1113e54b49bca25d38a852635b2) Importer(2089858483,b0f066a214c2f5e87bad3c948f4d605d) (ScriptedImporter) -> (artifact id: '6695cbd234cbb22896220c7cbf4e819c') in 0.0062348 seconds
Number of updated asset objects reloaded before import = 0Number of asset objects unloaded after import = 0

========================================================================
Received Import Request.
  Time since last request: 0.000013 seconds.
  path: Packages/com.unity.collab-proxy/Editor/Views/Diff/ChangesetByChangesetListView.cs
  artifactKey: Guid(1448ee204d2f476b8b002dbf6a65436a) Importer(2089858483,b0f066a214c2f5e87bad3c948f4d605d)
Start importing Packages/com.unity.collab-proxy/Editor/Views/Diff/ChangesetByChangesetListView.cs using Guid(1448ee204d2f476b8b002dbf6a65436a) Importer(2089858483,b0f066a214c2f5e87bad3c948f4d605d) (ScriptedImporter) -> (artifact id: 'd231b4f2d610ee5999a713304b0316cd') in 0.00635 seconds
Number of updated asset objects reloaded before import = 0Number of asset objects unloaded after import = 0

========================================================================
Received Import Request.
  Time since last request: 0.000016 seconds.
  path: Packages/com.unity.collab-proxy/Editor/Views/Changesets/CheckoutChangesetViewMenu.cs
  artifactKey: Guid(3eddf2b2cdcd47828e17dacecc9395d8) Importer(2089858483,b0f066a214c2f5e87bad3c948f4d605d)
Start importing Packages/com.unity.collab-proxy/Editor/Views/Changesets/CheckoutChangesetViewMenu.cs using Guid(3eddf2b2cdcd47828e17dacecc9395d8) Importer(2089858483,b0f066a214c2f5e87bad3c948f4d605d) (ScriptedImporter) -> (artifact id: 'ee0b21bf529bc08b865fe6831796d089') in 0.0072408 seconds
Number of updated asset objects reloaded before import = 0Number of asset objects unloaded after import = 0

========================================================================
Received Import Request.
  Time since last request: 0.000023 seconds.
  path: Packages/com.unity.collab-proxy/Editor/Views/Changesets/ChangesetsTab_Operations.cs
  artifactKey: Guid(06e8f2c592322e640ae99a833427b552) Importer(2089858483,b0f066a214c2f5e87bad3c948f4d605d)
Start importing Packages/com.unity.collab-proxy/Editor/Views/Changesets/ChangesetsTab_Operations.cs using Guid(06e8f2c592322e640ae99a833427b552) Importer(2089858483,b0f066a214c2f5e87bad3c948f4d605d) (ScriptedImporter) -> (artifact id: 'dae9d6bc84e60633e9f5bace4488fb75') in 0.0074135 seconds
Number of updated asset objects reloaded before import = 0Number of asset objects unloaded after import = 0

========================================================================
Received Import Request.
  Time since last request: 0.000016 seconds.
  path: Packages/com.unity.collab-proxy/Editor/UVCSToolbar/PopupWindow/UncontrolledPopupWindow.cs
  artifactKey: Guid(1ba537cc779f0474bb8c90d5315bbc74) Importer(2089858483,b0f066a214c2f5e87bad3c948f4d605d)
Start importing Packages/com.unity.collab-proxy/Editor/UVCSToolbar/PopupWindow/UncontrolledPopupWindow.cs using Guid(1ba537cc779f0474bb8c90d5315bbc74) Importer(2089858483,b0f066a214c2f5e87bad3c948f4d605d) (ScriptedImporter) -> (artifact id: 'd0c6ad58fff9d421222082425fd64a0e') in 0.0061794 seconds
Number of updated asset objects reloaded before import = 0Number of asset objects unloaded after import = 0

========================================================================
Received Import Request.
  Time since last request: 0.000036 seconds.
  path: Packages/com.unity.collab-proxy/Editor/Views/Attributes/AttributePanel.cs
  artifactKey: Guid(7d5374a12bef4020a4e16051c301ba71) Importer(2089858483,b0f066a214c2f5e87bad3c948f4d605d)
Start importing Packages/com.unity.collab-proxy/Editor/Views/Attributes/AttributePanel.cs using Guid(7d5374a12bef4020a4e16051c301ba71) Importer(2089858483,b0f066a214c2f5e87bad3c948f4d605d) (ScriptedImporter) -> (artifact id: '1f1b613bc11ea55eb8bd146d4e903391') in 0.0257967 seconds
Number of updated asset objects reloaded before import = 0Number of asset objects unloaded after import = 0

========================================================================
Received Import Request.
  Time since last request: 0.000029 seconds.
  path: Packages/com.unity.collab-proxy/Editor/Views/Diff/ChangeCategoryTreeViewItem.cs
  artifactKey: Guid(156e16594aa6bd54cb77aa3f8eae5c82) Importer(2089858483,b0f066a214c2f5e87bad3c948f4d605d)
Start importing Packages/com.unity.collab-proxy/Editor/Views/Diff/ChangeCategoryTreeViewItem.cs using Guid(156e16594aa6bd54cb77aa3f8eae5c82) Importer(2089858483,b0f066a214c2f5e87bad3c948f4d605d) (ScriptedImporter) -> (artifact id: '36aa948d0b2a348e4fd93e43fbe9f154') in 0.005986 seconds
Number of updated asset objects reloaded before import = 0Number of asset objects unloaded after import = 0

========================================================================
Received Import Request.
  Time since last request: 0.000022 seconds.
  path: Packages/com.unity.collab-proxy/Editor/Views/Changesets/ChangesetsListHeaderState.cs
  artifactKey: Guid(7ff9581aa143f4d41b4e351881b8f459) Importer(2089858483,b0f066a214c2f5e87bad3c948f4d605d)
Start importing Packages/com.unity.collab-proxy/Editor/Views/Changesets/ChangesetsListHeaderState.cs using Guid(7ff9581aa143f4d41b4e351881b8f459) Importer(2089858483,b0f066a214c2f5e87bad3c948f4d605d) (ScriptedImporter) -> (artifact id: 'fcc9ff3a2793956c9c7ff036d7c9a5ca') in 0.0069299 seconds
Number of updated asset objects reloaded before import = 0Number of asset objects unloaded after import = 0

========================================================================
Received Import Request.
  Time since last request: 0.000026 seconds.
  path: Packages/com.unity.collab-proxy/Editor/Views/CreateWorkspace/DrawCreateWorkspaceView.cs
  artifactKey: Guid(788db2c7ca3c2804d912f447ffc19856) Importer(2089858483,b0f066a214c2f5e87bad3c948f4d605d)
Start importing Packages/com.unity.collab-proxy/Editor/Views/CreateWorkspace/DrawCreateWorkspaceView.cs using Guid(788db2c7ca3c2804d912f447ffc19856) Importer(2089858483,b0f066a214c2f5e87bad3c948f4d605d) (ScriptedImporter) -> (artifact id: 'fe65b6918f2d80ea4526aeea1cc88f2e') in 0.0070199 seconds
Number of updated asset objects reloaded before import = 0Number of asset objects unloaded after import = 0

========================================================================
Received Import Request.
  Time since last request: 0.000015 seconds.
  path: Packages/com.unity.collab-proxy/Editor/Views/Changesets/ChangesetListViewItem.cs
  artifactKey: Guid(6000865ce7fbfc643abdd3d085b4422e) Importer(2089858483,b0f066a214c2f5e87bad3c948f4d605d)
Start importing Packages/com.unity.collab-proxy/Editor/Views/Changesets/ChangesetListViewItem.cs using Guid(6000865ce7fbfc643abdd3d085b4422e) Importer(2089858483,b0f066a214c2f5e87bad3c948f4d605d) (ScriptedImporter) -> (artifact id: 'e3fbc3062140e93a9c080a7bfe8f67e4') in 0.0056478 seconds
Number of updated asset objects reloaded before import = 0Number of asset objects unloaded after import = 0

========================================================================
Received Import Request.
  Time since last request: 0.000017 seconds.
  path: Packages/com.unity.collab-proxy/Editor/Views/Changesets/GetChangesetsQuery.cs
  artifactKey: Guid(cdf0cc5418c9fc44eade3d7480d7429e) Importer(2089858483,b0f066a214c2f5e87bad3c948f4d605d)
Start importing Packages/com.unity.collab-proxy/Editor/Views/Changesets/GetChangesetsQuery.cs using Guid(cdf0cc5418c9fc44eade3d7480d7429e) Importer(2089858483,b0f066a214c2f5e87bad3c948f4d605d) (ScriptedImporter) -> (artifact id: '34d08694587346cb4c5f307a4561e599') in 0.0067672 seconds
Number of updated asset objects reloaded before import = 0Number of asset objects unloaded after import = 0

========================================================================
Received Import Request.
  Time since last request: 0.000025 seconds.
  path: Packages/com.unity.collab-proxy/Editor/UI/UndoRedo/UndoRedoState.cs
  artifactKey: Guid(0e750291f98133747b5ebea5ce056f81) Importer(2089858483,b0f066a214c2f5e87bad3c948f4d605d)
Start importing Packages/com.unity.collab-proxy/Editor/UI/UndoRedo/UndoRedoState.cs using Guid(0e750291f98133747b5ebea5ce056f81) Importer(2089858483,b0f066a214c2f5e87bad3c948f4d605d) (ScriptedImporter) -> (artifact id: '596d01ef3da2831d9ce1400869e24fe0') in 0.0058442 seconds
Number of updated asset objects reloaded before import = 0Number of asset objects unloaded after import = 0

========================================================================
Received Import Request.
  Time since last request: 0.000015 seconds.
  path: Packages/com.unity.collab-proxy/Editor/Views/CreateWorkspace/CreateWorkspaceViewState.cs
  artifactKey: Guid(41633509da720014cbd77f755b378ce7) Importer(2089858483,b0f066a214c2f5e87bad3c948f4d605d)
Start importing Packages/com.unity.collab-proxy/Editor/Views/CreateWorkspace/CreateWorkspaceViewState.cs using Guid(41633509da720014cbd77f755b378ce7) Importer(2089858483,b0f066a214c2f5e87bad3c948f4d605d) (ScriptedImporter) -> (artifact id: '90639f86a0d57738ad424d3a97d62572') in 0.0061948 seconds
Number of updated asset objects reloaded before import = 0Number of asset objects unloaded after import = 0

========================================================================
Received Import Request.
  Time since last request: 0.000015 seconds.
  path: Packages/com.unity.collab-proxy/Editor/UI/UndoRedo/UndoRedoHelper.cs
  artifactKey: Guid(962c713f307637f459a3eb76c8aba5f0) Importer(2089858483,b0f066a214c2f5e87bad3c948f4d605d)
Start importing Packages/com.unity.collab-proxy/Editor/UI/UndoRedo/UndoRedoHelper.cs using Guid(962c713f307637f459a3eb76c8aba5f0) Importer(2089858483,b0f066a214c2f5e87bad3c948f4d605d) (ScriptedImporter) -> (artifact id: '345694cc8063b8572fb74d52fa00e199') in 0.0061695 seconds
Number of updated asset objects reloaded before import = 0Number of asset objects unloaded after import = 0

========================================================================
Received Import Request.
  Time since last request: 0.000019 seconds.
  path: Packages/com.unity.collab-proxy/Editor/Assets/Images/iconmovedoverlay.png
  artifactKey: Guid(d63fb8a8a3f06407e8e712a29a3499c0) Importer(2089858483,b0f066a214c2f5e87bad3c948f4d605d)
Start importing Packages/com.unity.collab-proxy/Editor/Assets/Images/iconmovedoverlay.png using Guid(d63fb8a8a3f06407e8e712a29a3499c0) Importer(2089858483,b0f066a214c2f5e87bad3c948f4d605d) (ScriptedImporter) -> (artifact id: '418de9192b1467e6242b09b3d51cae94') in 0.0125054 seconds
Number of updated asset objects reloaded before import = 0Number of asset objects unloaded after import = 3

========================================================================
Received Import Request.
  Time since last request: 0.000024 seconds.
  path: Packages/com.unity.collab-proxy/Editor/Views/BranchExplorer/BrExSearchField.cs
  artifactKey: Guid(08501ac9dc864ac3998d286a2a36aaf2) Importer(2089858483,b0f066a214c2f5e87bad3c948f4d605d)
Start importing Packages/com.unity.collab-proxy/Editor/Views/BranchExplorer/BrExSearchField.cs using Guid(08501ac9dc864ac3998d286a2a36aaf2) Importer(2089858483,b0f066a214c2f5e87bad3c948f4d605d) (ScriptedImporter) -> (artifact id: '51b8ea2d8e296a1f25625e81cf0a59d9') in 0.0056937 seconds
Number of updated asset objects reloaded before import = 0Number of asset objects unloaded after import = 0

========================================================================
Received Import Request.
  Time since last request: 0.000015 seconds.
  path: Packages/com.unity.collab-proxy/Editor/Assets/Images/iconprivateoverlay.png
  artifactKey: Guid(d69b2503b822f4c3a95386e4bc0c8668) Importer(2089858483,b0f066a214c2f5e87bad3c948f4d605d)
Start importing Packages/com.unity.collab-proxy/Editor/Assets/Images/iconprivateoverlay.png using Guid(d69b2503b822f4c3a95386e4bc0c8668) Importer(2089858483,b0f066a214c2f5e87bad3c948f4d605d) (ScriptedImporter) -> (artifact id: '2d345098f4452efe825bba50d026fa8d') in 0.0127623 seconds
Number of updated asset objects reloaded before import = 0Number of asset objects unloaded after import = 3

========================================================================
Received Import Request.
  Time since last request: 0.000021 seconds.
  path: Packages/com.unity.collab-proxy/Editor/Views/Changesets/ChangesetsSelection.cs
  artifactKey: Guid(20341761c2011b441b2a3af227beeb71) Importer(2089858483,b0f066a214c2f5e87bad3c948f4d605d)
Start importing Packages/com.unity.collab-proxy/Editor/Views/Changesets/ChangesetsSelection.cs using Guid(20341761c2011b441b2a3af227beeb71) Importer(2089858483,b0f066a214c2f5e87bad3c948f4d605d) (ScriptedImporter) -> (artifact id: '4ec18d1a44c5071d9e1eb86133f951c1') in 0.0066128 seconds
Number of updated asset objects reloaded before import = 0Number of asset objects unloaded after import = 0

========================================================================
Received Import Request.
  Time since last request: 0.000024 seconds.
  path: Packages/com.unity.collab-proxy/Editor/Views/Branch/BranchesListHeaderState.cs
  artifactKey: Guid(f4a41e458bcb22946bcfa6b165c90288) Importer(2089858483,b0f066a214c2f5e87bad3c948f4d605d)
Start importing Packages/com.unity.collab-proxy/Editor/Views/Branch/BranchesListHeaderState.cs using Guid(f4a41e458bcb22946bcfa6b165c90288) Importer(2089858483,b0f066a214c2f5e87bad3c948f4d605d) (ScriptedImporter) -> (artifact id: '1fbddc8d483331a7d7c34f8d3d966574') in 0.0059275 seconds
Number of updated asset objects reloaded before import = 0Number of asset objects unloaded after import = 0

========================================================================
Received Import Request.
  Time since last request: 0.472209 seconds.
  path: Packages/com.unity.collab-proxy/Editor/ApplicationDataPath.cs
  artifactKey: Guid(50503d5b64dbddc48a0bcba68901b3d6) Importer(2089858483,b0f066a214c2f5e87bad3c948f4d605d)
Start importing Packages/com.unity.collab-proxy/Editor/ApplicationDataPath.cs using Guid(50503d5b64dbddc48a0bcba68901b3d6) Importer(2089858483,b0f066a214c2f5e87bad3c948f4d605d) (ScriptedImporter) -> (artifact id: '18a17797323b33080efc4b97c756d88f') in 0.0059173 seconds
Number of updated asset objects reloaded before import = 0Number of asset objects unloaded after import = 0

========================================================================
Received Import Request.
  Time since last request: 0.000018 seconds.
  path: Packages/com.unity.collab-proxy/Editor/Views/Shelves/ShelvesSelection.cs
  artifactKey: Guid(e2ca16ee0b283be4f95ca8c96e549d3a) Importer(2089858483,b0f066a214c2f5e87bad3c948f4d605d)
Start importing Packages/com.unity.collab-proxy/Editor/Views/Shelves/ShelvesSelection.cs using Guid(e2ca16ee0b283be4f95ca8c96e549d3a) Importer(2089858483,b0f066a214c2f5e87bad3c948f4d605d) (ScriptedImporter) -> (artifact id: '09766c9e2ff3d1e3d5526d5ccf678420') in 0.0055681 seconds
Number of updated asset objects reloaded before import = 0Number of asset objects unloaded after import = 0

========================================================================
Received Import Request.
  Time since last request: 0.000024 seconds.
  path: Packages/com.unity.collab-proxy/Editor/Views/Labels/LabelsListHeaderState.cs
  artifactKey: Guid(2288af36c38fa57499c201d497d306c3) Importer(2089858483,b0f066a214c2f5e87bad3c948f4d605d)
Start importing Packages/com.unity.collab-proxy/Editor/Views/Labels/LabelsListHeaderState.cs using Guid(2288af36c38fa57499c201d497d306c3) Importer(2089858483,b0f066a214c2f5e87bad3c948f4d605d) (ScriptedImporter) -> (artifact id: '4323111cedea83e98e3e27f0e1e26c2e') in 0.0054691 seconds
Number of updated asset objects reloaded before import = 0Number of asset objects unloaded after import = 0

========================================================================
Received Import Request.
  Time since last request: 0.000015 seconds.
  path: Packages/com.unity.collab-proxy/Editor/Views/PendingChanges/ChangeCategoryTreeViewItem.cs
  artifactKey: Guid(ade7225274b3d4c32a9eb7e64f83c5a1) Importer(2089858483,b0f066a214c2f5e87bad3c948f4d605d)
Start importing Packages/com.unity.collab-proxy/Editor/Views/PendingChanges/ChangeCategoryTreeViewItem.cs using Guid(ade7225274b3d4c32a9eb7e64f83c5a1) Importer(2089858483,b0f066a214c2f5e87bad3c948f4d605d) (ScriptedImporter) -> (artifact id: '86bf57055fe09ad78f48d93ad83ca144') in 0.0083426 seconds
Number of updated asset objects reloaded before import = 0Number of asset objects unloaded after import = 0

========================================================================
Received Import Request.
  Time since last request: 0.000015 seconds.
  path: Packages/com.unity.collab-proxy/Editor/Views/Properties/CommentTextArea.cs
  artifactKey: Guid(135807053f9344668425b329212cc99c) Importer(2089858483,b0f066a214c2f5e87bad3c948f4d605d)
Start importing Packages/com.unity.collab-proxy/Editor/Views/Properties/CommentTextArea.cs using Guid(135807053f9344668425b329212cc99c) Importer(2089858483,b0f066a214c2f5e87bad3c948f4d605d) (ScriptedImporter) -> (artifact id: 'a222abd1bbededd0d56851b83cb05d27') in 0.0058193 seconds
Number of updated asset objects reloaded before import = 0Number of asset objects unloaded after import = 0

========================================================================
Received Import Request.
  Time since last request: 0.000016 seconds.
  path: Packages/com.unity.collab-proxy/Editor/Views/PendingChanges/PendingChangesTreeHeaderState.cs
  artifactKey: Guid(e57affb3c41ab402e86f99747be972a2) Importer(2089858483,b0f066a214c2f5e87bad3c948f4d605d)
Start importing Packages/com.unity.collab-proxy/Editor/Views/PendingChanges/PendingChangesTreeHeaderState.cs using Guid(e57affb3c41ab402e86f99747be972a2) Importer(2089858483,b0f066a214c2f5e87bad3c948f4d605d) (ScriptedImporter) -> (artifact id: '567414acf859cf9df1bc304bd5967923') in 0.0055332 seconds
Number of updated asset objects reloaded before import = 0Number of asset objects unloaded after import = 0

========================================================================
Received Import Request.
  Time since last request: 0.000020 seconds.
  path: Packages/com.unity.collab-proxy/Editor/Views/Merge/ApplyShelveReport.cs
  artifactKey: Guid(29bc9dedaf364d2890f65a2757fb6005) Importer(2089858483,b0f066a214c2f5e87bad3c948f4d605d)
Start importing Packages/com.unity.collab-proxy/Editor/Views/Merge/ApplyShelveReport.cs using Guid(29bc9dedaf364d2890f65a2757fb6005) Importer(2089858483,b0f066a214c2f5e87bad3c948f4d605d) (ScriptedImporter) -> (artifact id: 'd3f363b1def4f1fab4e7346f69b937d4') in 0.0069929 seconds
Number of updated asset objects reloaded before import = 0Number of asset objects unloaded after import = 0

========================================================================
Received Import Request.
  Time since last request: 0.000013 seconds.
  path: Packages/com.unity.collab-proxy/Editor/Views/PendingChanges/ChangelistTreeViewItem.cs
  artifactKey: Guid(e1a6d107a6d177540bc36d82a9449128) Importer(2089858483,b0f066a214c2f5e87bad3c948f4d605d)
Start importing Packages/com.unity.collab-proxy/Editor/Views/PendingChanges/ChangelistTreeViewItem.cs using Guid(e1a6d107a6d177540bc36d82a9449128) Importer(2089858483,b0f066a214c2f5e87bad3c948f4d605d) (ScriptedImporter) -> (artifact id: '0d322ee13606ae5ebc0cdc85e2b77423') in 0.005913 seconds
Number of updated asset objects reloaded before import = 0Number of asset objects unloaded after import = 0

========================================================================
Received Import Request.
  Time since last request: 0.000014 seconds.
  path: Packages/com.unity.collab-proxy/Editor/Views/PendingChanges/UnityPendingChangesTree.cs
  artifactKey: Guid(e4e6f1fad14d65f4b9e72a5675054db9) Importer(2089858483,b0f066a214c2f5e87bad3c948f4d605d)
Start importing Packages/com.unity.collab-proxy/Editor/Views/PendingChanges/UnityPendingChangesTree.cs using Guid(e4e6f1fad14d65f4b9e72a5675054db9) Importer(2089858483,b0f066a214c2f5e87bad3c948f4d605d) (ScriptedImporter) -> (artifact id: 'aa3c9da437cd2d353de7afe6b836d8f5') in 0.0069945 seconds
Number of updated asset objects reloaded before import = 0Number of asset objects unloaded after import = 0

========================================================================
Received Import Request.
  Time since last request: 0.000023 seconds.
  path: Packages/com.unity.collab-proxy/Editor/Views/PendingChanges/CreatedChangesetEmptyStatePanel.cs
  artifactKey: Guid(ce1788184c108ec4d8cbad6b14c4dae6) Importer(2089858483,b0f066a214c2f5e87bad3c948f4d605d)
Start importing Packages/com.unity.collab-proxy/Editor/Views/PendingChanges/CreatedChangesetEmptyStatePanel.cs using Guid(ce1788184c108ec4d8cbad6b14c4dae6) Importer(2089858483,b0f066a214c2f5e87bad3c948f4d605d) (ScriptedImporter) -> (artifact id: 'b8aa401f1df24efac2597e0ab8f19032') in 0.0054993 seconds
Number of updated asset objects reloaded before import = 0Number of asset objects unloaded after import = 0

========================================================================
Received Import Request.
  Time since last request: 0.000025 seconds.
  path: Packages/com.unity.collab-proxy/Editor/Views/Locks/LocksListHeaderState.cs
  artifactKey: Guid(200cab728add43369c716237d4f7b451) Importer(2089858483,b0f066a214c2f5e87bad3c948f4d605d)
Start importing Packages/com.unity.collab-proxy/Editor/Views/Locks/LocksListHeaderState.cs using Guid(200cab728add43369c716237d4f7b451) Importer(2089858483,b0f066a214c2f5e87bad3c948f4d605d) (ScriptedImporter) -> (artifact id: '2872417be8b53432a9e64617773637df') in 0.0056181 seconds
Number of updated asset objects reloaded before import = 0Number of asset objects unloaded after import = 0

========================================================================
Received Import Request.
  Time since last request: 0.000022 seconds.
  path: Packages/com.unity.collab-proxy/Editor/Views/PendingChanges/DrawOperationSuccess.cs
  artifactKey: Guid(355a2e6bfc40433bbe273ecf2ed08570) Importer(2089858483,b0f066a214c2f5e87bad3c948f4d605d)
Start importing Packages/com.unity.collab-proxy/Editor/Views/PendingChanges/DrawOperationSuccess.cs using Guid(355a2e6bfc40433bbe273ecf2ed08570) Importer(2089858483,b0f066a214c2f5e87bad3c948f4d605d) (ScriptedImporter) -> (artifact id: '9ba0e25be990e85eecd8638bb8642d63') in 0.0066722 seconds
Number of updated asset objects reloaded before import = 0Number of asset objects unloaded after import = 0

========================================================================
Received Import Request.
  Time since last request: 0.000016 seconds.
  path: Packages/com.unity.collab-proxy/Editor/Views/Shelves/ShelvesListView.cs
  artifactKey: Guid(12617ab1a25fb574c85cdfaf5129d59d) Importer(2089858483,b0f066a214c2f5e87bad3c948f4d605d)
Start importing Packages/com.unity.collab-proxy/Editor/Views/Shelves/ShelvesListView.cs using Guid(12617ab1a25fb574c85cdfaf5129d59d) Importer(2089858483,b0f066a214c2f5e87bad3c948f4d605d) (ScriptedImporter) -> (artifact id: '5bfa8fa07e10896c3420c5a12f51c768') in 0.00717 seconds
Number of updated asset objects reloaded before import = 0Number of asset objects unloaded after import = 0

========================================================================
Received Import Request.
  Time since last request: 0.000022 seconds.
  path: Packages/com.unity.collab-proxy/Editor/Views/Properties/CommentsPanel.cs
  artifactKey: Guid(7ff4088388844bb9bf6b1e832be44c0b) Importer(2089858483,b0f066a214c2f5e87bad3c948f4d605d)
Start importing Packages/com.unity.collab-proxy/Editor/Views/Properties/CommentsPanel.cs using Guid(7ff4088388844bb9bf6b1e832be44c0b) Importer(2089858483,b0f066a214c2f5e87bad3c948f4d605d) (ScriptedImporter) -> (artifact id: '9ad965215618f552c559f635b7c4036b') in 0.0107748 seconds
Number of updated asset objects reloaded before import = 0Number of asset objects unloaded after import = 0

========================================================================
Received Import Request.
  Time since last request: 0.000028 seconds.
  path: Packages/com.unity.collab-proxy/Editor/Views/Locks/LocksListViewItem.cs
  artifactKey: Guid(f4519099779a46cdb95ca9e1d96b7895) Importer(2089858483,b0f066a214c2f5e87bad3c948f4d605d)
Start importing Packages/com.unity.collab-proxy/Editor/Views/Locks/LocksListViewItem.cs using Guid(f4519099779a46cdb95ca9e1d96b7895) Importer(2089858483,b0f066a214c2f5e87bad3c948f4d605d) (ScriptedImporter) -> (artifact id: 'a95398a56dd1df2503b9e629e84f4975') in 0.0057766 seconds
Number of updated asset objects reloaded before import = 0Number of asset objects unloaded after import = 0

========================================================================
Received Import Request.
  Time since last request: 0.000046 seconds.
  path: Packages/com.unity.collab-proxy/Editor/Views/PendingChanges/CommentArea.cs
  artifactKey: Guid(1d07a35cc40845848b79fb78421cea19) Importer(2089858483,b0f066a214c2f5e87bad3c948f4d605d)
Start importing Packages/com.unity.collab-proxy/Editor/Views/PendingChanges/CommentArea.cs using Guid(1d07a35cc40845848b79fb78421cea19) Importer(2089858483,b0f066a214c2f5e87bad3c948f4d605d) (ScriptedImporter) -> (artifact id: 'd671730b08dcfce62f4c86a2f517b829') in 0.0076504 seconds
Number of updated asset objects reloaded before import = 0Number of asset objects unloaded after import = 0

========================================================================
Received Import Request.
  Time since last request: 0.000024 seconds.
  path: Packages/com.unity.collab-proxy/Editor/CodeEditor/Document/TextDocument.cs
  artifactKey: Guid(62446cb4d55e74ea999402dc661a65bf) Importer(2089858483,b0f066a214c2f5e87bad3c948f4d605d)
Start importing Packages/com.unity.collab-proxy/Editor/CodeEditor/Document/TextDocument.cs using Guid(62446cb4d55e74ea999402dc661a65bf) Importer(2089858483,b0f066a214c2f5e87bad3c948f4d605d) (ScriptedImporter) -> (artifact id: 'd2f3538592c78340a90d25616c238955') in 0.0059337 seconds
Number of updated asset objects reloaded before import = 0Number of asset objects unloaded after import = 0

========================================================================
Received Import Request.
  Time since last request: 0.000032 seconds.
  path: Packages/com.unity.collab-proxy/Editor/Views/Properties/PropertiesRefreshNotifier.cs
  artifactKey: Guid(4acf41ca020194d509c7c940c75913b0) Importer(2089858483,b0f066a214c2f5e87bad3c948f4d605d)
Start importing Packages/com.unity.collab-proxy/Editor/Views/Properties/PropertiesRefreshNotifier.cs using Guid(4acf41ca020194d509c7c940c75913b0) Importer(2089858483,b0f066a214c2f5e87bad3c948f4d605d) (ScriptedImporter) -> (artifact id: '6d6b142fec49adae1ba5d7fa61fdff8e') in 0.0060482 seconds
Number of updated asset objects reloaded before import = 0Number of asset objects unloaded after import = 0

========================================================================
Received Import Request.
  Time since last request: 0.000016 seconds.
  path: Packages/com.unity.collab-proxy/Editor/CodeEditor/Editing/EmptySelection.cs
  artifactKey: Guid(d6b614bb8cf04cbe9ffd8626c062bd78) Importer(2089858483,b0f066a214c2f5e87bad3c948f4d605d)
Start importing Packages/com.unity.collab-proxy/Editor/CodeEditor/Editing/EmptySelection.cs using Guid(d6b614bb8cf04cbe9ffd8626c062bd78) Importer(2089858483,b0f066a214c2f5e87bad3c948f4d605d) (ScriptedImporter) -> (artifact id: '08ab14aada1d42dde44e9432124f8d5d') in 0.0056803 seconds
Number of updated asset objects reloaded before import = 0Number of asset objects unloaded after import = 0

========================================================================
Received Import Request.
  Time since last request: 0.000019 seconds.
  path: Packages/com.unity.collab-proxy/Editor/Views/Diff/ClientDiffTreeViewItem.cs
  artifactKey: Guid(3fdd86a000d1ef04094416eefed53087) Importer(2089858483,b0f066a214c2f5e87bad3c948f4d605d)
Start importing Packages/com.unity.collab-proxy/Editor/Views/Diff/ClientDiffTreeViewItem.cs using Guid(3fdd86a000d1ef04094416eefed53087) Importer(2089858483,b0f066a214c2f5e87bad3c948f4d605d) (ScriptedImporter) -> (artifact id: 'b03091ef9001a8c04b20117693bb0aeb') in 0.0067004 seconds
Number of updated asset objects reloaded before import = 0Number of asset objects unloaded after import = 0

========================================================================
Received Import Request.
  Time since last request: 0.000025 seconds.
  path: Packages/com.unity.collab-proxy/Editor/Views/PendingChanges/FilesFilterPatternsMenuBuilder.cs
  artifactKey: Guid(05d31e83a4093e448b45616d62a12790) Importer(2089858483,b0f066a214c2f5e87bad3c948f4d605d)
Start importing Packages/com.unity.collab-proxy/Editor/Views/PendingChanges/FilesFilterPatternsMenuBuilder.cs using Guid(05d31e83a4093e448b45616d62a12790) Importer(2089858483,b0f066a214c2f5e87bad3c948f4d605d) (ScriptedImporter) -> (artifact id: '0d527c8bb3175e38926bd1ca3e8d2d7f') in 0.008081 seconds
Number of updated asset objects reloaded before import = 0Number of asset objects unloaded after import = 0

========================================================================
Received Import Request.
  Time since last request: 0.000018 seconds.
  path: Packages/com.unity.collab-proxy/Editor/AssetsUtils/RepaintEditor.cs
  artifactKey: Guid(9203e3f44c0ecfd42953709384a56c4d) Importer(2089858483,b0f066a214c2f5e87bad3c948f4d605d)
Start importing Packages/com.unity.collab-proxy/Editor/AssetsUtils/RepaintEditor.cs using Guid(9203e3f44c0ecfd42953709384a56c4d) Importer(2089858483,b0f066a214c2f5e87bad3c948f4d605d) (ScriptedImporter) -> (artifact id: '318cff77545f82cf18b334c712b81c08') in 0.0083721 seconds
Number of updated asset objects reloaded before import = 0Number of asset objects unloaded after import = 0

========================================================================
Received Import Request.
  Time since last request: 0.000020 seconds.
  path: Packages/com.unity.collab-proxy/Editor/Views/Diff/GetClientDiffInfos.cs
  artifactKey: Guid(5ab43506dddfc244ab5b44585140c5a6) Importer(2089858483,b0f066a214c2f5e87bad3c948f4d605d)
Start importing Packages/com.unity.collab-proxy/Editor/Views/Diff/GetClientDiffInfos.cs using Guid(5ab43506dddfc244ab5b44585140c5a6) Importer(2089858483,b0f066a214c2f5e87bad3c948f4d605d) (ScriptedImporter) -> (artifact id: '6c4db6c8c6f8e9d9d1e0ada4aca83052') in 0.0104794 seconds
Number of updated asset objects reloaded before import = 0Number of asset objects unloaded after import = 0

========================================================================
Received Import Request.
  Time since last request: 0.000025 seconds.
  path: Packages/com.unity.collab-proxy/Editor/Views/PendingChanges/PendingChangesTab.cs
  artifactKey: Guid(1b2dfd8c552c2468ca523d8dbb93ea5d) Importer(2089858483,b0f066a214c2f5e87bad3c948f4d605d)
Start importing Packages/com.unity.collab-proxy/Editor/Views/PendingChanges/PendingChangesTab.cs using Guid(1b2dfd8c552c2468ca523d8dbb93ea5d) Importer(2089858483,b0f066a214c2f5e87bad3c948f4d605d) (ScriptedImporter) -> (artifact id: '6a5bf8bb78aadf548f454d3cb0eb7a19') in 0.0068588 seconds
Number of updated asset objects reloaded before import = 0Number of asset objects unloaded after import = 0

========================================================================
Received Import Request.
  Time since last request: 0.000016 seconds.
  path: Packages/com.unity.collab-proxy/Editor/CodeEditor/ScrollBarVisibility.cs
  artifactKey: Guid(69c93fadaeb340eca663fdeb3ba79614) Importer(2089858483,b0f066a214c2f5e87bad3c948f4d605d)
Start importing Packages/com.unity.collab-proxy/Editor/CodeEditor/ScrollBarVisibility.cs using Guid(69c93fadaeb340eca663fdeb3ba79614) Importer(2089858483,b0f066a214c2f5e87bad3c948f4d605d) (ScriptedImporter) -> (artifact id: '9f908ad1664602f4f7de252ffc2fb604') in 0.0071095 seconds
Number of updated asset objects reloaded before import = 0Number of asset objects unloaded after import = 0

========================================================================
Received Import Request.
  Time since last request: 0.000020 seconds.
  path: Packages/com.unity.collab-proxy/Editor/ParentWindow.cs
  artifactKey: Guid(149e37d5faf2b2a4099fb209bbd38113) Importer(2089858483,b0f066a214c2f5e87bad3c948f4d605d)
Start importing Packages/com.unity.collab-proxy/Editor/ParentWindow.cs using Guid(149e37d5faf2b2a4099fb209bbd38113) Importer(2089858483,b0f066a214c2f5e87bad3c948f4d605d) (ScriptedImporter) -> (artifact id: '0d31f996442660184439d646f9ce1b58') in 0.0060405 seconds
Number of updated asset objects reloaded before import = 0Number of asset objects unloaded after import = 0

========================================================================
Received Import Request.
  Time since last request: 0.000025 seconds.
  path: Packages/com.unity.collab-proxy/Editor/Views/PendingChanges/PendingChangesTreeView.cs
  artifactKey: Guid(594dcd9e9e4804aa281a66d024d30752) Importer(2089858483,b0f066a214c2f5e87bad3c948f4d605d)
Start importing Packages/com.unity.collab-proxy/Editor/Views/PendingChanges/PendingChangesTreeView.cs using Guid(594dcd9e9e4804aa281a66d024d30752) Importer(2089858483,b0f066a214c2f5e87bad3c948f4d605d) (ScriptedImporter) -> (artifact id: '9a50f980a1f573896718506cb0c58d70') in 0.0062561 seconds
Number of updated asset objects reloaded before import = 0Number of asset objects unloaded after import = 0

========================================================================
Received Import Request.
  Time since last request: 0.000025 seconds.
  path: Packages/com.unity.collab-proxy/Editor/Views/History/SerializableHistoryTabState.cs
  artifactKey: Guid(aa38aeb612889ca428824f7e31a50747) Importer(2089858483,b0f066a214c2f5e87bad3c948f4d605d)
Start importing Packages/com.unity.collab-proxy/Editor/Views/History/SerializableHistoryTabState.cs using Guid(aa38aeb612889ca428824f7e31a50747) Importer(2089858483,b0f066a214c2f5e87bad3c948f4d605d) (ScriptedImporter) -> (artifact id: '555bebde08f91f5138115ad1ea87b24b') in 0.0063574 seconds
Number of updated asset objects reloaded before import = 0Number of asset objects unloaded after import = 0

========================================================================
Received Import Request.
  Time since last request: 0.000017 seconds.
  path: Packages/com.unity.collab-proxy/Editor/Assets/Images/d_iconconflictresolvedoverlay@2x.png
  artifactKey: Guid(4a231ba0e81e63849a8f985c228e8acd) Importer(2089858483,b0f066a214c2f5e87bad3c948f4d605d)
Start importing Packages/com.unity.collab-proxy/Editor/Assets/Images/d_iconconflictresolvedoverlay@2x.png using Guid(4a231ba0e81e63849a8f985c228e8acd) Importer(2089858483,b0f066a214c2f5e87bad3c948f4d605d) (ScriptedImporter) -> (artifact id: '4d0d4748756ad00e173eb25c589c11f3') in 0.0127774 seconds
Number of updated asset objects reloaded before import = 0Number of asset objects unloaded after import = 1

========================================================================
Received Import Request.
  Time since last request: 0.000025 seconds.
  path: Packages/com.unity.collab-proxy/Lib/Editor/Localization/configurehelper.en.txt
  artifactKey: Guid(f8fabb85242ab4dc4916dd3486ebfed7) Importer(2089858483,b0f066a214c2f5e87bad3c948f4d605d)
Start importing Packages/com.unity.collab-proxy/Lib/Editor/Localization/configurehelper.en.txt using Guid(f8fabb85242ab4dc4916dd3486ebfed7) Importer(2089858483,b0f066a214c2f5e87bad3c948f4d605d) (ScriptedImporter) -> (artifact id: '18251ebbd0f95cab2bfe84b3bf97fbba') in 0.0063031 seconds
Number of updated asset objects reloaded before import = 0Number of asset objects unloaded after import = 1

========================================================================
Received Import Request.
  Time since last request: 0.000016 seconds.
  path: Packages/com.unity.collab-proxy/Lib/Editor/Localization/guihelp.es.txt
  artifactKey: Guid(f3a25560eb3f44acdb02ae58620e078c) Importer(2089858483,b0f066a214c2f5e87bad3c948f4d605d)
Start importing Packages/com.unity.collab-proxy/Lib/Editor/Localization/guihelp.es.txt using Guid(f3a25560eb3f44acdb02ae58620e078c) Importer(2089858483,b0f066a214c2f5e87bad3c948f4d605d) (ScriptedImporter) -> (artifact id: '7d193ba9d205764fb8180503e48887a6') in 0.0069984 seconds
Number of updated asset objects reloaded before import = 0Number of asset objects unloaded after import = 1

========================================================================
Received Import Request.
  Time since last request: 0.000023 seconds.
  path: Packages/com.unity.collab-proxy/Lib/Editor/Localization/configurehelper.ko.txt
  artifactKey: Guid(f3ea369c0ef5144dca2e08159f292177) Importer(2089858483,b0f066a214c2f5e87bad3c948f4d605d)
Start importing Packages/com.unity.collab-proxy/Lib/Editor/Localization/configurehelper.ko.txt using Guid(f3ea369c0ef5144dca2e08159f292177) Importer(2089858483,b0f066a214c2f5e87bad3c948f4d605d) (ScriptedImporter) -> (artifact id: 'c84db9b619fedb3a3e05eb13347f9016') in 0.0068602 seconds
Number of updated asset objects reloaded before import = 0Number of asset objects unloaded after import = 1

========================================================================
Received Import Request.
  Time since last request: 0.000024 seconds.
  path: Packages/com.unity.collab-proxy/Lib/Editor/Localization/guihelp.en.txt
  artifactKey: Guid(aabb8de0f84df41678c030174a974cd0) Importer(2089858483,b0f066a214c2f5e87bad3c948f4d605d)
Start importing Packages/com.unity.collab-proxy/Lib/Editor/Localization/guihelp.en.txt using Guid(aabb8de0f84df41678c030174a974cd0) Importer(2089858483,b0f066a214c2f5e87bad3c948f4d605d) (ScriptedImporter) -> (artifact id: '39683f50d66bd2300b04f829021eed66') in 0.0065001 seconds
Number of updated asset objects reloaded before import = 0Number of asset objects unloaded after import = 1

========================================================================
Received Import Request.
  Time since last request: 0.000021 seconds.
  path: Packages/com.unity.collab-proxy/Lib/Editor/Localization/cm.ja.txt
  artifactKey: Guid(f779f51f389c34eb29cae3ae09ba0eb3) Importer(2089858483,b0f066a214c2f5e87bad3c948f4d605d)
Start importing Packages/com.unity.collab-proxy/Lib/Editor/Localization/cm.ja.txt using Guid(f779f51f389c34eb29cae3ae09ba0eb3) Importer(2089858483,b0f066a214c2f5e87bad3c948f4d605d) (ScriptedImporter) -> (artifact id: '1a449f940a5a406be0ede7a4bae1ed26') in 0.0074564 seconds
Number of updated asset objects reloaded before import = 0Number of asset objects unloaded after import = 1

========================================================================
Received Import Request.
  Time since last request: 0.000017 seconds.
  path: Packages/com.unity.collab-proxy/Lib/Editor/Localization/configurehelper.ja.txt
  artifactKey: Guid(473dfafa5c0044ee7b7932da67381c23) Importer(2089858483,b0f066a214c2f5e87bad3c948f4d605d)
Start importing Packages/com.unity.collab-proxy/Lib/Editor/Localization/configurehelper.ja.txt using Guid(473dfafa5c0044ee7b7932da67381c23) Importer(2089858483,b0f066a214c2f5e87bad3c948f4d605d) (ScriptedImporter) -> (artifact id: '834bdfe9f169bce44860c7e14f1bc709') in 0.0071498 seconds
Number of updated asset objects reloaded before import = 0Number of asset objects unloaded after import = 1

========================================================================
Received Import Request.
  Time since last request: 0.000023 seconds.
  path: Packages/com.unity.collab-proxy/Lib/Editor/Localization/cm.ko.txt
  artifactKey: Guid(0cf2133faf5334f1f8c52dfbfc9fcf6e) Importer(2089858483,b0f066a214c2f5e87bad3c948f4d605d)
Start importing Packages/com.unity.collab-proxy/Lib/Editor/Localization/cm.ko.txt using Guid(0cf2133faf5334f1f8c52dfbfc9fcf6e) Importer(2089858483,b0f066a214c2f5e87bad3c948f4d605d) (ScriptedImporter) -> (artifact id: '29e5da06a5eacb4678438eaabd5d5a8c') in 0.0060486 seconds
Number of updated asset objects reloaded before import = 0Number of asset objects unloaded after import = 1

========================================================================
Received Import Request.
  Time since last request: 0.000020 seconds.
  path: Packages/com.unity.collab-proxy/Editor/_Deprecated/WebApi/OrganizationCredentials.cs
  artifactKey: Guid(2e38b4690fec967478ecffad444155e6) Importer(2089858483,b0f066a214c2f5e87bad3c948f4d605d)
Start importing Packages/com.unity.collab-proxy/Editor/_Deprecated/WebApi/OrganizationCredentials.cs using Guid(2e38b4690fec967478ecffad444155e6) Importer(2089858483,b0f066a214c2f5e87bad3c948f4d605d) (ScriptedImporter) -> (artifact id: '6294dafb3bef7a4bffb96018d63dc9eb') in 0.0065629 seconds
Number of updated asset objects reloaded before import = 0Number of asset objects unloaded after import = 0

========================================================================
Received Import Request.
  Time since last request: 0.000015 seconds.
  path: Packages/com.unity.collab-proxy/Lib/Editor/Localization/basecommands.ko.txt
  artifactKey: Guid(cbf7e260580d441139244e6d69108bc7) Importer(2089858483,b0f066a214c2f5e87bad3c948f4d605d)
Start importing Packages/com.unity.collab-proxy/Lib/Editor/Localization/basecommands.ko.txt using Guid(cbf7e260580d441139244e6d69108bc7) Importer(2089858483,b0f066a214c2f5e87bad3c948f4d605d) (ScriptedImporter) -> (artifact id: '9f6d3839d4f5783d3aa6d0bb732b79fd') in 0.0065107 seconds
Number of updated asset objects reloaded before import = 0Number of asset objects unloaded after import = 1

========================================================================
Received Import Request.
  Time since last request: 0.000022 seconds.
  path: Packages/com.unity.collab-proxy/Lib/Editor/Localization/mergetool.zh-Hans.txt
  artifactKey: Guid(75a5697d1de324cf3879dec50dda847c) Importer(2089858483,b0f066a214c2f5e87bad3c948f4d605d)
Start importing Packages/com.unity.collab-proxy/Lib/Editor/Localization/mergetool.zh-Hans.txt using Guid(75a5697d1de324cf3879dec50dda847c) Importer(2089858483,b0f066a214c2f5e87bad3c948f4d605d) (ScriptedImporter) -> (artifact id: '24b6227ac5073505c843617388d61ea1') in 0.00573 seconds
Number of updated asset objects reloaded before import = 0Number of asset objects unloaded after import = 1

========================================================================
Received Import Request.
  Time since last request: 0.000023 seconds.
  path: Packages/com.unity.collab-proxy/Lib/Editor/Localization/images.zh-Hant.txt
  artifactKey: Guid(551a1f382ee9f495dab156563ea2a026) Importer(2089858483,b0f066a214c2f5e87bad3c948f4d605d)
Start importing Packages/com.unity.collab-proxy/Lib/Editor/Localization/images.zh-Hant.txt using Guid(551a1f382ee9f495dab156563ea2a026) Importer(2089858483,b0f066a214c2f5e87bad3c948f4d605d) (ScriptedImporter) -> (artifact id: 'f5954703873d0e5409cd3520ec04b9e3') in 0.0068174 seconds
Number of updated asset objects reloaded before import = 0Number of asset objects unloaded after import = 1

========================================================================
Received Import Request.
  Time since last request: 0.000017 seconds.
  path: Packages/com.unity.collab-proxy/Lib/Editor/Localization/basecommands.zh-Hans.txt
  artifactKey: Guid(2a20d22678b9745a8be20529bbe3ada3) Importer(2089858483,b0f066a214c2f5e87bad3c948f4d605d)
Start importing Packages/com.unity.collab-proxy/Lib/Editor/Localization/basecommands.zh-Hans.txt using Guid(2a20d22678b9745a8be20529bbe3ada3) Importer(2089858483,b0f066a214c2f5e87bad3c948f4d605d) (ScriptedImporter) -> (artifact id: '7e0f208578d246515a506d6e6a8c3963') in 0.0076169 seconds
Number of updated asset objects reloaded before import = 0Number of asset objects unloaded after import = 1

========================================================================
Received Import Request.
  Time since last request: 0.000022 seconds.
  path: Packages/com.unity.collab-proxy/Lib/Editor/Localization/i3.en.txt
  artifactKey: Guid(8b54dd8fd297e447cb3cd4a1d0bf41b4) Importer(2089858483,b0f066a214c2f5e87bad3c948f4d605d)
Start importing Packages/com.unity.collab-proxy/Lib/Editor/Localization/i3.en.txt using Guid(8b54dd8fd297e447cb3cd4a1d0bf41b4) Importer(2089858483,b0f066a214c2f5e87bad3c948f4d605d) (ScriptedImporter) -> (artifact id: '93aa4e282f223df771a6c8a23bbc9fba') in 0.0060156 seconds
Number of updated asset objects reloaded before import = 0Number of asset objects unloaded after import = 1

========================================================================
Received Import Request.
  Time since last request: 0.000027 seconds.
  path: Packages/com.unity.collab-proxy/Editor/CodeEditor/Text/TextLine.cs
  artifactKey: Guid(54e481e5c7bd459795071ffd9879c1f6) Importer(2089858483,b0f066a214c2f5e87bad3c948f4d605d)
Start importing Packages/com.unity.collab-proxy/Editor/CodeEditor/Text/TextLine.cs using Guid(54e481e5c7bd459795071ffd9879c1f6) Importer(2089858483,b0f066a214c2f5e87bad3c948f4d605d) (ScriptedImporter) -> (artifact id: '97ba749e5beab047a046825a43238082') in 0.0077235 seconds
Number of updated asset objects reloaded before import = 0Number of asset objects unloaded after import = 0

========================================================================
Received Import Request.
  Time since last request: 0.000017 seconds.
  path: Packages/com.unity.collab-proxy/Lib/Editor/Localization/basecommands.es.txt
  artifactKey: Guid(5b620c1ab90c8486aa98357a3d5aa245) Importer(2089858483,b0f066a214c2f5e87bad3c948f4d605d)
Start importing Packages/com.unity.collab-proxy/Lib/Editor/Localization/basecommands.es.txt using Guid(5b620c1ab90c8486aa98357a3d5aa245) Importer(2089858483,b0f066a214c2f5e87bad3c948f4d605d) (ScriptedImporter) -> (artifact id: 'a35cdebb1bab4ab2c5f3cbd59898e271') in 0.0070291 seconds
Number of updated asset objects reloaded before import = 0Number of asset objects unloaded after import = 1

========================================================================
Received Import Request.
  Time since last request: 0.000015 seconds.
  path: Packages/com.unity.collab-proxy/Editor/CodeEditor/Platform/PathFigure.cs
  artifactKey: Guid(717010216a3b45b19f04d091bf1b4ee1) Importer(2089858483,b0f066a214c2f5e87bad3c948f4d605d)
Start importing Packages/com.unity.collab-proxy/Editor/CodeEditor/Platform/PathFigure.cs using Guid(717010216a3b45b19f04d091bf1b4ee1) Importer(2089858483,b0f066a214c2f5e87bad3c948f4d605d) (ScriptedImporter) -> (artifact id: 'b562582d745a2cead6213459697da6de') in 0.0063382 seconds
Number of updated asset objects reloaded before import = 0Number of asset objects unloaded after import = 0

========================================================================
Received Import Request.
  Time since last request: 0.000031 seconds.
  path: Packages/com.unity.collab-proxy/Editor/CodeEditor/Rendering/CurrentLineHightlightRenderer.cs
  artifactKey: Guid(a647d70b6a9d43e78f885cb45b2263b0) Importer(2089858483,b0f066a214c2f5e87bad3c948f4d605d)
Start importing Packages/com.unity.collab-proxy/Editor/CodeEditor/Rendering/CurrentLineHightlightRenderer.cs using Guid(a647d70b6a9d43e78f885cb45b2263b0) Importer(2089858483,b0f066a214c2f5e87bad3c948f4d605d) (ScriptedImporter) -> (artifact id: '7685ccecaf8d15702bc1d272d9391481') in 0.0060201 seconds
Number of updated asset objects reloaded before import = 0Number of asset objects unloaded after import = 0

========================================================================
Received Import Request.
  Time since last request: 0.000017 seconds.
  path: Packages/com.unity.collab-proxy/Editor/Diff/Asset/AssetDiffControl.cs
  artifactKey: Guid(83ac42cfcef844f98fd021a805db6392) Importer(2089858483,b0f066a214c2f5e87bad3c948f4d605d)
Start importing Packages/com.unity.collab-proxy/Editor/Diff/Asset/AssetDiffControl.cs using Guid(83ac42cfcef844f98fd021a805db6392) Importer(2089858483,b0f066a214c2f5e87bad3c948f4d605d) (ScriptedImporter) -> (artifact id: 'e9883b68cf7890af8c2c97fb28d22940') in 0.0056809 seconds
Number of updated asset objects reloaded before import = 0Number of asset objects unloaded after import = 0

========================================================================
Received Import Request.
  Time since last request: 0.000015 seconds.
  path: Packages/com.unity.collab-proxy/Lib/Editor/Localization/plastic-gui.es.txt
  artifactKey: Guid(570a0b5e54aa34d9098a77877ed47a22) Importer(2089858483,b0f066a214c2f5e87bad3c948f4d605d)
Start importing Packages/com.unity.collab-proxy/Lib/Editor/Localization/plastic-gui.es.txt using Guid(570a0b5e54aa34d9098a77877ed47a22) Importer(2089858483,b0f066a214c2f5e87bad3c948f4d605d) (ScriptedImporter) -> (artifact id: 'e53d3352516a4e40b22a9d5367421920') in 0.0064563 seconds
Number of updated asset objects reloaded before import = 0Number of asset objects unloaded after import = 1

========================================================================
Received Import Request.
  Time since last request: 0.000025 seconds.
  path: Packages/com.unity.collab-proxy/Editor/_Deprecated/WebApi/ChangesetFromCollabCommitResponse.cs
  artifactKey: Guid(118b64466f3c7c24e98e147660e2eb98) Importer(2089858483,b0f066a214c2f5e87bad3c948f4d605d)
Start importing Packages/com.unity.collab-proxy/Editor/_Deprecated/WebApi/ChangesetFromCollabCommitResponse.cs using Guid(118b64466f3c7c24e98e147660e2eb98) Importer(2089858483,b0f066a214c2f5e87bad3c948f4d605d) (ScriptedImporter) -> (artifact id: 'e1aa5677bcbb288dc49ec1f20f56cacb') in 0.0074652 seconds
Number of updated asset objects reloaded before import = 0Number of asset objects unloaded after import = 0

========================================================================
Received Import Request.
  Time since last request: 0.000024 seconds.
  path: Packages/com.unity.collab-proxy/Lib/Editor/Localization/i3.zh-Hans.txt
  artifactKey: Guid(bc611bb38967943769e99fcb5c0aabcc) Importer(2089858483,b0f066a214c2f5e87bad3c948f4d605d)
Start importing Packages/com.unity.collab-proxy/Lib/Editor/Localization/i3.zh-Hans.txt using Guid(bc611bb38967943769e99fcb5c0aabcc) Importer(2089858483,b0f066a214c2f5e87bad3c948f4d605d) (ScriptedImporter) -> (artifact id: '7ac7d7f8e9c7909543830eadc2eda91e') in 0.0068658 seconds
Number of updated asset objects reloaded before import = 0Number of asset objects unloaded after import = 1

========================================================================
Received Import Request.
  Time since last request: 0.000016 seconds.
  path: Packages/com.unity.collab-proxy/Lib/Editor/Localization/cm-help.zh-Hant.txt
  artifactKey: Guid(ed4f385e49dcd4cdd904e43f3e306360) Importer(2089858483,b0f066a214c2f5e87bad3c948f4d605d)
Start importing Packages/com.unity.collab-proxy/Lib/Editor/Localization/cm-help.zh-Hant.txt using Guid(ed4f385e49dcd4cdd904e43f3e306360) Importer(2089858483,b0f066a214c2f5e87bad3c948f4d605d) (ScriptedImporter) -> (artifact id: 'fa03eba74a7031d2558aa055297fcaeb') in 0.007029 seconds
Number of updated asset objects reloaded before import = 0Number of asset objects unloaded after import = 1

========================================================================
Received Import Request.
  Time since last request: 0.000025 seconds.
  path: Packages/com.unity.collab-proxy/Editor/CodeEditor/Rendering/HeightTreeLineNode.cs
  artifactKey: Guid(417a7fb7b11644dcb5e6cba5fa86afd9) Importer(2089858483,b0f066a214c2f5e87bad3c948f4d605d)
Start importing Packages/com.unity.collab-proxy/Editor/CodeEditor/Rendering/HeightTreeLineNode.cs using Guid(417a7fb7b11644dcb5e6cba5fa86afd9) Importer(2089858483,b0f066a214c2f5e87bad3c948f4d605d) (ScriptedImporter) -> (artifact id: '85f4f4f480f0415ed0c65eb0deae7aec') in 0.0079608 seconds
Number of updated asset objects reloaded before import = 0Number of asset objects unloaded after import = 0

========================================================================
Received Import Request.
  Time since last request: 0.000025 seconds.
  path: Packages/com.unity.collab-proxy/Editor/CodeEditor/Rendering/TextLayer.cs
  artifactKey: Guid(ab79da1819734438b1c811b17845aae6) Importer(2089858483,b0f066a214c2f5e87bad3c948f4d605d)
Start importing Packages/com.unity.collab-proxy/Editor/CodeEditor/Rendering/TextLayer.cs using Guid(ab79da1819734438b1c811b17845aae6) Importer(2089858483,b0f066a214c2f5e87bad3c948f4d605d) (ScriptedImporter) -> (artifact id: 'e1a58e3d262a713a53e6d29525d3202e') in 0.0056487 seconds
Number of updated asset objects reloaded before import = 0Number of asset objects unloaded after import = 0

========================================================================
Received Import Request.
  Time since last request: 0.000015 seconds.
  path: Packages/com.unity.collab-proxy/Editor/CodeEditor/Rendering/SingleCharacterElementGenerator.cs
  artifactKey: Guid(e50698d1043640dc8ef26d6236f48f1b) Importer(2089858483,b0f066a214c2f5e87bad3c948f4d605d)
Start importing Packages/com.unity.collab-proxy/Editor/CodeEditor/Rendering/SingleCharacterElementGenerator.cs using Guid(e50698d1043640dc8ef26d6236f48f1b) Importer(2089858483,b0f066a214c2f5e87bad3c948f4d605d) (ScriptedImporter) -> (artifact id: '015085df31f4b990bafae01d73734c80') in 0.0074892 seconds
Number of updated asset objects reloaded before import = 0Number of asset objects unloaded after import = 0

========================================================================
Received Import Request.
  Time since last request: 0.000021 seconds.
  path: Packages/com.unity.collab-proxy/Lib/Editor/Localization/differences.zh-Hant.txt
  artifactKey: Guid(2e9f960849fcb4ac5bf1fbf3a43c588c) Importer(2089858483,b0f066a214c2f5e87bad3c948f4d605d)
Start importing Packages/com.unity.collab-proxy/Lib/Editor/Localization/differences.zh-Hant.txt using Guid(2e9f960849fcb4ac5bf1fbf3a43c588c) Importer(2089858483,b0f066a214c2f5e87bad3c948f4d605d) (ScriptedImporter) -> (artifact id: '820e52601b4e8e0b16e5a3b6f81b71d2') in 0.0061538 seconds
Number of updated asset objects reloaded before import = 0Number of asset objects unloaded after import = 1

========================================================================
Received Import Request.
  Time since last request: 0.000032 seconds.
  path: Packages/com.unity.collab-proxy/Editor/CodeEditor/Text/TextRun.cs
  artifactKey: Guid(3caade91a0f84e08b049f6bdff64becc) Importer(2089858483,b0f066a214c2f5e87bad3c948f4d605d)
Start importing Packages/com.unity.collab-proxy/Editor/CodeEditor/Text/TextRun.cs using Guid(3caade91a0f84e08b049f6bdff64becc) Importer(2089858483,b0f066a214c2f5e87bad3c948f4d605d) (ScriptedImporter) -> (artifact id: '50412a2ee8e9d48353e4ab12408d2243') in 0.0067617 seconds
Number of updated asset objects reloaded before import = 0Number of asset objects unloaded after import = 0

========================================================================
Received Import Request.
  Time since last request: 0.000016 seconds.
  path: Packages/com.unity.collab-proxy/Editor/CodeEditor/Utils/PixelSnapHelpers.cs
  artifactKey: Guid(3fcf00e98ccc48b9beb80ae65c586683) Importer(2089858483,b0f066a214c2f5e87bad3c948f4d605d)
Start importing Packages/com.unity.collab-proxy/Editor/CodeEditor/Utils/PixelSnapHelpers.cs using Guid(3fcf00e98ccc48b9beb80ae65c586683) Importer(2089858483,b0f066a214c2f5e87bad3c948f4d605d) (ScriptedImporter) -> (artifact id: 'd993797bcc0e26ed08f19b7bf06fce22') in 0.0057748 seconds
Number of updated asset objects reloaded before import = 0Number of asset objects unloaded after import = 0

========================================================================
Received Import Request.
  Time since last request: 0.000018 seconds.
  path: Packages/com.unity.collab-proxy/Editor/CodeEditor/Platform/KeyGesture.cs
  artifactKey: Guid(06d2ae5c2afa4cd5b639f474ecacbd5c) Importer(2089858483,b0f066a214c2f5e87bad3c948f4d605d)
Start importing Packages/com.unity.collab-proxy/Editor/CodeEditor/Platform/KeyGesture.cs using Guid(06d2ae5c2afa4cd5b639f474ecacbd5c) Importer(2089858483,b0f066a214c2f5e87bad3c948f4d605d) (ScriptedImporter) -> (artifact id: '65f7db016cd33ee9948eea0699954a24') in 0.0068323 seconds
Number of updated asset objects reloaded before import = 0Number of asset objects unloaded after import = 0

========================================================================
Received Import Request.
  Time since last request: 0.000017 seconds.
  path: Packages/com.unity.collab-proxy/Editor/UVCSToolbar/PopupWindow/Operations/UncontrolledPopupOperations.cs
  artifactKey: Guid(e2d43d3b3af668e4fb7dbf4f2b7384e5) Importer(2089858483,b0f066a214c2f5e87bad3c948f4d605d)
Start importing Packages/com.unity.collab-proxy/Editor/UVCSToolbar/PopupWindow/Operations/UncontrolledPopupOperations.cs using Guid(e2d43d3b3af668e4fb7dbf4f2b7384e5) Importer(2089858483,b0f066a214c2f5e87bad3c948f4d605d) (ScriptedImporter) -> (artifact id: '221013c261b08d3c42238bdb4a4699fa') in 0.0057065 seconds
Number of updated asset objects reloaded before import = 0Number of asset objects unloaded after import = 0

========================================================================
Received Import Request.
  Time since last request: 0.000023 seconds.
  path: Packages/com.unity.collab-proxy/Editor/CloudDrive/Workspaces/Tree/CloudWorkspacesTreeViewItem.cs
  artifactKey: Guid(7deb947d51d34c76aa03ec6d3a07a4ec) Importer(2089858483,b0f066a214c2f5e87bad3c948f4d605d)
Start importing Packages/com.unity.collab-proxy/Editor/CloudDrive/Workspaces/Tree/CloudWorkspacesTreeViewItem.cs using Guid(7deb947d51d34c76aa03ec6d3a07a4ec) Importer(2089858483,b0f066a214c2f5e87bad3c948f4d605d) (ScriptedImporter) -> (artifact id: 'ee58603e3f2a80426a60c4de7ac9b66f') in 0.0062052 seconds
Number of updated asset objects reloaded before import = 0Number of asset objects unloaded after import = 0

========================================================================
Received Import Request.
  Time since last request: 0.000017 seconds.
  path: Packages/com.unity.collab-proxy/Editor/UI/UnityInternals/UnityEditor/Menu.cs
  artifactKey: Guid(25c3ae07f84c4ba3954e07becf193460) Importer(2089858483,b0f066a214c2f5e87bad3c948f4d605d)
Start importing Packages/com.unity.collab-proxy/Editor/UI/UnityInternals/UnityEditor/Menu.cs using Guid(25c3ae07f84c4ba3954e07becf193460) Importer(2089858483,b0f066a214c2f5e87bad3c948f4d605d) (ScriptedImporter) -> (artifact id: '261eca5387b74e2b864a76968c2fc6f7') in 0.0056526 seconds
Number of updated asset objects reloaded before import = 0Number of asset objects unloaded after import = 0

========================================================================
Received Import Request.
  Time since last request: 0.000023 seconds.
  path: Packages/com.unity.collab-proxy/Lib/Editor/Localization/semantic.es.txt
  artifactKey: Guid(a08b920ba06c544bbbb9042f68056940) Importer(2089858483,b0f066a214c2f5e87bad3c948f4d605d)
Start importing Packages/com.unity.collab-proxy/Lib/Editor/Localization/semantic.es.txt using Guid(a08b920ba06c544bbbb9042f68056940) Importer(2089858483,b0f066a214c2f5e87bad3c948f4d605d) (ScriptedImporter) -> (artifact id: 'c1212ce55ea7a1f6059591e1c085a64d') in 0.0079984 seconds
Number of updated asset objects reloaded before import = 0Number of asset objects unloaded after import = 1

========================================================================
Received Import Request.
  Time since last request: 0.000028 seconds.
  path: Packages/com.unity.collab-proxy/Lib/Editor/Localization/workspaceserver.es.txt
  artifactKey: Guid(3b967bfb7bb7641a092de0b5008c80f8) Importer(2089858483,b0f066a214c2f5e87bad3c948f4d605d)
Start importing Packages/com.unity.collab-proxy/Lib/Editor/Localization/workspaceserver.es.txt using Guid(3b967bfb7bb7641a092de0b5008c80f8) Importer(2089858483,b0f066a214c2f5e87bad3c948f4d605d) (ScriptedImporter) -> (artifact id: '78717d71e4417c73210b5730a38c5ae0') in 0.0065575 seconds
Number of updated asset objects reloaded before import = 0Number of asset objects unloaded after import = 1

========================================================================
Received Import Request.
  Time since last request: 0.000020 seconds.
  path: Packages/com.unity.collab-proxy/Editor/CloudDrive/Workspaces/DirectoryContent/ProcessItemsGridViewEvent.cs
  artifactKey: Guid(6de94dccb9344367a5c94b087d3cc1e2) Importer(2089858483,b0f066a214c2f5e87bad3c948f4d605d)
Start importing Packages/com.unity.collab-proxy/Editor/CloudDrive/Workspaces/DirectoryContent/ProcessItemsGridViewEvent.cs using Guid(6de94dccb9344367a5c94b087d3cc1e2) Importer(2089858483,b0f066a214c2f5e87bad3c948f4d605d) (ScriptedImporter) -> (artifact id: '974e50e44aa434746d6bfbe7de209627') in 0.0059341 seconds
Number of updated asset objects reloaded before import = 0Number of asset objects unloaded after import = 0

========================================================================
Received Import Request.
  Time since last request: 0.000019 seconds.
  path: Packages/com.unity.collab-proxy/Editor/CloudDrive/Workspaces/DirectoryContent/DrawItemNameBar.cs
  artifactKey: Guid(35caf055aec448e6bd68e33611eb916d) Importer(2089858483,b0f066a214c2f5e87bad3c948f4d605d)
Start importing Packages/com.unity.collab-proxy/Editor/CloudDrive/Workspaces/DirectoryContent/DrawItemNameBar.cs using Guid(35caf055aec448e6bd68e33611eb916d) Importer(2089858483,b0f066a214c2f5e87bad3c948f4d605d) (ScriptedImporter) -> (artifact id: 'dfc2b39c1d43c8845c82acd0c90d9c06') in 0.0067062 seconds
Number of updated asset objects reloaded before import = 0Number of asset objects unloaded after import = 0

========================================================================
Received Import Request.
  Time since last request: 0.000027 seconds.
  path: Packages/com.unity.collab-proxy/Editor/UVCSToolbar/PopupWindow/BranchesList/ErrorEmptyState.cs
  artifactKey: Guid(8e6494de947444dc9a132f39b8faa02c) Importer(2089858483,b0f066a214c2f5e87bad3c948f4d605d)
Start importing Packages/com.unity.collab-proxy/Editor/UVCSToolbar/PopupWindow/BranchesList/ErrorEmptyState.cs using Guid(8e6494de947444dc9a132f39b8faa02c) Importer(2089858483,b0f066a214c2f5e87bad3c948f4d605d) (ScriptedImporter) -> (artifact id: '98590fa456067d0becd1a5b1fbd423da') in 0.0059079 seconds
Number of updated asset objects reloaded before import = 0Number of asset objects unloaded after import = 0

========================================================================
Received Import Request.
  Time since last request: 0.000015 seconds.
  path: Packages/com.unity.collab-proxy/Editor/CloudDrive/Workspaces/DirectoryContent/ItemsGridView.cs
  artifactKey: Guid(f14e29936e8d4feb9bb398b7cbb8fd5a) Importer(2089858483,b0f066a214c2f5e87bad3c948f4d605d)
Start importing Packages/com.unity.collab-proxy/Editor/CloudDrive/Workspaces/DirectoryContent/ItemsGridView.cs using Guid(f14e29936e8d4feb9bb398b7cbb8fd5a) Importer(2089858483,b0f066a214c2f5e87bad3c948f4d605d) (ScriptedImporter) -> (artifact id: '27e6390b43be4243cab3dea197a68a21') in 0.007558 seconds
Number of updated asset objects reloaded before import = 0Number of asset objects unloaded after import = 0

========================================================================
Received Import Request.
  Time since last request: 0.000017 seconds.
  path: Packages/com.unity.collab-proxy/Editor/UVCSToolbar/PopupWindow/BranchesList/LoadingEmptyState.cs
  artifactKey: Guid(0ac2f78c10614679a284c28dd3a8d8e8) Importer(2089858483,b0f066a214c2f5e87bad3c948f4d605d)
Start importing Packages/com.unity.collab-proxy/Editor/UVCSToolbar/PopupWindow/BranchesList/LoadingEmptyState.cs using Guid(0ac2f78c10614679a284c28dd3a8d8e8) Importer(2089858483,b0f066a214c2f5e87bad3c948f4d605d) (ScriptedImporter) -> (artifact id: '117c2d95a2e6358bf56849a39b530004') in 0.0056656 seconds
Number of updated asset objects reloaded before import = 0Number of asset objects unloaded after import = 0

========================================================================
Received Import Request.
  Time since last request: 0.000027 seconds.
  path: Packages/com.unity.collab-proxy/Lib/Editor/Localization/xdiff.es.txt
  artifactKey: Guid(ec1212d5d510e4070be838d4f688aa3e) Importer(2089858483,b0f066a214c2f5e87bad3c948f4d605d)
Start importing Packages/com.unity.collab-proxy/Lib/Editor/Localization/xdiff.es.txt using Guid(ec1212d5d510e4070be838d4f688aa3e) Importer(2089858483,b0f066a214c2f5e87bad3c948f4d605d) (ScriptedImporter) -> (artifact id: 'e15a8424f0fbcfdcc31adcbcc038800e') in 0.0065421 seconds
Number of updated asset objects reloaded before import = 0Number of asset objects unloaded after import = 1

========================================================================
Received Import Request.
  Time since last request: 0.000021 seconds.
  path: Packages/com.unity.collab-proxy/Lib/Editor/Localization/semantic.zh-Hant.txt
  artifactKey: Guid(126d59d6b93214ad78fb154cae61c871) Importer(2089858483,b0f066a214c2f5e87bad3c948f4d605d)
Start importing Packages/com.unity.collab-proxy/Lib/Editor/Localization/semantic.zh-Hant.txt using Guid(126d59d6b93214ad78fb154cae61c871) Importer(2089858483,b0f066a214c2f5e87bad3c948f4d605d) (ScriptedImporter) -> (artifact id: '863e0637701049c90fa29170c29a1c5d') in 0.0067304 seconds
Number of updated asset objects reloaded before import = 0Number of asset objects unloaded after import = 1

========================================================================
Received Import Request.
  Time since last request: 0.000020 seconds.
  path: Packages/com.unity.collab-proxy/Editor/CloudDrive/Workspaces/DirectoryContent/ItemsGridSelection.cs
  artifactKey: Guid(474f848599824c969ea9f3e5db753200) Importer(2089858483,b0f066a214c2f5e87bad3c948f4d605d)
Start importing Packages/com.unity.collab-proxy/Editor/CloudDrive/Workspaces/DirectoryContent/ItemsGridSelection.cs using Guid(474f848599824c969ea9f3e5db753200) Importer(2089858483,b0f066a214c2f5e87bad3c948f4d605d) (ScriptedImporter) -> (artifact id: '7ff5dffd385b4c16826572bbd26b6dda') in 0.0079419 seconds
Number of updated asset objects reloaded before import = 0Number of asset objects unloaded after import = 0

========================================================================
Received Import Request.
  Time since last request: 0.000026 seconds.
  path: Packages/com.unity.collab-proxy/Editor/Views/BranchExplorer/Menu/BranchExplorerLabelMenu.cs
  artifactKey: Guid(f90d4c194bf143c5a6ca86108b35d4c8) Importer(2089858483,b0f066a214c2f5e87bad3c948f4d605d)
Start importing Packages/com.unity.collab-proxy/Editor/Views/BranchExplorer/Menu/BranchExplorerLabelMenu.cs using Guid(f90d4c194bf143c5a6ca86108b35d4c8) Importer(2089858483,b0f066a214c2f5e87bad3c948f4d605d) (ScriptedImporter) -> (artifact id: 'c528a2468f838418824fe652b8de6bbe') in 0.0060531 seconds
Number of updated asset objects reloaded before import = 0Number of asset objects unloaded after import = 0

========================================================================
Received Import Request.
  Time since last request: 0.000020 seconds.
  path: Packages/com.unity.collab-proxy/Editor/CloudDrive/Workspaces/DirectoryContent/DirectoryContentPanelMenu.cs
  artifactKey: Guid(091f2d65ecc2b10409b1f65c29e2b2a4) Importer(2089858483,b0f066a214c2f5e87bad3c948f4d605d)
Start importing Packages/com.unity.collab-proxy/Editor/CloudDrive/Workspaces/DirectoryContent/DirectoryContentPanelMenu.cs using Guid(091f2d65ecc2b10409b1f65c29e2b2a4) Importer(2089858483,b0f066a214c2f5e87bad3c948f4d605d) (ScriptedImporter) -> (artifact id: '8885c49ad48bf7f24515859336c0bad6') in 0.0077181 seconds
Number of updated asset objects reloaded before import = 0Number of asset objects unloaded after import = 0

========================================================================
Received Import Request.
  Time since last request: 0.000022 seconds.
  path: Packages/com.unity.collab-proxy/Editor/Configuration/CloudEdition/Welcome/CloudEditionWelcomeWindow.cs
  artifactKey: Guid(0ad54f9e1bb701142b116d0d1ed98437) Importer(2089858483,b0f066a214c2f5e87bad3c948f4d605d)
Start importing Packages/com.unity.collab-proxy/Editor/Configuration/CloudEdition/Welcome/CloudEditionWelcomeWindow.cs using Guid(0ad54f9e1bb701142b116d0d1ed98437) Importer(2089858483,b0f066a214c2f5e87bad3c948f4d605d) (ScriptedImporter) -> (artifact id: 'a9499e56d1a20ee74db38ac91ddedb66') in 0.0079559 seconds
Number of updated asset objects reloaded before import = 0Number of asset objects unloaded after import = 0

========================================================================
Received Import Request.
  Time since last request: 0.000035 seconds.
  path: Packages/com.unity.collab-proxy/Lib/Editor/Localization/workspaceserver.ko.txt
  artifactKey: Guid(b7aa9907323034f18b28d36c3a312651) Importer(2089858483,b0f066a214c2f5e87bad3c948f4d605d)
Start importing Packages/com.unity.collab-proxy/Lib/Editor/Localization/workspaceserver.ko.txt using Guid(b7aa9907323034f18b28d36c3a312651) Importer(2089858483,b0f066a214c2f5e87bad3c948f4d605d) (ScriptedImporter) -> (artifact id: '9a01df9d50c0217c73e5dce8091097e0') in 0.0069977 seconds
Number of updated asset objects reloaded before import = 0Number of asset objects unloaded after import = 1

========================================================================
Received Import Request.
  Time since last request: 0.000019 seconds.
  path: Packages/com.unity.collab-proxy/Editor/UVCSToolbar/PopupWindow/BranchesList/NoBranchesEmptyState.cs
  artifactKey: Guid(f4e5325f424d436485dacca7a8d05f0c) Importer(2089858483,b0f066a214c2f5e87bad3c948f4d605d)
Start importing Packages/com.unity.collab-proxy/Editor/UVCSToolbar/PopupWindow/BranchesList/NoBranchesEmptyState.cs using Guid(f4e5325f424d436485dacca7a8d05f0c) Importer(2089858483,b0f066a214c2f5e87bad3c948f4d605d) (ScriptedImporter) -> (artifact id: 'cb7626f4d5d89a24fbe337ca13664c1d') in 0.0063862 seconds
Number of updated asset objects reloaded before import = 0Number of asset objects unloaded after import = 0

========================================================================
Received Import Request.
  Time since last request: 0.000022 seconds.
  path: Packages/com.unity.collab-proxy/Lib/Editor/Localization/workspaceserver.zh-Hans.txt
  artifactKey: Guid(f264af12220984226b5566f53fa5b0cd) Importer(2089858483,b0f066a214c2f5e87bad3c948f4d605d)
Start importing Packages/com.unity.collab-proxy/Lib/Editor/Localization/workspaceserver.zh-Hans.txt using Guid(f264af12220984226b5566f53fa5b0cd) Importer(2089858483,b0f066a214c2f5e87bad3c948f4d605d) (ScriptedImporter) -> (artifact id: '3ca8ef15071fe2cf894706a6f0de5799') in 0.0062908 seconds
Number of updated asset objects reloaded before import = 0Number of asset objects unloaded after import = 1

========================================================================
Received Import Request.
  Time since last request: 0.000025 seconds.
  path: Packages/com.unity.collab-proxy/Lib/Editor/Localization/semantic.ko.txt
  artifactKey: Guid(d7e36c71652834f3aaaef4d98eff71f2) Importer(2089858483,b0f066a214c2f5e87bad3c948f4d605d)
Start importing Packages/com.unity.collab-proxy/Lib/Editor/Localization/semantic.ko.txt using Guid(d7e36c71652834f3aaaef4d98eff71f2) Importer(2089858483,b0f066a214c2f5e87bad3c948f4d605d) (ScriptedImporter) -> (artifact id: '528361b469725e7e55e5bfcd6568c9da') in 0.006379 seconds
Number of updated asset objects reloaded before import = 0Number of asset objects unloaded after import = 1

========================================================================
Received Import Request.
  Time since last request: 0.000021 seconds.
  path: Packages/com.unity.collab-proxy/Lib/Editor/Localization/i3.ja.txt
  artifactKey: Guid(280760e27a27641a7aa1da01f6b57d1f) Importer(2089858483,b0f066a214c2f5e87bad3c948f4d605d)
Start importing Packages/com.unity.collab-proxy/Lib/Editor/Localization/i3.ja.txt using Guid(280760e27a27641a7aa1da01f6b57d1f) Importer(2089858483,b0f066a214c2f5e87bad3c948f4d605d) (ScriptedImporter) -> (artifact id: '8bd79d682a4d0b554f57c89d26bacc7d') in 0.0073312 seconds
Number of updated asset objects reloaded before import = 0Number of asset objects unloaded after import = 1

========================================================================
Received Import Request.
  Time since last request: 0.000019 seconds.
  path: Packages/com.unity.collab-proxy/Editor/CodeEditor/TextMate/TextMateColoringTransformer.cs
  artifactKey: Guid(edabbb8e32454a61b831d5b7deed1360) Importer(2089858483,b0f066a214c2f5e87bad3c948f4d605d)
Start importing Packages/com.unity.collab-proxy/Editor/CodeEditor/TextMate/TextMateColoringTransformer.cs using Guid(edabbb8e32454a61b831d5b7deed1360) Importer(2089858483,b0f066a214c2f5e87bad3c948f4d605d) (ScriptedImporter) -> (artifact id: '0c2fd2818d915d50b5c9ee02990c9b4c') in 0.0095391 seconds
Number of updated asset objects reloaded before import = 0Number of asset objects unloaded after import = 0

========================================================================
Received Import Request.
  Time since last request: 0.000027 seconds.
  path: Packages/com.unity.collab-proxy/Lib/Editor/Localization/configurehelper.zh-Hans.txt
  artifactKey: Guid(01e0e23bf64e44c359f58e04304087c0) Importer(2089858483,b0f066a214c2f5e87bad3c948f4d605d)
Start importing Packages/com.unity.collab-proxy/Lib/Editor/Localization/configurehelper.zh-Hans.txt using Guid(01e0e23bf64e44c359f58e04304087c0) Importer(2089858483,b0f066a214c2f5e87bad3c948f4d605d) (ScriptedImporter) -> (artifact id: '31af634160b83e9cf313a0c652bf3158') in 0.0064402 seconds
Number of updated asset objects reloaded before import = 0Number of asset objects unloaded after import = 1

========================================================================
Received Import Request.
  Time since last request: 0.000017 seconds.
  path: Packages/com.unity.collab-proxy/Editor/Gluon/UpdateReport/UpdateReportListHeaderState.cs
  artifactKey: Guid(f40a58028b39d3f4bbebe1f6cf919271) Importer(2089858483,b0f066a214c2f5e87bad3c948f4d605d)
Start importing Packages/com.unity.collab-proxy/Editor/Gluon/UpdateReport/UpdateReportListHeaderState.cs using Guid(f40a58028b39d3f4bbebe1f6cf919271) Importer(2089858483,b0f066a214c2f5e87bad3c948f4d605d) (ScriptedImporter) -> (artifact id: 'ecb187d67340457101202f4f62e7f7d6') in 0.0069611 seconds
Number of updated asset objects reloaded before import = 0Number of asset objects unloaded after import = 0

========================================================================
Received Import Request.
  Time since last request: 0.000017 seconds.
  path: Packages/com.unity.collab-proxy/Lib/Editor/Localization/clientcommon.zh-Hant.txt
  artifactKey: Guid(33a29fe30b25e405a802d7f7a68ead93) Importer(2089858483,b0f066a214c2f5e87bad3c948f4d605d)
Start importing Packages/com.unity.collab-proxy/Lib/Editor/Localization/clientcommon.zh-Hant.txt using Guid(33a29fe30b25e405a802d7f7a68ead93) Importer(2089858483,b0f066a214c2f5e87bad3c948f4d605d) (ScriptedImporter) -> (artifact id: '5df04bf07ceddbf00e55608953de3a84') in 0.0071957 seconds
Number of updated asset objects reloaded before import = 0Number of asset objects unloaded after import = 1

========================================================================
Received Import Request.
  Time since last request: 0.000027 seconds.
  path: Packages/com.unity.collab-proxy/Lib/Editor/Localization/basecommands.ja.txt
  artifactKey: Guid(dea6636e50e054b768afb8ed2857c2e5) Importer(2089858483,b0f066a214c2f5e87bad3c948f4d605d)
Start importing Packages/com.unity.collab-proxy/Lib/Editor/Localization/basecommands.ja.txt using Guid(dea6636e50e054b768afb8ed2857c2e5) Importer(2089858483,b0f066a214c2f5e87bad3c948f4d605d) (ScriptedImporter) -> (artifact id: '59a189c15f723c2e69ee2de3cd626ccf') in 0.0087812 seconds
Number of updated asset objects reloaded before import = 0Number of asset objects unloaded after import = 1

========================================================================
Received Import Request.
  Time since last request: 0.000015 seconds.
  path: Packages/com.unity.collab-proxy/Editor/Developer/UpdateReport/UpdateReportDialog.cs
  artifactKey: Guid(3cc230fb0050a994480d907e02d3508b) Importer(2089858483,b0f066a214c2f5e87bad3c948f4d605d)
Start importing Packages/com.unity.collab-proxy/Editor/Developer/UpdateReport/UpdateReportDialog.cs using Guid(3cc230fb0050a994480d907e02d3508b) Importer(2089858483,b0f066a214c2f5e87bad3c948f4d605d) (ScriptedImporter) -> (artifact id: '646c72c450251da4be5eb8cb23005e8b') in 0.0061035 seconds
Number of updated asset objects reloaded before import = 0Number of asset objects unloaded after import = 0

========================================================================
Received Import Request.
  Time since last request: 0.000018 seconds.
  path: Packages/com.unity.collab-proxy/Editor/Views/Merge/Developer/MergeTreeHeaderState.cs
  artifactKey: Guid(6c8b04d6403125b4ca51861863f386ee) Importer(2089858483,b0f066a214c2f5e87bad3c948f4d605d)
Start importing Packages/com.unity.collab-proxy/Editor/Views/Merge/Developer/MergeTreeHeaderState.cs using Guid(6c8b04d6403125b4ca51861863f386ee) Importer(2089858483,b0f066a214c2f5e87bad3c948f4d605d) (ScriptedImporter) -> (artifact id: '52d0a0e195f204f6a80fc4f2ba5eb81f') in 0.0077839 seconds
Number of updated asset objects reloaded before import = 0Number of asset objects unloaded after import = 0

========================================================================
Received Import Request.
  Time since last request: 0.000032 seconds.
  path: Packages/com.unity.collab-proxy/Editor/Views/Merge/Gluon/ChangeTreeViewItem.cs
  artifactKey: Guid(d491adc3134c2ac4d9e3c61ed42a7ccd) Importer(2089858483,b0f066a214c2f5e87bad3c948f4d605d)
Start importing Packages/com.unity.collab-proxy/Editor/Views/Merge/Gluon/ChangeTreeViewItem.cs using Guid(d491adc3134c2ac4d9e3c61ed42a7ccd) Importer(2089858483,b0f066a214c2f5e87bad3c948f4d605d) (ScriptedImporter) -> (artifact id: 'da095007d6c100282199c6a75efdc4d3') in 0.0066535 seconds
Number of updated asset objects reloaded before import = 0Number of asset objects unloaded after import = 0

========================================================================
Received Import Request.
  Time since last request: 0.000016 seconds.
  path: Packages/com.unity.collab-proxy/Editor/Views/BranchExplorer/Drawing/Shapes/ParentLinkShape.cs
  artifactKey: Guid(c24fdb91749740eea5515d6db87aafd9) Importer(2089858483,b0f066a214c2f5e87bad3c948f4d605d)
Start importing Packages/com.unity.collab-proxy/Editor/Views/BranchExplorer/Drawing/Shapes/ParentLinkShape.cs using Guid(c24fdb91749740eea5515d6db87aafd9) Importer(2089858483,b0f066a214c2f5e87bad3c948f4d605d) (ScriptedImporter) -> (artifact id: '25fc471d063591e1403c085de704e31d') in 0.0069214 seconds
Number of updated asset objects reloaded before import = 0Number of asset objects unloaded after import = 0

========================================================================
Received Import Request.
  Time since last request: 0.000024 seconds.
  path: Packages/com.unity.collab-proxy/Editor/Views/BranchExplorer/Drawing/Shapes/LabelShape.cs
  artifactKey: Guid(065cbcefa4134632ae7680ab429e988f) Importer(2089858483,b0f066a214c2f5e87bad3c948f4d605d)
Start importing Packages/com.unity.collab-proxy/Editor/Views/BranchExplorer/Drawing/Shapes/LabelShape.cs using Guid(065cbcefa4134632ae7680ab429e988f) Importer(2089858483,b0f066a214c2f5e87bad3c948f4d605d) (ScriptedImporter) -> (artifact id: '493fad497acaecef7ee87f96aef8e7eb') in 0.0064988 seconds
Number of updated asset objects reloaded before import = 0Number of asset objects unloaded after import = 0

========================================================================
Received Import Request.
  Time since last request: 0.000026 seconds.
  path: Packages/com.unity.collab-proxy/Lib/Editor/TextMateSharp/Onigwrap/OnigwrapPlastic.dll
  artifactKey: Guid(a5e4ef40233954c34904a5ab79ff8c9f) Importer(2089858483,b0f066a214c2f5e87bad3c948f4d605d)
Start importing Packages/com.unity.collab-proxy/Lib/Editor/TextMateSharp/Onigwrap/OnigwrapPlastic.dll using Guid(a5e4ef40233954c34904a5ab79ff8c9f) Importer(2089858483,b0f066a214c2f5e87bad3c948f4d605d) (ScriptedImporter) -> (artifact id: '8a7b595efc6266eb36aa1dab61baa858') in 0.0092274 seconds
Number of updated asset objects reloaded before import = 0Number of asset objects unloaded after import = 0

========================================================================
Received Import Request.
  Time since last request: 0.000016 seconds.
  path: Packages/com.unity.collab-proxy/Editor/Views/BranchExplorer/Drawing/Shapes/BranchShape.cs
  artifactKey: Guid(7f5193b7e776436a9f838cd480cb7460) Importer(2089858483,b0f066a214c2f5e87bad3c948f4d605d)
Start importing Packages/com.unity.collab-proxy/Editor/Views/BranchExplorer/Drawing/Shapes/BranchShape.cs using Guid(7f5193b7e776436a9f838cd480cb7460) Importer(2089858483,b0f066a214c2f5e87bad3c948f4d605d) (ScriptedImporter) -> (artifact id: '235c8f3871866ce3643ef5074aceb613') in 0.0058603 seconds
Number of updated asset objects reloaded before import = 0Number of asset objects unloaded after import = 0

========================================================================
Received Import Request.
  Time since last request: 0.000017 seconds.
  path: Packages/com.unity.collab-proxy/Editor/Views/Merge/Developer/MergeTab.cs
  artifactKey: Guid(4f04b21b06239da4f95a5a9753647440) Importer(2089858483,b0f066a214c2f5e87bad3c948f4d605d)
Start importing Packages/com.unity.collab-proxy/Editor/Views/Merge/Developer/MergeTab.cs using Guid(4f04b21b06239da4f95a5a9753647440) Importer(2089858483,b0f066a214c2f5e87bad3c948f4d605d) (ScriptedImporter) -> (artifact id: 'bd7eecf1cc9a1199d3544f49626df068') in 0.0063765 seconds
Number of updated asset objects reloaded before import = 0Number of asset objects unloaded after import = 0

========================================================================
Received Import Request.
  Time since last request: 0.000031 seconds.
  path: Packages/com.unity.collab-proxy/Editor/UI/UnityInternals/UnityEditor/SceneManagement/PrefabStageExtensions.cs
  artifactKey: Guid(d70feb2c54194e908a40806cbe2fa27f) Importer(2089858483,b0f066a214c2f5e87bad3c948f4d605d)
Start importing Packages/com.unity.collab-proxy/Editor/UI/UnityInternals/UnityEditor/SceneManagement/PrefabStageExtensions.cs using Guid(d70feb2c54194e908a40806cbe2fa27f) Importer(2089858483,b0f066a214c2f5e87bad3c948f4d605d) (ScriptedImporter) -> (artifact id: 'a52243f9d5332f3e851ecd008d3d10c4') in 0.0070035 seconds
Number of updated asset objects reloaded before import = 0Number of asset objects unloaded after import = 0

========================================================================
Received Import Request.
  Time since last request: 0.000015 seconds.
  path: Packages/com.unity.collab-proxy/Editor/Views/BranchExplorer/Drawing/Shapes/ZIndex.cs
  artifactKey: Guid(4a3f57b0c1c9343bf9b378276e7db640) Importer(2089858483,b0f066a214c2f5e87bad3c948f4d605d)
Start importing Packages/com.unity.collab-proxy/Editor/Views/BranchExplorer/Drawing/Shapes/ZIndex.cs using Guid(4a3f57b0c1c9343bf9b378276e7db640) Importer(2089858483,b0f066a214c2f5e87bad3c948f4d605d) (ScriptedImporter) -> (artifact id: 'f4c52e429502738095a341fa0bacaf03') in 0.0066455 seconds
Number of updated asset objects reloaded before import = 0Number of asset objects unloaded after import = 0

========================================================================
Received Import Request.
  Time since last request: 0.000022 seconds.
  path: Packages/com.unity.collab-proxy/Editor/Views/PendingChanges/Changelists/MoveToChangelistMenuBuilder.cs
  artifactKey: Guid(466ebd71b4a48b541be6d119d8140603) Importer(2089858483,b0f066a214c2f5e87bad3c948f4d605d)
Start importing Packages/com.unity.collab-proxy/Editor/Views/PendingChanges/Changelists/MoveToChangelistMenuBuilder.cs using Guid(466ebd71b4a48b541be6d119d8140603) Importer(2089858483,b0f066a214c2f5e87bad3c948f4d605d) (ScriptedImporter) -> (artifact id: '9ec8703f53dc05ba393bb978907c1c34') in 0.0058978 seconds
Number of updated asset objects reloaded before import = 0Number of asset objects unloaded after import = 0

========================================================================
Received Import Request.
  Time since last request: 0.000035 seconds.
  path: Packages/com.unity.collab-proxy/Editor/Views/BranchExplorer/Drawing/Shapes/BranchCaptionShape.cs
  artifactKey: Guid(c02d2b10240a45b9a7a91666db0900bf) Importer(2089858483,b0f066a214c2f5e87bad3c948f4d605d)
Start importing Packages/com.unity.collab-proxy/Editor/Views/BranchExplorer/Drawing/Shapes/BranchCaptionShape.cs using Guid(c02d2b10240a45b9a7a91666db0900bf) Importer(2089858483,b0f066a214c2f5e87bad3c948f4d605d) (ScriptedImporter) -> (artifact id: 'aaadd5ba9799d4a5335334e3e67a873e') in 0.0060274 seconds
Number of updated asset objects reloaded before import = 0Number of asset objects unloaded after import = 0

========================================================================
Received Import Request.
  Time since last request: 0.000019 seconds.
  path: Packages/com.unity.collab-proxy/Editor/Views/BranchExplorer/Options/ConditionalFormat/FormatRuleMenu.cs
  artifactKey: Guid(7213d3635e64d445ebff386b109900c0) Importer(2089858483,b0f066a214c2f5e87bad3c948f4d605d)
Start importing Packages/com.unity.collab-proxy/Editor/Views/BranchExplorer/Options/ConditionalFormat/FormatRuleMenu.cs using Guid(7213d3635e64d445ebff386b109900c0) Importer(2089858483,b0f066a214c2f5e87bad3c948f4d605d) (ScriptedImporter) -> (artifact id: 'aa64edf8ede04af0ba2a2758dfa4fb8b') in 0.0067819 seconds
Number of updated asset objects reloaded before import = 0Number of asset objects unloaded after import = 0

========================================================================
Received Import Request.
  Time since last request: 0.000017 seconds.
  path: Packages/com.unity.collab-proxy/Editor/Views/CreateWorkspace/Dialogs/RepositoryListViewItem.cs
  artifactKey: Guid(83882c7718d0fc34f8a05141328ceac1) Importer(2089858483,b0f066a214c2f5e87bad3c948f4d605d)
Start importing Packages/com.unity.collab-proxy/Editor/Views/CreateWorkspace/Dialogs/RepositoryListViewItem.cs using Guid(83882c7718d0fc34f8a05141328ceac1) Importer(2089858483,b0f066a214c2f5e87bad3c948f4d605d) (ScriptedImporter) -> (artifact id: '9d65b9427633d9d9ea54f49ed3f75494') in 0.0079563 seconds
Number of updated asset objects reloaded before import = 0Number of asset objects unloaded after import = 0

========================================================================
Received Import Request.
  Time since last request: 0.000025 seconds.
  path: Packages/com.unity.collab-proxy/Editor/Views/BranchExplorer/Options/ConditionalFormat/FiltersAndConditionalFormatPanel.cs
  artifactKey: Guid(9b4ce296f75d9468f820729bb268de75) Importer(2089858483,b0f066a214c2f5e87bad3c948f4d605d)
Start importing Packages/com.unity.collab-proxy/Editor/Views/BranchExplorer/Options/ConditionalFormat/FiltersAndConditionalFormatPanel.cs using Guid(9b4ce296f75d9468f820729bb268de75) Importer(2089858483,b0f066a214c2f5e87bad3c948f4d605d) (ScriptedImporter) -> (artifact id: 'e7b5ac46901d6bda554800834afb7512') in 0.0062387 seconds
Number of updated asset objects reloaded before import = 0Number of asset objects unloaded after import = 0

========================================================================
Received Import Request.
  Time since last request: 0.000014 seconds.
  path: Packages/com.unity.collab-proxy/Editor/Views/Merge/Developer/UnityMergeTree.cs
  artifactKey: Guid(b57672168ae882a4b8483a000638c433) Importer(2089858483,b0f066a214c2f5e87bad3c948f4d605d)
Start importing Packages/com.unity.collab-proxy/Editor/Views/Merge/Developer/UnityMergeTree.cs using Guid(b57672168ae882a4b8483a000638c433) Importer(2089858483,b0f066a214c2f5e87bad3c948f4d605d) (ScriptedImporter) -> (artifact id: '21615a4b554c76c18bd9a47af9b20403') in 0.0083142 seconds
Number of updated asset objects reloaded before import = 0Number of asset objects unloaded after import = 0

========================================================================
Received Import Request.
  Time since last request: 0.000020 seconds.
  path: Packages/com.unity.collab-proxy/Editor/Views/Merge/Developer/ChangeTreeViewItem.cs
  artifactKey: Guid(69ebbdad2c303214683305d65fe26726) Importer(2089858483,b0f066a214c2f5e87bad3c948f4d605d)
Start importing Packages/com.unity.collab-proxy/Editor/Views/Merge/Developer/ChangeTreeViewItem.cs using Guid(69ebbdad2c303214683305d65fe26726) Importer(2089858483,b0f066a214c2f5e87bad3c948f4d605d) (ScriptedImporter) -> (artifact id: '2ef393486ec6059d9e9a918fda8c8af1') in 0.0077177 seconds
Number of updated asset objects reloaded before import = 0Number of asset objects unloaded after import = 0

========================================================================
Received Import Request.
  Time since last request: 0.000025 seconds.
  path: Packages/com.unity.collab-proxy/Editor/Views/Labels/Dialogs/CreateLabelDialog.cs
  artifactKey: Guid(4a34e3ce3dbf5594ba28a57fa297a72c) Importer(2089858483,b0f066a214c2f5e87bad3c948f4d605d)
Start importing Packages/com.unity.collab-proxy/Editor/Views/Labels/Dialogs/CreateLabelDialog.cs using Guid(4a34e3ce3dbf5594ba28a57fa297a72c) Importer(2089858483,b0f066a214c2f5e87bad3c948f4d605d) (ScriptedImporter) -> (artifact id: 'a64493affa701b99fc28d7a948c47d73') in 0.0064294 seconds
Number of updated asset objects reloaded before import = 0Number of asset objects unloaded after import = 0

========================================================================
Received Import Request.
  Time since last request: 0.000014 seconds.
  path: Packages/com.unity.collab-proxy/Editor/Views/BranchExplorer/Zoom/BrExPan.cs
  artifactKey: Guid(3891e5e2c64b4e9eb3a1da7549427fcf) Importer(2089858483,b0f066a214c2f5e87bad3c948f4d605d)
Start importing Packages/com.unity.collab-proxy/Editor/Views/BranchExplorer/Zoom/BrExPan.cs using Guid(3891e5e2c64b4e9eb3a1da7549427fcf) Importer(2089858483,b0f066a214c2f5e87bad3c948f4d605d) (ScriptedImporter) -> (artifact id: 'ba01fd5c514ba8d0dda5aded845f616f') in 0.0060598 seconds
Number of updated asset objects reloaded before import = 0Number of asset objects unloaded after import = 0

========================================================================
Received Import Request.
  Time since last request: 0.000016 seconds.
  path: Packages/com.unity.collab-proxy/Editor/Views/PendingChanges/Dialogs/DependenciesDialog.cs
  artifactKey: Guid(c584c584ba20f4daea226141b9e55bd0) Importer(2089858483,b0f066a214c2f5e87bad3c948f4d605d)
Start importing Packages/com.unity.collab-proxy/Editor/Views/PendingChanges/Dialogs/DependenciesDialog.cs using Guid(c584c584ba20f4daea226141b9e55bd0) Importer(2089858483,b0f066a214c2f5e87bad3c948f4d605d) (ScriptedImporter) -> (artifact id: '73c21844ac7c48c44e25302ac47d367a') in 0.0077553 seconds
Number of updated asset objects reloaded before import = 0Number of asset objects unloaded after import = 0

========================================================================
Received Import Request.
  Time since last request: 0.000024 seconds.
  path: Packages/com.unity.collab-proxy/Editor/Views/Merge/Gluon/IncomingChangesTab.cs
  artifactKey: Guid(9b917d42ad338ab4494088f574472998) Importer(2089858483,b0f066a214c2f5e87bad3c948f4d605d)
Start importing Packages/com.unity.collab-proxy/Editor/Views/Merge/Gluon/IncomingChangesTab.cs using Guid(9b917d42ad338ab4494088f574472998) Importer(2089858483,b0f066a214c2f5e87bad3c948f4d605d) (ScriptedImporter) -> (artifact id: '6641140b84c195cd0b4bb01b79955d6f') in 0.00681 seconds
Number of updated asset objects reloaded before import = 0Number of asset objects unloaded after import = 0

========================================================================
Received Import Request.
  Time since last request: 0.000014 seconds.
  path: Packages/com.unity.collab-proxy/Lib/Editor/Localization/mergetool.en.txt
  artifactKey: Guid(ab8259796afe24142895385548247dc5) Importer(2089858483,b0f066a214c2f5e87bad3c948f4d605d)
Start importing Packages/com.unity.collab-proxy/Lib/Editor/Localization/mergetool.en.txt using Guid(ab8259796afe24142895385548247dc5) Importer(2089858483,b0f066a214c2f5e87bad3c948f4d605d) (ScriptedImporter) -> (artifact id: '782653e6daf833fffeb7c97189726c1b') in 0.0071947 seconds
Number of updated asset objects reloaded before import = 0Number of asset objects unloaded after import = 1

========================================================================
Received Import Request.
  Time since last request: 0.000019 seconds.
  path: Packages/com.unity.collab-proxy/Editor/UI/UnityInternals/UnityEditor/SavedGUIState.cs
  artifactKey: Guid(6f5a38a89d734da9bcdfeffe252daed4) Importer(2089858483,b0f066a214c2f5e87bad3c948f4d605d)
Start importing Packages/com.unity.collab-proxy/Editor/UI/UnityInternals/UnityEditor/SavedGUIState.cs using Guid(6f5a38a89d734da9bcdfeffe252daed4) Importer(2089858483,b0f066a214c2f5e87bad3c948f4d605d) (ScriptedImporter) -> (artifact id: 'af9729abe96e0b4ff32ba80e47ae6cdb') in 0.0075059 seconds
Number of updated asset objects reloaded before import = 0Number of asset objects unloaded after import = 0

========================================================================
Received Import Request.
  Time since last request: 0.000028 seconds.
  path: Packages/com.unity.collab-proxy/Editor/Gluon/UpdateReport/UpdateReportDialog.cs
  artifactKey: Guid(7c0160d91d8eec24bbb43873243d2343) Importer(2089858483,b0f066a214c2f5e87bad3c948f4d605d)
Start importing Packages/com.unity.collab-proxy/Editor/Gluon/UpdateReport/UpdateReportDialog.cs using Guid(7c0160d91d8eec24bbb43873243d2343) Importer(2089858483,b0f066a214c2f5e87bad3c948f4d605d) (ScriptedImporter) -> (artifact id: '2c3c26a2551d4103cc11acd9fc1a1312') in 0.0073644 seconds
Number of updated asset objects reloaded before import = 0Number of asset objects unloaded after import = 0

========================================================================
Received Import Request.
  Time since last request: 0.000020 seconds.
  path: Packages/com.unity.collab-proxy/Editor/CloudDrive/Workspaces/DirectoryContent/DirectoryContentPanel.cs
  artifactKey: Guid(7f9122bc11da473eaa9082bf340c3047) Importer(2089858483,b0f066a214c2f5e87bad3c948f4d605d)
Start importing Packages/com.unity.collab-proxy/Editor/CloudDrive/Workspaces/DirectoryContent/DirectoryContentPanel.cs using Guid(7f9122bc11da473eaa9082bf340c3047) Importer(2089858483,b0f066a214c2f5e87bad3c948f4d605d) (ScriptedImporter) -> (artifact id: '5076adced07d220768be511f3132b443') in 0.0091805 seconds
Number of updated asset objects reloaded before import = 0Number of asset objects unloaded after import = 0

========================================================================
Received Import Request.
  Time since last request: 0.000018 seconds.
  path: Packages/com.unity.collab-proxy/Editor/Views/CreateWorkspace/Dialogs/RepositoryExplorerDialog.cs
  artifactKey: Guid(b29af44841cd6644e876233cd057bc18) Importer(2089858483,b0f066a214c2f5e87bad3c948f4d605d)
Start importing Packages/com.unity.collab-proxy/Editor/Views/CreateWorkspace/Dialogs/RepositoryExplorerDialog.cs using Guid(b29af44841cd6644e876233cd057bc18) Importer(2089858483,b0f066a214c2f5e87bad3c948f4d605d) (ScriptedImporter) -> (artifact id: '792eec46c8bfe84fe4fad0869205b46d') in 0.006838 seconds
Number of updated asset objects reloaded before import = 0Number of asset objects unloaded after import = 0

========================================================================
Received Import Request.
  Time since last request: 0.000044 seconds.
  path: Packages/com.unity.collab-proxy/Editor/Views/BranchExplorer/Options/ConditionalFormat/RuleData.cs
  artifactKey: Guid(7f3c21f21c1f248ccae8e74af719a88c) Importer(2089858483,b0f066a214c2f5e87bad3c948f4d605d)
Start importing Packages/com.unity.collab-proxy/Editor/Views/BranchExplorer/Options/ConditionalFormat/RuleData.cs using Guid(7f3c21f21c1f248ccae8e74af719a88c) Importer(2089858483,b0f066a214c2f5e87bad3c948f4d605d) (ScriptedImporter) -> (artifact id: '42e7c31795e67c4e08ea716052472869') in 0.0074766 seconds
Number of updated asset objects reloaded before import = 0Number of asset objects unloaded after import = 0

========================================================================
Received Import Request.
  Time since last request: 0.000025 seconds.
  path: Packages/com.unity.collab-proxy/Lib/Editor/TextMateSharp/TextMateSharpPlastic.Grammars.dll
  artifactKey: Guid(a05f0da9608ee418d8b0615580a0cc7a) Importer(2089858483,b0f066a214c2f5e87bad3c948f4d605d)
Start importing Packages/com.unity.collab-proxy/Lib/Editor/TextMateSharp/TextMateSharpPlastic.Grammars.dll using Guid(a05f0da9608ee418d8b0615580a0cc7a) Importer(2089858483,b0f066a214c2f5e87bad3c948f4d605d) (ScriptedImporter) -> (artifact id: 'e3b9204c4b7c16b8fc388dd85edcdc20') in 0.0094699 seconds
Number of updated asset objects reloaded before import = 0Number of asset objects unloaded after import = 0

========================================================================
Received Import Request.
  Time since last request: 0.000021 seconds.
  path: Packages/com.unity.collab-proxy/Editor/Views/BranchExplorer/Drawing/Shapes/Colors/ColorProvider.cs
  artifactKey: Guid(0da29ddb8a5144b1b4f1bd9922a3669a) Importer(2089858483,b0f066a214c2f5e87bad3c948f4d605d)
Start importing Packages/com.unity.collab-proxy/Editor/Views/BranchExplorer/Drawing/Shapes/Colors/ColorProvider.cs using Guid(0da29ddb8a5144b1b4f1bd9922a3669a) Importer(2089858483,b0f066a214c2f5e87bad3c948f4d605d) (ScriptedImporter) -> (artifact id: '252a0039beb6a6c5232f1414ba8cb2c1') in 0.0059757 seconds
Number of updated asset objects reloaded before import = 0Number of asset objects unloaded after import = 0

========================================================================
Received Import Request.
  Time since last request: 0.000031 seconds.
  path: Packages/com.unity.collab-proxy/Editor/Views/BranchExplorer/Drawing/Shapes/Connections/BezierCurveExtensions.cs
  artifactKey: Guid(83fb50776194245ea981ff3a8c412370) Importer(2089858483,b0f066a214c2f5e87bad3c948f4d605d)
Start importing Packages/com.unity.collab-proxy/Editor/Views/BranchExplorer/Drawing/Shapes/Connections/BezierCurveExtensions.cs using Guid(83fb50776194245ea981ff3a8c412370) Importer(2089858483,b0f066a214c2f5e87bad3c948f4d605d) (ScriptedImporter) -> (artifact id: '3f93d26973297aca246578073de35a2a') in 0.0060632 seconds
Number of updated asset objects reloaded before import = 0Number of asset objects unloaded after import = 0

========================================================================
Received Import Request.
  Time since last request: 0.000017 seconds.
  path: Packages/com.unity.burst/Editor/BurstDisassembler.Core.ARM64.cs
  artifactKey: Guid(e1a9d3695935353ba81777d39e2f58b2) Importer(2089858483,b0f066a214c2f5e87bad3c948f4d605d)
Start importing Packages/com.unity.burst/Editor/BurstDisassembler.Core.ARM64.cs using Guid(e1a9d3695935353ba81777d39e2f58b2) Importer(2089858483,b0f066a214c2f5e87bad3c948f4d605d) (ScriptedImporter) -> (artifact id: '9228b88bbf3143aae9b1c2c48e7471ad') in 0.0063075 seconds
Number of updated asset objects reloaded before import = 0Number of asset objects unloaded after import = 0

========================================================================
Received Import Request.
  Time since last request: 0.000020 seconds.
  path: Packages/com.unity.modules.tilemap/package.ModuleCompilationTrigger
  artifactKey: Guid(a1c42005fe7c5d78585a77ce396a5eea) Importer(2089858483,b0f066a214c2f5e87bad3c948f4d605d)
Start importing Packages/com.unity.modules.tilemap/package.ModuleCompilationTrigger using Guid(a1c42005fe7c5d78585a77ce396a5eea) Importer(2089858483,b0f066a214c2f5e87bad3c948f4d605d) (ScriptedImporter) -> (artifact id: 'ef272426ab8fe3284cbaced7ceba08db') in 0.0053358 seconds
Number of updated asset objects reloaded before import = 0Number of asset objects unloaded after import = 1

========================================================================
Received Import Request.
  Time since last request: 0.000027 seconds.
  path: Packages/com.unity.burst/Editor/BurstStringSearch.cs
  artifactKey: Guid(0224576c59f53daf9685a00fbebecb4f) Importer(2089858483,b0f066a214c2f5e87bad3c948f4d605d)
Start importing Packages/com.unity.burst/Editor/BurstStringSearch.cs using Guid(0224576c59f53daf9685a00fbebecb4f) Importer(2089858483,b0f066a214c2f5e87bad3c948f4d605d) (ScriptedImporter) -> (artifact id: 'a505b57db980ab56da2ab5adfc2811f3') in 0.0068891 seconds
Number of updated asset objects reloaded before import = 0Number of asset objects unloaded after import = 0

========================================================================
Received Import Request.
  Time since last request: 0.000021 seconds.
  path: Packages/com.unity.burst/Runtime/BurstCompilerOptions.cs
  artifactKey: Guid(ebefffdd15ef3832ab7ae2b21e549832) Importer(2089858483,b0f066a214c2f5e87bad3c948f4d605d)
Start importing Packages/com.unity.burst/Runtime/BurstCompilerOptions.cs using Guid(ebefffdd15ef3832ab7ae2b21e549832) Importer(2089858483,b0f066a214c2f5e87bad3c948f4d605d) (ScriptedImporter) -> (artifact id: '104b21987de1819fce700bb454b759f6') in 0.0063543 seconds
Number of updated asset objects reloaded before import = 0Number of asset objects unloaded after import = 0

========================================================================
Received Import Request.
  Time since last request: 0.000017 seconds.
  path: Packages/com.unity.collab-proxy/Lib/Editor/TextMateSharp/Onigwrap/libonigwrap/osx-arm64/libonigwrap.dylib
  artifactKey: Guid(4c6624b0864b74bcb97dee447046746e) Importer(2089858483,b0f066a214c2f5e87bad3c948f4d605d)
Start importing Packages/com.unity.collab-proxy/Lib/Editor/TextMateSharp/Onigwrap/libonigwrap/osx-arm64/libonigwrap.dylib using Guid(4c6624b0864b74bcb97dee447046746e) Importer(2089858483,b0f066a214c2f5e87bad3c948f4d605d) (ScriptedImporter) -> (artifact id: '50c07402c1bdb5ecabbcbcc8293e8d15') in 0.0076426 seconds
Number of updated asset objects reloaded before import = 0Number of asset objects unloaded after import = 0

========================================================================
Received Import Request.
  Time since last request: 0.000038 seconds.
  path: Packages/com.unity.burst/Editor/LongTextArea.cs
  artifactKey: Guid(7f3eb54e86493a18ab63896161080959) Importer(2089858483,b0f066a214c2f5e87bad3c948f4d605d)
Start importing Packages/com.unity.burst/Editor/LongTextArea.cs using Guid(7f3eb54e86493a18ab63896161080959) Importer(2089858483,b0f066a214c2f5e87bad3c948f4d605d) (ScriptedImporter) -> (artifact id: 'af1c8553e50b417df389a200f749199d') in 0.006583 seconds
Number of updated asset objects reloaded before import = 0Number of asset objects unloaded after import = 0

========================================================================
Received Import Request.
  Time since last request: 0.000019 seconds.
  path: Packages/com.unity.burst/Runtime/SharedStatic.cs
  artifactKey: Guid(846fa0bc75d83bf68b12e21e5594a612) Importer(2089858483,b0f066a214c2f5e87bad3c948f4d605d)
Start importing Packages/com.unity.burst/Runtime/SharedStatic.cs using Guid(846fa0bc75d83bf68b12e21e5594a612) Importer(2089858483,b0f066a214c2f5e87bad3c948f4d605d) (ScriptedImporter) -> (artifact id: 'c11b03a7f74586800e2fea3b1a199cdb') in 0.0065229 seconds
Number of updated asset objects reloaded before import = 0Number of asset objects unloaded after import = 0

========================================================================
Received Import Request.
  Time since last request: 0.000017 seconds.
  path: Packages/com.unity.burst/Runtime/BurstCompiler.cs
  artifactKey: Guid(1ec7023d81033de6aa77e32be8ea9352) Importer(2089858483,b0f066a214c2f5e87bad3c948f4d605d)
Start importing Packages/com.unity.burst/Runtime/BurstCompiler.cs using Guid(1ec7023d81033de6aa77e32be8ea9352) Importer(2089858483,b0f066a214c2f5e87bad3c948f4d605d) (ScriptedImporter) -> (artifact id: '58a3cecadd491c148344b28b6cb32e55') in 0.0060174 seconds
Number of updated asset objects reloaded before import = 0Number of asset objects unloaded after import = 0

========================================================================
Received Import Request.
  Time since last request: 0.000020 seconds.
  path: Packages/com.unity.collab-proxy/Editor/Views/BranchExplorer/Drawing/Shapes/Colors/BrExColors.cs
  artifactKey: Guid(4805ac0c590d4c9a8134f0df52d0fb7c) Importer(2089858483,b0f066a214c2f5e87bad3c948f4d605d)
Start importing Packages/com.unity.collab-proxy/Editor/Views/BranchExplorer/Drawing/Shapes/Colors/BrExColors.cs using Guid(4805ac0c590d4c9a8134f0df52d0fb7c) Importer(2089858483,b0f066a214c2f5e87bad3c948f4d605d) (ScriptedImporter) -> (artifact id: '2f382a5037c1b37b82bccc8e3ac0a989') in 0.0075557 seconds
Number of updated asset objects reloaded before import = 0Number of asset objects unloaded after import = 0

========================================================================
Received Import Request.
  Time since last request: 0.000029 seconds.
  path: Packages/com.unity.modules.unitywebrequestaudio/package.ModuleCompilationTrigger
  artifactKey: Guid(553737203d61a8109f9544a97201e1aa) Importer(2089858483,b0f066a214c2f5e87bad3c948f4d605d)
Start importing Packages/com.unity.modules.unitywebrequestaudio/package.ModuleCompilationTrigger using Guid(553737203d61a8109f9544a97201e1aa) Importer(2089858483,b0f066a214c2f5e87bad3c948f4d605d) (ScriptedImporter) -> (artifact id: 'f9241aba76062650d0d9decb01421233') in 0.0085309 seconds
Number of updated asset objects reloaded before import = 0Number of asset objects unloaded after import = 1

========================================================================
Received Import Request.
  Time since last request: 0.000017 seconds.
  path: Packages/com.unity.collab-proxy/Editor/Views/Merge/Developer/DirectoryConflicts/DeleteMoveMenu.cs
  artifactKey: Guid(6dda1ef365cc6be4c90d328c331d643c) Importer(2089858483,b0f066a214c2f5e87bad3c948f4d605d)
Start importing Packages/com.unity.collab-proxy/Editor/Views/Merge/Developer/DirectoryConflicts/DeleteMoveMenu.cs using Guid(6dda1ef365cc6be4c90d328c331d643c) Importer(2089858483,b0f066a214c2f5e87bad3c948f4d605d) (ScriptedImporter) -> (artifact id: 'a34a47d07bb69cdba8e2366d506290fd') in 0.0083311 seconds
Number of updated asset objects reloaded before import = 0Number of asset objects unloaded after import = 0

========================================================================
Received Import Request.
  Time since last request: 0.000019 seconds.
  path: Packages/com.unity.collab-proxy/Editor/Views/Merge/Developer/DirectoryConflicts/MoveDeleteMenu.cs
  artifactKey: Guid(a2fb15c9d02b72e4598e450dab5fcd12) Importer(2089858483,b0f066a214c2f5e87bad3c948f4d605d)
Start importing Packages/com.unity.collab-proxy/Editor/Views/Merge/Developer/DirectoryConflicts/MoveDeleteMenu.cs using Guid(a2fb15c9d02b72e4598e450dab5fcd12) Importer(2089858483,b0f066a214c2f5e87bad3c948f4d605d) (ScriptedImporter) -> (artifact id: '241a5dbdb6dc8772df5bd86b4d5a7da2') in 0.0069512 seconds
Number of updated asset objects reloaded before import = 0Number of asset objects unloaded after import = 0

========================================================================
Received Import Request.
  Time since last request: 0.000029 seconds.
  path: Packages/com.unity.burst/Third Party Notices.md
  artifactKey: Guid(28c762070e0d3359b18a59f9402d5013) Importer(2089858483,b0f066a214c2f5e87bad3c948f4d605d)
Start importing Packages/com.unity.burst/Third Party Notices.md using Guid(28c762070e0d3359b18a59f9402d5013) Importer(2089858483,b0f066a214c2f5e87bad3c948f4d605d) (ScriptedImporter) -> (artifact id: '49fc02d983590a9301c03690e7b3f18b') in 0.0088706 seconds
Number of updated asset objects reloaded before import = 0Number of asset objects unloaded after import = 1

========================================================================
Received Import Request.
  Time since last request: 0.000020 seconds.
  path: Packages/com.unity.collab-proxy/Lib/Editor/TextMateSharp/Onigwrap/libonigwrap/win-arm64/libonigwrap.dll
  artifactKey: Guid(239b82026980e4f48a5b4059f9811bcf) Importer(2089858483,b0f066a214c2f5e87bad3c948f4d605d)
Start importing Packages/com.unity.collab-proxy/Lib/Editor/TextMateSharp/Onigwrap/libonigwrap/win-arm64/libonigwrap.dll using Guid(239b82026980e4f48a5b4059f9811bcf) Importer(2089858483,b0f066a214c2f5e87bad3c948f4d605d) (ScriptedImporter) -> (artifact id: '8593f03a6493f083099976902e7f4a0d') in 0.0076243 seconds
Number of updated asset objects reloaded before import = 0Number of asset objects unloaded after import = 0

========================================================================
Received Import Request.
  Time since last request: 0.000023 seconds.
  path: Packages/com.unity.collab-proxy/Editor/Views/BranchExplorer/Drawing/Shapes/Connections/Degrees.cs
  artifactKey: Guid(339bb0bea15547279a13171ebf92c4e9) Importer(2089858483,b0f066a214c2f5e87bad3c948f4d605d)
Start importing Packages/com.unity.collab-proxy/Editor/Views/BranchExplorer/Drawing/Shapes/Connections/Degrees.cs using Guid(339bb0bea15547279a13171ebf92c4e9) Importer(2089858483,b0f066a214c2f5e87bad3c948f4d605d) (ScriptedImporter) -> (artifact id: '81365a56dc74d397e51fca800bc1eb22') in 0.0082563 seconds
Number of updated asset objects reloaded before import = 0Number of asset objects unloaded after import = 0

========================================================================
Received Import Request.
  Time since last request: 0.000032 seconds.
  path: Packages/com.unity.burst/Editor/BurstDisassembler.Core.LLVMIR.info.cs
  artifactKey: Guid(12c2df7ecc513a518cf19ae97d4c7ede) Importer(2089858483,b0f066a214c2f5e87bad3c948f4d605d)
Start importing Packages/com.unity.burst/Editor/BurstDisassembler.Core.LLVMIR.info.cs using Guid(12c2df7ecc513a518cf19ae97d4c7ede) Importer(2089858483,b0f066a214c2f5e87bad3c948f4d605d) (ScriptedImporter) -> (artifact id: '3e7f1969b4a7f8122608ab2b1c38d218') in 0.0071316 seconds
Number of updated asset objects reloaded before import = 0Number of asset objects unloaded after import = 0

========================================================================
Received Import Request.
  Time since last request: 0.000017 seconds.
  path: Packages/com.unity.collab-proxy/Editor/Views/Merge/Developer/DirectoryConflicts/MovedEvilTwinMenu.cs
  artifactKey: Guid(d5deddb7ed7802d41947ef9ac98ccd56) Importer(2089858483,b0f066a214c2f5e87bad3c948f4d605d)
Start importing Packages/com.unity.collab-proxy/Editor/Views/Merge/Developer/DirectoryConflicts/MovedEvilTwinMenu.cs using Guid(d5deddb7ed7802d41947ef9ac98ccd56) Importer(2089858483,b0f066a214c2f5e87bad3c948f4d605d) (ScriptedImporter) -> (artifact id: 'c8d516e5c88de7bc4eb654b1681a4ac4') in 0.0087933 seconds
Number of updated asset objects reloaded before import = 0Number of asset objects unloaded after import = 0

========================================================================
Received Import Request.
  Time since last request: 0.000018 seconds.
  path: Packages/com.unity.burst/Editor/BurstDisassembler.Core.Wasm.cs
  artifactKey: Guid(adfb797f3dde361eb406750c9eea1f62) Importer(2089858483,b0f066a214c2f5e87bad3c948f4d605d)
Start importing Packages/com.unity.burst/Editor/BurstDisassembler.Core.Wasm.cs using Guid(adfb797f3dde361eb406750c9eea1f62) Importer(2089858483,b0f066a214c2f5e87bad3c948f4d605d) (ScriptedImporter) -> (artifact id: 'a75e118baaa72491aae4a4135e0bfdc2') in 0.0074717 seconds
Number of updated asset objects reloaded before import = 0Number of asset objects unloaded after import = 0

========================================================================
Received Import Request.
  Time since last request: 0.000028 seconds.
  path: Packages/com.unity.burst/Editor/BurstMenu.cs
  artifactKey: Guid(fc3edc1fe3ab3742b5a143805ddea9e2) Importer(2089858483,b0f066a214c2f5e87bad3c948f4d605d)
Start importing Packages/com.unity.burst/Editor/BurstMenu.cs using Guid(fc3edc1fe3ab3742b5a143805ddea9e2) Importer(2089858483,b0f066a214c2f5e87bad3c948f4d605d) (ScriptedImporter) -> (artifact id: '9332efb5c355e65bf32db339829e1fc0') in 0.0066577 seconds
Number of updated asset objects reloaded before import = 0Number of asset objects unloaded after import = 0

========================================================================
Received Import Request.
  Time since last request: 0.000016 seconds.
  path: Packages/com.unity.collab-proxy/Editor/Views/BranchExplorer/Drawing/Shapes/Connections/MergeLinkGeometry.cs
  artifactKey: Guid(1db38f8fca654faa9d306e57e639e4a1) Importer(2089858483,b0f066a214c2f5e87bad3c948f4d605d)
Start importing Packages/com.unity.collab-proxy/Editor/Views/BranchExplorer/Drawing/Shapes/Connections/MergeLinkGeometry.cs using Guid(1db38f8fca654faa9d306e57e639e4a1) Importer(2089858483,b0f066a214c2f5e87bad3c948f4d605d) (ScriptedImporter) -> (artifact id: 'dfa52e1cc758715ad41b25ae73279158') in 0.0071561 seconds
Number of updated asset objects reloaded before import = 0Number of asset objects unloaded after import = 0

========================================================================
Received Import Request.
  Time since last request: 0.000031 seconds.
  path: Packages/com.unity.burst/Editor/BurstDisassembler.Core.cs
  artifactKey: Guid(1ea79974c5183e1383752c31ecbbb0d8) Importer(2089858483,b0f066a214c2f5e87bad3c948f4d605d)
Start importing Packages/com.unity.burst/Editor/BurstDisassembler.Core.cs using Guid(1ea79974c5183e1383752c31ecbbb0d8) Importer(2089858483,b0f066a214c2f5e87bad3c948f4d605d) (ScriptedImporter) -> (artifact id: '3f693532408e35e07fcc180fa7cefc89') in 0.007015 seconds
Number of updated asset objects reloaded before import = 0Number of asset objects unloaded after import = 0

========================================================================
Received Import Request.
  Time since last request: 0.000028 seconds.
  path: Packages/com.unity.burst/Editor/BurstAotCompiler.cs
  artifactKey: Guid(3942ae11ab9734f0929f17ce7a5f0b00) Importer(2089858483,b0f066a214c2f5e87bad3c948f4d605d)
Start importing Packages/com.unity.burst/Editor/BurstAotCompiler.cs using Guid(3942ae11ab9734f0929f17ce7a5f0b00) Importer(2089858483,b0f066a214c2f5e87bad3c948f4d605d) (ScriptedImporter) -> (artifact id: 'dfa866eec207217ecc8f6e824ee53a60') in 0.0064267 seconds
Number of updated asset objects reloaded before import = 0Number of asset objects unloaded after import = 0

========================================================================
Received Import Request.
  Time since last request: 0.000020 seconds.
  path: Packages/com.unity.collab-proxy/Lib/Editor/Localization/commontypes.zh-Hans.txt
  artifactKey: Guid(45c3c447520834202a1214fd8fb24f1c) Importer(2089858483,b0f066a214c2f5e87bad3c948f4d605d)
Start importing Packages/com.unity.collab-proxy/Lib/Editor/Localization/commontypes.zh-Hans.txt using Guid(45c3c447520834202a1214fd8fb24f1c) Importer(2089858483,b0f066a214c2f5e87bad3c948f4d605d) (ScriptedImporter) -> (artifact id: '12c0513620e9c4aa8318fc12868d1ed6') in 0.0080002 seconds
Number of updated asset objects reloaded before import = 0Number of asset objects unloaded after import = 1

========================================================================
Received Import Request.
  Time since last request: 0.000024 seconds.
  path: Packages/com.unity.collab-proxy/Editor/Views/Diff/Dialogs/GetRestorePathDialog.cs
  artifactKey: Guid(281456381b1a4c742b0efbe305328c7a) Importer(2089858483,b0f066a214c2f5e87bad3c948f4d605d)
Start importing Packages/com.unity.collab-proxy/Editor/Views/Diff/Dialogs/GetRestorePathDialog.cs using Guid(281456381b1a4c742b0efbe305328c7a) Importer(2089858483,b0f066a214c2f5e87bad3c948f4d605d) (ScriptedImporter) -> (artifact id: '2158c06fb754564a9480a501919fd39e') in 0.0073702 seconds
Number of updated asset objects reloaded before import = 0Number of asset objects unloaded after import = 0

========================================================================
Received Import Request.
  Time since last request: 0.000025 seconds.
  path: Packages/com.unity.burst/Runtime/Intrinsics/SimdDebugViews.cs
  artifactKey: Guid(4a0e9007c9c8384893d917e1f0d6e5d9) Importer(2089858483,b0f066a214c2f5e87bad3c948f4d605d)
Start importing Packages/com.unity.burst/Runtime/Intrinsics/SimdDebugViews.cs using Guid(4a0e9007c9c8384893d917e1f0d6e5d9) Importer(2089858483,b0f066a214c2f5e87bad3c948f4d605d) (ScriptedImporter) -> (artifact id: 'b3fe7f4540cef69a723a818552c3b543') in 0.0079517 seconds
Number of updated asset objects reloaded before import = 0Number of asset objects unloaded after import = 0

========================================================================
Received Import Request.
  Time since last request: 0.000015 seconds.
  path: Packages/com.unity.2d.tilemap/Editor/GridBrushEditor.cs
  artifactKey: Guid(c55f8ee59e712524682edba7c818eb6b) Importer(2089858483,b0f066a214c2f5e87bad3c948f4d605d)
Start importing Packages/com.unity.2d.tilemap/Editor/GridBrushEditor.cs using Guid(c55f8ee59e712524682edba7c818eb6b) Importer(2089858483,b0f066a214c2f5e87bad3c948f4d605d) (ScriptedImporter) -> (artifact id: 'ee76e1b4a0786fc853fe7a9eef0d6ab1') in 0.0072941 seconds
Number of updated asset objects reloaded before import = 0Number of asset objects unloaded after import = 0

========================================================================
Received Import Request.
  Time since last request: 0.000020 seconds.
  path: Packages/com.unity.modules.terrain/package.ModuleCompilationTrigger
  artifactKey: Guid(23032f4383e95e772bce465c5896d0fd) Importer(2089858483,b0f066a214c2f5e87bad3c948f4d605d)
Start importing Packages/com.unity.modules.terrain/package.ModuleCompilationTrigger using Guid(23032f4383e95e772bce465c5896d0fd) Importer(2089858483,b0f066a214c2f5e87bad3c948f4d605d) (ScriptedImporter) -> (artifact id: '09e02bc5d2c93af40c343c1d96fa0dd2') in 0.0064254 seconds
Number of updated asset objects reloaded before import = 0Number of asset objects unloaded after import = 1

========================================================================
Received Import Request.
  Time since last request: 0.000028 seconds.
  path: Packages/com.unity.burst/Runtime/Intrinsics/Arm/NEON_AArch64_dotprod.cs
  artifactKey: Guid(ae2473ecba7e346e806e9120b6533cf4) Importer(2089858483,b0f066a214c2f5e87bad3c948f4d605d)
Start importing Packages/com.unity.burst/Runtime/Intrinsics/Arm/NEON_AArch64_dotprod.cs using Guid(ae2473ecba7e346e806e9120b6533cf4) Importer(2089858483,b0f066a214c2f5e87bad3c948f4d605d) (ScriptedImporter) -> (artifact id: 'e3688364cf50d967b95ccb7c4e099e4c') in 0.0077222 seconds
Number of updated asset objects reloaded before import = 0Number of asset objects unloaded after import = 0

========================================================================
Received Import Request.
  Time since last request: 0.000016 seconds.
  path: Packages/com.unity.modules.terrain/package.json
  artifactKey: Guid(6d56244f8c39a851975d3c0bd432c66f) Importer(2089858483,b0f066a214c2f5e87bad3c948f4d605d)
Start importing Packages/com.unity.modules.terrain/package.json using Guid(6d56244f8c39a851975d3c0bd432c66f) Importer(2089858483,b0f066a214c2f5e87bad3c948f4d605d) (ScriptedImporter) -> (artifact id: 'f0e2e33f1e325c8d51d967873ddcaf91') in 0.008937 seconds
Number of updated asset objects reloaded before import = 0Number of asset objects unloaded after import = 1

========================================================================
Received Import Request.
  Time since last request: 0.000019 seconds.
  path: Packages/com.unity.burst/Runtime/Intrinsics/x86/Csr.cs
  artifactKey: Guid(b88ec138634e3238a82a5b8f3d970ac1) Importer(2089858483,b0f066a214c2f5e87bad3c948f4d605d)
Start importing Packages/com.unity.burst/Runtime/Intrinsics/x86/Csr.cs using Guid(b88ec138634e3238a82a5b8f3d970ac1) Importer(2089858483,b0f066a214c2f5e87bad3c948f4d605d) (ScriptedImporter) -> (artifact id: '668afcc67543025359f604235219f131') in 0.0100034 seconds
Number of updated asset objects reloaded before import = 0Number of asset objects unloaded after import = 0

========================================================================
Received Import Request.
  Time since last request: 0.000026 seconds.
  path: Packages/com.unity.2d.tilemap/package.json
  artifactKey: Guid(51797d68d3132bb419217a229e09fc47) Importer(2089858483,b0f066a214c2f5e87bad3c948f4d605d)
Start importing Packages/com.unity.2d.tilemap/package.json using Guid(51797d68d3132bb419217a229e09fc47) Importer(2089858483,b0f066a214c2f5e87bad3c948f4d605d) (ScriptedImporter) -> (artifact id: '5f9bed4d20d8d136e9a5144d62339391') in 0.0066389 seconds
Number of updated asset objects reloaded before import = 0Number of asset objects unloaded after import = 1

========================================================================
Received Import Request.
  Time since last request: 0.000015 seconds.
  path: Packages/com.unity.2d.tilemap/Editor/GridPaletteEditor.cs
  artifactKey: Guid(3342bc6878604f839b28843c3e8cd81b) Importer(2089858483,b0f066a214c2f5e87bad3c948f4d605d)
Start importing Packages/com.unity.2d.tilemap/Editor/GridPaletteEditor.cs using Guid(3342bc6878604f839b28843c3e8cd81b) Importer(2089858483,b0f066a214c2f5e87bad3c948f4d605d) (ScriptedImporter) -> (artifact id: 'f79e69a3a084a4c3726708ed076c9a5f') in 0.0084872 seconds
Number of updated asset objects reloaded before import = 0Number of asset objects unloaded after import = 0

========================================================================
Received Import Request.
  Time since last request: 0.000017 seconds.
  path: Packages/com.unity.burst/Runtime/Editor/BurstLoader.cs
  artifactKey: Guid(aeb3ace3d48330a3b182da7ace6b5f65) Importer(2089858483,b0f066a214c2f5e87bad3c948f4d605d)
Start importing Packages/com.unity.burst/Runtime/Editor/BurstLoader.cs using Guid(aeb3ace3d48330a3b182da7ace6b5f65) Importer(2089858483,b0f066a214c2f5e87bad3c948f4d605d) (ScriptedImporter) -> (artifact id: '9a4e4123c52e95e1b2e8e68a1ce1c480') in 0.0076296 seconds
Number of updated asset objects reloaded before import = 0Number of asset objects unloaded after import = 0

========================================================================
Received Import Request.
  Time since last request: 0.000032 seconds.
  path: Packages/com.unity.burst/Runtime/Editor/BurstEditorOptions.cs
  artifactKey: Guid(d81d96b8ea1936359196f069c6e225d8) Importer(2089858483,b0f066a214c2f5e87bad3c948f4d605d)
Start importing Packages/com.unity.burst/Runtime/Editor/BurstEditorOptions.cs using Guid(d81d96b8ea1936359196f069c6e225d8) Importer(2089858483,b0f066a214c2f5e87bad3c948f4d605d) (ScriptedImporter) -> (artifact id: '42d7e5dbff156575d318c66837aea3b9') in 0.0075553 seconds
Number of updated asset objects reloaded before import = 0Number of asset objects unloaded after import = 0

========================================================================
Received Import Request.
  Time since last request: 0.000017 seconds.
  path: Packages/com.unity.2d.tilemap/Editor/GridPaintPaletteWindowPreferences.cs
  artifactKey: Guid(29bbda0803e75b34a9ebd8c1f2c99c80) Importer(2089858483,b0f066a214c2f5e87bad3c948f4d605d)
Start importing Packages/com.unity.2d.tilemap/Editor/GridPaintPaletteWindowPreferences.cs using Guid(29bbda0803e75b34a9ebd8c1f2c99c80) Importer(2089858483,b0f066a214c2f5e87bad3c948f4d605d) (ScriptedImporter) -> (artifact id: '2572330184423530ae24d5b0f9c1119e') in 0.0074281 seconds
Number of updated asset objects reloaded before import = 0Number of asset objects unloaded after import = 0

========================================================================
Received Import Request.
  Time since last request: 0.000019 seconds.
  path: Packages/com.unity.2d.tilemap/Third Party Notices.md
  artifactKey: Guid(dcf0b2fc1fc794a9f919ec1610b03a1f) Importer(2089858483,b0f066a214c2f5e87bad3c948f4d605d)
Start importing Packages/com.unity.2d.tilemap/Third Party Notices.md using Guid(dcf0b2fc1fc794a9f919ec1610b03a1f) Importer(2089858483,b0f066a214c2f5e87bad3c948f4d605d) (ScriptedImporter) -> (artifact id: 'b7283d65f2f2787456812d8244020ab8') in 0.0060238 seconds
Number of updated asset objects reloaded before import = 0Number of asset objects unloaded after import = 1

========================================================================
Received Import Request.
  Time since last request: 0.000032 seconds.
  path: Packages/com.unity.burst/Runtime/Intrinsics/Arm/NEON.cs
  artifactKey: Guid(ae0e31ea75d231429bb22041f90ea890) Importer(2089858483,b0f066a214c2f5e87bad3c948f4d605d)
Start importing Packages/com.unity.burst/Runtime/Intrinsics/Arm/NEON.cs using Guid(ae0e31ea75d231429bb22041f90ea890) Importer(2089858483,b0f066a214c2f5e87bad3c948f4d605d) (ScriptedImporter) -> (artifact id: '9381f02880aaa22019b9586fbab5273b') in 0.0062295 seconds
Number of updated asset objects reloaded before import = 0Number of asset objects unloaded after import = 0

========================================================================
Received Import Request.
  Time since last request: 0.000031 seconds.
  path: Packages/com.unity.2d.tilemap/Editor/GridPaintCreateTargetsDropdown.cs
  artifactKey: Guid(4d9abe6587844ad5a26d63cc0b42a191) Importer(2089858483,b0f066a214c2f5e87bad3c948f4d605d)
Start importing Packages/com.unity.2d.tilemap/Editor/GridPaintCreateTargetsDropdown.cs using Guid(4d9abe6587844ad5a26d63cc0b42a191) Importer(2089858483,b0f066a214c2f5e87bad3c948f4d605d) (ScriptedImporter) -> (artifact id: '33678e0cfa3dced44378c7bedbe2b660') in 0.0071083 seconds
Number of updated asset objects reloaded before import = 0Number of asset objects unloaded after import = 0

========================================================================
Received Import Request.
  Time since last request: 0.000023 seconds.
  path: Packages/com.unity.burst/Runtime/CompilerServices/IgnoreWarningAttribute.cs
  artifactKey: Guid(fae4cb13a004334fb1b9261d2a368cff) Importer(2089858483,b0f066a214c2f5e87bad3c948f4d605d)
Start importing Packages/com.unity.burst/Runtime/CompilerServices/IgnoreWarningAttribute.cs using Guid(fae4cb13a004334fb1b9261d2a368cff) Importer(2089858483,b0f066a214c2f5e87bad3c948f4d605d) (ScriptedImporter) -> (artifact id: '69f943c95e45722df4c37c0022c365dd') in 0.009342 seconds
Number of updated asset objects reloaded before import = 0Number of asset objects unloaded after import = 0

========================================================================
Received Import Request.
  Time since last request: 0.000026 seconds.
  path: Packages/com.unity.burst/Unity.Burst.CodeGen/Unity.Burst.Cecil.dll
  artifactKey: Guid(c494744dbcf1c45e0b4d7431ab1a16d9) Importer(2089858483,b0f066a214c2f5e87bad3c948f4d605d)
Start importing Packages/com.unity.burst/Unity.Burst.CodeGen/Unity.Burst.Cecil.dll using Guid(c494744dbcf1c45e0b4d7431ab1a16d9) Importer(2089858483,b0f066a214c2f5e87bad3c948f4d605d) (ScriptedImporter) -> (artifact id: '2fcc5ab787f81c75a737d4c29206eb84') in 0.0069192 seconds
Number of updated asset objects reloaded before import = 0Number of asset objects unloaded after import = 0

========================================================================
Received Import Request.
  Time since last request: 0.000016 seconds.
  path: Packages/com.unity.burst/Runtime/Intrinsics/Arm/NEON_AArch64_fp16.cs
  artifactKey: Guid(3280a6148aa83ec3be2f6892fa4d8e2d) Importer(2089858483,b0f066a214c2f5e87bad3c948f4d605d)
Start importing Packages/com.unity.burst/Runtime/Intrinsics/Arm/NEON_AArch64_fp16.cs using Guid(3280a6148aa83ec3be2f6892fa4d8e2d) Importer(2089858483,b0f066a214c2f5e87bad3c948f4d605d) (ScriptedImporter) -> (artifact id: 'aca7fe2a57ef27dea5257914cbd8880b') in 0.0064988 seconds
Number of updated asset objects reloaded before import = 0Number of asset objects unloaded after import = 0

========================================================================
Received Import Request.
  Time since last request: 0.000018 seconds.
  path: Packages/com.unity.2d.tilemap/README.md
  artifactKey: Guid(8e2a754470eca3549bf5b80afcf34aa7) Importer(2089858483,b0f066a214c2f5e87bad3c948f4d605d)
Start importing Packages/com.unity.2d.tilemap/README.md using Guid(8e2a754470eca3549bf5b80afcf34aa7) Importer(2089858483,b0f066a214c2f5e87bad3c948f4d605d) (ScriptedImporter) -> (artifact id: '46ab49d38bb0287344ddb40b4d9db01f') in 0.006963 seconds
Number of updated asset objects reloaded before import = 0Number of asset objects unloaded after import = 1

========================================================================
Received Import Request.
  Time since last request: 0.000024 seconds.
  path: Packages/com.unity.burst/Runtime/Intrinsics/f16.cs
  artifactKey: Guid(8cf029a460b7321e8496e8d836e8e899) Importer(2089858483,b0f066a214c2f5e87bad3c948f4d605d)
Start importing Packages/com.unity.burst/Runtime/Intrinsics/f16.cs using Guid(8cf029a460b7321e8496e8d836e8e899) Importer(2089858483,b0f066a214c2f5e87bad3c948f4d605d) (ScriptedImporter) -> (artifact id: '914e0927e4d1253e6070d02ffbc42dd9') in 0.0072333 seconds
Number of updated asset objects reloaded before import = 0Number of asset objects unloaded after import = 0

========================================================================
Received Import Request.
  Time since last request: 0.000015 seconds.
  path: Packages/com.unity.burst/Runtime/Intrinsics/v128.cs
  artifactKey: Guid(de21742a4b9139f3a58692cb231ecd51) Importer(2089858483,b0f066a214c2f5e87bad3c948f4d605d)
Start importing Packages/com.unity.burst/Runtime/Intrinsics/v128.cs using Guid(de21742a4b9139f3a58692cb231ecd51) Importer(2089858483,b0f066a214c2f5e87bad3c948f4d605d) (ScriptedImporter) -> (artifact id: 'f0d9512c1f1f92c2fd321aa431b487bb') in 0.0093314 seconds
Number of updated asset objects reloaded before import = 0Number of asset objects unloaded after import = 0

========================================================================
Received Import Request.
  Time since last request: 0.000017 seconds.
  path: Packages/com.unity.2d.tilemap/Editor/GridBrushPickStore.cs
  artifactKey: Guid(2383e22400d14d4ba5996366cac987ca) Importer(2089858483,b0f066a214c2f5e87bad3c948f4d605d)
Start importing Packages/com.unity.2d.tilemap/Editor/GridBrushPickStore.cs using Guid(2383e22400d14d4ba5996366cac987ca) Importer(2089858483,b0f066a214c2f5e87bad3c948f4d605d) (ScriptedImporter) -> (artifact id: '3e9dd44ff6d9107a16ea559cdc9c60b2') in 0.0063678 seconds
Number of updated asset objects reloaded before import = 0Number of asset objects unloaded after import = 0

========================================================================
Received Import Request.
  Time since last request: 0.000029 seconds.
  path: Packages/com.unity.burst/Runtime/Intrinsics/Arm/NEON_AArch64.cs
  artifactKey: Guid(a097ced0beed3e04abd3fa933657e0c3) Importer(2089858483,b0f066a214c2f5e87bad3c948f4d605d)
Start importing Packages/com.unity.burst/Runtime/Intrinsics/Arm/NEON_AArch64.cs using Guid(a097ced0beed3e04abd3fa933657e0c3) Importer(2089858483,b0f066a214c2f5e87bad3c948f4d605d) (ScriptedImporter) -> (artifact id: 'c51a5730159f96bcba5ad69dc760ccfb') in 0.0095277 seconds
Number of updated asset objects reloaded before import = 0Number of asset objects unloaded after import = 0

========================================================================
Received Import Request.
  Time since last request: 0.000019 seconds.
  path: Packages/com.unity.2d.tilemap/Editor/GridPaintSortingAttribute.cs
  artifactKey: Guid(b33cda1f9ac0ad7419bbe04d9cc4c8a5) Importer(2089858483,b0f066a214c2f5e87bad3c948f4d605d)
Start importing Packages/com.unity.2d.tilemap/Editor/GridPaintSortingAttribute.cs using Guid(b33cda1f9ac0ad7419bbe04d9cc4c8a5) Importer(2089858483,b0f066a214c2f5e87bad3c948f4d605d) (ScriptedImporter) -> (artifact id: '32a20949f83eb79e634623deb7879d80') in 0.0072922 seconds
Number of updated asset objects reloaded before import = 0Number of asset objects unloaded after import = 0

========================================================================
Received Import Request.
  Time since last request: 0.000018 seconds.
  path: Packages/com.unity.collab-proxy/Lib/Editor/Localization/cm-help.ko.txt
  artifactKey: Guid(9473a479453044236a9011090338b71c) Importer(2089858483,b0f066a214c2f5e87bad3c948f4d605d)
Start importing Packages/com.unity.collab-proxy/Lib/Editor/Localization/cm-help.ko.txt using Guid(9473a479453044236a9011090338b71c) Importer(2089858483,b0f066a214c2f5e87bad3c948f4d605d) (ScriptedImporter) -> (artifact id: 'c10b953bff11b4a1b2eb460bf8740c3a') in 0.0079721 seconds
Number of updated asset objects reloaded before import = 0Number of asset objects unloaded after import = 1

========================================================================
Received Import Request.
  Time since last request: 0.000032 seconds.
  path: Packages/com.unity.collab-proxy/Lib/Editor/Localization/basecommands.zh-Hant.txt
  artifactKey: Guid(a5e3865464ad84fca9a66428aea44d33) Importer(2089858483,b0f066a214c2f5e87bad3c948f4d605d)
Start importing Packages/com.unity.collab-proxy/Lib/Editor/Localization/basecommands.zh-Hant.txt using Guid(a5e3865464ad84fca9a66428aea44d33) Importer(2089858483,b0f066a214c2f5e87bad3c948f4d605d) (ScriptedImporter) -> (artifact id: '6c9cf611d882f83990a83a225d230192') in 0.0070089 seconds
Number of updated asset objects reloaded before import = 0Number of asset objects unloaded after import = 1

========================================================================
Received Import Request.
  Time since last request: 0.000021 seconds.
  path: Packages/com.unity.2d.tilemap/Editor/GridPalettesDropdown.cs
  artifactKey: Guid(b6fc4f71b00f42947b2ff5102dd5609e) Importer(2089858483,b0f066a214c2f5e87bad3c948f4d605d)
Start importing Packages/com.unity.2d.tilemap/Editor/GridPalettesDropdown.cs using Guid(b6fc4f71b00f42947b2ff5102dd5609e) Importer(2089858483,b0f066a214c2f5e87bad3c948f4d605d) (ScriptedImporter) -> (artifact id: '1a21289a81197eb16222ede4701af3a9') in 0.0065666 seconds
Number of updated asset objects reloaded before import = 0Number of asset objects unloaded after import = 0

========================================================================
Received Import Request.
  Time since last request: 0.000021 seconds.
  path: Packages/com.unity.2d.tilemap/Editor/Icons/d_EditorUI.TargetHover.png
  artifactKey: Guid(c130b41d1f572a14793b146add3d6e3f) Importer(2089858483,b0f066a214c2f5e87bad3c948f4d605d)
Start importing Packages/com.unity.2d.tilemap/Editor/Icons/d_EditorUI.TargetHover.png using Guid(c130b41d1f572a14793b146add3d6e3f) Importer(2089858483,b0f066a214c2f5e87bad3c948f4d605d) (ScriptedImporter) -> (artifact id: '146f16f4c9ba9ee7f762b9225ef38d15') in 0.0146942 seconds
Number of updated asset objects reloaded before import = 0Number of asset objects unloaded after import = 3

========================================================================
Received Import Request.
  Time since last request: 0.000025 seconds.
  path: Packages/com.unity.2d.tilemap/Editor/TilePaletteActiveTargetsProperties.cs
  artifactKey: Guid(a37449cb15b841deab3dda438bc0ecc9) Importer(2089858483,b0f066a214c2f5e87bad3c948f4d605d)
Start importing Packages/com.unity.2d.tilemap/Editor/TilePaletteActiveTargetsProperties.cs using Guid(a37449cb15b841deab3dda438bc0ecc9) Importer(2089858483,b0f066a214c2f5e87bad3c948f4d605d) (ScriptedImporter) -> (artifact id: 'c14f6b26c53f91c751b09876612fb864') in 0.0070606 seconds
Number of updated asset objects reloaded before import = 0Number of asset objects unloaded after import = 0

========================================================================
Received Import Request.
  Time since last request: 0.000016 seconds.
  path: Packages/com.unity.2d.tilemap/Editor/Icons/d_Grid.FlipX.png
  artifactKey: Guid(238833eb2176e7d429d5020dc9232155) Importer(2089858483,b0f066a214c2f5e87bad3c948f4d605d)
Start importing Packages/com.unity.2d.tilemap/Editor/Icons/d_Grid.FlipX.png using Guid(238833eb2176e7d429d5020dc9232155) Importer(2089858483,b0f066a214c2f5e87bad3c948f4d605d) (ScriptedImporter) -> (artifact id: 'c7d5e25b69e4be5deff75f64e972800c') in 0.019658 seconds
Number of updated asset objects reloaded before import = 0Number of asset objects unloaded after import = 3

========================================================================
Received Import Request.
  Time since last request: 0.000018 seconds.
  path: Packages/com.unity.2d.tilemap/Editor/Icons/d_Tilemap.ActiveTargetLayers@2x.png
  artifactKey: Guid(d3b2641fbdbb1f340ad9732102db591e) Importer(2089858483,b0f066a214c2f5e87bad3c948f4d605d)
Start importing Packages/com.unity.2d.tilemap/Editor/Icons/d_Tilemap.ActiveTargetLayers@2x.png using Guid(d3b2641fbdbb1f340ad9732102db591e) Importer(2089858483,b0f066a214c2f5e87bad3c948f4d605d) (ScriptedImporter) -> (artifact id: '301b24e682464f4a2bada5d35a9b7b40') in 0.0138853 seconds
Number of updated asset objects reloaded before import = 0Number of asset objects unloaded after import = 3

========================================================================
Received Import Request.
  Time since last request: 0.000033 seconds.
  path: Packages/com.unity.2d.tilemap/Editor/TileDragAndDrop.cs
  artifactKey: Guid(3b0299838696e2c4f9e31bdc0c8757f9) Importer(2089858483,b0f066a214c2f5e87bad3c948f4d605d)
Start importing Packages/com.unity.2d.tilemap/Editor/TileDragAndDrop.cs using Guid(3b0299838696e2c4f9e31bdc0c8757f9) Importer(2089858483,b0f066a214c2f5e87bad3c948f4d605d) (ScriptedImporter) -> (artifact id: '57bc7affe2707cf3255fd3c9d3aea1f7') in 0.0064305 seconds
Number of updated asset objects reloaded before import = 0Number of asset objects unloaded after import = 0

========================================================================
Received Import Request.
  Time since last request: 0.000017 seconds.
  path: Packages/com.unity.2d.tilemap/Editor/EditorTools/EraseTool.cs
  artifactKey: Guid(0de3343905095ab4c9d52addc012a937) Importer(2089858483,b0f066a214c2f5e87bad3c948f4d605d)
Start importing Packages/com.unity.2d.tilemap/Editor/EditorTools/EraseTool.cs using Guid(0de3343905095ab4c9d52addc012a937) Importer(2089858483,b0f066a214c2f5e87bad3c948f4d605d) (ScriptedImporter) -> (artifact id: '1020dc479f07792b16ca4246ff258cac') in 0.0073513 seconds
Number of updated asset objects reloaded before import = 0Number of asset objects unloaded after import = 0

========================================================================
Received Import Request.
  Time since last request: 0.000019 seconds.
  path: Packages/com.unity.2d.tilemap/Editor/Icons/d_EditorUI.TargetHover@4x.png
  artifactKey: Guid(dd81f55787e496249bb4111007562ef5) Importer(2089858483,b0f066a214c2f5e87bad3c948f4d605d)
Start importing Packages/com.unity.2d.tilemap/Editor/Icons/d_EditorUI.TargetHover@4x.png using Guid(dd81f55787e496249bb4111007562ef5) Importer(2089858483,b0f066a214c2f5e87bad3c948f4d605d) (ScriptedImporter) -> (artifact id: 'f66a6f715715f686b6fe072f104ae396') in 0.0163723 seconds
Number of updated asset objects reloaded before import = 0Number of asset objects unloaded after import = 3

========================================================================
Received Import Request.
  Time since last request: 0.000033 seconds.
  path: Packages/com.unity.2d.tilemap/Editor/Icons/d_Tilemap.FocusGrid@2x.png
  artifactKey: Guid(6c05763976bcac64ebefb1f097e6ef84) Importer(2089858483,b0f066a214c2f5e87bad3c948f4d605d)
Start importing Packages/com.unity.2d.tilemap/Editor/Icons/d_Tilemap.FocusGrid@2x.png using Guid(6c05763976bcac64ebefb1f097e6ef84) Importer(2089858483,b0f066a214c2f5e87bad3c948f4d605d) (ScriptedImporter) -> (artifact id: '19efe5e1a5e3d07b76e95a0687af2fbd') in 0.0138397 seconds
Number of updated asset objects reloaded before import = 0Number of asset objects unloaded after import = 3

========================================================================
Received Import Request.
  Time since last request: 0.000025 seconds.
  path: Packages/com.unity.2d.tilemap/Editor/Icons/d_Tilemap.FocusTilemap.png
  artifactKey: Guid(a9a5b304877d58a47859e53d2b2d9fe3) Importer(2089858483,b0f066a214c2f5e87bad3c948f4d605d)
Start importing Packages/com.unity.2d.tilemap/Editor/Icons/d_Tilemap.FocusTilemap.png using Guid(a9a5b304877d58a47859e53d2b2d9fe3) Importer(2089858483,b0f066a214c2f5e87bad3c948f4d605d) (ScriptedImporter) -> (artifact id: '3d0c6e2a8fe3d5e82d52648f374faff8') in 0.0151137 seconds
Number of updated asset objects reloaded before import = 0Number of asset objects unloaded after import = 3

========================================================================
Received Import Request.
  Time since last request: 0.000026 seconds.
  path: Packages/com.unity.2d.tilemap/Editor/SceneViewOpenTilePaletteHelper.cs
  artifactKey: Guid(0edd9d84d73c14b4fa94b44acc4c53d1) Importer(2089858483,b0f066a214c2f5e87bad3c948f4d605d)
Start importing Packages/com.unity.2d.tilemap/Editor/SceneViewOpenTilePaletteHelper.cs using Guid(0edd9d84d73c14b4fa94b44acc4c53d1) Importer(2089858483,b0f066a214c2f5e87bad3c948f4d605d) (ScriptedImporter) -> (artifact id: '3898d01f4104314681ba483f8d5cc0a9') in 0.0064531 seconds
Number of updated asset objects reloaded before import = 0Number of asset objects unloaded after import = 0

========================================================================
Received Import Request.
  Time since last request: 0.000031 seconds.
  path: Packages/com.unity.2d.tilemap/Editor/Icons/d_EditorUI.TargetHover@2x.png
  artifactKey: Guid(857187d2d610c234587c8a50803e4307) Importer(2089858483,b0f066a214c2f5e87bad3c948f4d605d)
Start importing Packages/com.unity.2d.tilemap/Editor/Icons/d_EditorUI.TargetHover@2x.png using Guid(857187d2d610c234587c8a50803e4307) Importer(2089858483,b0f066a214c2f5e87bad3c948f4d605d) (ScriptedImporter) -> (artifact id: '96aaa192acb1c1499867b8c00123e21d') in 0.0147267 seconds
Number of updated asset objects reloaded before import = 0Number of asset objects unloaded after import = 3

========================================================================
Received Import Request.
  Time since last request: 0.000018 seconds.
  path: Packages/com.unity.2d.tilemap/Editor/EditorTools/TilemapEditorToolPreferencesAsset.cs
  artifactKey: Guid(9bcdd57132ec4d83828b3d2c0ed2c8d8) Importer(2089858483,b0f066a214c2f5e87bad3c948f4d605d)
Start importing Packages/com.unity.2d.tilemap/Editor/EditorTools/TilemapEditorToolPreferencesAsset.cs using Guid(9bcdd57132ec4d83828b3d2c0ed2c8d8) Importer(2089858483,b0f066a214c2f5e87bad3c948f4d605d) (ScriptedImporter) -> (artifact id: '8e1796861c8c40d6c3dfd52ca0415963') in 0.0060637 seconds
Number of updated asset objects reloaded before import = 0Number of asset objects unloaded after import = 0

========================================================================
Received Import Request.
  Time since last request: 0.000019 seconds.
  path: Packages/com.unity.2d.tilemap/Editor/TilePalettePrefabUtility.cs
  artifactKey: Guid(ee02d9ccf56046b698982b9d83315ff0) Importer(2089858483,b0f066a214c2f5e87bad3c948f4d605d)
Start importing Packages/com.unity.2d.tilemap/Editor/TilePalettePrefabUtility.cs using Guid(ee02d9ccf56046b698982b9d83315ff0) Importer(2089858483,b0f066a214c2f5e87bad3c948f4d605d) (ScriptedImporter) -> (artifact id: 'fd19947c0ee90d1f518189a5ec7ae4a6') in 0.0071484 seconds
Number of updated asset objects reloaded before import = 0Number of asset objects unloaded after import = 0

========================================================================
Received Import Request.
  Time since last request: 0.000025 seconds.
  path: Packages/com.unity.2d.tilemap/Editor/EditorTools/BrushToolsAttribute.cs
  artifactKey: Guid(95300005b236449d806b320297a7a41c) Importer(2089858483,b0f066a214c2f5e87bad3c948f4d605d)
Start importing Packages/com.unity.2d.tilemap/Editor/EditorTools/BrushToolsAttribute.cs using Guid(95300005b236449d806b320297a7a41c) Importer(2089858483,b0f066a214c2f5e87bad3c948f4d605d) (ScriptedImporter) -> (artifact id: '2bde793cedfb4990c55383f00c519c07') in 0.0077415 seconds
Number of updated asset objects reloaded before import = 0Number of asset objects unloaded after import = 0

========================================================================
Received Import Request.
  Time since last request: 0.000015 seconds.
  path: Packages/com.unity.2d.tilemap/Editor/Icons/d_EditorUI.Target.png
  artifactKey: Guid(04e6c3cc740a491458073f2f715066f6) Importer(2089858483,b0f066a214c2f5e87bad3c948f4d605d)
Start importing Packages/com.unity.2d.tilemap/Editor/Icons/d_EditorUI.Target.png using Guid(04e6c3cc740a491458073f2f715066f6) Importer(2089858483,b0f066a214c2f5e87bad3c948f4d605d) (ScriptedImporter) -> (artifact id: '844a1818a30c790898c7152e3a770d89') in 0.0140708 seconds
Number of updated asset objects reloaded before import = 0Number of asset objects unloaded after import = 3

========================================================================
Received Import Request.
  Time since last request: 0.000021 seconds.
  path: Packages/com.unity.2d.tilemap/Editor/Icons/d_Tilemap.EditPalette.png
  artifactKey: Guid(84cd96391d8e912479adff56b3500191) Importer(2089858483,b0f066a214c2f5e87bad3c948f4d605d)
Start importing Packages/com.unity.2d.tilemap/Editor/Icons/d_Tilemap.EditPalette.png using Guid(84cd96391d8e912479adff56b3500191) Importer(2089858483,b0f066a214c2f5e87bad3c948f4d605d) (ScriptedImporter) -> (artifact id: '0af4fbcc1eaa9cfd26b93982d37069d6') in 0.013681 seconds
Number of updated asset objects reloaded before import = 0Number of asset objects unloaded after import = 3

========================================================================
Received Import Request.
  Time since last request: 0.000035 seconds.
  path: Packages/com.unity.2d.tilemap/Editor/Icons/d_EditorUI.Target@4x.png
  artifactKey: Guid(c7d31ce121f6d6841b01dbcf3d909854) Importer(2089858483,b0f066a214c2f5e87bad3c948f4d605d)
Start importing Packages/com.unity.2d.tilemap/Editor/Icons/d_EditorUI.Target@4x.png using Guid(c7d31ce121f6d6841b01dbcf3d909854) Importer(2089858483,b0f066a214c2f5e87bad3c948f4d605d) (ScriptedImporter) -> (artifact id: '10a760508e37e6139931d016c3dc3ed5') in 0.0134132 seconds
Number of updated asset objects reloaded before import = 0Number of asset objects unloaded after import = 3

========================================================================
Received Import Request.
  Time since last request: 0.000018 seconds.
  path: Packages/com.unity.2d.tilemap/Editor/EditorTools/RotateTool.cs
  artifactKey: Guid(af1e44f72ff2436c93634dc6cba0ed8e) Importer(2089858483,b0f066a214c2f5e87bad3c948f4d605d)
Start importing Packages/com.unity.2d.tilemap/Editor/EditorTools/RotateTool.cs using Guid(af1e44f72ff2436c93634dc6cba0ed8e) Importer(2089858483,b0f066a214c2f5e87bad3c948f4d605d) (ScriptedImporter) -> (artifact id: '057d320d42aaa525f329fde42de6e684') in 0.0078527 seconds
Number of updated asset objects reloaded before import = 0Number of asset objects unloaded after import = 0

========================================================================
Received Import Request.
  Time since last request: 0.000020 seconds.
  path: Packages/com.unity.2d.tilemap/Editor/TilePaletteWhiteboxSamplesUtility.cs
  artifactKey: Guid(7f77f51970704961b70275d21c760418) Importer(2089858483,b0f066a214c2f5e87bad3c948f4d605d)
Start importing Packages/com.unity.2d.tilemap/Editor/TilePaletteWhiteboxSamplesUtility.cs using Guid(7f77f51970704961b70275d21c760418) Importer(2089858483,b0f066a214c2f5e87bad3c948f4d605d) (ScriptedImporter) -> (artifact id: '100a8c9d8e7a2ca90324273aff29410a') in 0.0078155 seconds
Number of updated asset objects reloaded before import = 0Number of asset objects unloaded after import = 0

========================================================================
Received Import Request.
  Time since last request: 0.000027 seconds.
  path: Packages/com.unity.2d.tilemap/Editor/GridPalettes.cs
  artifactKey: Guid(b3cfa46cb726ab64f94c35306c0d9508) Importer(2089858483,b0f066a214c2f5e87bad3c948f4d605d)
Start importing Packages/com.unity.2d.tilemap/Editor/GridPalettes.cs using Guid(b3cfa46cb726ab64f94c35306c0d9508) Importer(2089858483,b0f066a214c2f5e87bad3c948f4d605d) (ScriptedImporter) -> (artifact id: '4504e530c761ed635a577f6b75a1f63e') in 0.0063359 seconds
Number of updated asset objects reloaded before import = 0Number of asset objects unloaded after import = 0

========================================================================
Received Import Request.
  Time since last request: 0.000016 seconds.
  path: Packages/com.unity.2d.tilemap/Editor/EditorTools/MoveTool.cs
  artifactKey: Guid(77786fcb91a3fcd41a4b836be1f0276c) Importer(2089858483,b0f066a214c2f5e87bad3c948f4d605d)
Start importing Packages/com.unity.2d.tilemap/Editor/EditorTools/MoveTool.cs using Guid(77786fcb91a3fcd41a4b836be1f0276c) Importer(2089858483,b0f066a214c2f5e87bad3c948f4d605d) (ScriptedImporter) -> (artifact id: '25d035745ca73295b9a57ba1dc2488d5') in 0.0067745 seconds
Number of updated asset objects reloaded before import = 0Number of asset objects unloaded after import = 0

========================================================================
Received Import Request.
  Time since last request: 0.000020 seconds.
  path: Packages/com.unity.2d.tilemap/Editor/EditorTools/BoxTool.cs
  artifactKey: Guid(6e6ff0d919800e24484d21950e3d851f) Importer(2089858483,b0f066a214c2f5e87bad3c948f4d605d)
Start importing Packages/com.unity.2d.tilemap/Editor/EditorTools/BoxTool.cs using Guid(6e6ff0d919800e24484d21950e3d851f) Importer(2089858483,b0f066a214c2f5e87bad3c948f4d605d) (ScriptedImporter) -> (artifact id: '4c22ad5493fe571b18678e66289a2500') in 0.0064294 seconds
Number of updated asset objects reloaded before import = 0Number of asset objects unloaded after import = 0

========================================================================
Received Import Request.
  Time since last request: 0.000027 seconds.
  path: Packages/com.unity.2d.tilemap/Editor/Icons/d_Tilemap.FocusNone@4x.png
  artifactKey: Guid(f1d766c90aeb37d4fb8c7d1ed3ba1378) Importer(2089858483,b0f066a214c2f5e87bad3c948f4d605d)
Start importing Packages/com.unity.2d.tilemap/Editor/Icons/d_Tilemap.FocusNone@4x.png using Guid(f1d766c90aeb37d4fb8c7d1ed3ba1378) Importer(2089858483,b0f066a214c2f5e87bad3c948f4d605d) (ScriptedImporter) -> (artifact id: '0eff4af062be3530d2665e4e29d245e0') in 0.0122647 seconds
Number of updated asset objects reloaded before import = 0Number of asset objects unloaded after import = 3

========================================================================
Received Import Request.
  Time since last request: 0.000019 seconds.
  path: Packages/com.unity.2d.tilemap/Editor/EditorTools/TilemapEditorToolPreferences.cs
  artifactKey: Guid(d9f2fab9e420f684dbbaeab1107debb6) Importer(2089858483,b0f066a214c2f5e87bad3c948f4d605d)
Start importing Packages/com.unity.2d.tilemap/Editor/EditorTools/TilemapEditorToolPreferences.cs using Guid(d9f2fab9e420f684dbbaeab1107debb6) Importer(2089858483,b0f066a214c2f5e87bad3c948f4d605d) (ScriptedImporter) -> (artifact id: '922b3869cd7f86deaa7fff5109e6dd09') in 0.0074931 seconds
Number of updated asset objects reloaded before import = 0Number of asset objects unloaded after import = 0

========================================================================
Received Import Request.
  Time since last request: 0.000018 seconds.
  path: Packages/com.unity.collab-proxy/Editor/Views/CreateWorkspace/Dialogs/RepositoriesListHeaderState.cs
  artifactKey: Guid(da6a50477d2d7ff4f81d1c21c58a5b0e) Importer(2089858483,b0f066a214c2f5e87bad3c948f4d605d)
Start importing Packages/com.unity.collab-proxy/Editor/Views/CreateWorkspace/Dialogs/RepositoriesListHeaderState.cs using Guid(da6a50477d2d7ff4f81d1c21c58a5b0e) Importer(2089858483,b0f066a214c2f5e87bad3c948f4d605d) (ScriptedImporter) -> (artifact id: 'cd47bca9a08b31fa67a1eca9969a4a64') in 0.0064937 seconds
Number of updated asset objects reloaded before import = 0Number of asset objects unloaded after import = 0

========================================================================
Received Import Request.
  Time since last request: 0.000027 seconds.
  path: Packages/com.unity.2d.tilemap/Editor/Icons/d_Tilemap.TilePalette@2x.png
  artifactKey: Guid(f8e23945cefaa614da36fe203225170a) Importer(2089858483,b0f066a214c2f5e87bad3c948f4d605d)
Start importing Packages/com.unity.2d.tilemap/Editor/Icons/d_Tilemap.TilePalette@2x.png using Guid(f8e23945cefaa614da36fe203225170a) Importer(2089858483,b0f066a214c2f5e87bad3c948f4d605d) (ScriptedImporter) -> (artifact id: 'ce141146a8f84a4ad56f2a352f9cd682') in 0.0150823 seconds
Number of updated asset objects reloaded before import = 0Number of asset objects unloaded after import = 3

========================================================================
Received Import Request.
  Time since last request: 0.000018 seconds.
  path: Packages/com.unity.2d.tilemap/Editor/Icons/GridSelection.png
  artifactKey: Guid(a60e09d7c2452be4c824d4eb480c91c7) Importer(2089858483,b0f066a214c2f5e87bad3c948f4d605d)
Start importing Packages/com.unity.2d.tilemap/Editor/Icons/GridSelection.png using Guid(a60e09d7c2452be4c824d4eb480c91c7) Importer(2089858483,b0f066a214c2f5e87bad3c948f4d605d) (ScriptedImporter) -> (artifact id: 'f2397ed9fbfac406d093f3fad8107703') in 0.0159091 seconds
Number of updated asset objects reloaded before import = 0Number of asset objects unloaded after import = 1

========================================================================
Received Import Request.
  Time since last request: 0.000019 seconds.
  path: Packages/com.unity.2d.tilemap/Editor/Icons/Tilemap.BrushPicks.png
  artifactKey: Guid(d5e72ab52355f594fb3b3ba0deba9b4a) Importer(2089858483,b0f066a214c2f5e87bad3c948f4d605d)
Start importing Packages/com.unity.2d.tilemap/Editor/Icons/Tilemap.BrushPicks.png using Guid(d5e72ab52355f594fb3b3ba0deba9b4a) Importer(2089858483,b0f066a214c2f5e87bad3c948f4d605d) (ScriptedImporter) -> (artifact id: 'a093d26a86237fd1072e289c2ec8e02b') in 0.0147747 seconds
Number of updated asset objects reloaded before import = 0Number of asset objects unloaded after import = 3

========================================================================
Received Import Request.
  Time since last request: 0.000027 seconds.
  path: Packages/com.unity.2d.tilemap/Editor/TileSet/TileSet.cs
  artifactKey: Guid(513a9a771ecb4df18a851a7a3cbe4d89) Importer(2089858483,b0f066a214c2f5e87bad3c948f4d605d)
Start importing Packages/com.unity.2d.tilemap/Editor/TileSet/TileSet.cs using Guid(513a9a771ecb4df18a851a7a3cbe4d89) Importer(2089858483,b0f066a214c2f5e87bad3c948f4d605d) (ScriptedImporter) -> (artifact id: '4978ccc3ca08a5357ecbc06e57f7906f') in 0.0060858 seconds
Number of updated asset objects reloaded before import = 0Number of asset objects unloaded after import = 0

========================================================================
Received Import Request.
  Time since last request: 0.000016 seconds.
  path: Packages/com.unity.2d.tilemap/Editor/Icons/Tilemap.FocusTilemap@2x.png
  artifactKey: Guid(6b80cdd1d5ce20c4189553f129f4d175) Importer(2089858483,b0f066a214c2f5e87bad3c948f4d605d)
Start importing Packages/com.unity.2d.tilemap/Editor/Icons/Tilemap.FocusTilemap@2x.png using Guid(6b80cdd1d5ce20c4189553f129f4d175) Importer(2089858483,b0f066a214c2f5e87bad3c948f4d605d) (ScriptedImporter) -> (artifact id: '05a4bd4635286d3aeded7c2ac038113d') in 0.0129894 seconds
Number of updated asset objects reloaded before import = 0Number of asset objects unloaded after import = 3

========================================================================
Received Import Request.
  Time since last request: 0.000024 seconds.
  path: Packages/com.unity.2d.tilemap/Editor/Icons/EditorUI.Target.png
  artifactKey: Guid(cf94b5ae9bca88f4a97ce96847235ba3) Importer(2089858483,b0f066a214c2f5e87bad3c948f4d605d)
Start importing Packages/com.unity.2d.tilemap/Editor/Icons/EditorUI.Target.png using Guid(cf94b5ae9bca88f4a97ce96847235ba3) Importer(2089858483,b0f066a214c2f5e87bad3c948f4d605d) (ScriptedImporter) -> (artifact id: 'c0410f9b477f2eac90c5d074b945dfd8') in 0.0138785 seconds
Number of updated asset objects reloaded before import = 0Number of asset objects unloaded after import = 3

========================================================================
Received Import Request.
  Time since last request: 0.000028 seconds.
  path: Packages/com.unity.2d.tilemap/Editor/Icons/Tilemap.BrushPicks@2x.png
  artifactKey: Guid(7befde712044bf34d8d765aba01a52c9) Importer(2089858483,b0f066a214c2f5e87bad3c948f4d605d)
Start importing Packages/com.unity.2d.tilemap/Editor/Icons/Tilemap.BrushPicks@2x.png using Guid(7befde712044bf34d8d765aba01a52c9) Importer(2089858483,b0f066a214c2f5e87bad3c948f4d605d) (ScriptedImporter) -> (artifact id: '9c2948cb04ccbdc5fa6abbfa7d26008a') in 0.0147922 seconds
Number of updated asset objects reloaded before import = 0Number of asset objects unloaded after import = 3

========================================================================
Received Import Request.
  Time since last request: 0.000018 seconds.
  path: Packages/com.unity.2d.tilemap/Editor/Icons/Tilemap.GridPaint@4x.png
  artifactKey: Guid(c54623997d885f6499655af6031a3bf9) Importer(2089858483,b0f066a214c2f5e87bad3c948f4d605d)
Start importing Packages/com.unity.2d.tilemap/Editor/Icons/Tilemap.GridPaint@4x.png using Guid(c54623997d885f6499655af6031a3bf9) Importer(2089858483,b0f066a214c2f5e87bad3c948f4d605d) (ScriptedImporter) -> (artifact id: '6c74502ab2078c6097450ce177e2ae50') in 0.0134682 seconds
Number of updated asset objects reloaded before import = 0Number of asset objects unloaded after import = 3

========================================================================
Received Import Request.
  Time since last request: 0.000021 seconds.
  path: Packages/com.unity.2d.tilemap/Editor/Icons/Tilemap.TilePalette@2x.png
  artifactKey: Guid(5d83937eb3ca95047b4e0e43aac5e962) Importer(2089858483,b0f066a214c2f5e87bad3c948f4d605d)
Start importing Packages/com.unity.2d.tilemap/Editor/Icons/Tilemap.TilePalette@2x.png using Guid(5d83937eb3ca95047b4e0e43aac5e962) Importer(2089858483,b0f066a214c2f5e87bad3c948f4d605d) (ScriptedImporter) -> (artifact id: 'a8ea49e108a88b4ac320e794d679f373') in 0.0134991 seconds
Number of updated asset objects reloaded before import = 0Number of asset objects unloaded after import = 3

========================================================================
Received Import Request.
  Time since last request: 0.000029 seconds.
  path: Packages/com.unity.2d.tilemap/Editor/Icons/Tilemap.DefaultBrush@2x.png
  artifactKey: Guid(9182e08d6d8be424a98050562de5b053) Importer(2089858483,b0f066a214c2f5e87bad3c948f4d605d)
Start importing Packages/com.unity.2d.tilemap/Editor/Icons/Tilemap.DefaultBrush@2x.png using Guid(9182e08d6d8be424a98050562de5b053) Importer(2089858483,b0f066a214c2f5e87bad3c948f4d605d) (ScriptedImporter) -> (artifact id: 'dee3218e96dd1b13a85e2e6d075d8ddf') in 0.0124605 seconds
Number of updated asset objects reloaded before import = 0Number of asset objects unloaded after import = 3

========================================================================
Received Import Request.
  Time since last request: 0.000019 seconds.
  path: Packages/com.unity.2d.tilemap/Editor/Icons/Tilemap.ShowTilePalette@2x.png
  artifactKey: Guid(d88e25b75a7927f4683afb6c74b05a08) Importer(2089858483,b0f066a214c2f5e87bad3c948f4d605d)
Start importing Packages/com.unity.2d.tilemap/Editor/Icons/Tilemap.ShowTilePalette@2x.png using Guid(d88e25b75a7927f4683afb6c74b05a08) Importer(2089858483,b0f066a214c2f5e87bad3c948f4d605d) (ScriptedImporter) -> (artifact id: '85470ae77021dde8956b846af54e24a4') in 0.0142417 seconds
Number of updated asset objects reloaded before import = 0Number of asset objects unloaded after import = 3

========================================================================
Received Import Request.
  Time since last request: 0.000020 seconds.
  path: Packages/com.unity.2d.tilemap/Editor/Icons/Tilemap.BrushSettings.png
  artifactKey: Guid(7a17912541de348408b722a40b972ea3) Importer(2089858483,b0f066a214c2f5e87bad3c948f4d605d)
Start importing Packages/com.unity.2d.tilemap/Editor/Icons/Tilemap.BrushSettings.png using Guid(7a17912541de348408b722a40b972ea3) Importer(2089858483,b0f066a214c2f5e87bad3c948f4d605d) (ScriptedImporter) -> (artifact id: '3f2f9cbbe6865fce5876c33284bac839') in 0.013037 seconds
Number of updated asset objects reloaded before import = 0Number of asset objects unloaded after import = 3

========================================================================
Received Import Request.
  Time since last request: 0.000030 seconds.
  path: Packages/com.unity.2d.tilemap/Editor/Icons/Grid.FlipX.png
  artifactKey: Guid(e883969672bd261498f38ec9e9fc393f) Importer(2089858483,b0f066a214c2f5e87bad3c948f4d605d)
Start importing Packages/com.unity.2d.tilemap/Editor/Icons/Grid.FlipX.png using Guid(e883969672bd261498f38ec9e9fc393f) Importer(2089858483,b0f066a214c2f5e87bad3c948f4d605d) (ScriptedImporter) -> (artifact id: '3440bc7f38facd7c6fad0d58b5a2de44') in 0.0186077 seconds
Number of updated asset objects reloaded before import = 0Number of asset objects unloaded after import = 3

========================================================================
Received Import Request.
  Time since last request: 0.000020 seconds.
  path: Packages/com.unity.2d.tilemap/Editor/TileSet/TileSetImporter.cs
  artifactKey: Guid(fdeb3f88d08262349a273cebdd343d57) Importer(2089858483,b0f066a214c2f5e87bad3c948f4d605d)
Start importing Packages/com.unity.2d.tilemap/Editor/TileSet/TileSetImporter.cs using Guid(fdeb3f88d08262349a273cebdd343d57) Importer(2089858483,b0f066a214c2f5e87bad3c948f4d605d) (ScriptedImporter) -> (artifact id: '7f9cbd39c7773ea32a8cc36aedb907dd') in 0.0064758 seconds
Number of updated asset objects reloaded before import = 0Number of asset objects unloaded after import = 0

========================================================================
Received Import Request.
  Time since last request: 0.000024 seconds.
  path: Packages/com.unity.2d.tilemap/Editor/ObjectCreationMenu/DefaultAssetCreation.cs
  artifactKey: Guid(1407207e0ba5c48f3a24bdbea0fa84b5) Importer(2089858483,b0f066a214c2f5e87bad3c948f4d605d)
Start importing Packages/com.unity.2d.tilemap/Editor/ObjectCreationMenu/DefaultAssetCreation.cs using Guid(1407207e0ba5c48f3a24bdbea0fa84b5) Importer(2089858483,b0f066a214c2f5e87bad3c948f4d605d) (ScriptedImporter) -> (artifact id: 'f73753c9bbd8b255976b507d2d4cc8fd') in 0.009977 seconds
Number of updated asset objects reloaded before import = 0Number of asset objects unloaded after import = 0

========================================================================
Received Import Request.
  Time since last request: 0.000030 seconds.
  path: Packages/com.unity.2d.tilemap/Editor/Icons/Tilemap.ShowTilePalette@4x.png
  artifactKey: Guid(401e910567b72dd4abf58be9f7e0518b) Importer(2089858483,b0f066a214c2f5e87bad3c948f4d605d)
Start importing Packages/com.unity.2d.tilemap/Editor/Icons/Tilemap.ShowTilePalette@4x.png using Guid(401e910567b72dd4abf58be9f7e0518b) Importer(2089858483,b0f066a214c2f5e87bad3c948f4d605d) (ScriptedImporter) -> (artifact id: '4aaf35d92d5922f456177e93637b441a') in 0.0151229 seconds
Number of updated asset objects reloaded before import = 0Number of asset objects unloaded after import = 3

========================================================================
Received Import Request.
  Time since last request: 0.000018 seconds.
  path: Packages/com.unity.2d.tilemap/Editor/Icons/Grid.RotateCW.png
  artifactKey: Guid(e25f34c849d45714e86b14d3afbb763e) Importer(2089858483,b0f066a214c2f5e87bad3c948f4d605d)
Start importing Packages/com.unity.2d.tilemap/Editor/Icons/Grid.RotateCW.png using Guid(e25f34c849d45714e86b14d3afbb763e) Importer(2089858483,b0f066a214c2f5e87bad3c948f4d605d) (ScriptedImporter) -> (artifact id: '2bd302d82a7ca0f896b80e10b644ebd3') in 0.0150089 seconds
Number of updated asset objects reloaded before import = 0Number of asset objects unloaded after import = 3

========================================================================
Received Import Request.
  Time since last request: 0.000024 seconds.
  path: Packages/com.unity.2d.tilemap/Editor/TileSet/PositionTileTemplate.cs
  artifactKey: Guid(4565c53baa224eabaca8f7e4378bce8a) Importer(2089858483,b0f066a214c2f5e87bad3c948f4d605d)
Start importing Packages/com.unity.2d.tilemap/Editor/TileSet/PositionTileTemplate.cs using Guid(4565c53baa224eabaca8f7e4378bce8a) Importer(2089858483,b0f066a214c2f5e87bad3c948f4d605d) (ScriptedImporter) -> (artifact id: 'd3dd45086328119ada85eee973dcbdba') in 0.0062176 seconds
Number of updated asset objects reloaded before import = 0Number of asset objects unloaded after import = 0

========================================================================
Received Import Request.
  Time since last request: 0.000027 seconds.
  path: Packages/com.unity.2d.tilemap/Editor/Icons/Tilemap.EditPalette@2x.png
  artifactKey: Guid(13c8bd32c985e204eafd19f6360119db) Importer(2089858483,b0f066a214c2f5e87bad3c948f4d605d)
Start importing Packages/com.unity.2d.tilemap/Editor/Icons/Tilemap.EditPalette@2x.png using Guid(13c8bd32c985e204eafd19f6360119db) Importer(2089858483,b0f066a214c2f5e87bad3c948f4d605d) (ScriptedImporter) -> (artifact id: '0bd2652b8d0100c1e445641e00a80fc5') in 0.0186149 seconds
Number of updated asset objects reloaded before import = 0Number of asset objects unloaded after import = 3

========================================================================
Received Import Request.
  Time since last request: 0.000018 seconds.
  path: Packages/com.unity.2d.tilemap/Editor/Icons/EditorUI.Filter.png
  artifactKey: Guid(cdccb0d77f2e841e1bc2c5f367d4df33) Importer(2089858483,b0f066a214c2f5e87bad3c948f4d605d)
Start importing Packages/com.unity.2d.tilemap/Editor/Icons/EditorUI.Filter.png using Guid(cdccb0d77f2e841e1bc2c5f367d4df33) Importer(2089858483,b0f066a214c2f5e87bad3c948f4d605d) (ScriptedImporter) -> (artifact id: '25e990316c37d818f11e154bb1935068') in 0.0141203 seconds
Number of updated asset objects reloaded before import = 0Number of asset objects unloaded after import = 3

========================================================================
Received Import Request.
  Time since last request: 0.000021 seconds.
  path: Packages/com.unity.2d.tilemap/Editor/Icons/Tilemap.DefaultBrush@4x.png
  artifactKey: Guid(6ccf4234805f2d049a6869c33213ff65) Importer(2089858483,b0f066a214c2f5e87bad3c948f4d605d)
Start importing Packages/com.unity.2d.tilemap/Editor/Icons/Tilemap.DefaultBrush@4x.png using Guid(6ccf4234805f2d049a6869c33213ff65) Importer(2089858483,b0f066a214c2f5e87bad3c948f4d605d) (ScriptedImporter) -> (artifact id: 'd7d7009abe326a3522bd5590caa171e5') in 0.0137604 seconds
Number of updated asset objects reloaded before import = 0Number of asset objects unloaded after import = 3

========================================================================
Received Import Request.
  Time since last request: 0.000030 seconds.
  path: Packages/com.unity.2d.tilemap/Editor/Icons/d_Tilemap.FocusTilemap@4x.png
  artifactKey: Guid(dd62c99bd1ab0984da092d3ea327b733) Importer(2089858483,b0f066a214c2f5e87bad3c948f4d605d)
Start importing Packages/com.unity.2d.tilemap/Editor/Icons/d_Tilemap.FocusTilemap@4x.png using Guid(dd62c99bd1ab0984da092d3ea327b733) Importer(2089858483,b0f066a214c2f5e87bad3c948f4d605d) (ScriptedImporter) -> (artifact id: '1e7d0615c50227041efa3435cc7e06a1') in 0.016515 seconds
Number of updated asset objects reloaded before import = 0Number of asset objects unloaded after import = 3

========================================================================
Received Import Request.
  Time since last request: 0.000016 seconds.
  path: Packages/com.unity.2d.tilemap/Editor/Icons/Tilemap.FocusTilemap.png
  artifactKey: Guid(534112f711642464e8a5b9b5ea20e941) Importer(2089858483,b0f066a214c2f5e87bad3c948f4d605d)
Start importing Packages/com.unity.2d.tilemap/Editor/Icons/Tilemap.FocusTilemap.png using Guid(534112f711642464e8a5b9b5ea20e941) Importer(2089858483,b0f066a214c2f5e87bad3c948f4d605d) (ScriptedImporter) -> (artifact id: 'b6e064a844c220217d0cf8331cd406ba') in 0.0128638 seconds
Number of updated asset objects reloaded before import = 0Number of asset objects unloaded after import = 3

========================================================================
Received Import Request.
  Time since last request: 0.000023 seconds.
  path: Packages/com.unity.2d.tilemap/Editor/Icons/d_Tilemap.GridPaint@2x.png
  artifactKey: Guid(3451731abc835d44993075b3bc0935bd) Importer(2089858483,b0f066a214c2f5e87bad3c948f4d605d)
Start importing Packages/com.unity.2d.tilemap/Editor/Icons/d_Tilemap.GridPaint@2x.png using Guid(3451731abc835d44993075b3bc0935bd) Importer(2089858483,b0f066a214c2f5e87bad3c948f4d605d) (ScriptedImporter) -> (artifact id: 'fe147e374365003486ab420cd77c6278') in 0.0154339 seconds
Number of updated asset objects reloaded before import = 0Number of asset objects unloaded after import = 3

========================================================================
Received Import Request.
  Time since last request: 0.000038 seconds.
  path: Packages/com.unity.2d.tilemap/Editor/UI/TilePaletteActivePaletteDropdownMenu.cs
  artifactKey: Guid(0237a0d9a9c873e45abc9f7f9918f744) Importer(2089858483,b0f066a214c2f5e87bad3c948f4d605d)
Start importing Packages/com.unity.2d.tilemap/Editor/UI/TilePaletteActivePaletteDropdownMenu.cs using Guid(0237a0d9a9c873e45abc9f7f9918f744) Importer(2089858483,b0f066a214c2f5e87bad3c948f4d605d) (ScriptedImporter) -> (artifact id: '51b79730d4a9e16fbbf75421e249e333') in 0.0089823 seconds
Number of updated asset objects reloaded before import = 0Number of asset objects unloaded after import = 0

========================================================================
Received Import Request.
  Time since last request: 0.000018 seconds.
  path: Packages/com.unity.2d.tilemap/Editor/UI/TilePaletteBrushInspectorElement.cs
  artifactKey: Guid(9806777faa990e24fb0a14a60ef2dbb1) Importer(2089858483,b0f066a214c2f5e87bad3c948f4d605d)
Start importing Packages/com.unity.2d.tilemap/Editor/UI/TilePaletteBrushInspectorElement.cs using Guid(9806777faa990e24fb0a14a60ef2dbb1) Importer(2089858483,b0f066a214c2f5e87bad3c948f4d605d) (ScriptedImporter) -> (artifact id: 'be40a47611aaa06dc782655a35e2f0d9') in 0.0070739 seconds
Number of updated asset objects reloaded before import = 0Number of asset objects unloaded after import = 0

========================================================================
Received Import Request.
  Time since last request: 0.000020 seconds.
  path: Packages/com.unity.2d.tilemap/Editor/UI/External/RenameableLabel.cs
  artifactKey: Guid(4f15e4da25f5407188ceb3ad49176db9) Importer(2089858483,b0f066a214c2f5e87bad3c948f4d605d)
Start importing Packages/com.unity.2d.tilemap/Editor/UI/External/RenameableLabel.cs using Guid(4f15e4da25f5407188ceb3ad49176db9) Importer(2089858483,b0f066a214c2f5e87bad3c948f4d605d) (ScriptedImporter) -> (artifact id: '0f3fefba36cb7baa4029e27d5ef8093a') in 0.0062679 seconds
Number of updated asset objects reloaded before import = 0Number of asset objects unloaded after import = 0

========================================================================
Received Import Request.
  Time since last request: 0.000029 seconds.
  path: Packages/com.unity.2d.tilemap/Editor/UI/TilePaletteBrushPanelButton.cs
  artifactKey: Guid(888033bb6c1374d44a56c290bc991950) Importer(2089858483,b0f066a214c2f5e87bad3c948f4d605d)
Start importing Packages/com.unity.2d.tilemap/Editor/UI/TilePaletteBrushPanelButton.cs using Guid(888033bb6c1374d44a56c290bc991950) Importer(2089858483,b0f066a214c2f5e87bad3c948f4d605d) (ScriptedImporter) -> (artifact id: '00e136ae13f85b156427d2b318285d27') in 0.0062411 seconds
Number of updated asset objects reloaded before import = 0Number of asset objects unloaded after import = 0

========================================================================
Received Import Request.
  Time since last request: 0.000023 seconds.
  path: Packages/com.unity.2d.tilemap/Editor/UI/GridPaintPaletteWindowSplitView.cs
  artifactKey: Guid(da729b8a61b9b17479b11396776d7651) Importer(2089858483,b0f066a214c2f5e87bad3c948f4d605d)
Start importing Packages/com.unity.2d.tilemap/Editor/UI/GridPaintPaletteWindowSplitView.cs using Guid(da729b8a61b9b17479b11396776d7651) Importer(2089858483,b0f066a214c2f5e87bad3c948f4d605d) (ScriptedImporter) -> (artifact id: 'de3f845e882f3c826cb869118e065ad8') in 0.006324 seconds
Number of updated asset objects reloaded before import = 0Number of asset objects unloaded after import = 0

========================================================================
Received Import Request.
  Time since last request: 0.000024 seconds.
  path: Packages/com.unity.2d.tilemap/Editor/UI/TilePaletteActiveTargetsDropdownMenu.cs
  artifactKey: Guid(767ef4adccc592649bc3b2c17a97a6dc) Importer(2089858483,b0f066a214c2f5e87bad3c948f4d605d)
Start importing Packages/com.unity.2d.tilemap/Editor/UI/TilePaletteActiveTargetsDropdownMenu.cs using Guid(767ef4adccc592649bc3b2c17a97a6dc) Importer(2089858483,b0f066a214c2f5e87bad3c948f4d605d) (ScriptedImporter) -> (artifact id: '6543cbfb7d104b1242d992b8a9ce5eec') in 0.0086652 seconds
Number of updated asset objects reloaded before import = 0Number of asset objects unloaded after import = 0

========================================================================
Received Import Request.
  Time since last request: 0.000036 seconds.
  path: Packages/com.unity.2d.tilemap/Editor/UI/GridPaintPaletteWindow.uss
  artifactKey: Guid(ecc64bf4ebc64e2d8487b3a631c5113c) Importer(2089858483,b0f066a214c2f5e87bad3c948f4d605d)
Start importing Packages/com.unity.2d.tilemap/Editor/UI/GridPaintPaletteWindow.uss using Guid(ecc64bf4ebc64e2d8487b3a631c5113c) Importer(2089858483,b0f066a214c2f5e87bad3c948f4d605d) (ScriptedImporter) -> (artifact id: '6e20d5103cda455d1ab2ab9f97c2d118') in 0.0168626 seconds
Number of updated asset objects reloaded before import = 0Number of asset objects unloaded after import = 1

========================================================================
Received Import Request.
  Time since last request: 0.000018 seconds.
  path: Packages/com.unity.2d.tilemap/Editor/UI/SceneViewOpenTilePaletteOverlay.cs
  artifactKey: Guid(694abd7b442533d4d906a9f452776a2e) Importer(2089858483,b0f066a214c2f5e87bad3c948f4d605d)
Start importing Packages/com.unity.2d.tilemap/Editor/UI/SceneViewOpenTilePaletteOverlay.cs using Guid(694abd7b442533d4d906a9f452776a2e) Importer(2089858483,b0f066a214c2f5e87bad3c948f4d605d) (ScriptedImporter) -> (artifact id: 'a1e0daa9219842f1701f1d4f3906d994') in 0.0070946 seconds
Number of updated asset objects reloaded before import = 0Number of asset objects unloaded after import = 0

========================================================================
Received Import Request.
  Time since last request: 0.000031 seconds.
  path: Packages/com.unity.2d.tilemap/Editor/UI/TilePaletteClipboardViewElement.cs
  artifactKey: Guid(8f42b5a9ceac4020ab7f132059f79cb1) Importer(2089858483,b0f066a214c2f5e87bad3c948f4d605d)
Start importing Packages/com.unity.2d.tilemap/Editor/UI/TilePaletteClipboardViewElement.cs using Guid(8f42b5a9ceac4020ab7f132059f79cb1) Importer(2089858483,b0f066a214c2f5e87bad3c948f4d605d) (ScriptedImporter) -> (artifact id: 'b559a204827061da6ab3edce298b1f6f') in 0.0080427 seconds
Number of updated asset objects reloaded before import = 0Number of asset objects unloaded after import = 0

========================================================================
Received Import Request.
  Time since last request: 0.000028 seconds.
  path: Packages/com.unity.2d.tilemap/Editor/UI/GridPaintingToolbar.cs
  artifactKey: Guid(bc1106d4aa7a8f749b058b7c6a20ff36) Importer(2089858483,b0f066a214c2f5e87bad3c948f4d605d)
Start importing Packages/com.unity.2d.tilemap/Editor/UI/GridPaintingToolbar.cs using Guid(bc1106d4aa7a8f749b058b7c6a20ff36) Importer(2089858483,b0f066a214c2f5e87bad3c948f4d605d) (ScriptedImporter) -> (artifact id: 'a6d366142697bc1e66582c02d8617870') in 0.0073358 seconds
Number of updated asset objects reloaded before import = 0Number of asset objects unloaded after import = 0

========================================================================
Received Import Request.
  Time since last request: 0.000023 seconds.
  path: Packages/com.unity.2d.tilemap/Editor/UI/External/GridView.uss
  artifactKey: Guid(2d273e946d0b400a8bc9d2cb4c1946c9) Importer(2089858483,b0f066a214c2f5e87bad3c948f4d605d)
Start importing Packages/com.unity.2d.tilemap/Editor/UI/External/GridView.uss using Guid(2d273e946d0b400a8bc9d2cb4c1946c9) Importer(2089858483,b0f066a214c2f5e87bad3c948f4d605d) (ScriptedImporter) -> (artifact id: 'e011a0f08831826314b5b3fc2fd2439e') in 0.0110234 seconds
Number of updated asset objects reloaded before import = 0Number of asset objects unloaded after import = 1

========================================================================
Received Import Request.
  Time since last request: 0.000026 seconds.
  path: Packages/com.unity.2d.tilemap/Editor/EditorTools/GridSelection/GridSelectionRotationTool.cs
  artifactKey: Guid(6cf9bcb22d1f73e42a7abe79808d5902) Importer(2089858483,b0f066a214c2f5e87bad3c948f4d605d)
Start importing Packages/com.unity.2d.tilemap/Editor/EditorTools/GridSelection/GridSelectionRotationTool.cs using Guid(6cf9bcb22d1f73e42a7abe79808d5902) Importer(2089858483,b0f066a214c2f5e87bad3c948f4d605d) (ScriptedImporter) -> (artifact id: 'f4c100556e43cdd29d40478f76fcc424') in 0.0069837 seconds
Number of updated asset objects reloaded before import = 0Number of asset objects unloaded after import = 0

========================================================================
Received Import Request.
  Time since last request: 0.000026 seconds.
  path: Packages/com.unity.ide.visualstudio/ValidationConfig.json
  artifactKey: Guid(a3f71b076c36a204a864f8c44142b3a9) Importer(2089858483,b0f066a214c2f5e87bad3c948f4d605d)
Start importing Packages/com.unity.ide.visualstudio/ValidationConfig.json using Guid(a3f71b076c36a204a864f8c44142b3a9) Importer(2089858483,b0f066a214c2f5e87bad3c948f4d605d) (ScriptedImporter) -> (artifact id: '94f6a108e0881a0bf74ba0d164e387d3') in 0.0069271 seconds
Number of updated asset objects reloaded before import = 0Number of asset objects unloaded after import = 1

========================================================================
Received Import Request.
  Time since last request: 0.000017 seconds.
  path: Packages/com.unity.2d.tilemap/Editor/UI/TilePaletteActiveTargetsPopup.cs
  artifactKey: Guid(4b4fa89433ae80a4eb9e0230cddc80dd) Importer(2089858483,b0f066a214c2f5e87bad3c948f4d605d)
Start importing Packages/com.unity.2d.tilemap/Editor/UI/TilePaletteActiveTargetsPopup.cs using Guid(4b4fa89433ae80a4eb9e0230cddc80dd) Importer(2089858483,b0f066a214c2f5e87bad3c948f4d605d) (ScriptedImporter) -> (artifact id: '3b228dccc89884cdff6417b1d0b19ad3') in 0.0068188 seconds
Number of updated asset objects reloaded before import = 0Number of asset objects unloaded after import = 0

========================================================================
Received Import Request.
  Time since last request: 0.000019 seconds.
  path: Packages/com.unity.2d.tilemap/Editor/EditorTools/GridSelection/GridSelectionMoveTool.cs
  artifactKey: Guid(e7c9025e8b1fd7f4ba7de0f72eb6f773) Importer(2089858483,b0f066a214c2f5e87bad3c948f4d605d)
Start importing Packages/com.unity.2d.tilemap/Editor/EditorTools/GridSelection/GridSelectionMoveTool.cs using Guid(e7c9025e8b1fd7f4ba7de0f72eb6f773) Importer(2089858483,b0f066a214c2f5e87bad3c948f4d605d) (ScriptedImporter) -> (artifact id: 'b16f917abc3f779bb87e319d27a66ba7') in 0.0069935 seconds
Number of updated asset objects reloaded before import = 0Number of asset objects unloaded after import = 0

========================================================================
Received Import Request.
  Time since last request: 0.000037 seconds.
  path: Packages/com.unity.2d.tilemap/Editor/UI/TilePaletteBrushPickItemElement.cs
  artifactKey: Guid(6ad0a0cb781e419690c8bfb5662edcb2) Importer(2089858483,b0f066a214c2f5e87bad3c948f4d605d)
Start importing Packages/com.unity.2d.tilemap/Editor/UI/TilePaletteBrushPickItemElement.cs using Guid(6ad0a0cb781e419690c8bfb5662edcb2) Importer(2089858483,b0f066a214c2f5e87bad3c948f4d605d) (ScriptedImporter) -> (artifact id: '0aa6fb6fe5118aa5d1c3c781bc1c5a3c') in 0.0074379 seconds
Number of updated asset objects reloaded before import = 0Number of asset objects unloaded after import = 0

========================================================================
Received Import Request.
  Time since last request: 0.000043 seconds.
  path: Packages/com.unity.2d.tilemap/Editor/UI/TilePaletteClipboardOverlay.cs
  artifactKey: Guid(5bd6b2f1d49f437419a2242293d1fe9b) Importer(2089858483,b0f066a214c2f5e87bad3c948f4d605d)
Start importing Packages/com.unity.2d.tilemap/Editor/UI/TilePaletteClipboardOverlay.cs using Guid(5bd6b2f1d49f437419a2242293d1fe9b) Importer(2089858483,b0f066a214c2f5e87bad3c948f4d605d) (ScriptedImporter) -> (artifact id: '07a1b64b72eb7c8fbb8b0e32a612b91a') in 0.0079308 seconds
Number of updated asset objects reloaded before import = 0Number of asset objects unloaded after import = 0

========================================================================
Received Import Request.
  Time since last request: 0.000024 seconds.
  path: Packages/com.unity.2d.tilemap/Editor/UI/TilePaletteBrushesButton.cs
  artifactKey: Guid(147520b21ddedfe4fbce3cd5a934af90) Importer(2089858483,b0f066a214c2f5e87bad3c948f4d605d)
Start importing Packages/com.unity.2d.tilemap/Editor/UI/TilePaletteBrushesButton.cs using Guid(147520b21ddedfe4fbce3cd5a934af90) Importer(2089858483,b0f066a214c2f5e87bad3c948f4d605d) (ScriptedImporter) -> (artifact id: '4f42d42dee7a24fd2d66d4f958333da7') in 0.0062502 seconds
Number of updated asset objects reloaded before import = 0Number of asset objects unloaded after import = 0

========================================================================
Received Import Request.
  Time since last request: 0.000026 seconds.
  path: Packages/com.unity.2d.tilemap/Editor/UI/TilePaletteBrushesDropdownToggle.cs
  artifactKey: Guid(8dc999fb86ea8ae49b4cc23cf7d6afd1) Importer(2089858483,b0f066a214c2f5e87bad3c948f4d605d)
Start importing Packages/com.unity.2d.tilemap/Editor/UI/TilePaletteBrushesDropdownToggle.cs using Guid(8dc999fb86ea8ae49b4cc23cf7d6afd1) Importer(2089858483,b0f066a214c2f5e87bad3c948f4d605d) (ScriptedImporter) -> (artifact id: 'bde859973e330955e062a6192edd3a2d') in 0.008573 seconds
Number of updated asset objects reloaded before import = 0Number of asset objects unloaded after import = 0

========================================================================
Received Import Request.
  Time since last request: 0.000017 seconds.
  path: Packages/com.unity.2d.tilemap/Editor/UI/GridPaintPaletteWindowDark.uss
  artifactKey: Guid(2af7a09b750644968bf66758786d99d9) Importer(2089858483,b0f066a214c2f5e87bad3c948f4d605d)
Start importing Packages/com.unity.2d.tilemap/Editor/UI/GridPaintPaletteWindowDark.uss using Guid(2af7a09b750644968bf66758786d99d9) Importer(2089858483,b0f066a214c2f5e87bad3c948f4d605d) (ScriptedImporter) -> (artifact id: '5936e3ca7b69d7c3526901be7f90ca35') in 0.0088125 seconds
Number of updated asset objects reloaded before import = 0Number of asset objects unloaded after import = 1

========================================================================
Received Import Request.
  Time since last request: 0.000018 seconds.
  path: Packages/com.unity.2d.tilemap/Editor/UI/TilemapEditorToolButton.cs
  artifactKey: Guid(2d0a76a0816f23441bbec5761e509609) Importer(2089858483,b0f066a214c2f5e87bad3c948f4d605d)
Start importing Packages/com.unity.2d.tilemap/Editor/UI/TilemapEditorToolButton.cs using Guid(2d0a76a0816f23441bbec5761e509609) Importer(2089858483,b0f066a214c2f5e87bad3c948f4d605d) (ScriptedImporter) -> (artifact id: '530ed3dbebf1a5058d35cc441181d059') in 0.0079936 seconds
Number of updated asset objects reloaded before import = 0Number of asset objects unloaded after import = 0

========================================================================
Received Import Request.
  Time since last request: 0.000028 seconds.
  path: Packages/com.unity.2d.tilemap/Editor/UI/TilePaletteElement.cs
  artifactKey: Guid(dc99af6ad351838409126a573140507a) Importer(2089858483,b0f066a214c2f5e87bad3c948f4d605d)
Start importing Packages/com.unity.2d.tilemap/Editor/UI/TilePaletteElement.cs using Guid(dc99af6ad351838409126a573140507a) Importer(2089858483,b0f066a214c2f5e87bad3c948f4d605d) (ScriptedImporter) -> (artifact id: '4302fb13230333d0ddd47da9a96047e0') in 0.0071713 seconds
Number of updated asset objects reloaded before import = 0Number of asset objects unloaded after import = 0

========================================================================
Received Import Request.
  Time since last request: 0.000017 seconds.
  path: Packages/com.unity.collab-proxy/Editor/Assets/Images/d_iconmovedoverlay@2x.png
  artifactKey: Guid(e27bb56b83f03421880673ee2b951102) Importer(2089858483,b0f066a214c2f5e87bad3c948f4d605d)
Start importing Packages/com.unity.collab-proxy/Editor/Assets/Images/d_iconmovedoverlay@2x.png using Guid(e27bb56b83f03421880673ee2b951102) Importer(2089858483,b0f066a214c2f5e87bad3c948f4d605d) (ScriptedImporter) -> (artifact id: 'a459a88c9c77be55cc2fa8f47e2348dd') in 0.0170884 seconds
Number of updated asset objects reloaded before import = 0Number of asset objects unloaded after import = 3

========================================================================
Received Import Request.
  Time since last request: 0.000029 seconds.
  path: Packages/com.unity.ide.visualstudio/Editor/Testing/TestAdaptor.cs
  artifactKey: Guid(b73b3de0d473d4a1c887ab31f69b1a8d) Importer(2089858483,b0f066a214c2f5e87bad3c948f4d605d)
Start importing Packages/com.unity.ide.visualstudio/Editor/Testing/TestAdaptor.cs using Guid(b73b3de0d473d4a1c887ab31f69b1a8d) Importer(2089858483,b0f066a214c2f5e87bad3c948f4d605d) (ScriptedImporter) -> (artifact id: 'f9a98e15144b3c0dbc477cce638f05fc') in 0.0084457 seconds
Number of updated asset objects reloaded before import = 0Number of asset objects unloaded after import = 0

========================================================================
Received Import Request.
  Time since last request: 0.000029 seconds.
  path: Packages/com.unity.collab-proxy/Editor/CodeEditor/Rendering/VisualLineConstructionStartEventArgs.cs
  artifactKey: Guid(dcf41b8eb4864b26940bbaae32dedbb4) Importer(2089858483,b0f066a214c2f5e87bad3c948f4d605d)
Start importing Packages/com.unity.collab-proxy/Editor/CodeEditor/Rendering/VisualLineConstructionStartEventArgs.cs using Guid(dcf41b8eb4864b26940bbaae32dedbb4) Importer(2089858483,b0f066a214c2f5e87bad3c948f4d605d) (ScriptedImporter) -> (artifact id: '08502503a076f8ed660ebaa488e354c1') in 0.0067432 seconds
Number of updated asset objects reloaded before import = 0Number of asset objects unloaded after import = 0

========================================================================
Received Import Request.
  Time since last request: 0.000016 seconds.
  path: Packages/com.unity.collab-proxy/Editor/CloudDrive/Workspaces/DirectoryContent/ProcessDragEvent.cs
  artifactKey: Guid(906bc1afa6344104953c1f8f08e54b11) Importer(2089858483,b0f066a214c2f5e87bad3c948f4d605d)
Start importing Packages/com.unity.collab-proxy/Editor/CloudDrive/Workspaces/DirectoryContent/ProcessDragEvent.cs using Guid(906bc1afa6344104953c1f8f08e54b11) Importer(2089858483,b0f066a214c2f5e87bad3c948f4d605d) (ScriptedImporter) -> (artifact id: '504ea6b9ea6ff72615b95310a254f880') in 0.0071106 seconds
Number of updated asset objects reloaded before import = 0Number of asset objects unloaded after import = 0

========================================================================
Received Import Request.
  Time since last request: 0.000018 seconds.
  path: Packages/com.unity.ugui/CHANGELOG.md
  artifactKey: Guid(c851bee4305bddf438cc6ffc515991ce) Importer(2089858483,b0f066a214c2f5e87bad3c948f4d605d)
Start importing Packages/com.unity.ugui/CHANGELOG.md using Guid(c851bee4305bddf438cc6ffc515991ce) Importer(2089858483,b0f066a214c2f5e87bad3c948f4d605d) (ScriptedImporter) -> (artifact id: '75cceca452b05b1c5e6fd1808a016976') in 0.005992 seconds
Number of updated asset objects reloaded before import = 0Number of asset objects unloaded after import = 1

========================================================================
Received Import Request.
  Time since last request: 0.000025 seconds.
  path: Packages/com.unity.ide.visualstudio/Editor/Messaging/TcpListener.cs
  artifactKey: Guid(ded625cf0d03fa94c9f939fd13ced18d) Importer(2089858483,b0f066a214c2f5e87bad3c948f4d605d)
Start importing Packages/com.unity.ide.visualstudio/Editor/Messaging/TcpListener.cs using Guid(ded625cf0d03fa94c9f939fd13ced18d) Importer(2089858483,b0f066a214c2f5e87bad3c948f4d605d) (ScriptedImporter) -> (artifact id: '486521f47b5166a6129331f30ab10fd1') in 0.0056817 seconds
Number of updated asset objects reloaded before import = 0Number of asset objects unloaded after import = 0

========================================================================
Received Import Request.
  Time since last request: 0.000017 seconds.
  path: Packages/com.unity.ugui/package.json
  artifactKey: Guid(319b8889f363f5947acf209c17a94149) Importer(2089858483,b0f066a214c2f5e87bad3c948f4d605d)
Start importing Packages/com.unity.ugui/package.json using Guid(319b8889f363f5947acf209c17a94149) Importer(2089858483,b0f066a214c2f5e87bad3c948f4d605d) (ScriptedImporter) -> (artifact id: '81ac32990e267bc09cab5f3139ed3d7d') in 0.0059425 seconds
Number of updated asset objects reloaded before import = 0Number of asset objects unloaded after import = 1

========================================================================
Received Import Request.
  Time since last request: 0.000016 seconds.
  path: Packages/com.unity.ide.visualstudio/Editor/ProjectGeneration/LegacyStyleProjectGeneration.cs
  artifactKey: Guid(3070b6395b0f5f04faaab13164c6256d) Importer(2089858483,b0f066a214c2f5e87bad3c948f4d605d)
Start importing Packages/com.unity.ide.visualstudio/Editor/ProjectGeneration/LegacyStyleProjectGeneration.cs using Guid(3070b6395b0f5f04faaab13164c6256d) Importer(2089858483,b0f066a214c2f5e87bad3c948f4d605d) (ScriptedImporter) -> (artifact id: '58bbe8536d13b2072952f378c48f345b') in 0.0062142 seconds
Number of updated asset objects reloaded before import = 0Number of asset objects unloaded after import = 0

========================================================================
Received Import Request.
  Time since last request: 0.000034 seconds.
  path: Packages/com.unity.ugui/LICENSE.md
  artifactKey: Guid(4d3d51749e989f747b2674e0b4d9b3d7) Importer(2089858483,b0f066a214c2f5e87bad3c948f4d605d)
Start importing Packages/com.unity.ugui/LICENSE.md using Guid(4d3d51749e989f747b2674e0b4d9b3d7) Importer(2089858483,b0f066a214c2f5e87bad3c948f4d605d) (ScriptedImporter) -> (artifact id: '619bca73d27b8e849400f81274665fff') in 0.0069818 seconds
Number of updated asset objects reloaded before import = 0Number of asset objects unloaded after import = 1

========================================================================
Received Import Request.
  Time since last request: 0.000022 seconds.
  path: Packages/com.unity.ide.visualstudio/Editor/Messaging/MessageType.cs
  artifactKey: Guid(f3edbdc86577af648a23263aa75161e1) Importer(2089858483,b0f066a214c2f5e87bad3c948f4d605d)
Start importing Packages/com.unity.ide.visualstudio/Editor/Messaging/MessageType.cs using Guid(f3edbdc86577af648a23263aa75161e1) Importer(2089858483,b0f066a214c2f5e87bad3c948f4d605d) (ScriptedImporter) -> (artifact id: '06df949d2fed4083abed01d0908c7f8b') in 0.0071695 seconds
Number of updated asset objects reloaded before import = 0Number of asset objects unloaded after import = 0

========================================================================
Received Import Request.
  Time since last request: 0.000019 seconds.
  path: Packages/com.unity.ide.visualstudio/Editor/UsageUtility.cs
  artifactKey: Guid(5a7aba2d3d458e04eb4210c0303fbf64) Importer(2089858483,b0f066a214c2f5e87bad3c948f4d605d)
Start importing Packages/com.unity.ide.visualstudio/Editor/UsageUtility.cs using Guid(5a7aba2d3d458e04eb4210c0303fbf64) Importer(2089858483,b0f066a214c2f5e87bad3c948f4d605d) (ScriptedImporter) -> (artifact id: 'df5814477eb7f4858686ca85b396c11d') in 0.006106 seconds
Number of updated asset objects reloaded before import = 0Number of asset objects unloaded after import = 0

========================================================================
Received Import Request.
  Time since last request: 0.000026 seconds.
  path: Packages/com.unity.2d.tilemap/Editor/UI/SceneViewTilemapFocusOverlay.cs
  artifactKey: Guid(01394ea37325e53408caf8359facb36f) Importer(2089858483,b0f066a214c2f5e87bad3c948f4d605d)
Start importing Packages/com.unity.2d.tilemap/Editor/UI/SceneViewTilemapFocusOverlay.cs using Guid(01394ea37325e53408caf8359facb36f) Importer(2089858483,b0f066a214c2f5e87bad3c948f4d605d) (ScriptedImporter) -> (artifact id: 'c101e071468c3a5c7481241edd1d81d2') in 0.0066868 seconds
Number of updated asset objects reloaded before import = 0Number of asset objects unloaded after import = 0

========================================================================
Received Import Request.
  Time since last request: 0.000016 seconds.
  path: Packages/com.unity.feature.2d/CHANGELOG.md
  artifactKey: Guid(73b40baae33683644bc747233705b62a) Importer(2089858483,b0f066a214c2f5e87bad3c948f4d605d)
Start importing Packages/com.unity.feature.2d/CHANGELOG.md using Guid(73b40baae33683644bc747233705b62a) Importer(2089858483,b0f066a214c2f5e87bad3c948f4d605d) (ScriptedImporter) -> (artifact id: 'ecd4ccb93734e4fbbb6c1877aaf56c5c') in 0.007078 seconds
Number of updated asset objects reloaded before import = 0Number of asset objects unloaded after import = 1

========================================================================
Received Import Request.
  Time since last request: 0.000017 seconds.
  path: Packages/com.unity.ide.visualstudio/Editor/Testing/TestStatusAdaptor.cs
  artifactKey: Guid(0719f1a8b2a284e1182b352e6c8c3c60) Importer(2089858483,b0f066a214c2f5e87bad3c948f4d605d)
Start importing Packages/com.unity.ide.visualstudio/Editor/Testing/TestStatusAdaptor.cs using Guid(0719f1a8b2a284e1182b352e6c8c3c60) Importer(2089858483,b0f066a214c2f5e87bad3c948f4d605d) (ScriptedImporter) -> (artifact id: '25365ff112c4dbc74e648fc52949724b') in 0.0065765 seconds
Number of updated asset objects reloaded before import = 0Number of asset objects unloaded after import = 0

========================================================================
Received Import Request.
  Time since last request: 0.000026 seconds.
  path: Packages/com.unity.ide.visualstudio/Editor/FileUtility.cs
  artifactKey: Guid(6f1dc05fb6e7d3e4f89ae9ca482735be) Importer(2089858483,b0f066a214c2f5e87bad3c948f4d605d)
Start importing Packages/com.unity.ide.visualstudio/Editor/FileUtility.cs using Guid(6f1dc05fb6e7d3e4f89ae9ca482735be) Importer(2089858483,b0f066a214c2f5e87bad3c948f4d605d) (ScriptedImporter) -> (artifact id: '1cba2057e9ff13bf4db6b514bd3c8525') in 0.0075034 seconds
Number of updated asset objects reloaded before import = 0Number of asset objects unloaded after import = 0

========================================================================
Received Import Request.
  Time since last request: 0.000016 seconds.
  path: Packages/com.unity.ide.visualstudio/Editor/Solution.cs
  artifactKey: Guid(af4c2c762e1d8e949a6bc458973df6e7) Importer(2089858483,b0f066a214c2f5e87bad3c948f4d605d)
Start importing Packages/com.unity.ide.visualstudio/Editor/Solution.cs using Guid(af4c2c762e1d8e949a6bc458973df6e7) Importer(2089858483,b0f066a214c2f5e87bad3c948f4d605d) (ScriptedImporter) -> (artifact id: '94ba1837241ad23611ae71cef7fc62f2') in 0.0063748 seconds
Number of updated asset objects reloaded before import = 0Number of asset objects unloaded after import = 0

========================================================================
Received Import Request.
  Time since last request: 0.000018 seconds.
  path: Packages/com.unity.ide.visualstudio/Editor/UnityInstallation.cs
  artifactKey: Guid(a8c76505bcc613640ade706bdb0f1cba) Importer(2089858483,b0f066a214c2f5e87bad3c948f4d605d)
Start importing Packages/com.unity.ide.visualstudio/Editor/UnityInstallation.cs using Guid(a8c76505bcc613640ade706bdb0f1cba) Importer(2089858483,b0f066a214c2f5e87bad3c948f4d605d) (ScriptedImporter) -> (artifact id: 'aea27cfdb74cabc4ba566eb6f6962907') in 0.0061694 seconds
Number of updated asset objects reloaded before import = 0Number of asset objects unloaded after import = 0

========================================================================
Received Import Request.
  Time since last request: 0.000029 seconds.
  path: Packages/com.unity.modules.imgui/package.json
  artifactKey: Guid(42fe78c8fe682715a2cb531422e6ccb3) Importer(2089858483,b0f066a214c2f5e87bad3c948f4d605d)
Start importing Packages/com.unity.modules.imgui/package.json using Guid(42fe78c8fe682715a2cb531422e6ccb3) Importer(2089858483,b0f066a214c2f5e87bad3c948f4d605d) (ScriptedImporter) -> (artifact id: 'f7552512fb45129ffec0e7969c139d82') in 0.0057526 seconds
Number of updated asset objects reloaded before import = 0Number of asset objects unloaded after import = 1

========================================================================
Received Import Request.
  Time since last request: 0.000016 seconds.
  path: Packages/com.unity.ugui/Editor/TMP/TMPro_CreateObjectMenu.cs
  artifactKey: Guid(7065397ff8184621aa3ca4f854491259) Importer(2089858483,b0f066a214c2f5e87bad3c948f4d605d)
Start importing Packages/com.unity.ugui/Editor/TMP/TMPro_CreateObjectMenu.cs using Guid(7065397ff8184621aa3ca4f854491259) Importer(2089858483,b0f066a214c2f5e87bad3c948f4d605d) (ScriptedImporter) -> (artifact id: 'e6ac0d5f70716ef421f9d94ebef9cccc') in 0.0063935 seconds
Number of updated asset objects reloaded before import = 0Number of asset objects unloaded after import = 0

========================================================================
Received Import Request.
  Time since last request: 0.000018 seconds.
  path: Packages/com.unity.ide.visualstudio/Editor/Testing/TestResultAdaptor.cs
  artifactKey: Guid(f47f2d030bc1d415a8d15a51dbcc39a2) Importer(2089858483,b0f066a214c2f5e87bad3c948f4d605d)
Start importing Packages/com.unity.ide.visualstudio/Editor/Testing/TestResultAdaptor.cs using Guid(f47f2d030bc1d415a8d15a51dbcc39a2) Importer(2089858483,b0f066a214c2f5e87bad3c948f4d605d) (ScriptedImporter) -> (artifact id: '28ce85ec5c4dbc3f427d8c3060a76477') in 0.0060493 seconds
Number of updated asset objects reloaded before import = 0Number of asset objects unloaded after import = 0

========================================================================
Received Import Request.
  Time since last request: 0.000027 seconds.
  path: Packages/com.unity.ide.visualstudio/Editor/ProjectGeneration/FileIOProvider.cs
  artifactKey: Guid(ec80b1fb8938b3b4ab442d10390c5315) Importer(2089858483,b0f066a214c2f5e87bad3c948f4d605d)
Start importing Packages/com.unity.ide.visualstudio/Editor/ProjectGeneration/FileIOProvider.cs using Guid(ec80b1fb8938b3b4ab442d10390c5315) Importer(2089858483,b0f066a214c2f5e87bad3c948f4d605d) (ScriptedImporter) -> (artifact id: 'a48808c707810a4c301980485f61aa33') in 0.0075264 seconds
Number of updated asset objects reloaded before import = 0Number of asset objects unloaded after import = 0

========================================================================
Received Import Request.
  Time since last request: 0.000015 seconds.
  path: Packages/com.unity.ide.visualstudio/Editor/ProjectGeneration/TypeCacheHelper.cs
  artifactKey: Guid(eeb21ffd7b0188542b348935f4b04fe8) Importer(2089858483,b0f066a214c2f5e87bad3c948f4d605d)
Start importing Packages/com.unity.ide.visualstudio/Editor/ProjectGeneration/TypeCacheHelper.cs using Guid(eeb21ffd7b0188542b348935f4b04fe8) Importer(2089858483,b0f066a214c2f5e87bad3c948f4d605d) (ScriptedImporter) -> (artifact id: 'a36df0669012b2d8dd95857a0fa6fffe') in 0.0061763 seconds
Number of updated asset objects reloaded before import = 0Number of asset objects unloaded after import = 0

========================================================================
Received Import Request.
  Time since last request: 0.000017 seconds.
  path: Packages/com.unity.2d.tilemap/Editor/UI/TilePaletteOverlayDark.uss
  artifactKey: Guid(edca8f45c1127f147b3fa62aad3ed9c1) Importer(2089858483,b0f066a214c2f5e87bad3c948f4d605d)
Start importing Packages/com.unity.2d.tilemap/Editor/UI/TilePaletteOverlayDark.uss using Guid(edca8f45c1127f147b3fa62aad3ed9c1) Importer(2089858483,b0f066a214c2f5e87bad3c948f4d605d) (ScriptedImporter) -> (artifact id: '1bb35d193c3b325b0424f8bc1b74abe9') in 0.0085734 seconds
Number of updated asset objects reloaded before import = 0Number of asset objects unloaded after import = 1

========================================================================
Received Import Request.
  Time since last request: 0.000021 seconds.
  path: Packages/com.unity.ugui/Package Resources/TMP Examples & Extras.unitypackage
  artifactKey: Guid(bc00e25696e4132499f56528d3fed2e3) Importer(2089858483,b0f066a214c2f5e87bad3c948f4d605d)
Start importing Packages/com.unity.ugui/Package Resources/TMP Examples & Extras.unitypackage using Guid(bc00e25696e4132499f56528d3fed2e3) Importer(2089858483,b0f066a214c2f5e87bad3c948f4d605d) (ScriptedImporter) -> (artifact id: '41510af39aba76e8f3431c8a9c6b29d6') in 0.005649 seconds
Number of updated asset objects reloaded before import = 0Number of asset objects unloaded after import = 1

========================================================================
Received Import Request.
  Time since last request: 0.000016 seconds.
  path: Packages/com.unity.ugui/PackageConversionData_Assets.json
  artifactKey: Guid(0e0afa652c0031c48896a97b424d027b) Importer(2089858483,b0f066a214c2f5e87bad3c948f4d605d)
Start importing Packages/com.unity.ugui/PackageConversionData_Assets.json using Guid(0e0afa652c0031c48896a97b424d027b) Importer(2089858483,b0f066a214c2f5e87bad3c948f4d605d) (ScriptedImporter) -> (artifact id: '183da86165d8ec24491ec1f1a4f04a69') in 0.0058014 seconds
Number of updated asset objects reloaded before import = 0Number of asset objects unloaded after import = 1

========================================================================
Received Import Request.
  Time since last request: 0.000016 seconds.
  path: Packages/com.unity.2d.tilemap/Editor/Icons/Grid.RotateACW.png
  artifactKey: Guid(28df830b98d0a3f44b58e73d78060ab0) Importer(2089858483,b0f066a214c2f5e87bad3c948f4d605d)
Start importing Packages/com.unity.2d.tilemap/Editor/Icons/Grid.RotateACW.png using Guid(28df830b98d0a3f44b58e73d78060ab0) Importer(2089858483,b0f066a214c2f5e87bad3c948f4d605d) (ScriptedImporter) -> (artifact id: '420cfea134f4bef8a9a6cfb904896f39') in 0.0154488 seconds
Number of updated asset objects reloaded before import = 0Number of asset objects unloaded after import = 3

========================================================================
Received Import Request.
  Time since last request: 0.000027 seconds.
  path: Packages/com.unity.collab-proxy/Lib/Editor/Localization/configurehelper.zh-Hant.txt
  artifactKey: Guid(dcf2da6b60ce74bb780465e51fa40347) Importer(2089858483,b0f066a214c2f5e87bad3c948f4d605d)
Start importing Packages/com.unity.collab-proxy/Lib/Editor/Localization/configurehelper.zh-Hant.txt using Guid(dcf2da6b60ce74bb780465e51fa40347) Importer(2089858483,b0f066a214c2f5e87bad3c948f4d605d) (ScriptedImporter) -> (artifact id: 'b913824ec9f3522741d3799961c73932') in 0.0068042 seconds
Number of updated asset objects reloaded before import = 0Number of asset objects unloaded after import = 1

========================================================================
Received Import Request.
  Time since last request: 0.000025 seconds.
  path: Packages/com.unity.collab-proxy/Editor/CodeEditor/Indentation/CSharp/IndentationReformatter.cs
  artifactKey: Guid(28b848f7720bc45fb8f8f4e51bddcfd5) Importer(2089858483,b0f066a214c2f5e87bad3c948f4d605d)
Start importing Packages/com.unity.collab-proxy/Editor/CodeEditor/Indentation/CSharp/IndentationReformatter.cs using Guid(28b848f7720bc45fb8f8f4e51bddcfd5) Importer(2089858483,b0f066a214c2f5e87bad3c948f4d605d) (ScriptedImporter) -> (artifact id: 'c04be575c286023dfe3034d100414882') in 0.0063595 seconds
Number of updated asset objects reloaded before import = 0Number of asset objects unloaded after import = 0

========================================================================
Received Import Request.
  Time since last request: 0.000016 seconds.
  path: Packages/com.unity.ugui/Editor/TMP/TMP_FontAsset_CreationMenu.cs
  artifactKey: Guid(7496af95dfe67cf429ac65edaaf99106) Importer(2089858483,b0f066a214c2f5e87bad3c948f4d605d)
Start importing Packages/com.unity.ugui/Editor/TMP/TMP_FontAsset_CreationMenu.cs using Guid(7496af95dfe67cf429ac65edaaf99106) Importer(2089858483,b0f066a214c2f5e87bad3c948f4d605d) (ScriptedImporter) -> (artifact id: 'fe4aec9ab5312def6dd5ae7f4bd2a59d') in 0.0059502 seconds
Number of updated asset objects reloaded before import = 0Number of asset objects unloaded after import = 0

========================================================================
Received Import Request.
  Time since last request: 0.000029 seconds.
  path: Packages/com.unity.ugui/Runtime/TMP/FontFeatureCommonGPOS.cs
  artifactKey: Guid(a4bbbb1fed4e2b7448af9313d6d00536) Importer(2089858483,b0f066a214c2f5e87bad3c948f4d605d)
Start importing Packages/com.unity.ugui/Runtime/TMP/FontFeatureCommonGPOS.cs using Guid(a4bbbb1fed4e2b7448af9313d6d00536) Importer(2089858483,b0f066a214c2f5e87bad3c948f4d605d) (ScriptedImporter) -> (artifact id: 'b7b3458ac80babe1a37086c17ba4a5e6') in 0.0061363 seconds
Number of updated asset objects reloaded before import = 0Number of asset objects unloaded after import = 0

========================================================================
Received Import Request.
  Time since last request: 0.000025 seconds.
  path: Packages/com.unity.ugui/Runtime/TMP/FastAction.cs
  artifactKey: Guid(871f8edd56e84b8fb295b10cc3c78f36) Importer(2089858483,b0f066a214c2f5e87bad3c948f4d605d)
Start importing Packages/com.unity.ugui/Runtime/TMP/FastAction.cs using Guid(871f8edd56e84b8fb295b10cc3c78f36) Importer(2089858483,b0f066a214c2f5e87bad3c948f4d605d) (ScriptedImporter) -> (artifact id: '5198d18593be787cd906a2e9132d981b') in 0.0056491 seconds
Number of updated asset objects reloaded before import = 0Number of asset objects unloaded after import = 0

========================================================================
Received Import Request.
  Time since last request: 0.000015 seconds.
  path: Packages/com.unity.ugui/Runtime/TMP/MaterialReferenceManager.cs
  artifactKey: Guid(11a6a034ab84493cbed6af5ae7aae78b) Importer(2089858483,b0f066a214c2f5e87bad3c948f4d605d)
Start importing Packages/com.unity.ugui/Runtime/TMP/MaterialReferenceManager.cs using Guid(11a6a034ab84493cbed6af5ae7aae78b) Importer(2089858483,b0f066a214c2f5e87bad3c948f4d605d) (ScriptedImporter) -> (artifact id: 'c5aeaf208a09bfd3c150626794217d89') in 0.005917 seconds
Number of updated asset objects reloaded before import = 0Number of asset objects unloaded after import = 0

========================================================================
Received Import Request.
  Time since last request: 0.000016 seconds.
  path: Packages/com.unity.ugui/Editor/UGUI/UnityEditor.UI.asmdef
  artifactKey: Guid(343deaaf83e0cee4ca978e7df0b80d21) Importer(2089858483,b0f066a214c2f5e87bad3c948f4d605d)
Start importing Packages/com.unity.ugui/Editor/UGUI/UnityEditor.UI.asmdef using Guid(343deaaf83e0cee4ca978e7df0b80d21) Importer(2089858483,b0f066a214c2f5e87bad3c948f4d605d) (ScriptedImporter) -> (artifact id: '0d7370eaf6bd16fc3de8a5df526e3398') in 0.0067813 seconds
Number of updated asset objects reloaded before import = 0Number of asset objects unloaded after import = 1

========================================================================
Received Import Request.
  Time since last request: 0.000019 seconds.
  path: Packages/com.unity.ugui/Editor/TMP/TMP_SerializedPropertyHolder.cs
  artifactKey: Guid(9c4a050f089abb04ebd4125e419f4548) Importer(2089858483,b0f066a214c2f5e87bad3c948f4d605d)
Start importing Packages/com.unity.ugui/Editor/TMP/TMP_SerializedPropertyHolder.cs using Guid(9c4a050f089abb04ebd4125e419f4548) Importer(2089858483,b0f066a214c2f5e87bad3c948f4d605d) (ScriptedImporter) -> (artifact id: 'aee8aaa09d09f1cb90c08b06317c81f2') in 0.006231 seconds
Number of updated asset objects reloaded before import = 0Number of asset objects unloaded after import = 0

========================================================================
Received Import Request.
  Time since last request: 0.000025 seconds.
  path: Packages/com.unity.ugui/Editor/TMP/TMP_StyleSheetEditor.cs
  artifactKey: Guid(34e2c9b9d9e44953933afe37461f44e6) Importer(2089858483,b0f066a214c2f5e87bad3c948f4d605d)
Start importing Packages/com.unity.ugui/Editor/TMP/TMP_StyleSheetEditor.cs using Guid(34e2c9b9d9e44953933afe37461f44e6) Importer(2089858483,b0f066a214c2f5e87bad3c948f4d605d) (ScriptedImporter) -> (artifact id: 'c24a0ba044e2a9780d7a34f457232b80') in 0.0059793 seconds
Number of updated asset objects reloaded before import = 0Number of asset objects unloaded after import = 0

========================================================================
Received Import Request.
  Time since last request: 0.000016 seconds.
  path: Packages/com.unity.ugui/Editor Resources/Shaders/TMP_Properties.cginc
  artifactKey: Guid(3c6c403084eacec478a1129ce20061ea) Importer(2089858483,b0f066a214c2f5e87bad3c948f4d605d)
Start importing Packages/com.unity.ugui/Editor Resources/Shaders/TMP_Properties.cginc using Guid(3c6c403084eacec478a1129ce20061ea) Importer(2089858483,b0f066a214c2f5e87bad3c948f4d605d) (ScriptedImporter) -> (artifact id: '563eef07de30dd93f193b688de79316e') in 0.0063816 seconds
Number of updated asset objects reloaded before import = 0Number of asset objects unloaded after import = 1

========================================================================
Received Import Request.
  Time since last request: 0.000016 seconds.
  path: Packages/com.unity.ugui/Editor/TMP/TMP_ColorGradientEditor.cs
  artifactKey: Guid(fcc60c1d6bb544d9b712b652f418ff3a) Importer(2089858483,b0f066a214c2f5e87bad3c948f4d605d)
Start importing Packages/com.unity.ugui/Editor/TMP/TMP_ColorGradientEditor.cs using Guid(fcc60c1d6bb544d9b712b652f418ff3a) Importer(2089858483,b0f066a214c2f5e87bad3c948f4d605d) (ScriptedImporter) -> (artifact id: '7e2eafa5b9caa7b4a892274286f353ea') in 0.0057174 seconds
Number of updated asset objects reloaded before import = 0Number of asset objects unloaded after import = 0

========================================================================
Received Import Request.
  Time since last request: 0.000020 seconds.
  path: Packages/com.unity.ugui/Editor Resources/Textures/btn_AlignBottom_Light.psd
  artifactKey: Guid(585b70cb75dd43efbfead809c30a1731) Importer(2089858483,b0f066a214c2f5e87bad3c948f4d605d)
Start importing Packages/com.unity.ugui/Editor Resources/Textures/btn_AlignBottom_Light.psd using Guid(585b70cb75dd43efbfead809c30a1731) Importer(2089858483,b0f066a214c2f5e87bad3c948f4d605d) (ScriptedImporter) -> (artifact id: '32d90f161f4bf7d4b0569ee7ec11a9ba') in 0.0144792 seconds
Number of updated asset objects reloaded before import = 0Number of asset objects unloaded after import = 1

========================================================================
Received Import Request.
  Time since last request: 0.000026 seconds.
  path: Packages/com.unity.ugui/Editor Resources/Textures/btn_AlignRight_Light.psd
  artifactKey: Guid(e05ace3bd15740cda0bad60d89092a5b) Importer(2089858483,b0f066a214c2f5e87bad3c948f4d605d)
Start importing Packages/com.unity.ugui/Editor Resources/Textures/btn_AlignRight_Light.psd using Guid(e05ace3bd15740cda0bad60d89092a5b) Importer(2089858483,b0f066a214c2f5e87bad3c948f4d605d) (ScriptedImporter) -> (artifact id: '45628cac3296097f6abc81d2e4814831') in 0.0119217 seconds
Number of updated asset objects reloaded before import = 0Number of asset objects unloaded after import = 1

========================================================================
Received Import Request.
  Time since last request: 0.000022 seconds.
  path: Packages/com.unity.ugui/Editor Resources/Textures/btn_AlignBottom.psd
  artifactKey: Guid(ca51b19024094d1b87f3e07edb0a75fb) Importer(2089858483,b0f066a214c2f5e87bad3c948f4d605d)
Start importing Packages/com.unity.ugui/Editor Resources/Textures/btn_AlignBottom.psd using Guid(ca51b19024094d1b87f3e07edb0a75fb) Importer(2089858483,b0f066a214c2f5e87bad3c948f4d605d) (ScriptedImporter) -> (artifact id: '533a9bcaeef0299e34260041e3dbf178') in 0.0127575 seconds
Number of updated asset objects reloaded before import = 0Number of asset objects unloaded after import = 1

========================================================================
Received Import Request.
  Time since last request: 0.000017 seconds.
  path: Packages/com.unity.ugui/Editor Resources/Textures/btn_AlignCapLine_Light.psd
  artifactKey: Guid(49679f302ac6408697f6b9314a38985c) Importer(2089858483,b0f066a214c2f5e87bad3c948f4d605d)
Start importing Packages/com.unity.ugui/Editor Resources/Textures/btn_AlignCapLine_Light.psd using Guid(49679f302ac6408697f6b9314a38985c) Importer(2089858483,b0f066a214c2f5e87bad3c948f4d605d) (ScriptedImporter) -> (artifact id: '0cb1d4b85ffbb40bed32228517afbd7d') in 0.0141357 seconds
Number of updated asset objects reloaded before import = 0Number of asset objects unloaded after import = 1

========================================================================
Received Import Request.
  Time since last request: 0.000026 seconds.
  path: Packages/com.unity.ugui/Editor/TMP/TMP_DropdownEditor.cs
  artifactKey: Guid(6dbcf248c987476181a37f01a1814975) Importer(2089858483,b0f066a214c2f5e87bad3c948f4d605d)
Start importing Packages/com.unity.ugui/Editor/TMP/TMP_DropdownEditor.cs using Guid(6dbcf248c987476181a37f01a1814975) Importer(2089858483,b0f066a214c2f5e87bad3c948f4d605d) (ScriptedImporter) -> (artifact id: '54df16595c3bf2d6a74e73bd41bd9f76') in 0.0086118 seconds
Number of updated asset objects reloaded before import = 0Number of asset objects unloaded after import = 0

========================================================================
Received Import Request.
  Time since last request: 0.000016 seconds.
  path: Packages/com.unity.ugui/Editor/TMP/TMP_StyleAssetMenu.cs
  artifactKey: Guid(23a562f2cac6401f9f91251c68a1a794) Importer(2089858483,b0f066a214c2f5e87bad3c948f4d605d)
Start importing Packages/com.unity.ugui/Editor/TMP/TMP_StyleAssetMenu.cs using Guid(23a562f2cac6401f9f91251c68a1a794) Importer(2089858483,b0f066a214c2f5e87bad3c948f4d605d) (ScriptedImporter) -> (artifact id: '80b24ac02f8c58abdec7facd69c6874d') in 0.0068922 seconds
Number of updated asset objects reloaded before import = 0Number of asset objects unloaded after import = 0

========================================================================
Received Import Request.
  Time since last request: 0.000016 seconds.
  path: Packages/com.unity.ugui/Editor Resources/Textures/btn_AlignMiddle_Light.psd
  artifactKey: Guid(066619c9c9c84f89acb1b48c11a7efe2) Importer(2089858483,b0f066a214c2f5e87bad3c948f4d605d)
Start importing Packages/com.unity.ugui/Editor Resources/Textures/btn_AlignMiddle_Light.psd using Guid(066619c9c9c84f89acb1b48c11a7efe2) Importer(2089858483,b0f066a214c2f5e87bad3c948f4d605d) (ScriptedImporter) -> (artifact id: 'e587ea71387a4465bc2e562e6c42cc0f') in 0.014141 seconds
Number of updated asset objects reloaded before import = 0Number of asset objects unloaded after import = 1

========================================================================
Received Import Request.
  Time since last request: 0.000034 seconds.
  path: Packages/com.unity.ugui/Editor Resources/Textures/btn_AlignFlush.psd
  artifactKey: Guid(691475c57a824010be0c6f474caeb7e1) Importer(2089858483,b0f066a214c2f5e87bad3c948f4d605d)
Start importing Packages/com.unity.ugui/Editor Resources/Textures/btn_AlignFlush.psd using Guid(691475c57a824010be0c6f474caeb7e1) Importer(2089858483,b0f066a214c2f5e87bad3c948f4d605d) (ScriptedImporter) -> (artifact id: '7a2a8499011c274d549e1fcf788bb5bc') in 0.0207528 seconds
Number of updated asset objects reloaded before import = 0Number of asset objects unloaded after import = 1

========================================================================
Received Import Request.
  Time since last request: 0.000017 seconds.
  path: Packages/com.unity.ugui/Editor/TMP/TMP_EditorPanel.cs
  artifactKey: Guid(34f6695d37a94370a3697f6b068f5d5e) Importer(2089858483,b0f066a214c2f5e87bad3c948f4d605d)
Start importing Packages/com.unity.ugui/Editor/TMP/TMP_EditorPanel.cs using Guid(34f6695d37a94370a3697f6b068f5d5e) Importer(2089858483,b0f066a214c2f5e87bad3c948f4d605d) (ScriptedImporter) -> (artifact id: '88d3c4d6e36ac0a165b199f2ed7e609e') in 0.0075297 seconds
Number of updated asset objects reloaded before import = 0Number of asset objects unloaded after import = 0

========================================================================
Received Import Request.
  Time since last request: 0.000018 seconds.
  path: Packages/com.unity.ugui/Editor/TMP/TMPro_FontAssetCreatorWindow.cs
  artifactKey: Guid(383966e89d344865a36addd5d378ffd3) Importer(2089858483,b0f066a214c2f5e87bad3c948f4d605d)
Start importing Packages/com.unity.ugui/Editor/TMP/TMPro_FontAssetCreatorWindow.cs using Guid(383966e89d344865a36addd5d378ffd3) Importer(2089858483,b0f066a214c2f5e87bad3c948f4d605d) (ScriptedImporter) -> (artifact id: '1be6e29d4e4e8b80cd310ea72ca8e0f9') in 0.0060261 seconds
Number of updated asset objects reloaded before import = 0Number of asset objects unloaded after import = 0

========================================================================
Received Import Request.
  Time since last request: 0.000026 seconds.
  path: Packages/com.unity.ugui/Editor Resources/Textures/btn_AlignCenter.psd
  artifactKey: Guid(81ed8c76d2bc4a4c95d092c98af4e58f) Importer(2089858483,b0f066a214c2f5e87bad3c948f4d605d)
Start importing Packages/com.unity.ugui/Editor Resources/Textures/btn_AlignCenter.psd using Guid(81ed8c76d2bc4a4c95d092c98af4e58f) Importer(2089858483,b0f066a214c2f5e87bad3c948f4d605d) (ScriptedImporter) -> (artifact id: 'ad003e8331043f955191ff90f47355c8') in 0.01121 seconds
Number of updated asset objects reloaded before import = 0Number of asset objects unloaded after import = 1

========================================================================
Received Import Request.
  Time since last request: 0.000016 seconds.
  path: Packages/com.unity.ugui/Editor Resources/Textures/SectionHeader_Dark.psd
  artifactKey: Guid(fb5730e24283d0c489e5c7d0bee023d9) Importer(2089858483,b0f066a214c2f5e87bad3c948f4d605d)
Start importing Packages/com.unity.ugui/Editor Resources/Textures/SectionHeader_Dark.psd using Guid(fb5730e24283d0c489e5c7d0bee023d9) Importer(2089858483,b0f066a214c2f5e87bad3c948f4d605d) (ScriptedImporter) -> (artifact id: '6e294e6f682e9fd2938d058ce8980aad') in 0.0220287 seconds
Number of updated asset objects reloaded before import = 0Number of asset objects unloaded after import = 1

========================================================================
Received Import Request.
  Time since last request: 0.000033 seconds.
  path: Packages/com.unity.ugui/Editor/TMP/TMPro_SortingLayerHelper.cs
  artifactKey: Guid(88ed537c17c34f339121fe9a7d6d7a0e) Importer(2089858483,b0f066a214c2f5e87bad3c948f4d605d)
Start importing Packages/com.unity.ugui/Editor/TMP/TMPro_SortingLayerHelper.cs using Guid(88ed537c17c34f339121fe9a7d6d7a0e) Importer(2089858483,b0f066a214c2f5e87bad3c948f4d605d) (ScriptedImporter) -> (artifact id: '6f6e7c93e51c61eeb1395bdd945cfb1d') in 0.0073428 seconds
Number of updated asset objects reloaded before import = 0Number of asset objects unloaded after import = 0

========================================================================
Received Import Request.
  Time since last request: 0.000026 seconds.
  path: Packages/com.unity.ugui/Editor/TMP/TMP_SubMeshUI_Editor.cs
  artifactKey: Guid(6b01141ed8f74d198965c86f25eb7040) Importer(2089858483,b0f066a214c2f5e87bad3c948f4d605d)
Start importing Packages/com.unity.ugui/Editor/TMP/TMP_SubMeshUI_Editor.cs using Guid(6b01141ed8f74d198965c86f25eb7040) Importer(2089858483,b0f066a214c2f5e87bad3c948f4d605d) (ScriptedImporter) -> (artifact id: '5eb09412b03995c5694969a52b91ff5a') in 0.0077945 seconds
Number of updated asset objects reloaded before import = 0Number of asset objects unloaded after import = 0

========================================================================
Received Import Request.
  Time since last request: 0.000015 seconds.
  path: Packages/com.unity.ugui/Editor Resources/Textures/btn_AlignCapLine.psd
  artifactKey: Guid(0d9a36012a224080966c7b55896aa0f9) Importer(2089858483,b0f066a214c2f5e87bad3c948f4d605d)
Start importing Packages/com.unity.ugui/Editor Resources/Textures/btn_AlignCapLine.psd using Guid(0d9a36012a224080966c7b55896aa0f9) Importer(2089858483,b0f066a214c2f5e87bad3c948f4d605d) (ScriptedImporter) -> (artifact id: 'ffd19c408cd027876dbd45ae09ea5512') in 0.0127557 seconds
Number of updated asset objects reloaded before import = 0Number of asset objects unloaded after import = 1

========================================================================
Received Import Request.
  Time since last request: 0.000017 seconds.
  path: Packages/com.unity.ugui/Editor Resources/Textures/btn_AlignCenter_Light.psd
  artifactKey: Guid(6ace62d30f494c948b71d5594afce11d) Importer(2089858483,b0f066a214c2f5e87bad3c948f4d605d)
Start importing Packages/com.unity.ugui/Editor Resources/Textures/btn_AlignCenter_Light.psd using Guid(6ace62d30f494c948b71d5594afce11d) Importer(2089858483,b0f066a214c2f5e87bad3c948f4d605d) (ScriptedImporter) -> (artifact id: 'c159ea32c8841de757ecefa2f5238ba1') in 0.0146524 seconds
Number of updated asset objects reloaded before import = 0Number of asset objects unloaded after import = 1

========================================================================
Received Import Request.
  Time since last request: 0.000023 seconds.
  path: Packages/com.unity.ugui/Editor/TMP/TMP_SpriteAssetMenu.cs
  artifactKey: Guid(1048a87135154606808bf2030da32d18) Importer(2089858483,b0f066a214c2f5e87bad3c948f4d605d)
Start importing Packages/com.unity.ugui/Editor/TMP/TMP_SpriteAssetMenu.cs using Guid(1048a87135154606808bf2030da32d18) Importer(2089858483,b0f066a214c2f5e87bad3c948f4d605d) (ScriptedImporter) -> (artifact id: '1e9dd0183926d5c3de7c0455e5e3e9f2') in 0.0064809 seconds
Number of updated asset objects reloaded before import = 0Number of asset objects unloaded after import = 0

========================================================================
Received Import Request.
  Time since last request: 0.000016 seconds.
  path: Packages/com.unity.ugui/Editor Resources/Textures/btn_AlignTop_Light.psd
  artifactKey: Guid(ed041e68439749a69d0efa0e3d896c2e) Importer(2089858483,b0f066a214c2f5e87bad3c948f4d605d)
Start importing Packages/com.unity.ugui/Editor Resources/Textures/btn_AlignTop_Light.psd using Guid(ed041e68439749a69d0efa0e3d896c2e) Importer(2089858483,b0f066a214c2f5e87bad3c948f4d605d) (ScriptedImporter) -> (artifact id: '951f203efc14b66e7cc16f32b33cb172') in 0.0129449 seconds
Number of updated asset objects reloaded before import = 0Number of asset objects unloaded after import = 1

========================================================================
Received Import Request.
  Time since last request: 0.000017 seconds.
  path: Packages/com.unity.ugui/Runtime/TMP/TMP_FontAsset.cs
  artifactKey: Guid(71c1514a6bd24e1e882cebbe1904ce04) Importer(2089858483,b0f066a214c2f5e87bad3c948f4d605d)
Start importing Packages/com.unity.ugui/Runtime/TMP/TMP_FontAsset.cs using Guid(71c1514a6bd24e1e882cebbe1904ce04) Importer(2089858483,b0f066a214c2f5e87bad3c948f4d605d) (ScriptedImporter) -> (artifact id: '01257c9236d4c31fa89e6802cd3e3aed') in 0.0071759 seconds
Number of updated asset objects reloaded before import = 0Number of asset objects unloaded after import = 1

========================================================================
Received Import Request.
  Time since last request: 0.000028 seconds.
  path: Packages/com.unity.ugui/Editor/UGUI/UI/AspectRatioFitterEditor.cs
  artifactKey: Guid(b5f70efd2f7b286498ca6c00adbb4a13) Importer(2089858483,b0f066a214c2f5e87bad3c948f4d605d)
Start importing Packages/com.unity.ugui/Editor/UGUI/UI/AspectRatioFitterEditor.cs using Guid(b5f70efd2f7b286498ca6c00adbb4a13) Importer(2089858483,b0f066a214c2f5e87bad3c948f4d605d) (ScriptedImporter) -> (artifact id: 'fa7267b3280a7906421f6532f2c23d42') in 0.005656 seconds
Number of updated asset objects reloaded before import = 0Number of asset objects unloaded after import = 0

========================================================================
Received Import Request.
  Time since last request: 0.000015 seconds.
  path: Packages/com.unity.ugui/Runtime/TMP/TMP_SpriteCharacter.cs
  artifactKey: Guid(202d758d102b6854a9710c8b93db742c) Importer(2089858483,b0f066a214c2f5e87bad3c948f4d605d)
Start importing Packages/com.unity.ugui/Runtime/TMP/TMP_SpriteCharacter.cs using Guid(202d758d102b6854a9710c8b93db742c) Importer(2089858483,b0f066a214c2f5e87bad3c948f4d605d) (ScriptedImporter) -> (artifact id: 'cf2544883abc984a44f7463e7dba4f99') in 0.0064565 seconds
Number of updated asset objects reloaded before import = 0Number of asset objects unloaded after import = 0

========================================================================
Received Import Request.
  Time since last request: 0.000022 seconds.
  path: Packages/com.unity.ugui/Editor/TMP/PropertyDrawers/TMP_SpriteGlyphPropertyDrawer.cs
  artifactKey: Guid(056819c66570ca54cadb72330a354050) Importer(2089858483,b0f066a214c2f5e87bad3c948f4d605d)
Start importing Packages/com.unity.ugui/Editor/TMP/PropertyDrawers/TMP_SpriteGlyphPropertyDrawer.cs using Guid(056819c66570ca54cadb72330a354050) Importer(2089858483,b0f066a214c2f5e87bad3c948f4d605d) (ScriptedImporter) -> (artifact id: '607973427330e8fd1036a2fb1cc1c037') in 0.0080665 seconds
Number of updated asset objects reloaded before import = 0Number of asset objects unloaded after import = 0

========================================================================
Received Import Request.
  Time since last request: 0.000026 seconds.
  path: Packages/com.unity.ugui/Editor/Analytics/IAnalytic/UGUIBuildEvent.cs
  artifactKey: Guid(24cda912b57cf784d9eebefb7c59111c) Importer(2089858483,b0f066a214c2f5e87bad3c948f4d605d)
Start importing Packages/com.unity.ugui/Editor/Analytics/IAnalytic/UGUIBuildEvent.cs using Guid(24cda912b57cf784d9eebefb7c59111c) Importer(2089858483,b0f066a214c2f5e87bad3c948f4d605d) (ScriptedImporter) -> (artifact id: '4f377d9b9889102c0e0ea75213539514') in 0.006609 seconds
Number of updated asset objects reloaded before import = 0Number of asset objects unloaded after import = 0

========================================================================
Received Import Request.
  Time since last request: 0.000015 seconds.
  path: Packages/com.unity.ugui/Runtime/TMP/TMP_Dropdown.cs
  artifactKey: Guid(7b743370ac3e4ec2a1668f5455a8ef8a) Importer(2089858483,b0f066a214c2f5e87bad3c948f4d605d)
Start importing Packages/com.unity.ugui/Runtime/TMP/TMP_Dropdown.cs using Guid(7b743370ac3e4ec2a1668f5455a8ef8a) Importer(2089858483,b0f066a214c2f5e87bad3c948f4d605d) (ScriptedImporter) -> (artifact id: '3a44c18103c8c81250b9b716bd531f97') in 0.0072253 seconds
Number of updated asset objects reloaded before import = 0Number of asset objects unloaded after import = 1

========================================================================
Received Import Request.
  Time since last request: 0.000020 seconds.
  path: Packages/com.unity.ugui/Editor/TMP/PropertyDrawers/GlyphRectPropertyDrawer.cs
  artifactKey: Guid(8bc2b083b068f3546a9509c805e0541c) Importer(2089858483,b0f066a214c2f5e87bad3c948f4d605d)
Start importing Packages/com.unity.ugui/Editor/TMP/PropertyDrawers/GlyphRectPropertyDrawer.cs using Guid(8bc2b083b068f3546a9509c805e0541c) Importer(2089858483,b0f066a214c2f5e87bad3c948f4d605d) (ScriptedImporter) -> (artifact id: '710b0b968151192dea6bfce0953bd3ab') in 0.0080964 seconds
Number of updated asset objects reloaded before import = 0Number of asset objects unloaded after import = 0

========================================================================
Received Import Request.
  Time since last request: 0.000025 seconds.
  path: Packages/com.unity.ugui/Runtime/TMP/TMP_LineInfo.cs
  artifactKey: Guid(b6e75d7f429a4e7e9e1ffb4f85cff49f) Importer(2089858483,b0f066a214c2f5e87bad3c948f4d605d)
Start importing Packages/com.unity.ugui/Runtime/TMP/TMP_LineInfo.cs using Guid(b6e75d7f429a4e7e9e1ffb4f85cff49f) Importer(2089858483,b0f066a214c2f5e87bad3c948f4d605d) (ScriptedImporter) -> (artifact id: 'bd9b264aba689e6b061c0aa0253579be') in 0.0068163 seconds
Number of updated asset objects reloaded before import = 0Number of asset objects unloaded after import = 0

========================================================================
Received Import Request.
  Time since last request: 0.000021 seconds.
  path: Packages/com.unity.ugui/Runtime/TMP/TMP_ColorGradient.cs
  artifactKey: Guid(54d21f6ece3b46479f0c328f8c6007e0) Importer(2089858483,b0f066a214c2f5e87bad3c948f4d605d)
Start importing Packages/com.unity.ugui/Runtime/TMP/TMP_ColorGradient.cs using Guid(54d21f6ece3b46479f0c328f8c6007e0) Importer(2089858483,b0f066a214c2f5e87bad3c948f4d605d) (ScriptedImporter) -> (artifact id: '45fafaba4091ef42d9411151f37fc5fa') in 0.0066688 seconds
Number of updated asset objects reloaded before import = 0Number of asset objects unloaded after import = 0

========================================================================
Received Import Request.
  Time since last request: 0.000018 seconds.
  path: Packages/com.unity.ugui/Runtime/TMP/TMP_FontFeatureTable.cs
  artifactKey: Guid(5ea9f573d4b800a49b9d83a1f61c0a88) Importer(2089858483,b0f066a214c2f5e87bad3c948f4d605d)
Start importing Packages/com.unity.ugui/Runtime/TMP/TMP_FontFeatureTable.cs using Guid(5ea9f573d4b800a49b9d83a1f61c0a88) Importer(2089858483,b0f066a214c2f5e87bad3c948f4d605d) (ScriptedImporter) -> (artifact id: '6077ea2b6c7a6b53b22c024de6a7c9f3') in 0.0079275 seconds
Number of updated asset objects reloaded before import = 0Number of asset objects unloaded after import = 0

========================================================================
Received Import Request.
  Time since last request: 0.000039 seconds.
  path: Packages/com.unity.ugui/Editor/TMP/PropertyDrawers/TMP_TextAlignmentDrawer.cs
  artifactKey: Guid(c55a64c7570474f47a94abe39ebfef04) Importer(2089858483,b0f066a214c2f5e87bad3c948f4d605d)
Start importing Packages/com.unity.ugui/Editor/TMP/PropertyDrawers/TMP_TextAlignmentDrawer.cs using Guid(c55a64c7570474f47a94abe39ebfef04) Importer(2089858483,b0f066a214c2f5e87bad3c948f4d605d) (ScriptedImporter) -> (artifact id: 'e61164cee404074fcdeee6a01666963b') in 0.0065074 seconds
Number of updated asset objects reloaded before import = 0Number of asset objects unloaded after import = 0

========================================================================
Received Import Request.
  Time since last request: 0.000022 seconds.
  path: Packages/com.unity.ugui/Editor/TMP/PropertyDrawers/GlyphMetricsPropertyDrawer.cs
  artifactKey: Guid(e3882522a08b6f5459b4dea6f8791278) Importer(2089858483,b0f066a214c2f5e87bad3c948f4d605d)
Start importing Packages/com.unity.ugui/Editor/TMP/PropertyDrawers/GlyphMetricsPropertyDrawer.cs using Guid(e3882522a08b6f5459b4dea6f8791278) Importer(2089858483,b0f066a214c2f5e87bad3c948f4d605d) (ScriptedImporter) -> (artifact id: '9a356c72a7680e3af3bd19e3527bac2f') in 0.0090977 seconds
Number of updated asset objects reloaded before import = 0Number of asset objects unloaded after import = 0

========================================================================
Received Import Request.
  Time since last request: 0.000019 seconds.
  path: Packages/com.unity.ugui/Runtime/TMP/TMP_InputField.cs
  artifactKey: Guid(2da0c512f12947e489f739169773d7ca) Importer(2089858483,b0f066a214c2f5e87bad3c948f4d605d)
Start importing Packages/com.unity.ugui/Runtime/TMP/TMP_InputField.cs using Guid(2da0c512f12947e489f739169773d7ca) Importer(2089858483,b0f066a214c2f5e87bad3c948f4d605d) (ScriptedImporter) -> (artifact id: '23bd210b0ace0ffb089850fbcb8d744e') in 0.0086749 seconds
Number of updated asset objects reloaded before import = 0Number of asset objects unloaded after import = 1

========================================================================
Received Import Request.
  Time since last request: 0.000034 seconds.
  path: Packages/com.unity.ugui/Runtime/TMP/TMP_ListPool.cs
  artifactKey: Guid(28375447bcea455c9b51a6650b10c9d7) Importer(2089858483,b0f066a214c2f5e87bad3c948f4d605d)
Start importing Packages/com.unity.ugui/Runtime/TMP/TMP_ListPool.cs using Guid(28375447bcea455c9b51a6650b10c9d7) Importer(2089858483,b0f066a214c2f5e87bad3c948f4d605d) (ScriptedImporter) -> (artifact id: 'cac7b8ed1d4eea507c02e73695f9e06c') in 0.0070389 seconds
Number of updated asset objects reloaded before import = 0Number of asset objects unloaded after import = 0

========================================================================
Received Import Request.
  Time since last request: 0.000019 seconds.
  path: Packages/com.unity.ugui/Runtime/TMP/TMP_FontFeaturesCommon.cs
  artifactKey: Guid(27df3b12f30d0b74a9b10a3968c402ff) Importer(2089858483,b0f066a214c2f5e87bad3c948f4d605d)
Start importing Packages/com.unity.ugui/Runtime/TMP/TMP_FontFeaturesCommon.cs using Guid(27df3b12f30d0b74a9b10a3968c402ff) Importer(2089858483,b0f066a214c2f5e87bad3c948f4d605d) (ScriptedImporter) -> (artifact id: '0abf6a9636d1a44c6f4be26921d58710') in 0.0060767 seconds
Number of updated asset objects reloaded before import = 0Number of asset objects unloaded after import = 0

========================================================================
Received Import Request.
  Time since last request: 0.000026 seconds.
  path: Packages/com.unity.ugui/Runtime/TMP/TMP_Settings.cs
  artifactKey: Guid(2705215ac5b84b70bacc50632be6e391) Importer(2089858483,b0f066a214c2f5e87bad3c948f4d605d)
Start importing Packages/com.unity.ugui/Runtime/TMP/TMP_Settings.cs using Guid(2705215ac5b84b70bacc50632be6e391) Importer(2089858483,b0f066a214c2f5e87bad3c948f4d605d) (ScriptedImporter) -> (artifact id: '3a3596a380e153a6906133ae48cbade2') in 0.0061503 seconds
Number of updated asset objects reloaded before import = 0Number of asset objects unloaded after import = 0

========================================================================
Received Import Request.
  Time since last request: 0.000028 seconds.
  path: Packages/com.unity.ugui/Runtime/TMP/TMP_SpriteGlyph.cs
  artifactKey: Guid(5b5c6a576605b3c4aab7d27193785f27) Importer(2089858483,b0f066a214c2f5e87bad3c948f4d605d)
Start importing Packages/com.unity.ugui/Runtime/TMP/TMP_SpriteGlyph.cs using Guid(5b5c6a576605b3c4aab7d27193785f27) Importer(2089858483,b0f066a214c2f5e87bad3c948f4d605d) (ScriptedImporter) -> (artifact id: 'fd776beaa43cb7df6f41d6af52c4fbc5') in 0.0062499 seconds
Number of updated asset objects reloaded before import = 0Number of asset objects unloaded after import = 0

========================================================================
Received Import Request.
  Time since last request: 0.000016 seconds.
  path: Packages/com.unity.ugui/Runtime/TMP/TMP_TextElement.cs
  artifactKey: Guid(543674eec776b1442a192c932e6cd9b3) Importer(2089858483,b0f066a214c2f5e87bad3c948f4d605d)
Start importing Packages/com.unity.ugui/Runtime/TMP/TMP_TextElement.cs using Guid(543674eec776b1442a192c932e6cd9b3) Importer(2089858483,b0f066a214c2f5e87bad3c948f4d605d) (ScriptedImporter) -> (artifact id: '9ed38663e3bb5295add67d70dbc049dd') in 0.0066083 seconds
Number of updated asset objects reloaded before import = 0Number of asset objects unloaded after import = 0

========================================================================
Received Import Request.
  Time since last request: 0.000021 seconds.
  path: Packages/com.unity.ugui/Editor/TMP/PropertyDrawers/TMP_MarkToBaseAdjustmentRecordPropertyDrawer.cs
  artifactKey: Guid(065a7fcf0d7286d418f3114ec18d1a2d) Importer(2089858483,b0f066a214c2f5e87bad3c948f4d605d)
Start importing Packages/com.unity.ugui/Editor/TMP/PropertyDrawers/TMP_MarkToBaseAdjustmentRecordPropertyDrawer.cs using Guid(065a7fcf0d7286d418f3114ec18d1a2d) Importer(2089858483,b0f066a214c2f5e87bad3c948f4d605d) (ScriptedImporter) -> (artifact id: 'a248faa649c8ac9edf66817a27246333') in 0.0115689 seconds
Number of updated asset objects reloaded before import = 0Number of asset objects unloaded after import = 0

========================================================================
Received Import Request.
  Time since last request: 0.000025 seconds.
  path: Packages/com.unity.ugui/Runtime/TMP/TMP_PackageResourceImporter.cs
  artifactKey: Guid(cf1fe50a641faac4691bf49eb32ce333) Importer(2089858483,b0f066a214c2f5e87bad3c948f4d605d)
Start importing Packages/com.unity.ugui/Runtime/TMP/TMP_PackageResourceImporter.cs using Guid(cf1fe50a641faac4691bf49eb32ce333) Importer(2089858483,b0f066a214c2f5e87bad3c948f4d605d) (ScriptedImporter) -> (artifact id: '3f167909d23361afad38121b3a3d05ae') in 0.006638 seconds
Number of updated asset objects reloaded before import = 0Number of asset objects unloaded after import = 0

========================================================================
Received Import Request.
  Time since last request: 0.000017 seconds.
  path: Packages/com.unity.ugui/Runtime/TMP/TMP_TextParsingUtilities.cs
  artifactKey: Guid(6ad632cbcc87f634d9b86006cdffdaf5) Importer(2089858483,b0f066a214c2f5e87bad3c948f4d605d)
Start importing Packages/com.unity.ugui/Runtime/TMP/TMP_TextParsingUtilities.cs using Guid(6ad632cbcc87f634d9b86006cdffdaf5) Importer(2089858483,b0f066a214c2f5e87bad3c948f4d605d) (ScriptedImporter) -> (artifact id: '11289fcd67a95c9761945fbf9890c270') in 0.0065699 seconds
Number of updated asset objects reloaded before import = 0Number of asset objects unloaded after import = 0

========================================================================
Received Import Request.
  Time since last request: 0.000024 seconds.
  path: Packages/com.unity.ugui/Runtime/TMP/TMP_SpriteAnimator.cs
  artifactKey: Guid(6366ee97f6b541449155028b9487355a) Importer(2089858483,b0f066a214c2f5e87bad3c948f4d605d)
Start importing Packages/com.unity.ugui/Runtime/TMP/TMP_SpriteAnimator.cs using Guid(6366ee97f6b541449155028b9487355a) Importer(2089858483,b0f066a214c2f5e87bad3c948f4d605d) (ScriptedImporter) -> (artifact id: 'd43d2c94b13ced33fef6c73408ec7e04') in 0.0074936 seconds
Number of updated asset objects reloaded before import = 0Number of asset objects unloaded after import = 0

========================================================================
Received Import Request.
  Time since last request: 0.000036 seconds.
  path: Packages/com.unity.ugui/Editor/TMP/HDRP/TMP_SDF_HDRPUnlitShaderGUI.cs
  artifactKey: Guid(bad96c2cfa78a124cb8ec890d2386dfe) Importer(2089858483,b0f066a214c2f5e87bad3c948f4d605d)
Start importing Packages/com.unity.ugui/Editor/TMP/HDRP/TMP_SDF_HDRPUnlitShaderGUI.cs using Guid(bad96c2cfa78a124cb8ec890d2386dfe) Importer(2089858483,b0f066a214c2f5e87bad3c948f4d605d) (ScriptedImporter) -> (artifact id: '4445c701b553b9f71a737cbc9dc1b7eb') in 0.0063511 seconds
Number of updated asset objects reloaded before import = 0Number of asset objects unloaded after import = 0

========================================================================
Received Import Request.
  Time since last request: 0.000016 seconds.
  path: Packages/com.unity.ugui/Editor/UGUI/UI/ButtonEditor.cs
  artifactKey: Guid(472a6f18dd2f97c41af72271d22db869) Importer(2089858483,b0f066a214c2f5e87bad3c948f4d605d)
Start importing Packages/com.unity.ugui/Editor/UGUI/UI/ButtonEditor.cs using Guid(472a6f18dd2f97c41af72271d22db869) Importer(2089858483,b0f066a214c2f5e87bad3c948f4d605d) (ScriptedImporter) -> (artifact id: '5c31169ecb736c90b62ec2e6b03e6a84') in 0.0079563 seconds
Number of updated asset objects reloaded before import = 0Number of asset objects unloaded after import = 0

========================================================================
Received Import Request.
  Time since last request: 0.000018 seconds.
  path: Packages/com.unity.ugui/Runtime/TMP/TMP_SubMeshUI.cs
  artifactKey: Guid(058cba836c1846c3aa1c5fd2e28aea77) Importer(2089858483,b0f066a214c2f5e87bad3c948f4d605d)
Start importing Packages/com.unity.ugui/Runtime/TMP/TMP_SubMeshUI.cs using Guid(058cba836c1846c3aa1c5fd2e28aea77) Importer(2089858483,b0f066a214c2f5e87bad3c948f4d605d) (ScriptedImporter) -> (artifact id: '655804dcb2babd312b8d4ef2ee0e8474') in 0.0062256 seconds
Number of updated asset objects reloaded before import = 0Number of asset objects unloaded after import = 0

========================================================================
Received Import Request.
  Time since last request: 0.000027 seconds.
  path: Packages/com.unity.ugui/Runtime/TMP/TMP_Character.cs
  artifactKey: Guid(4ac5b6a65aaeb59478e3b78660e9f134) Importer(2089858483,b0f066a214c2f5e87bad3c948f4d605d)
Start importing Packages/com.unity.ugui/Runtime/TMP/TMP_Character.cs using Guid(4ac5b6a65aaeb59478e3b78660e9f134) Importer(2089858483,b0f066a214c2f5e87bad3c948f4d605d) (ScriptedImporter) -> (artifact id: '5690ee4cb0e012cc3a9f721fb99af69b') in 0.0067133 seconds
Number of updated asset objects reloaded before import = 0Number of asset objects unloaded after import = 0

========================================================================
Received Import Request.
  Time since last request: 0.000020 seconds.
  path: Packages/com.unity.ugui/Tests/Editor/UGUI/TestBehaviourBase.cs
  artifactKey: Guid(393b15da08c88194dbbcacd6ee15a89c) Importer(2089858483,b0f066a214c2f5e87bad3c948f4d605d)
Start importing Packages/com.unity.ugui/Tests/Editor/UGUI/TestBehaviourBase.cs using Guid(393b15da08c88194dbbcacd6ee15a89c) Importer(2089858483,b0f066a214c2f5e87bad3c948f4d605d) (ScriptedImporter) -> (artifact id: 'a7c69e21c0676bf1fb87430e4074dee8') in 0.0064909 seconds
Number of updated asset objects reloaded before import = 0Number of asset objects unloaded after import = 0

========================================================================
Received Import Request.
  Time since last request: 0.000019 seconds.
  path: Packages/com.unity.ugui/Runtime/UGUI/UI/Core/Graphic.cs
  artifactKey: Guid(a6238e9452bfc704f82ff36791fe1a45) Importer(2089858483,b0f066a214c2f5e87bad3c948f4d605d)
Start importing Packages/com.unity.ugui/Runtime/UGUI/UI/Core/Graphic.cs using Guid(a6238e9452bfc704f82ff36791fe1a45) Importer(2089858483,b0f066a214c2f5e87bad3c948f4d605d) (ScriptedImporter) -> (artifact id: '621c98fef3a4b34797a502a0f671f5fb') in 0.0066961 seconds
Number of updated asset objects reloaded before import = 0Number of asset objects unloaded after import = 0

========================================================================
Received Import Request.
  Time since last request: 0.000028 seconds.
  path: Packages/com.unity.ugui/Editor/UGUI/UI/PrefabLayoutRebuilder.cs
  artifactKey: Guid(a62706dc421fc9b4fa368a8050a930f7) Importer(2089858483,b0f066a214c2f5e87bad3c948f4d605d)
Start importing Packages/com.unity.ugui/Editor/UGUI/UI/PrefabLayoutRebuilder.cs using Guid(a62706dc421fc9b4fa368a8050a930f7) Importer(2089858483,b0f066a214c2f5e87bad3c948f4d605d) (ScriptedImporter) -> (artifact id: 'ae6ab514f57c54431ba257fb0e8a69e4') in 0.0060557 seconds
Number of updated asset objects reloaded before import = 0Number of asset objects unloaded after import = 0

========================================================================
Received Import Request.
  Time since last request: 0.000018 seconds.
  path: Packages/com.unity.ugui/Tests/Editor/UGUI/UnityEditor.UI.EditorTests.asmdef
  artifactKey: Guid(7c04f0dfa9243c04681a55d90d3ff3fc) Importer(2089858483,b0f066a214c2f5e87bad3c948f4d605d)
Start importing Packages/com.unity.ugui/Tests/Editor/UGUI/UnityEditor.UI.EditorTests.asmdef using Guid(7c04f0dfa9243c04681a55d90d3ff3fc) Importer(2089858483,b0f066a214c2f5e87bad3c948f4d605d) (ScriptedImporter) -> (artifact id: '9ba870597889d519bbc2078857c81469') in 0.006801 seconds
Number of updated asset objects reloaded before import = 0Number of asset objects unloaded after import = 1

========================================================================
Received Import Request.
  Time since last request: 0.000019 seconds.
  path: Packages/com.unity.ugui/Editor/UGUI/UI/PropertyDrawers/NavigationDrawer.cs
  artifactKey: Guid(fb27f3049fe06c246803a4a4c5b7fda3) Importer(2089858483,b0f066a214c2f5e87bad3c948f4d605d)
Start importing Packages/com.unity.ugui/Editor/UGUI/UI/PropertyDrawers/NavigationDrawer.cs using Guid(fb27f3049fe06c246803a4a4c5b7fda3) Importer(2089858483,b0f066a214c2f5e87bad3c948f4d605d) (ScriptedImporter) -> (artifact id: '2e3ef0162b31c233fe7a17abf5c1943a') in 0.0061456 seconds
Number of updated asset objects reloaded before import = 0Number of asset objects unloaded after import = 0

========================================================================
Received Import Request.
  Time since last request: 0.000034 seconds.
  path: Packages/com.unity.ugui/Runtime/UGUI/UI/Core/Button.cs
  artifactKey: Guid(4e29b1a8efbd4b44bb3f3716e73f07ff) Importer(2089858483,b0f066a214c2f5e87bad3c948f4d605d)
Start importing Packages/com.unity.ugui/Runtime/UGUI/UI/Core/Button.cs using Guid(4e29b1a8efbd4b44bb3f3716e73f07ff) Importer(2089858483,b0f066a214c2f5e87bad3c948f4d605d) (ScriptedImporter) -> (artifact id: '81783895b967c44856b48fc361fdce08') in 0.007216 seconds
Number of updated asset objects reloaded before import = 0Number of asset objects unloaded after import = 0

========================================================================
Received Import Request.
  Time since last request: 0.000018 seconds.
  path: Packages/com.unity.ugui/Runtime/UGUI/EventSystem/MoveDirection.cs
  artifactKey: Guid(4d2250412b81fe34abf39f246e274479) Importer(2089858483,b0f066a214c2f5e87bad3c948f4d605d)
Start importing Packages/com.unity.ugui/Runtime/UGUI/EventSystem/MoveDirection.cs using Guid(4d2250412b81fe34abf39f246e274479) Importer(2089858483,b0f066a214c2f5e87bad3c948f4d605d) (ScriptedImporter) -> (artifact id: 'b0789f93d03c30fe233932ad95fa6785') in 0.0063975 seconds
Number of updated asset objects reloaded before import = 0Number of asset objects unloaded after import = 0

========================================================================
Received Import Request.
  Time since last request: 0.000027 seconds.
  path: Packages/com.unity.ugui/Runtime/UGUI/EventSystem/EventTrigger.cs
  artifactKey: Guid(d0b148fe25e99eb48b9724523833bab1) Importer(2089858483,b0f066a214c2f5e87bad3c948f4d605d)
Start importing Packages/com.unity.ugui/Runtime/UGUI/EventSystem/EventTrigger.cs using Guid(d0b148fe25e99eb48b9724523833bab1) Importer(2089858483,b0f066a214c2f5e87bad3c948f4d605d) (ScriptedImporter) -> (artifact id: '05811a8d98c9cd8dc563b15cbf494ea2') in 0.019371 seconds
Number of updated asset objects reloaded before import = 0Number of asset objects unloaded after import = 0

========================================================================
Received Import Request.
  Time since last request: 0.000036 seconds.
  path: Packages/com.unity.ugui/Editor/UGUI/UI/TextEditor.cs
  artifactKey: Guid(1336690ece4db2740b4ba38873e00dfb) Importer(2089858483,b0f066a214c2f5e87bad3c948f4d605d)
Start importing Packages/com.unity.ugui/Editor/UGUI/UI/TextEditor.cs using Guid(1336690ece4db2740b4ba38873e00dfb) Importer(2089858483,b0f066a214c2f5e87bad3c948f4d605d) (ScriptedImporter) -> (artifact id: '6d690f9a0e52fe47d7922897979d77ec') in 0.0100795 seconds
Number of updated asset objects reloaded before import = 0Number of asset objects unloaded after import = 0

========================================================================
Received Import Request.
  Time since last request: 0.000023 seconds.
  path: Packages/com.unity.ugui/Editor/UGUI/UI/LayoutPropertiesPreview.cs
  artifactKey: Guid(794f3951c48395848920fdb593a2ae38) Importer(2089858483,b0f066a214c2f5e87bad3c948f4d605d)
Start importing Packages/com.unity.ugui/Editor/UGUI/UI/LayoutPropertiesPreview.cs using Guid(794f3951c48395848920fdb593a2ae38) Importer(2089858483,b0f066a214c2f5e87bad3c948f4d605d) (ScriptedImporter) -> (artifact id: 'cb963dbd9219497a83376637ca1c0651') in 0.0075249 seconds
Number of updated asset objects reloaded before import = 0Number of asset objects unloaded after import = 0

========================================================================
Received Import Request.
  Time since last request: 0.000020 seconds.
  path: Packages/com.unity.ugui/Runtime/UGUI/EventSystem/UIElements/PanelEventHandler.cs
  artifactKey: Guid(8a410b213209442fb15a69799f0240a5) Importer(2089858483,b0f066a214c2f5e87bad3c948f4d605d)
Start importing Packages/com.unity.ugui/Runtime/UGUI/EventSystem/UIElements/PanelEventHandler.cs using Guid(8a410b213209442fb15a69799f0240a5) Importer(2089858483,b0f066a214c2f5e87bad3c948f4d605d) (ScriptedImporter) -> (artifact id: '3d109d5fece039117cd51976b08f5aec') in 0.0060174 seconds
Number of updated asset objects reloaded before import = 0Number of asset objects unloaded after import = 0

========================================================================
Received Import Request.
  Time since last request: 0.000027 seconds.
  path: Packages/com.unity.ugui/Tests/Editor/UGUI/WrapperWindowFixture.cs
  artifactKey: Guid(fc31799bd6dc1f74a8adfee1acd05a9b) Importer(2089858483,b0f066a214c2f5e87bad3c948f4d605d)
Start importing Packages/com.unity.ugui/Tests/Editor/UGUI/WrapperWindowFixture.cs using Guid(fc31799bd6dc1f74a8adfee1acd05a9b) Importer(2089858483,b0f066a214c2f5e87bad3c948f4d605d) (ScriptedImporter) -> (artifact id: '73be61b7a8468e81ab1db8f11e02099c') in 0.0067817 seconds
Number of updated asset objects reloaded before import = 0Number of asset objects unloaded after import = 0

========================================================================
Received Import Request.
  Time since last request: 0.000016 seconds.
  path: Packages/com.unity.ugui/Runtime/UGUI/Properties/AssemblyInfo.cs
  artifactKey: Guid(7d7bd4bcc815cfb44b9990c29dabdb9f) Importer(2089858483,b0f066a214c2f5e87bad3c948f4d605d)
Start importing Packages/com.unity.ugui/Runtime/UGUI/Properties/AssemblyInfo.cs using Guid(7d7bd4bcc815cfb44b9990c29dabdb9f) Importer(2089858483,b0f066a214c2f5e87bad3c948f4d605d) (ScriptedImporter) -> (artifact id: '2047cf553db978fbb74ec27e8ccaf93c') in 0.0062551 seconds
Number of updated asset objects reloaded before import = 0Number of asset objects unloaded after import = 0

========================================================================
Received Import Request.
  Time since last request: 0.000023 seconds.
  path: Packages/com.unity.ugui/Runtime/UGUI/EventSystem/ExecuteEvents.cs
  artifactKey: Guid(623c79a1e113b4941afdbfc88d19e8fd) Importer(2089858483,b0f066a214c2f5e87bad3c948f4d605d)
Start importing Packages/com.unity.ugui/Runtime/UGUI/EventSystem/ExecuteEvents.cs using Guid(623c79a1e113b4941afdbfc88d19e8fd) Importer(2089858483,b0f066a214c2f5e87bad3c948f4d605d) (ScriptedImporter) -> (artifact id: '5cbda467bd20ac524b118b4ff7a77c9b') in 0.005991 seconds
Number of updated asset objects reloaded before import = 0Number of asset objects unloaded after import = 0

========================================================================
Received Import Request.
  Time since last request: 0.000031 seconds.
  path: Packages/com.unity.ugui/Editor/UGUI/UI/PropertyDrawers/FontDataDrawer.cs
  artifactKey: Guid(fea12beeeb5a7a448b5e60f50e40975d) Importer(2089858483,b0f066a214c2f5e87bad3c948f4d605d)
Start importing Packages/com.unity.ugui/Editor/UGUI/UI/PropertyDrawers/FontDataDrawer.cs using Guid(fea12beeeb5a7a448b5e60f50e40975d) Importer(2089858483,b0f066a214c2f5e87bad3c948f4d605d) (ScriptedImporter) -> (artifact id: 'efbe6804e5eee662e3f5ef41ef585173') in 0.0085581 seconds
Number of updated asset objects reloaded before import = 0Number of asset objects unloaded after import = 0

========================================================================
Received Import Request.
  Time since last request: 0.000017 seconds.
  path: Packages/com.unity.ugui/Tests/Editor/TMP/FontEngineTests.cs
  artifactKey: Guid(ec4b2559effa72e42a09339d71efef3d) Importer(2089858483,b0f066a214c2f5e87bad3c948f4d605d)
Start importing Packages/com.unity.ugui/Tests/Editor/TMP/FontEngineTests.cs using Guid(ec4b2559effa72e42a09339d71efef3d) Importer(2089858483,b0f066a214c2f5e87bad3c948f4d605d) (ScriptedImporter) -> (artifact id: 'e764702ff17f4be95b081a0b12e747c1') in 0.0083217 seconds
Number of updated asset objects reloaded before import = 0Number of asset objects unloaded after import = 0

========================================================================
Received Import Request.
  Time since last request: 0.000024 seconds.
  path: Packages/com.unity.ugui/Runtime/UGUI/UI/Core/FontData.cs
  artifactKey: Guid(13cd966480ec3354bb318ee1aeccff6f) Importer(2089858483,b0f066a214c2f5e87bad3c948f4d605d)
Start importing Packages/com.unity.ugui/Runtime/UGUI/UI/Core/FontData.cs using Guid(13cd966480ec3354bb318ee1aeccff6f) Importer(2089858483,b0f066a214c2f5e87bad3c948f4d605d) (ScriptedImporter) -> (artifact id: '69da48ff8d146aaed020b1701996b40e') in 0.0082379 seconds
Number of updated asset objects reloaded before import = 0Number of asset objects unloaded after import = 0

========================================================================
Received Import Request.
  Time since last request: 0.000029 seconds.
  path: Packages/com.unity.ugui/Runtime/UGUI/UI/Core/AnimationTriggers.cs
  artifactKey: Guid(c67ac6e40bbb6fe47a095b949b609ce0) Importer(2089858483,b0f066a214c2f5e87bad3c948f4d605d)
Start importing Packages/com.unity.ugui/Runtime/UGUI/UI/Core/AnimationTriggers.cs using Guid(c67ac6e40bbb6fe47a095b949b609ce0) Importer(2089858483,b0f066a214c2f5e87bad3c948f4d605d) (ScriptedImporter) -> (artifact id: '78b2d8e18e025bb07c3baf9e910cfad3') in 0.0071061 seconds
Number of updated asset objects reloaded before import = 0Number of asset objects unloaded after import = 0

========================================================================
Received Import Request.
  Time since last request: 0.000022 seconds.
  path: Packages/com.unity.ugui/Editor/UGUI/UI/ScrollRectEditor.cs
  artifactKey: Guid(56ba6cb160ebfc042b48224bd1a35614) Importer(2089858483,b0f066a214c2f5e87bad3c948f4d605d)
Start importing Packages/com.unity.ugui/Editor/UGUI/UI/ScrollRectEditor.cs using Guid(56ba6cb160ebfc042b48224bd1a35614) Importer(2089858483,b0f066a214c2f5e87bad3c948f4d605d) (ScriptedImporter) -> (artifact id: 'dcf1f369c7ca065236b6cfda911480e3') in 0.0084904 seconds
Number of updated asset objects reloaded before import = 0Number of asset objects unloaded after import = 0

========================================================================
Received Import Request.
  Time since last request: 0.000022 seconds.
  path: Packages/com.unity.ugui/Runtime/UGUI/EventSystem/EventData/AxisEventData.cs
  artifactKey: Guid(b180fd8310805e44dbbef545d0231418) Importer(2089858483,b0f066a214c2f5e87bad3c948f4d605d)
Start importing Packages/com.unity.ugui/Runtime/UGUI/EventSystem/EventData/AxisEventData.cs using Guid(b180fd8310805e44dbbef545d0231418) Importer(2089858483,b0f066a214c2f5e87bad3c948f4d605d) (ScriptedImporter) -> (artifact id: 'be1c55533b5ed7507d775f8cc29b7db1') in 0.0071737 seconds
Number of updated asset objects reloaded before import = 0Number of asset objects unloaded after import = 0

========================================================================
Received Import Request.
  Time since last request: 0.000034 seconds.
  path: Packages/com.unity.ugui/Editor/UGUI/UI/GridLayoutGroupEditor.cs
  artifactKey: Guid(6a981cd1456bec84b86e1c66773f57f5) Importer(2089858483,b0f066a214c2f5e87bad3c948f4d605d)
Start importing Packages/com.unity.ugui/Editor/UGUI/UI/GridLayoutGroupEditor.cs using Guid(6a981cd1456bec84b86e1c66773f57f5) Importer(2089858483,b0f066a214c2f5e87bad3c948f4d605d) (ScriptedImporter) -> (artifact id: '5aa1bcfe4b6dfe1d73b02a5a7290cd62') in 0.0081456 seconds
Number of updated asset objects reloaded before import = 0Number of asset objects unloaded after import = 0

========================================================================
Received Import Request.
  Time since last request: 0.000016 seconds.
  path: Packages/com.unity.ugui/Editor/UGUI/UI/InterceptedEventsPreview.cs
  artifactKey: Guid(127023922adddf744b59fa7b0b0c3030) Importer(2089858483,b0f066a214c2f5e87bad3c948f4d605d)
Start importing Packages/com.unity.ugui/Editor/UGUI/UI/InterceptedEventsPreview.cs using Guid(127023922adddf744b59fa7b0b0c3030) Importer(2089858483,b0f066a214c2f5e87bad3c948f4d605d) (ScriptedImporter) -> (artifact id: '697861f8b4b2de2ecdba12aea3a67e71') in 0.0068413 seconds
Number of updated asset objects reloaded before import = 0Number of asset objects unloaded after import = 0

========================================================================
Received Import Request.
  Time since last request: 0.000020 seconds.
  path: Packages/com.unity.ugui/Tests/Editor/TMP/TMP_EditorTests.cs
  artifactKey: Guid(592f7288ed0df2c4b884e2cd9baac023) Importer(2089858483,b0f066a214c2f5e87bad3c948f4d605d)
Start importing Packages/com.unity.ugui/Tests/Editor/TMP/TMP_EditorTests.cs using Guid(592f7288ed0df2c4b884e2cd9baac023) Importer(2089858483,b0f066a214c2f5e87bad3c948f4d605d) (ScriptedImporter) -> (artifact id: '4ec4d1b24ebdd36e0798e21cd47acd4b') in 0.0088702 seconds
Number of updated asset objects reloaded before import = 0Number of asset objects unloaded after import = 0

========================================================================
Received Import Request.
  Time since last request: 0.000028 seconds.
  path: Packages/com.unity.ugui/Tests/Editor/UGUI/RectMask2D/RectMask2DCulling.cs
  artifactKey: Guid(4402dcee6e9969549bf5b33f11533208) Importer(2089858483,b0f066a214c2f5e87bad3c948f4d605d)
Start importing Packages/com.unity.ugui/Tests/Editor/UGUI/RectMask2D/RectMask2DCulling.cs using Guid(4402dcee6e9969549bf5b33f11533208) Importer(2089858483,b0f066a214c2f5e87bad3c948f4d605d) (ScriptedImporter) -> (artifact id: '84a0044d04514e94e21259213c7b16e5') in 0.0064667 seconds
Number of updated asset objects reloaded before import = 0Number of asset objects unloaded after import = 0

========================================================================
Received Import Request.
  Time since last request: 0.000026 seconds.
  path: Packages/com.unity.ugui/Runtime/UGUI/UI/Core/StencilMaterial.cs
  artifactKey: Guid(69ae55f76840b2849ba56cfb53a17df0) Importer(2089858483,b0f066a214c2f5e87bad3c948f4d605d)
Start importing Packages/com.unity.ugui/Runtime/UGUI/UI/Core/StencilMaterial.cs using Guid(69ae55f76840b2849ba56cfb53a17df0) Importer(2089858483,b0f066a214c2f5e87bad3c948f4d605d) (ScriptedImporter) -> (artifact id: 'c0a1b8cc26e90151afc2a851db6554bc') in 0.0081329 seconds
Number of updated asset objects reloaded before import = 0Number of asset objects unloaded after import = 0

========================================================================
Received Import Request.
  Time since last request: 0.000026 seconds.
  path: Packages/com.unity.ugui/Runtime/UGUI/UI/Core/Image.cs
  artifactKey: Guid(fe87c0e1cc204ed48ad3b37840f39efc) Importer(2089858483,b0f066a214c2f5e87bad3c948f4d605d)
Start importing Packages/com.unity.ugui/Runtime/UGUI/UI/Core/Image.cs using Guid(fe87c0e1cc204ed48ad3b37840f39efc) Importer(2089858483,b0f066a214c2f5e87bad3c948f4d605d) (ScriptedImporter) -> (artifact id: '7f178cf9c1c5e343fd96994e340da864') in 0.0066572 seconds
Number of updated asset objects reloaded before import = 0Number of asset objects unloaded after import = 0

========================================================================
Received Import Request.
  Time since last request: 0.000031 seconds.
  path: Packages/com.unity.ugui/Tests/Runtime/UGUI/Canvas/BridgeScriptForRetainingObjects.cs
  artifactKey: Guid(1a26e19d51cbfac42a02631ad1f9e39e) Importer(2089858483,b0f066a214c2f5e87bad3c948f4d605d)
Start importing Packages/com.unity.ugui/Tests/Runtime/UGUI/Canvas/BridgeScriptForRetainingObjects.cs using Guid(1a26e19d51cbfac42a02631ad1f9e39e) Importer(2089858483,b0f066a214c2f5e87bad3c948f4d605d) (ScriptedImporter) -> (artifact id: 'ecf9c1f119c7d8ad496796beb4c9bc2b') in 0.0087718 seconds
Number of updated asset objects reloaded before import = 0Number of asset objects unloaded after import = 0

========================================================================
Received Import Request.
  Time since last request: 0.000016 seconds.
  path: Packages/com.unity.ugui/Tests/Runtime/UGUI/Canvas/RectMask2DWithNestedCanvasCullsUsingCorrectCanvasRect.cs
  artifactKey: Guid(735d54f21944f834f931716514c87a84) Importer(2089858483,b0f066a214c2f5e87bad3c948f4d605d)
Start importing Packages/com.unity.ugui/Tests/Runtime/UGUI/Canvas/RectMask2DWithNestedCanvasCullsUsingCorrectCanvasRect.cs using Guid(735d54f21944f834f931716514c87a84) Importer(2089858483,b0f066a214c2f5e87bad3c948f4d605d) (ScriptedImporter) -> (artifact id: 'f586f46d51f423b4650d68a515cf01eb') in 0.0060007 seconds
Number of updated asset objects reloaded before import = 0Number of asset objects unloaded after import = 0

========================================================================
Received Import Request.
  Time since last request: 0.000019 seconds.
  path: Packages/com.unity.ugui/Tests/Runtime/UGUI/Canvas/RectMask2DReparentedToDifferentCanvas.cs
  artifactKey: Guid(2ba506934dc2ce14591a37f3b00dca92) Importer(2089858483,b0f066a214c2f5e87bad3c948f4d605d)
Start importing Packages/com.unity.ugui/Tests/Runtime/UGUI/Canvas/RectMask2DReparentedToDifferentCanvas.cs using Guid(2ba506934dc2ce14591a37f3b00dca92) Importer(2089858483,b0f066a214c2f5e87bad3c948f4d605d) (ScriptedImporter) -> (artifact id: '50afd2b98fa5516968ed502868e790a4') in 0.0066067 seconds
Number of updated asset objects reloaded before import = 0Number of asset objects unloaded after import = 0

========================================================================
Received Import Request.
  Time since last request: 0.000029 seconds.
  path: Packages/com.unity.ugui/Tests/Runtime/UGUI/Canvas/RectTransformValidAfterEnable.cs
  artifactKey: Guid(811d999912a5f3f459a637aad029fbc8) Importer(2089858483,b0f066a214c2f5e87bad3c948f4d605d)
Start importing Packages/com.unity.ugui/Tests/Runtime/UGUI/Canvas/RectTransformValidAfterEnable.cs using Guid(811d999912a5f3f459a637aad029fbc8) Importer(2089858483,b0f066a214c2f5e87bad3c948f4d605d) (ScriptedImporter) -> (artifact id: '848b9a14adb4dad8c5bb067cb0254bac') in 0.0059329 seconds
Number of updated asset objects reloaded before import = 0Number of asset objects unloaded after import = 0

========================================================================
Received Import Request.
  Time since last request: 0.000019 seconds.
  path: Packages/com.unity.ugui/Tests/Editor/UGUI/CanvasRenderer/ChangingHierarchyOfCanvasRenderer.cs
  artifactKey: Guid(c825bad77a42dd341a8f0a5ef9cd5f4c) Importer(2089858483,b0f066a214c2f5e87bad3c948f4d605d)
Start importing Packages/com.unity.ugui/Tests/Editor/UGUI/CanvasRenderer/ChangingHierarchyOfCanvasRenderer.cs using Guid(c825bad77a42dd341a8f0a5ef9cd5f4c) Importer(2089858483,b0f066a214c2f5e87bad3c948f4d605d) (ScriptedImporter) -> (artifact id: 'a1bbe6c27c98d48ef00c5470252d04e9') in 0.0067654 seconds
Number of updated asset objects reloaded before import = 0Number of asset objects unloaded after import = 0

========================================================================
Received Import Request.
  Time since last request: 0.000019 seconds.
  path: Packages/com.unity.ugui/Tests/Runtime/UGUI/Canvas/CheckMeshColorsAndColors32Match.cs
  artifactKey: Guid(9390296e78291b543b2f4a9761ef8139) Importer(2089858483,b0f066a214c2f5e87bad3c948f4d605d)
Start importing Packages/com.unity.ugui/Tests/Runtime/UGUI/Canvas/CheckMeshColorsAndColors32Match.cs using Guid(9390296e78291b543b2f4a9761ef8139) Importer(2089858483,b0f066a214c2f5e87bad3c948f4d605d) (ScriptedImporter) -> (artifact id: '0a72c5292062823639b8784814b9672e') in 0.0060628 seconds
Number of updated asset objects reloaded before import = 0Number of asset objects unloaded after import = 0

========================================================================
Received Import Request.
  Time since last request: 0.000028 seconds.
  path: Packages/com.unity.ugui/Runtime/UGUI/UI/Core/MaskableGraphic.cs
  artifactKey: Guid(976acc75bfafe594cb01142ba21947be) Importer(2089858483,b0f066a214c2f5e87bad3c948f4d605d)
Start importing Packages/com.unity.ugui/Runtime/UGUI/UI/Core/MaskableGraphic.cs using Guid(976acc75bfafe594cb01142ba21947be) Importer(2089858483,b0f066a214c2f5e87bad3c948f4d605d) (ScriptedImporter) -> (artifact id: '6aacfc20aba7e8140cc5266110020e7f') in 0.0065448 seconds
Number of updated asset objects reloaded before import = 0Number of asset objects unloaded after import = 0

========================================================================
Received Import Request.
  Time since last request: 0.000016 seconds.
  path: Packages/com.unity.ugui/Runtime/UGUI/UI/Core/Selectable.cs
  artifactKey: Guid(7a98125502f715b4b83cfb77b434e436) Importer(2089858483,b0f066a214c2f5e87bad3c948f4d605d)
Start importing Packages/com.unity.ugui/Runtime/UGUI/UI/Core/Selectable.cs using Guid(7a98125502f715b4b83cfb77b434e436) Importer(2089858483,b0f066a214c2f5e87bad3c948f4d605d) (ScriptedImporter) -> (artifact id: 'a638b1a7bfe4793a44cf28e6be7ea660') in 0.0065034 seconds
Number of updated asset objects reloaded before import = 0Number of asset objects unloaded after import = 0

========================================================================
Received Import Request.
  Time since last request: 0.000022 seconds.
  path: Packages/com.unity.ugui/Tests/Editor/UGUI/Text/FontCreatedByScript.cs
  artifactKey: Guid(812aaaefaab404448a3e4db49dfa5206) Importer(2089858483,b0f066a214c2f5e87bad3c948f4d605d)
Start importing Packages/com.unity.ugui/Tests/Editor/UGUI/Text/FontCreatedByScript.cs using Guid(812aaaefaab404448a3e4db49dfa5206) Importer(2089858483,b0f066a214c2f5e87bad3c948f4d605d) (ScriptedImporter) -> (artifact id: 'c3c282dd1a5adad80eabf7d6542609e1') in 0.0066621 seconds
Number of updated asset objects reloaded before import = 0Number of asset objects unloaded after import = 0

========================================================================
Received Import Request.
  Time since last request: 0.000026 seconds.
  path: Packages/com.unity.ugui/Tests/Editor/UGUI/Canvas/CanvasElementsMaintainValidPositionsWhenCameraOrthoSizeIsZero.cs
  artifactKey: Guid(35a0d10199de49f4db0128003bfd3bda) Importer(2089858483,b0f066a214c2f5e87bad3c948f4d605d)
Start importing Packages/com.unity.ugui/Tests/Editor/UGUI/Canvas/CanvasElementsMaintainValidPositionsWhenCameraOrthoSizeIsZero.cs using Guid(35a0d10199de49f4db0128003bfd3bda) Importer(2089858483,b0f066a214c2f5e87bad3c948f4d605d) (ScriptedImporter) -> (artifact id: 'ac88cae91369bff18a31832de887104a') in 0.0072655 seconds
Number of updated asset objects reloaded before import = 0Number of asset objects unloaded after import = 0

========================================================================
Received Import Request.
  Time since last request: 0.000017 seconds.
  path: Packages/com.unity.ugui/Runtime/UGUI/UI/Core/Scrollbar.cs
  artifactKey: Guid(2a4db7a114972834c8e4117be1d82ba3) Importer(2089858483,b0f066a214c2f5e87bad3c948f4d605d)
Start importing Packages/com.unity.ugui/Runtime/UGUI/UI/Core/Scrollbar.cs using Guid(2a4db7a114972834c8e4117be1d82ba3) Importer(2089858483,b0f066a214c2f5e87bad3c948f4d605d) (ScriptedImporter) -> (artifact id: '5ecb434395dda29852e14d221de5bcd5') in 0.0075739 seconds
Number of updated asset objects reloaded before import = 0Number of asset objects unloaded after import = 0

========================================================================
Received Import Request.
  Time since last request: 0.000023 seconds.
  path: Packages/com.unity.ugui/Runtime/UGUI/UI/Core/IGraphicEnabledDisabled.cs
  artifactKey: Guid(928dc55e2c8c3ee4dad33b6d561cb6ea) Importer(2089858483,b0f066a214c2f5e87bad3c948f4d605d)
Start importing Packages/com.unity.ugui/Runtime/UGUI/UI/Core/IGraphicEnabledDisabled.cs using Guid(928dc55e2c8c3ee4dad33b6d561cb6ea) Importer(2089858483,b0f066a214c2f5e87bad3c948f4d605d) (ScriptedImporter) -> (artifact id: 'b6d48d18e247cd46521c33b1befd4fe3') in 0.0087801 seconds
Number of updated asset objects reloaded before import = 0Number of asset objects unloaded after import = 0

========================================================================
Received Import Request.
  Time since last request: 0.000026 seconds.
  path: Packages/com.unity.ugui/Tests/Runtime/UGUI/Canvas/CanvasSizeCorrectInAwakeAndStart.cs
  artifactKey: Guid(ec35c13a8280a8d4e817bc4afd8a95de) Importer(2089858483,b0f066a214c2f5e87bad3c948f4d605d)
Start importing Packages/com.unity.ugui/Tests/Runtime/UGUI/Canvas/CanvasSizeCorrectInAwakeAndStart.cs using Guid(ec35c13a8280a8d4e817bc4afd8a95de) Importer(2089858483,b0f066a214c2f5e87bad3c948f4d605d) (ScriptedImporter) -> (artifact id: '2591bf514665ce63854e190f06440304') in 0.0060932 seconds
Number of updated asset objects reloaded before import = 0Number of asset objects unloaded after import = 0

========================================================================
Received Import Request.
  Time since last request: 0.000017 seconds.
  path: Packages/com.unity.ugui/Tests/Runtime/UGUI/Dropdown/DropdownTests.cs
  artifactKey: Guid(358a618bc6bd9354d81cc206fd2ed80e) Importer(2089858483,b0f066a214c2f5e87bad3c948f4d605d)
Start importing Packages/com.unity.ugui/Tests/Runtime/UGUI/Dropdown/DropdownTests.cs using Guid(358a618bc6bd9354d81cc206fd2ed80e) Importer(2089858483,b0f066a214c2f5e87bad3c948f4d605d) (ScriptedImporter) -> (artifact id: 'ffc1052ad6487d758b32456c04eba355') in 0.0085562 seconds
Number of updated asset objects reloaded before import = 0Number of asset objects unloaded after import = 0

========================================================================
Received Import Request.
  Time since last request: 0.000019 seconds.
  path: Packages/com.unity.ugui/Tests/Runtime/UGUI/Canvas/CanvasGroupInheritedAlpha.cs
  artifactKey: Guid(a14a59f2a5c757e469c3e4e17b798c2e) Importer(2089858483,b0f066a214c2f5e87bad3c948f4d605d)
Start importing Packages/com.unity.ugui/Tests/Runtime/UGUI/Canvas/CanvasGroupInheritedAlpha.cs using Guid(a14a59f2a5c757e469c3e4e17b798c2e) Importer(2089858483,b0f066a214c2f5e87bad3c948f4d605d) (ScriptedImporter) -> (artifact id: 'cfa4b0cc68962ed876a2c2efd8b6902e') in 0.0080121 seconds
Number of updated asset objects reloaded before import = 0Number of asset objects unloaded after import = 0

========================================================================
Received Import Request.
  Time since last request: 0.000027 seconds.
  path: Packages/com.unity.ugui/Tests/Runtime/UGUI/Button/ButtonTests.cs
  artifactKey: Guid(1ef2923b9c5521948a04299da53ae750) Importer(2089858483,b0f066a214c2f5e87bad3c948f4d605d)
Start importing Packages/com.unity.ugui/Tests/Runtime/UGUI/Button/ButtonTests.cs using Guid(1ef2923b9c5521948a04299da53ae750) Importer(2089858483,b0f066a214c2f5e87bad3c948f4d605d) (ScriptedImporter) -> (artifact id: '76502e8453fba999f44591ef23e54b49') in 0.0086205 seconds
Number of updated asset objects reloaded before import = 0Number of asset objects unloaded after import = 0

========================================================================
Received Import Request.
  Time since last request: 0.000017 seconds.
  path: Packages/com.unity.ugui/Tests/Editor/UGUI/EventSystem/InterceptedEventsPreviewTests.cs
  artifactKey: Guid(2aff4fada0516c64a8537a20bfe1b699) Importer(2089858483,b0f066a214c2f5e87bad3c948f4d605d)
Start importing Packages/com.unity.ugui/Tests/Editor/UGUI/EventSystem/InterceptedEventsPreviewTests.cs using Guid(2aff4fada0516c64a8537a20bfe1b699) Importer(2089858483,b0f066a214c2f5e87bad3c948f4d605d) (ScriptedImporter) -> (artifact id: 'a11a9067b7f07a09404237fbefdc8b1b') in 0.0064886 seconds
Number of updated asset objects reloaded before import = 0Number of asset objects unloaded after import = 0

========================================================================
Received Import Request.
  Time since last request: 0.000019 seconds.
  path: Packages/com.unity.ugui/Tests/Editor/UGUI/InputField/CharacterLimitValidation.cs
  artifactKey: Guid(4b8be68229770db4ea3c78ab0d854325) Importer(2089858483,b0f066a214c2f5e87bad3c948f4d605d)
Start importing Packages/com.unity.ugui/Tests/Editor/UGUI/InputField/CharacterLimitValidation.cs using Guid(4b8be68229770db4ea3c78ab0d854325) Importer(2089858483,b0f066a214c2f5e87bad3c948f4d605d) (ScriptedImporter) -> (artifact id: '7d74af8f3d0a1e34bdc7b3712800ccb2') in 0.0061073 seconds
Number of updated asset objects reloaded before import = 0Number of asset objects unloaded after import = 0

========================================================================
Received Import Request.
  Time since last request: 0.000027 seconds.
  path: Packages/com.unity.ugui/Tests/Runtime/TMP/TMP_CanvasTests.cs
  artifactKey: Guid(5348cbfcd4f74699b33fe6b43747a016) Importer(2089858483,b0f066a214c2f5e87bad3c948f4d605d)
Start importing Packages/com.unity.ugui/Tests/Runtime/TMP/TMP_CanvasTests.cs using Guid(5348cbfcd4f74699b33fe6b43747a016) Importer(2089858483,b0f066a214c2f5e87bad3c948f4d605d) (ScriptedImporter) -> (artifact id: '830bb1fe4ea1121ad242251ba2e85a2e') in 0.0085761 seconds
Number of updated asset objects reloaded before import = 0Number of asset objects unloaded after import = 0

========================================================================
Received Import Request.
  Time since last request: 0.000022 seconds.
  path: Packages/com.unity.ugui/Editor/UGUI/UI/GraphicEditor.cs
  artifactKey: Guid(c890977a36bfdc849872b9337ab89098) Importer(2089858483,b0f066a214c2f5e87bad3c948f4d605d)
Start importing Packages/com.unity.ugui/Editor/UGUI/UI/GraphicEditor.cs using Guid(c890977a36bfdc849872b9337ab89098) Importer(2089858483,b0f066a214c2f5e87bad3c948f4d605d) (ScriptedImporter) -> (artifact id: '8e7c300ce28f3a344b73030989bdf951') in 0.0062967 seconds
Number of updated asset objects reloaded before import = 0Number of asset objects unloaded after import = 0

========================================================================
Received Import Request.
  Time since last request: 0.000021 seconds.
  path: Packages/com.unity.ugui/Tests/Runtime/UGUI/Canvas/SiblingOrderChangesLayout.cs
  artifactKey: Guid(c32df609537c54c46adf92992a673693) Importer(2089858483,b0f066a214c2f5e87bad3c948f4d605d)
Start importing Packages/com.unity.ugui/Tests/Runtime/UGUI/Canvas/SiblingOrderChangesLayout.cs using Guid(c32df609537c54c46adf92992a673693) Importer(2089858483,b0f066a214c2f5e87bad3c948f4d605d) (ScriptedImporter) -> (artifact id: '6c6394e1fbb63dc7eac37e881731571c') in 0.0071448 seconds
Number of updated asset objects reloaded before import = 0Number of asset objects unloaded after import = 0

========================================================================
Received Import Request.
  Time since last request: 0.000031 seconds.
  path: Packages/com.unity.ugui/Tests/Editor/UGUI/UI/PropertyDrawers/PropertyDrawerTests.cs
  artifactKey: Guid(433d3b96b2a40a5479d3d7d8495882ed) Importer(2089858483,b0f066a214c2f5e87bad3c948f4d605d)
Start importing Packages/com.unity.ugui/Tests/Editor/UGUI/UI/PropertyDrawers/PropertyDrawerTests.cs using Guid(433d3b96b2a40a5479d3d7d8495882ed) Importer(2089858483,b0f066a214c2f5e87bad3c948f4d605d) (ScriptedImporter) -> (artifact id: 'afae0297d0f2f8159689ca92fb694a93') in 0.0062054 seconds
Number of updated asset objects reloaded before import = 0Number of asset objects unloaded after import = 0

========================================================================
Received Import Request.
  Time since last request: 0.000022 seconds.
  path: Packages/com.unity.burst/Runtime/CompilerServices/Constant.cs
  artifactKey: Guid(425b1cb76be0397aae735d27918c5a76) Importer(2089858483,b0f066a214c2f5e87bad3c948f4d605d)
Start importing Packages/com.unity.burst/Runtime/CompilerServices/Constant.cs using Guid(425b1cb76be0397aae735d27918c5a76) Importer(2089858483,b0f066a214c2f5e87bad3c948f4d605d) (ScriptedImporter) -> (artifact id: '782b129491eee00c947ff2851ea3d839') in 0.0064417 seconds
Number of updated asset objects reloaded before import = 0Number of asset objects unloaded after import = 0

========================================================================
Received Import Request.
  Time since last request: 0.000027 seconds.
  path: Packages/com.unity.ugui/Runtime/UGUI/UI/Core/Layout/ContentSizeFitter.cs
  artifactKey: Guid(3245ec927659c4140ac4f8d17403cc18) Importer(2089858483,b0f066a214c2f5e87bad3c948f4d605d)
Start importing Packages/com.unity.ugui/Runtime/UGUI/UI/Core/Layout/ContentSizeFitter.cs using Guid(3245ec927659c4140ac4f8d17403cc18) Importer(2089858483,b0f066a214c2f5e87bad3c948f4d605d) (ScriptedImporter) -> (artifact id: 'fbf88ca907fdef490610e4b4d4af3c05') in 0.0068152 seconds
Number of updated asset objects reloaded before import = 0Number of asset objects unloaded after import = 0

========================================================================
Received Import Request.
  Time since last request: 0.000036 seconds.
  path: Packages/com.unity.collab-proxy/Editor/CodeEditor/Rendering/VisualLine.cs
  artifactKey: Guid(53017b1654c74ad599aa144268eff7fc) Importer(2089858483,b0f066a214c2f5e87bad3c948f4d605d)
Start importing Packages/com.unity.collab-proxy/Editor/CodeEditor/Rendering/VisualLine.cs using Guid(53017b1654c74ad599aa144268eff7fc) Importer(2089858483,b0f066a214c2f5e87bad3c948f4d605d) (ScriptedImporter) -> (artifact id: 'bd164f292cf88fc9a5c0d0dcfcfced74') in 0.006656 seconds
Number of updated asset objects reloaded before import = 0Number of asset objects unloaded after import = 0

========================================================================
Received Import Request.
  Time since last request: 0.000019 seconds.
  path: Packages/com.unity.ugui/Tests/Runtime/UGUI/Util/UIBehaviourExtensions.cs
  artifactKey: Guid(d548f82e7e9c0ed49ae5b4a5eecfb2f7) Importer(2089858483,b0f066a214c2f5e87bad3c948f4d605d)
Start importing Packages/com.unity.ugui/Tests/Runtime/UGUI/Util/UIBehaviourExtensions.cs using Guid(d548f82e7e9c0ed49ae5b4a5eecfb2f7) Importer(2089858483,b0f066a214c2f5e87bad3c948f4d605d) (ScriptedImporter) -> (artifact id: '3b18e35bfc8007b1e0535b1585542f06') in 0.0069288 seconds
Number of updated asset objects reloaded before import = 0Number of asset objects unloaded after import = 0

========================================================================
Received Import Request.
  Time since last request: 0.000019 seconds.
  path: Packages/com.unity.ugui/Runtime/UGUI/UI/Core/Layout/LayoutGroup.cs
  artifactKey: Guid(cb7c939a806f03341b682c180dc13f08) Importer(2089858483,b0f066a214c2f5e87bad3c948f4d605d)
Start importing Packages/com.unity.ugui/Runtime/UGUI/UI/Core/Layout/LayoutGroup.cs using Guid(cb7c939a806f03341b682c180dc13f08) Importer(2089858483,b0f066a214c2f5e87bad3c948f4d605d) (ScriptedImporter) -> (artifact id: 'a0d3d06ecbefb8152917daf9c71b9cc2') in 0.006114 seconds
Number of updated asset objects reloaded before import = 0Number of asset objects unloaded after import = 0

========================================================================
Received Import Request.
  Time since last request: 0.000028 seconds.
  path: Packages/com.unity.ugui/Runtime/UGUI/UI/Core/Layout/LayoutElement.cs
  artifactKey: Guid(306cc8c2b49d7114eaa3623786fc2126) Importer(2089858483,b0f066a214c2f5e87bad3c948f4d605d)
Start importing Packages/com.unity.ugui/Runtime/UGUI/UI/Core/Layout/LayoutElement.cs using Guid(306cc8c2b49d7114eaa3623786fc2126) Importer(2089858483,b0f066a214c2f5e87bad3c948f4d605d) (ScriptedImporter) -> (artifact id: '0ac2518bfea40a55b3801f57cc7ffb2e') in 0.0063257 seconds
Number of updated asset objects reloaded before import = 0Number of asset objects unloaded after import = 0

========================================================================
Received Import Request.
  Time since last request: 0.000017 seconds.
  path: Packages/com.unity.ugui/Runtime/UGUI/UI/Core/Culling/Clipping.cs
  artifactKey: Guid(67e3583b91179094094c6a188b232262) Importer(2089858483,b0f066a214c2f5e87bad3c948f4d605d)
Start importing Packages/com.unity.ugui/Runtime/UGUI/UI/Core/Culling/Clipping.cs using Guid(67e3583b91179094094c6a188b232262) Importer(2089858483,b0f066a214c2f5e87bad3c948f4d605d) (ScriptedImporter) -> (artifact id: 'ae7d90e6fa0414a4300bdfa03c988334') in 0.008285 seconds
Number of updated asset objects reloaded before import = 0Number of asset objects unloaded after import = 0

========================================================================
Received Import Request.
  Time since last request: 0.000020 seconds.
  path: Packages/com.unity.ugui/Runtime/UGUI/UI/Core/Layout/ILayoutElement.cs
  artifactKey: Guid(368d3a0498e78014da578aa5f45e2797) Importer(2089858483,b0f066a214c2f5e87bad3c948f4d605d)
Start importing Packages/com.unity.ugui/Runtime/UGUI/UI/Core/Layout/ILayoutElement.cs using Guid(368d3a0498e78014da578aa5f45e2797) Importer(2089858483,b0f066a214c2f5e87bad3c948f4d605d) (ScriptedImporter) -> (artifact id: '4d1ffa764b34ce3845e9d69673d89fe0') in 0.0063867 seconds
Number of updated asset objects reloaded before import = 0Number of asset objects unloaded after import = 0

========================================================================
Received Import Request.
  Time since last request: 0.000026 seconds.
  path: Packages/com.unity.ugui/Runtime/UGUI/UI/Core/VertexModifiers/Outline.cs
  artifactKey: Guid(e19747de3f5aca642ab2be37e372fb86) Importer(2089858483,b0f066a214c2f5e87bad3c948f4d605d)
Start importing Packages/com.unity.ugui/Runtime/UGUI/UI/Core/VertexModifiers/Outline.cs using Guid(e19747de3f5aca642ab2be37e372fb86) Importer(2089858483,b0f066a214c2f5e87bad3c948f4d605d) (ScriptedImporter) -> (artifact id: 'c87d43b3285475d312c9816ff53c36b9') in 0.0078573 seconds
Number of updated asset objects reloaded before import = 0Number of asset objects unloaded after import = 0

========================================================================
Received Import Request.
  Time since last request: 0.000016 seconds.
  path: Packages/com.unity.ugui/Tests/Runtime/UGUI/EventSystem/InputModuleTests/FakeBaseInput.cs
  artifactKey: Guid(138dbec4f8742654fbceb0a19d68b9c5) Importer(2089858483,b0f066a214c2f5e87bad3c948f4d605d)
Start importing Packages/com.unity.ugui/Tests/Runtime/UGUI/EventSystem/InputModuleTests/FakeBaseInput.cs using Guid(138dbec4f8742654fbceb0a19d68b9c5) Importer(2089858483,b0f066a214c2f5e87bad3c948f4d605d) (ScriptedImporter) -> (artifact id: '712460428d416145d15cecb1c9319c93') in 0.006049 seconds
Number of updated asset objects reloaded before import = 0Number of asset objects unloaded after import = 0

========================================================================
Received Import Request.
  Time since last request: 0.000020 seconds.
  path: Packages/com.unity.ugui/Tests/Runtime/UGUI/Graphic/ImageTests.cs
  artifactKey: Guid(a0bae4ff8f5baf64aad3b92b8aea0603) Importer(2089858483,b0f066a214c2f5e87bad3c948f4d605d)
Start importing Packages/com.unity.ugui/Tests/Runtime/UGUI/Graphic/ImageTests.cs using Guid(a0bae4ff8f5baf64aad3b92b8aea0603) Importer(2089858483,b0f066a214c2f5e87bad3c948f4d605d) (ScriptedImporter) -> (artifact id: 'ab48f3eff1d04f6ee694ecfc2b98a429') in 0.0058673 seconds
Number of updated asset objects reloaded before import = 0Number of asset objects unloaded after import = 0

========================================================================
Received Import Request.
  Time since last request: 0.000033 seconds.
  path: Packages/com.unity.ugui/Tests/Runtime/UGUI/Toggle/ToggleTests.cs
  artifactKey: Guid(14427eecd0bccea468addc3492aaef57) Importer(2089858483,b0f066a214c2f5e87bad3c948f4d605d)
Start importing Packages/com.unity.ugui/Tests/Runtime/UGUI/Toggle/ToggleTests.cs using Guid(14427eecd0bccea468addc3492aaef57) Importer(2089858483,b0f066a214c2f5e87bad3c948f4d605d) (ScriptedImporter) -> (artifact id: '1c264c3dd142607f09705a49199c8101') in 0.005968 seconds
Number of updated asset objects reloaded before import = 0Number of asset objects unloaded after import = 0

========================================================================
Received Import Request.
  Time since last request: 0.000016 seconds.
  path: Packages/com.unity.ugui/Runtime/UGUI/UI/Core/Culling/RectangularVertexClipper.cs
  artifactKey: Guid(c606041f02fc7d542b1429806872292b) Importer(2089858483,b0f066a214c2f5e87bad3c948f4d605d)
Start importing Packages/com.unity.ugui/Runtime/UGUI/UI/Core/Culling/RectangularVertexClipper.cs using Guid(c606041f02fc7d542b1429806872292b) Importer(2089858483,b0f066a214c2f5e87bad3c948f4d605d) (ScriptedImporter) -> (artifact id: 'cca4da31f0b642df20689d9f38452f1f') in 0.0060953 seconds
Number of updated asset objects reloaded before import = 0Number of asset objects unloaded after import = 0

========================================================================
Received Import Request.
  Time since last request: 0.000025 seconds.
  path: Packages/com.unity.ugui/Runtime/UGUI/UI/Core/Layout/AspectRatioFitter.cs
  artifactKey: Guid(86710e43de46f6f4bac7c8e50813a599) Importer(2089858483,b0f066a214c2f5e87bad3c948f4d605d)
Start importing Packages/com.unity.ugui/Runtime/UGUI/UI/Core/Layout/AspectRatioFitter.cs using Guid(86710e43de46f6f4bac7c8e50813a599) Importer(2089858483,b0f066a214c2f5e87bad3c948f4d605d) (ScriptedImporter) -> (artifact id: '3179fadf4c2cfde671e1141efccd0f08') in 0.0070678 seconds
Number of updated asset objects reloaded before import = 0Number of asset objects unloaded after import = 0

========================================================================
Received Import Request.
  Time since last request: 0.000029 seconds.
  path: Packages/com.unity.ugui/Tests/Runtime/UGUI/TextEditor/TextEditorBackspaceDelete.cs
  artifactKey: Guid(b5f31b7e60df3e64796fb7ab6f54f489) Importer(2089858483,b0f066a214c2f5e87bad3c948f4d605d)
Start importing Packages/com.unity.ugui/Tests/Runtime/UGUI/TextEditor/TextEditorBackspaceDelete.cs using Guid(b5f31b7e60df3e64796fb7ab6f54f489) Importer(2089858483,b0f066a214c2f5e87bad3c948f4d605d) (ScriptedImporter) -> (artifact id: 'a56a57c8943f619f59d6933586bc2b37') in 0.0068214 seconds
Number of updated asset objects reloaded before import = 0Number of asset objects unloaded after import = 0

========================================================================
Received Import Request.
  Time since last request: 0.000019 seconds.
  path: Packages/com.unity.ugui/Runtime/UGUI/UI/Core/VertexModifiers/Shadow.cs
  artifactKey: Guid(cfabb0440166ab443bba8876756fdfa9) Importer(2089858483,b0f066a214c2f5e87bad3c948f4d605d)
Start importing Packages/com.unity.ugui/Runtime/UGUI/UI/Core/VertexModifiers/Shadow.cs using Guid(cfabb0440166ab443bba8876756fdfa9) Importer(2089858483,b0f066a214c2f5e87bad3c948f4d605d) (ScriptedImporter) -> (artifact id: 'fcf35dadbf66c60b2b16e36925cf8433') in 0.0070872 seconds
Number of updated asset objects reloaded before import = 0Number of asset objects unloaded after import = 0

========================================================================
Received Import Request.
  Time since last request: 0.000022 seconds.
  path: Packages/com.unity.ugui/Runtime/UGUI/UI/Core/Layout/LayoutUtility.cs
  artifactKey: Guid(82bf3f737dec0be43a60891958a8da87) Importer(2089858483,b0f066a214c2f5e87bad3c948f4d605d)
Start importing Packages/com.unity.ugui/Runtime/UGUI/UI/Core/Layout/LayoutUtility.cs using Guid(82bf3f737dec0be43a60891958a8da87) Importer(2089858483,b0f066a214c2f5e87bad3c948f4d605d) (ScriptedImporter) -> (artifact id: 'dc717d70d992e4304c56a1edd2c86961') in 0.0099906 seconds
Number of updated asset objects reloaded before import = 0Number of asset objects unloaded after import = 0

========================================================================
Received Import Request.
  Time since last request: 0.000029 seconds.
  path: Packages/com.unity.ugui/Tests/Runtime/UGUI/InputField/DesktopInputFieldTests.cs
  artifactKey: Guid(e1b0ab339722791498cc804831a17ad3) Importer(2089858483,b0f066a214c2f5e87bad3c948f4d605d)
Start importing Packages/com.unity.ugui/Tests/Runtime/UGUI/InputField/DesktopInputFieldTests.cs using Guid(e1b0ab339722791498cc804831a17ad3) Importer(2089858483,b0f066a214c2f5e87bad3c948f4d605d) (ScriptedImporter) -> (artifact id: 'a6804119c4f2f032ad29c7b459eac2c9') in 0.0079982 seconds
Number of updated asset objects reloaded before import = 0Number of asset objects unloaded after import = 0

========================================================================
Received Import Request.
  Time since last request: 0.000021 seconds.
  path: Packages/com.unity.ugui/Tests/Runtime/UGUI/Layout/AspectRatioFitterTests.cs
  artifactKey: Guid(be1b04bc4d8a415469493848e6501020) Importer(2089858483,b0f066a214c2f5e87bad3c948f4d605d)
Start importing Packages/com.unity.ugui/Tests/Runtime/UGUI/Layout/AspectRatioFitterTests.cs using Guid(be1b04bc4d8a415469493848e6501020) Importer(2089858483,b0f066a214c2f5e87bad3c948f4d605d) (ScriptedImporter) -> (artifact id: '34ca1b54984d436a104eb6f4224b68d4') in 0.0065679 seconds
Number of updated asset objects reloaded before import = 0Number of asset objects unloaded after import = 0

========================================================================
Received Import Request.
  Time since last request: 0.000019 seconds.
  path: Packages/com.unity.ugui/Runtime/UGUI/UI/Core/Culling/IClipRegion.cs
  artifactKey: Guid(371b6b9c8adc50745ace66a6fdf67481) Importer(2089858483,b0f066a214c2f5e87bad3c948f4d605d)
Start importing Packages/com.unity.ugui/Runtime/UGUI/UI/Core/Culling/IClipRegion.cs using Guid(371b6b9c8adc50745ace66a6fdf67481) Importer(2089858483,b0f066a214c2f5e87bad3c948f4d605d) (ScriptedImporter) -> (artifact id: '362647fde523159e56fa0682b49e1e3d') in 0.0060241 seconds
Number of updated asset objects reloaded before import = 0Number of asset objects unloaded after import = 0

========================================================================
Received Import Request.
  Time since last request: 0.000027 seconds.
  path: Packages/com.unity.ugui/Tests/Runtime/UGUI/Layout/LayoutGroupTests.cs
  artifactKey: Guid(30f2a9fda7b63b041a70443bae3e7c01) Importer(2089858483,b0f066a214c2f5e87bad3c948f4d605d)
Start importing Packages/com.unity.ugui/Tests/Runtime/UGUI/Layout/LayoutGroupTests.cs using Guid(30f2a9fda7b63b041a70443bae3e7c01) Importer(2089858483,b0f066a214c2f5e87bad3c948f4d605d) (ScriptedImporter) -> (artifact id: '69fe4ddcaac5ca58724b8dfe0df20dd8') in 0.0063506 seconds
Number of updated asset objects reloaded before import = 0Number of asset objects unloaded after import = 0

========================================================================
Received Import Request.
  Time since last request: 0.000017 seconds.
  path: Packages/com.unity.ugui/Tests/Runtime/UGUI/LayoutGroup/LayoutGroupArrangement.cs
  artifactKey: Guid(e9a32780b69dcdb438da3e3f43202f54) Importer(2089858483,b0f066a214c2f5e87bad3c948f4d605d)
Start importing Packages/com.unity.ugui/Tests/Runtime/UGUI/LayoutGroup/LayoutGroupArrangement.cs using Guid(e9a32780b69dcdb438da3e3f43202f54) Importer(2089858483,b0f066a214c2f5e87bad3c948f4d605d) (ScriptedImporter) -> (artifact id: '246c6f9a4a4a83e5a7a6fe5e6d68c6e1') in 0.0083098 seconds
Number of updated asset objects reloaded before import = 0Number of asset objects unloaded after import = 0

========================================================================
Received Import Request.
  Time since last request: 0.000020 seconds.
  path: Packages/com.unity.ugui/Tests/Editor/TMP/TMP_ControlTests.cs
  artifactKey: Guid(5c221dffa89042038c946376c731c918) Importer(2089858483,b0f066a214c2f5e87bad3c948f4d605d)
Start importing Packages/com.unity.ugui/Tests/Editor/TMP/TMP_ControlTests.cs using Guid(5c221dffa89042038c946376c731c918) Importer(2089858483,b0f066a214c2f5e87bad3c948f4d605d) (ScriptedImporter) -> (artifact id: 'ea1ff9fb594b4e3a8e07c28709794f2e') in 0.0078899 seconds
Number of updated asset objects reloaded before import = 0Number of asset objects unloaded after import = 0

========================================================================
Received Import Request.
  Time since last request: 0.000031 seconds.
  path: Packages/com.unity.ugui/Runtime/UGUI/EventSystem/EventHandle.cs
  artifactKey: Guid(db7dd43fe1278a9459cd6036f096b91d) Importer(2089858483,b0f066a214c2f5e87bad3c948f4d605d)
Start importing Packages/com.unity.ugui/Runtime/UGUI/EventSystem/EventHandle.cs using Guid(db7dd43fe1278a9459cd6036f096b91d) Importer(2089858483,b0f066a214c2f5e87bad3c948f4d605d) (ScriptedImporter) -> (artifact id: '0e59cd5f128c31072978926db5bd09e5') in 0.0064483 seconds
Number of updated asset objects reloaded before import = 0Number of asset objects unloaded after import = 0

========================================================================
Received Import Request.
  Time since last request: 0.000020 seconds.
  path: Packages/com.unity.ugui/Editor/TMP/TMP_PostBuildProcessHandler.cs
  artifactKey: Guid(6fdea2af3daa40fe8f88e5e9cfc17abb) Importer(2089858483,b0f066a214c2f5e87bad3c948f4d605d)
Start importing Packages/com.unity.ugui/Editor/TMP/TMP_PostBuildProcessHandler.cs using Guid(6fdea2af3daa40fe8f88e5e9cfc17abb) Importer(2089858483,b0f066a214c2f5e87bad3c948f4d605d) (ScriptedImporter) -> (artifact id: '062b19c7e9ac83c0a794809a00251a76') in 0.0065522 seconds
Number of updated asset objects reloaded before import = 0Number of asset objects unloaded after import = 0

========================================================================
Received Import Request.
  Time since last request: 0.000022 seconds.
  path: Packages/com.unity.collections/DocCodeSamples.Tests/DocCodeSamples.Tests.asmdef
  artifactKey: Guid(d1fecb7e41996c7468b18df518b721d9) Importer(2089858483,b0f066a214c2f5e87bad3c948f4d605d)
Start importing Packages/com.unity.collections/DocCodeSamples.Tests/DocCodeSamples.Tests.asmdef using Guid(d1fecb7e41996c7468b18df518b721d9) Importer(2089858483,b0f066a214c2f5e87bad3c948f4d605d) (ScriptedImporter) -> (artifact id: 'df3f7562bbe2c3dc26e9e98cd9265f59') in 0.0064961 seconds
Number of updated asset objects reloaded before import = 0Number of asset objects unloaded after import = 1

========================================================================
Received Import Request.
  Time since last request: 0.000027 seconds.
  path: Packages/com.unity.modules.vr/package.json
  artifactKey: Guid(18a4fadfef534684d5af39ca8dc48fe9) Importer(2089858483,b0f066a214c2f5e87bad3c948f4d605d)
Start importing Packages/com.unity.modules.vr/package.json using Guid(18a4fadfef534684d5af39ca8dc48fe9) Importer(2089858483,b0f066a214c2f5e87bad3c948f4d605d) (ScriptedImporter) -> (artifact id: '45081134fbe324feff0c1e8922ebaa70') in 0.0077154 seconds
Number of updated asset objects reloaded before import = 0Number of asset objects unloaded after import = 1

========================================================================
Received Import Request.
  Time since last request: 0.000018 seconds.
  path: Packages/com.unity.collections/Unity.Collections/FixedString.tt
  artifactKey: Guid(0a845769eb1dc4f459f64e5c840d07de) Importer(2089858483,b0f066a214c2f5e87bad3c948f4d605d)
Start importing Packages/com.unity.collections/Unity.Collections/FixedString.tt using Guid(0a845769eb1dc4f459f64e5c840d07de) Importer(2089858483,b0f066a214c2f5e87bad3c948f4d605d) (ScriptedImporter) -> (artifact id: '48dcd7f2ec1b54e3af8fd7706813d55d') in 0.0067499 seconds
Number of updated asset objects reloaded before import = 0Number of asset objects unloaded after import = 1

========================================================================
Received Import Request.
  Time since last request: 0.000020 seconds.
  path: Packages/com.unity.modules.unitywebrequestassetbundle/package.ModuleCompilationTrigger
  artifactKey: Guid(7610600f5c83e01041a6fe849d39279f) Importer(2089858483,b0f066a214c2f5e87bad3c948f4d605d)
Start importing Packages/com.unity.modules.unitywebrequestassetbundle/package.ModuleCompilationTrigger using Guid(7610600f5c83e01041a6fe849d39279f) Importer(2089858483,b0f066a214c2f5e87bad3c948f4d605d) (ScriptedImporter) -> (artifact id: '0559b77f05b04758a9e2d9132c6f641c') in 0.0064009 seconds
Number of updated asset objects reloaded before import = 0Number of asset objects unloaded after import = 1

========================================================================
Received Import Request.
  Time since last request: 0.000028 seconds.
  path: Packages/com.unity.collections/Unity.Collections/NativeHashSet.cs
  artifactKey: Guid(5823667af4bd5fd489bc1a1c24cad9d6) Importer(2089858483,b0f066a214c2f5e87bad3c948f4d605d)
Start importing Packages/com.unity.collections/Unity.Collections/NativeHashSet.cs using Guid(5823667af4bd5fd489bc1a1c24cad9d6) Importer(2089858483,b0f066a214c2f5e87bad3c948f4d605d) (ScriptedImporter) -> (artifact id: '87fc1a6b25c1e91ab166729941b5d9f9') in 0.0078352 seconds
Number of updated asset objects reloaded before import = 0Number of asset objects unloaded after import = 0

========================================================================
Received Import Request.
  Time since last request: 0.000018 seconds.
  path: Packages/com.unity.collections/pvpExceptions.json
  artifactKey: Guid(fee59c2b2318a7e4fa7a2c2af28d9553) Importer(2089858483,b0f066a214c2f5e87bad3c948f4d605d)
Start importing Packages/com.unity.collections/pvpExceptions.json using Guid(fee59c2b2318a7e4fa7a2c2af28d9553) Importer(2089858483,b0f066a214c2f5e87bad3c948f4d605d) (ScriptedImporter) -> (artifact id: '982c7ff012a92e093c8ff5777ef07f93') in 0.0064443 seconds
Number of updated asset objects reloaded before import = 0Number of asset objects unloaded after import = 1

========================================================================
Received Import Request.
  Time since last request: 0.000018 seconds.
  path: Packages/com.unity.collections/LICENSE.md
  artifactKey: Guid(568f02fe7676e4d659782d6038df91de) Importer(2089858483,b0f066a214c2f5e87bad3c948f4d605d)
Start importing Packages/com.unity.collections/LICENSE.md using Guid(568f02fe7676e4d659782d6038df91de) Importer(2089858483,b0f066a214c2f5e87bad3c948f4d605d) (ScriptedImporter) -> (artifact id: 'afb8a8954bfe5f529b89e9595a1d345a') in 0.0067962 seconds
Number of updated asset objects reloaded before import = 0Number of asset objects unloaded after import = 1

========================================================================
Received Import Request.
  Time since last request: 0.000026 seconds.
  path: Packages/com.unity.collections/Unity.Collections/CollectionHelper.cs
  artifactKey: Guid(6901d664ec07a214cab08cbd83ca8deb) Importer(2089858483,b0f066a214c2f5e87bad3c948f4d605d)
Start importing Packages/com.unity.collections/Unity.Collections/CollectionHelper.cs using Guid(6901d664ec07a214cab08cbd83ca8deb) Importer(2089858483,b0f066a214c2f5e87bad3c948f4d605d) (ScriptedImporter) -> (artifact id: '92328174ce1d3cb7cc4283a0b929f607') in 0.0073059 seconds
Number of updated asset objects reloaded before import = 0Number of asset objects unloaded after import = 0

========================================================================
Received Import Request.
  Time since last request: 0.000017 seconds.
  path: Packages/com.unity.collections/Unity.Collections/UIntFloat.cs
  artifactKey: Guid(6b56ef4acca0448596282b536b461f22) Importer(2089858483,b0f066a214c2f5e87bad3c948f4d605d)
Start importing Packages/com.unity.collections/Unity.Collections/UIntFloat.cs using Guid(6b56ef4acca0448596282b536b461f22) Importer(2089858483,b0f066a214c2f5e87bad3c948f4d605d) (ScriptedImporter) -> (artifact id: '7b7cc57932da014ccfe808fca3004282') in 0.0065113 seconds
Number of updated asset objects reloaded before import = 0Number of asset objects unloaded after import = 0

========================================================================
Received Import Request.
  Time since last request: 0.000020 seconds.
  path: Packages/com.unity.collections/Unity.Collections/AssemblyInfo.cs
  artifactKey: Guid(63bc65d8d2fe144e1b071aeb3b624536) Importer(2089858483,b0f066a214c2f5e87bad3c948f4d605d)
Start importing Packages/com.unity.collections/Unity.Collections/AssemblyInfo.cs using Guid(63bc65d8d2fe144e1b071aeb3b624536) Importer(2089858483,b0f066a214c2f5e87bad3c948f4d605d) (ScriptedImporter) -> (artifact id: '72ff593180e530fe9ad66826d7e9c3d6') in 0.0058001 seconds
Number of updated asset objects reloaded before import = 0Number of asset objects unloaded after import = 0

========================================================================
Received Import Request.
  Time since last request: 0.000029 seconds.
  path: Packages/com.unity.collections/Unity.Collections/DataStreamWriter.cs
  artifactKey: Guid(13912e20398d4a03883c4ee9ee4d8818) Importer(2089858483,b0f066a214c2f5e87bad3c948f4d605d)
Start importing Packages/com.unity.collections/Unity.Collections/DataStreamWriter.cs using Guid(13912e20398d4a03883c4ee9ee4d8818) Importer(2089858483,b0f066a214c2f5e87bad3c948f4d605d) (ScriptedImporter) -> (artifact id: 'ec22b87d8727fd4fd5cb3d1563828ec2') in 0.0064441 seconds
Number of updated asset objects reloaded before import = 0Number of asset objects unloaded after import = 0

========================================================================
Received Import Request.
  Time since last request: 0.000021 seconds.
  path: Packages/com.unity.collections/Unity.Collections/ListExtensions.cs
  artifactKey: Guid(7a3be0dd158385f4081ab23532efbc6c) Importer(2089858483,b0f066a214c2f5e87bad3c948f4d605d)
Start importing Packages/com.unity.collections/Unity.Collections/ListExtensions.cs using Guid(7a3be0dd158385f4081ab23532efbc6c) Importer(2089858483,b0f066a214c2f5e87bad3c948f4d605d) (ScriptedImporter) -> (artifact id: '20178216b0bb8edbb1c59eb346d4b49e') in 0.0069623 seconds
Number of updated asset objects reloaded before import = 0Number of asset objects unloaded after import = 0

========================================================================
Received Import Request.
  Time since last request: 0.000019 seconds.
  path: Packages/com.unity.collections/Unity.Collections/Unity.Collections.asmdef
  artifactKey: Guid(e0cd26848372d4e5c891c569017e11f1) Importer(2089858483,b0f066a214c2f5e87bad3c948f4d605d)
Start importing Packages/com.unity.collections/Unity.Collections/Unity.Collections.asmdef using Guid(e0cd26848372d4e5c891c569017e11f1) Importer(2089858483,b0f066a214c2f5e87bad3c948f4d605d) (ScriptedImporter) -> (artifact id: '0cfc0d441fc07116ae2a676a7a3b412d') in 0.0082553 seconds
Number of updated asset objects reloaded before import = 0Number of asset objects unloaded after import = 1

========================================================================
Received Import Request.
  Time since last request: 0.000027 seconds.
  path: Packages/com.unity.collections/Unity.Collections/NativeRingQueue.cs
  artifactKey: Guid(7d1c578573cb6b34b860a0eb47293b24) Importer(2089858483,b0f066a214c2f5e87bad3c948f4d605d)
Start importing Packages/com.unity.collections/Unity.Collections/NativeRingQueue.cs using Guid(7d1c578573cb6b34b860a0eb47293b24) Importer(2089858483,b0f066a214c2f5e87bad3c948f4d605d) (ScriptedImporter) -> (artifact id: '0a4e644fec676bd6a95d7988b7cdd52f') in 0.0066151 seconds
Number of updated asset objects reloaded before import = 0Number of asset objects unloaded after import = 0

========================================================================
Received Import Request.
  Time since last request: 0.000019 seconds.
  path: Packages/com.unity.collections/ValidationExceptions.json
  artifactKey: Guid(6fe576033d6a2424c888d599967457a2) Importer(2089858483,b0f066a214c2f5e87bad3c948f4d605d)
Start importing Packages/com.unity.collections/ValidationExceptions.json using Guid(6fe576033d6a2424c888d599967457a2) Importer(2089858483,b0f066a214c2f5e87bad3c948f4d605d) (ScriptedImporter) -> (artifact id: '97e9e64b321f3f5b7923c78963089228') in 0.0073212 seconds
Number of updated asset objects reloaded before import = 0Number of asset objects unloaded after import = 1

========================================================================
Received Import Request.
  Time since last request: 0.000017 seconds.
  path: Packages/com.unity.modules.screencapture/package.json
  artifactKey: Guid(80beef77cb19e713c7c2d481b65ed485) Importer(2089858483,b0f066a214c2f5e87bad3c948f4d605d)
Start importing Packages/com.unity.modules.screencapture/package.json using Guid(80beef77cb19e713c7c2d481b65ed485) Importer(2089858483,b0f066a214c2f5e87bad3c948f4d605d) (ScriptedImporter) -> (artifact id: '48be2122ae01468df2cdca39dc006e9d') in 0.0065988 seconds
Number of updated asset objects reloaded before import = 0Number of asset objects unloaded after import = 1

========================================================================
Received Import Request.
  Time since last request: 0.000035 seconds.
  path: Packages/com.unity.collections/Unity.Collections/Memory.cs
  artifactKey: Guid(babbfc241a32b8241bf31319e1447eb2) Importer(2089858483,b0f066a214c2f5e87bad3c948f4d605d)
Start importing Packages/com.unity.collections/Unity.Collections/Memory.cs using Guid(babbfc241a32b8241bf31319e1447eb2) Importer(2089858483,b0f066a214c2f5e87bad3c948f4d605d) (ScriptedImporter) -> (artifact id: '24e1fa5a62e73a4ed62467212347d989') in 0.0069828 seconds
Number of updated asset objects reloaded before import = 0Number of asset objects unloaded after import = 0

========================================================================
Received Import Request.
  Time since last request: 0.000023 seconds.
  path: Packages/com.unity.collections/Unity.Collections/BitField.cs
  artifactKey: Guid(ec1f6f558fc0b9a4fac43b21ec79cd5a) Importer(2089858483,b0f066a214c2f5e87bad3c948f4d605d)
Start importing Packages/com.unity.collections/Unity.Collections/BitField.cs using Guid(ec1f6f558fc0b9a4fac43b21ec79cd5a) Importer(2089858483,b0f066a214c2f5e87bad3c948f4d605d) (ScriptedImporter) -> (artifact id: '3f10907f1c9200098c78596a27b086b0') in 0.0082079 seconds
Number of updated asset objects reloaded before import = 0Number of asset objects unloaded after import = 0

========================================================================
Received Import Request.
  Time since last request: 0.000020 seconds.
  path: Packages/com.unity.ugui/Tests/Runtime/UGUI/EventSystem/InputModuleTests/PointerClickCallbackCheck.cs
  artifactKey: Guid(0573713975c6b8246b7544ed524ef1dc) Importer(2089858483,b0f066a214c2f5e87bad3c948f4d605d)
Start importing Packages/com.unity.ugui/Tests/Runtime/UGUI/EventSystem/InputModuleTests/PointerClickCallbackCheck.cs using Guid(0573713975c6b8246b7544ed524ef1dc) Importer(2089858483,b0f066a214c2f5e87bad3c948f4d605d) (ScriptedImporter) -> (artifact id: 'cf504d51420a65d886c06cae65a832f3') in 0.0060433 seconds
Number of updated asset objects reloaded before import = 0Number of asset objects unloaded after import = 0

========================================================================
Received Import Request.
  Time since last request: 0.000087 seconds.
  path: Packages/com.unity.collections/Unity.Collections/DoubleRewindableAllocators.cs
  artifactKey: Guid(07dc69c5229468f40a380bf9161fb7c4) Importer(2089858483,b0f066a214c2f5e87bad3c948f4d605d)
Start importing Packages/com.unity.collections/Unity.Collections/DoubleRewindableAllocators.cs using Guid(07dc69c5229468f40a380bf9161fb7c4) Importer(2089858483,b0f066a214c2f5e87bad3c948f4d605d) (ScriptedImporter) -> (artifact id: '1d2f703b592df17b2165b854d8eb37f3') in 0.0071903 seconds
Number of updated asset objects reloaded before import = 0Number of asset objects unloaded after import = 0

========================================================================
Received Import Request.
  Time since last request: 0.000021 seconds.
  path: Packages/com.unity.modules.unityanalytics/package.ModuleCompilationTrigger
  artifactKey: Guid(71136fc5cf34f2cc10be0e33c0b08019) Importer(2089858483,b0f066a214c2f5e87bad3c948f4d605d)
Start importing Packages/com.unity.modules.unityanalytics/package.ModuleCompilationTrigger using Guid(71136fc5cf34f2cc10be0e33c0b08019) Importer(2089858483,b0f066a214c2f5e87bad3c948f4d605d) (ScriptedImporter) -> (artifact id: 'fb1615660a01f82d7e94afc5db19abd7') in 0.0061518 seconds
Number of updated asset objects reloaded before import = 0Number of asset objects unloaded after import = 1

========================================================================
Received Import Request.
  Time since last request: 0.000025 seconds.
  path: Packages/com.unity.ugui/Tests/Runtime/UGUI/EventSystem/InputModuleTests/PointerEnterCallbackCheck.cs
  artifactKey: Guid(eb4fb871430ff484e9ee3850946c504d) Importer(2089858483,b0f066a214c2f5e87bad3c948f4d605d)
Start importing Packages/com.unity.ugui/Tests/Runtime/UGUI/EventSystem/InputModuleTests/PointerEnterCallbackCheck.cs using Guid(eb4fb871430ff484e9ee3850946c504d) Importer(2089858483,b0f066a214c2f5e87bad3c948f4d605d) (ScriptedImporter) -> (artifact id: 'bcbcb944f5b381d573255533b7dd62cd') in 0.0088923 seconds
Number of updated asset objects reloaded before import = 0Number of asset objects unloaded after import = 0

========================================================================
Received Import Request.
  Time since last request: 0.000028 seconds.
  path: Packages/com.unity.collections/Unity.Collections/NativeParallelHashSet.cs
  artifactKey: Guid(da168a32991917b48989353c3d849677) Importer(2089858483,b0f066a214c2f5e87bad3c948f4d605d)
Start importing Packages/com.unity.collections/Unity.Collections/NativeParallelHashSet.cs using Guid(da168a32991917b48989353c3d849677) Importer(2089858483,b0f066a214c2f5e87bad3c948f4d605d) (ScriptedImporter) -> (artifact id: '4279828a3c1a2fe3cb1dfff0173ad205') in 0.0057448 seconds
Number of updated asset objects reloaded before import = 0Number of asset objects unloaded after import = 0

========================================================================
Received Import Request.
  Time since last request: 0.000016 seconds.
  path: Packages/com.unity.collections/Unity.Collections/NativeBitArray.cs
  artifactKey: Guid(e4640e45632730349a32c5a1365847e6) Importer(2089858483,b0f066a214c2f5e87bad3c948f4d605d)
Start importing Packages/com.unity.collections/Unity.Collections/NativeBitArray.cs using Guid(e4640e45632730349a32c5a1365847e6) Importer(2089858483,b0f066a214c2f5e87bad3c948f4d605d) (ScriptedImporter) -> (artifact id: '24faa742cdcdadbf6c5df3be92c17e45') in 0.0064009 seconds
Number of updated asset objects reloaded before import = 0Number of asset objects unloaded after import = 0

========================================================================
Received Import Request.
  Time since last request: 0.000026 seconds.
  path: Packages/com.unity.collections/Unity.Collections/DataStreamExtensions.cs
  artifactKey: Guid(dde1b485b0c74a789255539c2152dd1b) Importer(2089858483,b0f066a214c2f5e87bad3c948f4d605d)
Start importing Packages/com.unity.collections/Unity.Collections/DataStreamExtensions.cs using Guid(dde1b485b0c74a789255539c2152dd1b) Importer(2089858483,b0f066a214c2f5e87bad3c948f4d605d) (ScriptedImporter) -> (artifact id: 'ab922af6830b5325fcfb636b94d06d31') in 0.0073033 seconds
Number of updated asset objects reloaded before import = 0Number of asset objects unloaded after import = 0

========================================================================
Received Import Request.
  Time since last request: 0.000034 seconds.
  path: Packages/com.unity.ugui/Tests/Runtime/UGUI/ScrollBar/ScrollBarClamp.cs
  artifactKey: Guid(32a4a0ea998dd6149937d2774781c436) Importer(2089858483,b0f066a214c2f5e87bad3c948f4d605d)
Start importing Packages/com.unity.ugui/Tests/Runtime/UGUI/ScrollBar/ScrollBarClamp.cs using Guid(32a4a0ea998dd6149937d2774781c436) Importer(2089858483,b0f066a214c2f5e87bad3c948f4d605d) (ScriptedImporter) -> (artifact id: '8014873311c6eafaa3704d0e4b692bbd') in 0.0060208 seconds
Number of updated asset objects reloaded before import = 0Number of asset objects unloaded after import = 0

========================================================================
Received Import Request.
  Time since last request: 0.000022 seconds.
  path: Packages/com.unity.collections/Unity.Collections.PerformanceTests/Unity.Collections.PerformanceTests.asmdef
  artifactKey: Guid(64222b0d0713a412f92762e2fccd795a) Importer(2089858483,b0f066a214c2f5e87bad3c948f4d605d)
Start importing Packages/com.unity.collections/Unity.Collections.PerformanceTests/Unity.Collections.PerformanceTests.asmdef using Guid(64222b0d0713a412f92762e2fccd795a) Importer(2089858483,b0f066a214c2f5e87bad3c948f4d605d) (ScriptedImporter) -> (artifact id: '95ad23d00b1308dbff516fa65ac2a9a0') in 0.0073302 seconds
Number of updated asset objects reloaded before import = 0Number of asset objects unloaded after import = 1

========================================================================
Received Import Request.
  Time since last request: 0.000019 seconds.
  path: Packages/com.unity.collections/Unity.Collections/UnsafeHashSet.cs
  artifactKey: Guid(92809129fe1cd814cb1c8239cdafb470) Importer(2089858483,b0f066a214c2f5e87bad3c948f4d605d)
Start importing Packages/com.unity.collections/Unity.Collections/UnsafeHashSet.cs using Guid(92809129fe1cd814cb1c8239cdafb470) Importer(2089858483,b0f066a214c2f5e87bad3c948f4d605d) (ScriptedImporter) -> (artifact id: '780bb645c9bc4eec53d94e096d87ef17') in 0.0059501 seconds
Number of updated asset objects reloaded before import = 0Number of asset objects unloaded after import = 0

========================================================================
Received Import Request.
  Time since last request: 0.000029 seconds.
  path: Packages/com.unity.collections/Unity.Collections.PerformanceTests.Internal/AssemblyInfo.cs
  artifactKey: Guid(1cf995a69bb0bd844b0d2a1fa5004d0b) Importer(2089858483,b0f066a214c2f5e87bad3c948f4d605d)
Start importing Packages/com.unity.collections/Unity.Collections.PerformanceTests.Internal/AssemblyInfo.cs using Guid(1cf995a69bb0bd844b0d2a1fa5004d0b) Importer(2089858483,b0f066a214c2f5e87bad3c948f4d605d) (ScriptedImporter) -> (artifact id: '445924403869e270abdb8a0721f3a69a') in 0.0066021 seconds
Number of updated asset objects reloaded before import = 0Number of asset objects unloaded after import = 0

========================================================================
Received Import Request.
  Time since last request: 0.000019 seconds.
  path: Packages/com.unity.collections/Unity.Collections.CodeGen/CecilExtensionMethods.cs
  artifactKey: Guid(3e09463226731fa409854248a8059507) Importer(2089858483,b0f066a214c2f5e87bad3c948f4d605d)
Start importing Packages/com.unity.collections/Unity.Collections.CodeGen/CecilExtensionMethods.cs using Guid(3e09463226731fa409854248a8059507) Importer(2089858483,b0f066a214c2f5e87bad3c948f4d605d) (ScriptedImporter) -> (artifact id: 'f022bc7e0f7db3d8abd8fa2610adb3c6') in 0.0063471 seconds
Number of updated asset objects reloaded before import = 0Number of asset objects unloaded after import = 0

========================================================================
Received Import Request.
  Time since last request: 0.000025 seconds.
  path: Packages/com.unity.collections/Unity.Collections/xxHash3.AVX2.cs
  artifactKey: Guid(80ca4f6f8df346a7b0719fe317b538ac) Importer(2089858483,b0f066a214c2f5e87bad3c948f4d605d)
Start importing Packages/com.unity.collections/Unity.Collections/xxHash3.AVX2.cs using Guid(80ca4f6f8df346a7b0719fe317b538ac) Importer(2089858483,b0f066a214c2f5e87bad3c948f4d605d) (ScriptedImporter) -> (artifact id: 'a9d63053c885329e135491c700c4e928') in 0.0062187 seconds
Number of updated asset objects reloaded before import = 0Number of asset objects unloaded after import = 0

========================================================================
Received Import Request.
  Time since last request: 0.000037 seconds.
  path: Packages/com.unity.collections/Unity.Collections.Tests/CollectionsTestFixture.cs
  artifactKey: Guid(0de8369d937c43f09392e4cd032cfe19) Importer(2089858483,b0f066a214c2f5e87bad3c948f4d605d)
Start importing Packages/com.unity.collections/Unity.Collections.Tests/CollectionsTestFixture.cs using Guid(0de8369d937c43f09392e4cd032cfe19) Importer(2089858483,b0f066a214c2f5e87bad3c948f4d605d) (ScriptedImporter) -> (artifact id: 'f113de7bdab062ce4d451c323cb1542d') in 0.0064256 seconds
Number of updated asset objects reloaded before import = 0Number of asset objects unloaded after import = 0

========================================================================
Received Import Request.
  Time since last request: 0.000023 seconds.
  path: Packages/com.unity.collections/Unity.Collections.PerformanceTests/RingQueuePerformanceTests.cs
  artifactKey: Guid(306f77a58d5743a4db48b42c59e7aeab) Importer(2089858483,b0f066a214c2f5e87bad3c948f4d605d)
Start importing Packages/com.unity.collections/Unity.Collections.PerformanceTests/RingQueuePerformanceTests.cs using Guid(306f77a58d5743a4db48b42c59e7aeab) Importer(2089858483,b0f066a214c2f5e87bad3c948f4d605d) (ScriptedImporter) -> (artifact id: 'a243e32f120973610758008d78a5bb6d') in 0.0071376 seconds
Number of updated asset objects reloaded before import = 0Number of asset objects unloaded after import = 0

========================================================================
Received Import Request.
  Time since last request: 0.000023 seconds.
  path: Packages/com.unity.collections/Unity.Collections/UnsafeList.cs
  artifactKey: Guid(277dac84baaf845b1952f2269f374912) Importer(2089858483,b0f066a214c2f5e87bad3c948f4d605d)
Start importing Packages/com.unity.collections/Unity.Collections/UnsafeList.cs using Guid(277dac84baaf845b1952f2269f374912) Importer(2089858483,b0f066a214c2f5e87bad3c948f4d605d) (ScriptedImporter) -> (artifact id: '6d62fd1d3ef11e7e0cae8581b7c6a317') in 0.0064839 seconds
Number of updated asset objects reloaded before import = 0Number of asset objects unloaded after import = 0

========================================================================
Received Import Request.
  Time since last request: 0.000034 seconds.
  path: Packages/com.unity.collections/Unity.Collections.Tests/NativeContainerTests_ValidateTypes_JobDebugger.cs
  artifactKey: Guid(4af3ca04cfb2f4b2e91ba58bc5adc6af) Importer(2089858483,b0f066a214c2f5e87bad3c948f4d605d)
Start importing Packages/com.unity.collections/Unity.Collections.Tests/NativeContainerTests_ValidateTypes_JobDebugger.cs using Guid(4af3ca04cfb2f4b2e91ba58bc5adc6af) Importer(2089858483,b0f066a214c2f5e87bad3c948f4d605d) (ScriptedImporter) -> (artifact id: '650832a9c5456b7ccde959f1a93b5ceb') in 0.0064656 seconds
Number of updated asset objects reloaded before import = 0Number of asset objects unloaded after import = 0

========================================================================
Received Import Request.
  Time since last request: 0.000022 seconds.
  path: Packages/com.unity.collections/Unity.Collections.LowLevel.ILSupport/README.txt
  artifactKey: Guid(11246cfa909f81542b920bd109592bf5) Importer(2089858483,b0f066a214c2f5e87bad3c948f4d605d)
Start importing Packages/com.unity.collections/Unity.Collections.LowLevel.ILSupport/README.txt using Guid(11246cfa909f81542b920bd109592bf5) Importer(2089858483,b0f066a214c2f5e87bad3c948f4d605d) (ScriptedImporter) -> (artifact id: '76607dc33e78039a4060aa9408f90243') in 0.0070507 seconds
Number of updated asset objects reloaded before import = 0Number of asset objects unloaded after import = 1

========================================================================
Received Import Request.
  Time since last request: 0.000023 seconds.
  path: Packages/com.unity.collections/Unity.Collections.Tests/ConcurrentMaskTests.cs
  artifactKey: Guid(b21a3382971974da1b398c348949244e) Importer(2089858483,b0f066a214c2f5e87bad3c948f4d605d)
Start importing Packages/com.unity.collections/Unity.Collections.Tests/ConcurrentMaskTests.cs using Guid(b21a3382971974da1b398c348949244e) Importer(2089858483,b0f066a214c2f5e87bad3c948f4d605d) (ScriptedImporter) -> (artifact id: 'dc7a58e4a55c75692ecc56c6d19e4160') in 0.0073621 seconds
Number of updated asset objects reloaded before import = 0Number of asset objects unloaded after import = 0

========================================================================
Received Import Request.
  Time since last request: 0.000028 seconds.
  path: Packages/com.unity.collections/Unity.Collections/xxHash3.cs
  artifactKey: Guid(eaa30f8250a44f8f8ec688563a1a36ca) Importer(2089858483,b0f066a214c2f5e87bad3c948f4d605d)
Start importing Packages/com.unity.collections/Unity.Collections/xxHash3.cs using Guid(eaa30f8250a44f8f8ec688563a1a36ca) Importer(2089858483,b0f066a214c2f5e87bad3c948f4d605d) (ScriptedImporter) -> (artifact id: '7c50bb4dd873dc2056436845576dd06b') in 0.0067008 seconds
Number of updated asset objects reloaded before import = 0Number of asset objects unloaded after import = 0

========================================================================
Received Import Request.
  Time since last request: 0.000026 seconds.
  path: Packages/com.unity.collections/Unity.Collections.Tests/FixedStringSizedTests.tt
  artifactKey: Guid(0be05385fc513c143a5b5249b7ad6211) Importer(2089858483,b0f066a214c2f5e87bad3c948f4d605d)
Start importing Packages/com.unity.collections/Unity.Collections.Tests/FixedStringSizedTests.tt using Guid(0be05385fc513c143a5b5249b7ad6211) Importer(2089858483,b0f066a214c2f5e87bad3c948f4d605d) (ScriptedImporter) -> (artifact id: '9501061d2566f4404807d0602f2834bf') in 0.0073118 seconds
Number of updated asset objects reloaded before import = 0Number of asset objects unloaded after import = 1

========================================================================
Received Import Request.
  Time since last request: 0.000020 seconds.
  path: Packages/com.unity.collections/Unity.Collections.Tests/BitFieldTests.cs
  artifactKey: Guid(e4ba623f239d54340a5b682234f32027) Importer(2089858483,b0f066a214c2f5e87bad3c948f4d605d)
Start importing Packages/com.unity.collections/Unity.Collections.Tests/BitFieldTests.cs using Guid(e4ba623f239d54340a5b682234f32027) Importer(2089858483,b0f066a214c2f5e87bad3c948f4d605d) (ScriptedImporter) -> (artifact id: 'bb22ca767682fcc5188a62afe0f320d2') in 0.0065827 seconds
Number of updated asset objects reloaded before import = 0Number of asset objects unloaded after import = 0

========================================================================
Received Import Request.
  Time since last request: 0.000036 seconds.
  path: Packages/com.unity.collections/Unity.Collections/UnsafeParallelHashMap.cs
  artifactKey: Guid(5225ac49dbd6eb941b91278b59ac4ac0) Importer(2089858483,b0f066a214c2f5e87bad3c948f4d605d)
Start importing Packages/com.unity.collections/Unity.Collections/UnsafeParallelHashMap.cs using Guid(5225ac49dbd6eb941b91278b59ac4ac0) Importer(2089858483,b0f066a214c2f5e87bad3c948f4d605d) (ScriptedImporter) -> (artifact id: 'b8626047b39d90d69610a401f36482d5') in 0.0066831 seconds
Number of updated asset objects reloaded before import = 0Number of asset objects unloaded after import = 0

========================================================================
Received Import Request.
  Time since last request: 0.000018 seconds.
  path: Packages/com.unity.collections/Unity.Collections/UTF8ArrayUnsafeUtility.cs
  artifactKey: Guid(f9c067f2cfe24ce98e2deecdb0ed12a3) Importer(2089858483,b0f066a214c2f5e87bad3c948f4d605d)
Start importing Packages/com.unity.collections/Unity.Collections/UTF8ArrayUnsafeUtility.cs using Guid(f9c067f2cfe24ce98e2deecdb0ed12a3) Importer(2089858483,b0f066a214c2f5e87bad3c948f4d605d) (ScriptedImporter) -> (artifact id: 'fdda254036631bf3e2bf50e0fae9d931') in 0.0071285 seconds
Number of updated asset objects reloaded before import = 0Number of asset objects unloaded after import = 0

========================================================================
Received Import Request.
  Time since last request: 0.000023 seconds.
  path: Packages/com.unity.collections/Unity.Collections.PerformanceTests/ArrayPerformanceTests.cs
  artifactKey: Guid(c78535bf9ed19874e83db37c738974ad) Importer(2089858483,b0f066a214c2f5e87bad3c948f4d605d)
Start importing Packages/com.unity.collections/Unity.Collections.PerformanceTests/ArrayPerformanceTests.cs using Guid(c78535bf9ed19874e83db37c738974ad) Importer(2089858483,b0f066a214c2f5e87bad3c948f4d605d) (ScriptedImporter) -> (artifact id: '5915dc1c5e404ad73b697aeb0e3b9a88') in 0.0073487 seconds
Number of updated asset objects reloaded before import = 0Number of asset objects unloaded after import = 0

========================================================================
Received Import Request.
  Time since last request: 0.000030 seconds.
  path: Packages/com.unity.collections/Unity.Collections/UnsafeHashMap.cs
  artifactKey: Guid(b2e6965b14d70e04891af62210c14587) Importer(2089858483,b0f066a214c2f5e87bad3c948f4d605d)
Start importing Packages/com.unity.collections/Unity.Collections/UnsafeHashMap.cs using Guid(b2e6965b14d70e04891af62210c14587) Importer(2089858483,b0f066a214c2f5e87bad3c948f4d605d) (ScriptedImporter) -> (artifact id: '1e23a58e859f9083a99ffef746a162cb') in 0.0073904 seconds
Number of updated asset objects reloaded before import = 0Number of asset objects unloaded after import = 0

========================================================================
Received Import Request.
  Time since last request: 0.000019 seconds.
  path: Packages/com.unity.collections/Unity.Collections.Tests/ListExtensionsTests.cs
  artifactKey: Guid(c4e229e46ae5ef544bcc4d2bd131ddab) Importer(2089858483,b0f066a214c2f5e87bad3c948f4d605d)
Start importing Packages/com.unity.collections/Unity.Collections.Tests/ListExtensionsTests.cs using Guid(c4e229e46ae5ef544bcc4d2bd131ddab) Importer(2089858483,b0f066a214c2f5e87bad3c948f4d605d) (ScriptedImporter) -> (artifact id: '2c997ad93b873c135805f9f4b38466c6') in 0.008021 seconds
Number of updated asset objects reloaded before import = 0Number of asset objects unloaded after import = 0

========================================================================
Received Import Request.
  Time since last request: 0.000018 seconds.
  path: Packages/com.unity.collections/Unity.Collections.Tests/NativeBitArrayTests.cs
  artifactKey: Guid(1ddc4d01f93629947903155de21d90ff) Importer(2089858483,b0f066a214c2f5e87bad3c948f4d605d)
Start importing Packages/com.unity.collections/Unity.Collections.Tests/NativeBitArrayTests.cs using Guid(1ddc4d01f93629947903155de21d90ff) Importer(2089858483,b0f066a214c2f5e87bad3c948f4d605d) (ScriptedImporter) -> (artifact id: '92252ef552cacaa23d48baf2378cabc3') in 0.0071408 seconds
Number of updated asset objects reloaded before import = 0Number of asset objects unloaded after import = 0

========================================================================
Received Import Request.
  Time since last request: 0.000028 seconds.
  path: Packages/com.unity.collections/Unity.Collections.PerformanceTests/BenchmarkContainerParallel.cs
  artifactKey: Guid(eec34f52a2dc6704f938be2c9ab97954) Importer(2089858483,b0f066a214c2f5e87bad3c948f4d605d)
Start importing Packages/com.unity.collections/Unity.Collections.PerformanceTests/BenchmarkContainerParallel.cs using Guid(eec34f52a2dc6704f938be2c9ab97954) Importer(2089858483,b0f066a214c2f5e87bad3c948f4d605d) (ScriptedImporter) -> (artifact id: '60dad70233d9a610c9bb4f6cc4958afc') in 0.0062108 seconds
Number of updated asset objects reloaded before import = 0Number of asset objects unloaded after import = 0

========================================================================
Received Import Request.
  Time since last request: 0.000022 seconds.
  path: Packages/com.unity.collections/Unity.Collections.CodeGen/JobReflectionDataPostProcessor.cs
  artifactKey: Guid(303e5975f34d18c4d81f25c4af12839a) Importer(2089858483,b0f066a214c2f5e87bad3c948f4d605d)
Start importing Packages/com.unity.collections/Unity.Collections.CodeGen/JobReflectionDataPostProcessor.cs using Guid(303e5975f34d18c4d81f25c4af12839a) Importer(2089858483,b0f066a214c2f5e87bad3c948f4d605d) (ScriptedImporter) -> (artifact id: '0cb1a148043607b4c6611dcf8bb522a1') in 0.0072309 seconds
Number of updated asset objects reloaded before import = 0Number of asset objects unloaded after import = 0

========================================================================
Received Import Request.
  Time since last request: 0.000022 seconds.
  path: Packages/com.unity.collections/Unity.Collections/UnsafeRingQueue.cs
  artifactKey: Guid(1aaf054a8897c4b4684f81b97eab06ce) Importer(2089858483,b0f066a214c2f5e87bad3c948f4d605d)
Start importing Packages/com.unity.collections/Unity.Collections/UnsafeRingQueue.cs using Guid(1aaf054a8897c4b4684f81b97eab06ce) Importer(2089858483,b0f066a214c2f5e87bad3c948f4d605d) (ScriptedImporter) -> (artifact id: '09d1b7eec3edd014bde7e888171cf2eb') in 0.005855 seconds
Number of updated asset objects reloaded before import = 0Number of asset objects unloaded after import = 0

========================================================================
Received Import Request.
  Time since last request: 0.000024 seconds.
  path: Packages/com.unity.collections/Unity.Collections.PerformanceTests/UnsafeListPerformanceTests.cs
  artifactKey: Guid(b672a3eb87f4b4445a169c2d003fcbd3) Importer(2089858483,b0f066a214c2f5e87bad3c948f4d605d)
Start importing Packages/com.unity.collections/Unity.Collections.PerformanceTests/UnsafeListPerformanceTests.cs using Guid(b672a3eb87f4b4445a169c2d003fcbd3) Importer(2089858483,b0f066a214c2f5e87bad3c948f4d605d) (ScriptedImporter) -> (artifact id: '409364b0a86b3f0a26548e5bcd2ad274') in 0.0061949 seconds
Number of updated asset objects reloaded before import = 0Number of asset objects unloaded after import = 0

========================================================================
Received Import Request.
  Time since last request: 0.000037 seconds.
  path: Packages/com.unity.collections/Unity.Collections.Tests/CustomAllocatorTests.cs
  artifactKey: Guid(dca80967668c4d89a4dae5bd097484ef) Importer(2089858483,b0f066a214c2f5e87bad3c948f4d605d)
Start importing Packages/com.unity.collections/Unity.Collections.Tests/CustomAllocatorTests.cs using Guid(dca80967668c4d89a4dae5bd097484ef) Importer(2089858483,b0f066a214c2f5e87bad3c948f4d605d) (ScriptedImporter) -> (artifact id: 'bb54e9dccff365e02f5e43986827ffff') in 0.0071553 seconds
Number of updated asset objects reloaded before import = 0Number of asset objects unloaded after import = 0

========================================================================
Received Import Request.
  Time since last request: 0.000026 seconds.
  path: Packages/com.unity.collections/Unity.Collections.Tests/FixedStringCultureTests.cs
  artifactKey: Guid(e63bf9a80e1c4f6fa05404f9afe1bb32) Importer(2089858483,b0f066a214c2f5e87bad3c948f4d605d)
Start importing Packages/com.unity.collections/Unity.Collections.Tests/FixedStringCultureTests.cs using Guid(e63bf9a80e1c4f6fa05404f9afe1bb32) Importer(2089858483,b0f066a214c2f5e87bad3c948f4d605d) (ScriptedImporter) -> (artifact id: 'c76d0b4f347dd703162b352a2c8eeb42') in 0.0076634 seconds
Number of updated asset objects reloaded before import = 0Number of asset objects unloaded after import = 0

========================================================================
Received Import Request.
  Time since last request: 0.000030 seconds.
  path: Packages/com.unity.collections/Unity.Collections.Tests/Jobs/NativeListDeferredArrayTests.cs
  artifactKey: Guid(5b263730bb62fa74190582398189b6f9) Importer(2089858483,b0f066a214c2f5e87bad3c948f4d605d)
Start importing Packages/com.unity.collections/Unity.Collections.Tests/Jobs/NativeListDeferredArrayTests.cs using Guid(5b263730bb62fa74190582398189b6f9) Importer(2089858483,b0f066a214c2f5e87bad3c948f4d605d) (ScriptedImporter) -> (artifact id: '0a6e72b3e26a440518a71afc8378fe8f') in 0.0067491 seconds
Number of updated asset objects reloaded before import = 0Number of asset objects unloaded after import = 0

========================================================================
Received Import Request.
  Time since last request: 0.000021 seconds.
  path: Packages/com.unity.collections/Unity.Collections.Tests/UnsafeAppendBufferTests.cs
  artifactKey: Guid(da2ec9a017e2344db81d29b689c5b49d) Importer(2089858483,b0f066a214c2f5e87bad3c948f4d605d)
Start importing Packages/com.unity.collections/Unity.Collections.Tests/UnsafeAppendBufferTests.cs using Guid(da2ec9a017e2344db81d29b689c5b49d) Importer(2089858483,b0f066a214c2f5e87bad3c948f4d605d) (ScriptedImporter) -> (artifact id: 'd491897278f4db843a8d0495cef49c93') in 0.0120054 seconds
Number of updated asset objects reloaded before import = 0Number of asset objects unloaded after import = 0

========================================================================
Received Import Request.
  Time since last request: 0.000027 seconds.
  path: Packages/com.unity.collections/Unity.Collections.Tests/UnsafeParallelHashMapTests.cs
  artifactKey: Guid(ad64d0820d4d7924d9ffb4f53ad1b75e) Importer(2089858483,b0f066a214c2f5e87bad3c948f4d605d)
Start importing Packages/com.unity.collections/Unity.Collections.Tests/UnsafeParallelHashMapTests.cs using Guid(ad64d0820d4d7924d9ffb4f53ad1b75e) Importer(2089858483,b0f066a214c2f5e87bad3c948f4d605d) (ScriptedImporter) -> (artifact id: 'f993c53f84920afee8e5298a3ed677a6') in 0.0059124 seconds
Number of updated asset objects reloaded before import = 0Number of asset objects unloaded after import = 0

========================================================================
Received Import Request.
  Time since last request: 0.000036 seconds.
  path: Packages/com.unity.collections/Unity.Collections.PerformanceTests/Unity.PerformanceTesting.Benchmark/PerformanceTestFrameworkOutput.png
  artifactKey: Guid(0175a7523f9f1754ca406f92afcfcbc6) Importer(2089858483,b0f066a214c2f5e87bad3c948f4d605d)
Start importing Packages/com.unity.collections/Unity.Collections.PerformanceTests/Unity.PerformanceTesting.Benchmark/PerformanceTestFrameworkOutput.png using Guid(0175a7523f9f1754ca406f92afcfcbc6) Importer(2089858483,b0f066a214c2f5e87bad3c948f4d605d) (ScriptedImporter) -> (artifact id: '4371d66d4435b5c05cd14845c6243aeb') in 0.0159905 seconds
Number of updated asset objects reloaded before import = 0Number of asset objects unloaded after import = 1

========================================================================
Received Import Request.
  Time since last request: 0.000025 seconds.
  path: Packages/com.unity.collections/Unity.Collections.Tests/NativeQueueTests.cs
  artifactKey: Guid(324a8ab7f6c750745ba1e7e49de993e0) Importer(2089858483,b0f066a214c2f5e87bad3c948f4d605d)
Start importing Packages/com.unity.collections/Unity.Collections.Tests/NativeQueueTests.cs using Guid(324a8ab7f6c750745ba1e7e49de993e0) Importer(2089858483,b0f066a214c2f5e87bad3c948f4d605d) (ScriptedImporter) -> (artifact id: '771375426eaee04f0764457b99e4c1a6') in 0.0075755 seconds
Number of updated asset objects reloaded before import = 0Number of asset objects unloaded after import = 0

========================================================================
Received Import Request.
  Time since last request: 0.000031 seconds.
  path: Packages/com.unity.collections/Unity.Collections.Tests/UnsafeQueueTests.cs
  artifactKey: Guid(39650b893564f0e488e5414f92a620a0) Importer(2089858483,b0f066a214c2f5e87bad3c948f4d605d)
Start importing Packages/com.unity.collections/Unity.Collections.Tests/UnsafeQueueTests.cs using Guid(39650b893564f0e488e5414f92a620a0) Importer(2089858483,b0f066a214c2f5e87bad3c948f4d605d) (ScriptedImporter) -> (artifact id: '3f6eaf784ab0ab8b0e37b78387f2091a') in 0.0088236 seconds
Number of updated asset objects reloaded before import = 0Number of asset objects unloaded after import = 0

========================================================================
Received Import Request.
  Time since last request: 0.000034 seconds.
  path: Packages/com.unity.collections/Unity.Collections.Tests/NativeParallelHashMapTests.cs
  artifactKey: Guid(4bd84e58bd56f496990c0624dfe88a1a) Importer(2089858483,b0f066a214c2f5e87bad3c948f4d605d)
Start importing Packages/com.unity.collections/Unity.Collections.Tests/NativeParallelHashMapTests.cs using Guid(4bd84e58bd56f496990c0624dfe88a1a) Importer(2089858483,b0f066a214c2f5e87bad3c948f4d605d) (ScriptedImporter) -> (artifact id: '4e75a02c2c09f2dc1dd858d2d0d73835') in 0.0090185 seconds
Number of updated asset objects reloaded before import = 0Number of asset objects unloaded after import = 0

========================================================================
Received Import Request.
  Time since last request: 0.000017 seconds.
  path: Packages/com.unity.collections/Unity.Collections.Tests/NativeParallelHashMapTests_InJobs.cs
  artifactKey: Guid(c30fe0e64fef64239b70bb447e82e4a8) Importer(2089858483,b0f066a214c2f5e87bad3c948f4d605d)
Start importing Packages/com.unity.collections/Unity.Collections.Tests/NativeParallelHashMapTests_InJobs.cs using Guid(c30fe0e64fef64239b70bb447e82e4a8) Importer(2089858483,b0f066a214c2f5e87bad3c948f4d605d) (ScriptedImporter) -> (artifact id: 'eba4f989142b21407f021d52ba1935f6') in 0.0063251 seconds
Number of updated asset objects reloaded before import = 0Number of asset objects unloaded after import = 0

========================================================================
Received Import Request.
  Time since last request: 0.000019 seconds.
  path: Packages/com.unity.collections/Unity.Collections.Tests/NativeSortTests.tt
  artifactKey: Guid(175a9e4a17bf01748b02c5c1c653d091) Importer(2089858483,b0f066a214c2f5e87bad3c948f4d605d)
Start importing Packages/com.unity.collections/Unity.Collections.Tests/NativeSortTests.tt using Guid(175a9e4a17bf01748b02c5c1c653d091) Importer(2089858483,b0f066a214c2f5e87bad3c948f4d605d) (ScriptedImporter) -> (artifact id: '9e7521206c01e5859d0e14d06ad5373e') in 0.0061872 seconds
Number of updated asset objects reloaded before import = 0Number of asset objects unloaded after import = 1

========================================================================
Received Import Request.
  Time since last request: 0.000032 seconds.
  path: Packages/com.unity.collections/Unity.Collections.Tests/UnsafeHashMapTests.cs
  artifactKey: Guid(d410bd21cbf6a6e4381b336d9c72ffa5) Importer(2089858483,b0f066a214c2f5e87bad3c948f4d605d)
Start importing Packages/com.unity.collections/Unity.Collections.Tests/UnsafeHashMapTests.cs using Guid(d410bd21cbf6a6e4381b336d9c72ffa5) Importer(2089858483,b0f066a214c2f5e87bad3c948f4d605d) (ScriptedImporter) -> (artifact id: 'd1588665adbd2409df733b93bc742c0a') in 0.0069555 seconds
Number of updated asset objects reloaded before import = 0Number of asset objects unloaded after import = 0

========================================================================
Received Import Request.
  Time since last request: 0.000084 seconds.
  path: Packages/com.unity.collections/Unity.Collections.Tests/UnsafeParallelMultiHashMapTests.cs
  artifactKey: Guid(2d33d4223be73b4448d51d31323799fd) Importer(2089858483,b0f066a214c2f5e87bad3c948f4d605d)
Start importing Packages/com.unity.collections/Unity.Collections.Tests/UnsafeParallelMultiHashMapTests.cs using Guid(2d33d4223be73b4448d51d31323799fd) Importer(2089858483,b0f066a214c2f5e87bad3c948f4d605d) (ScriptedImporter) -> (artifact id: '1ad0cfc46da9a30a055ec23d377928b2') in 0.0078496 seconds
Number of updated asset objects reloaded before import = 0Number of asset objects unloaded after import = 0

========================================================================
Received Import Request.
  Time since last request: 0.000021 seconds.
  path: Packages/com.unity.collections/Unity.Collections.Tests/UnsafeBitArrayTests.cs
  artifactKey: Guid(71e8c199da900544d92b3155f4165bba) Importer(2089858483,b0f066a214c2f5e87bad3c948f4d605d)
Start importing Packages/com.unity.collections/Unity.Collections.Tests/UnsafeBitArrayTests.cs using Guid(71e8c199da900544d92b3155f4165bba) Importer(2089858483,b0f066a214c2f5e87bad3c948f4d605d) (ScriptedImporter) -> (artifact id: '41bc09d1c96bd127500856f6f1c3038a') in 0.0076629 seconds
Number of updated asset objects reloaded before import = 0Number of asset objects unloaded after import = 0

========================================================================
Received Import Request.
  Time since last request: 0.000044 seconds.
  path: Packages/com.unity.collections/Unity.Collections.Tests/NativeHashSetTests.gen.cs
  artifactKey: Guid(53aefa1beff7b494badc217b913bb5b0) Importer(2089858483,b0f066a214c2f5e87bad3c948f4d605d)
Start importing Packages/com.unity.collections/Unity.Collections.Tests/NativeHashSetTests.gen.cs using Guid(53aefa1beff7b494badc217b913bb5b0) Importer(2089858483,b0f066a214c2f5e87bad3c948f4d605d) (ScriptedImporter) -> (artifact id: '30934ac552878121bd34620da2784e5a') in 0.0180138 seconds
Number of updated asset objects reloaded before import = 0Number of asset objects unloaded after import = 0

========================================================================
Received Import Request.
  Time since last request: 0.000019 seconds.
  path: Packages/com.unity.collections/Unity.Collections.Tests/NativeHashMapTests.cs
  artifactKey: Guid(cfd952b600713ff42a2db6d5c8228f8c) Importer(2089858483,b0f066a214c2f5e87bad3c948f4d605d)
Start importing Packages/com.unity.collections/Unity.Collections.Tests/NativeHashMapTests.cs using Guid(cfd952b600713ff42a2db6d5c8228f8c) Importer(2089858483,b0f066a214c2f5e87bad3c948f4d605d) (ScriptedImporter) -> (artifact id: 'd4ccbf978125d9e12f4a7d5698e1ead5') in 0.0083972 seconds
Number of updated asset objects reloaded before import = 0Number of asset objects unloaded after import = 0

========================================================================
Received Import Request.
  Time since last request: 0.000021 seconds.
  path: Packages/com.unity.mathematics/Unity.Mathematics/bool2.gen.cs
  artifactKey: Guid(0790199222baf67419fdf802d76f93f5) Importer(2089858483,b0f066a214c2f5e87bad3c948f4d605d)
Start importing Packages/com.unity.mathematics/Unity.Mathematics/bool2.gen.cs using Guid(0790199222baf67419fdf802d76f93f5) Importer(2089858483,b0f066a214c2f5e87bad3c948f4d605d) (ScriptedImporter) -> (artifact id: '12657ca029fd136ae4767dfcc329a7fa') in 0.0088295 seconds
Number of updated asset objects reloaded before import = 0Number of asset objects unloaded after import = 0

========================================================================
Received Import Request.
  Time since last request: 0.000039 seconds.
  path: Packages/com.unity.collections/Unity.Collections.Tests.Playmode/FixedListPlaymodeTests.gen.cs
  artifactKey: Guid(4af3af31f23c85b4287da4d2acf87301) Importer(2089858483,b0f066a214c2f5e87bad3c948f4d605d)
Start importing Packages/com.unity.collections/Unity.Collections.Tests.Playmode/FixedListPlaymodeTests.gen.cs using Guid(4af3af31f23c85b4287da4d2acf87301) Importer(2089858483,b0f066a214c2f5e87bad3c948f4d605d) (ScriptedImporter) -> (artifact id: 'a6f78c18d9b0268817ea2dee7c71de0c') in 0.0094347 seconds
Number of updated asset objects reloaded before import = 0Number of asset objects unloaded after import = 0

========================================================================
Received Import Request.
  Time since last request: 0.000016 seconds.
  path: Packages/com.unity.collections/Unity.Collections/Jobs/RegisterGenericJobTypeAttribute.cs
  artifactKey: Guid(dad573b7a5d91e84bab5aada3f2f0530) Importer(2089858483,b0f066a214c2f5e87bad3c948f4d605d)
Start importing Packages/com.unity.collections/Unity.Collections/Jobs/RegisterGenericJobTypeAttribute.cs using Guid(dad573b7a5d91e84bab5aada3f2f0530) Importer(2089858483,b0f066a214c2f5e87bad3c948f4d605d) (ScriptedImporter) -> (artifact id: '6a0262c6b5d93b1a66ab4e50579828c8') in 0.0067552 seconds
Number of updated asset objects reloaded before import = 0Number of asset objects unloaded after import = 0

========================================================================
Received Import Request.
  Time since last request: 0.000020 seconds.
  path: Packages/com.unity.collections/Unity.Collections.Tests/Jobs/JobTestsFixture.cs
  artifactKey: Guid(69135939d4cd2cf4fbecfe92b80f882a) Importer(2089858483,b0f066a214c2f5e87bad3c948f4d605d)
Start importing Packages/com.unity.collections/Unity.Collections.Tests/Jobs/JobTestsFixture.cs using Guid(69135939d4cd2cf4fbecfe92b80f882a) Importer(2089858483,b0f066a214c2f5e87bad3c948f4d605d) (ScriptedImporter) -> (artifact id: '23f2462b6152e7e4c9d09c10f245c59b') in 0.0064909 seconds
Number of updated asset objects reloaded before import = 0Number of asset objects unloaded after import = 0

========================================================================
Received Import Request.
  Time since last request: 0.000036 seconds.
  path: Packages/com.unity.collections/Unity.Collections/Jobs/IJobParallelForDefer.cs
  artifactKey: Guid(ad8b28c0bd73eb94cbbaffc184e68af1) Importer(2089858483,b0f066a214c2f5e87bad3c948f4d605d)
Start importing Packages/com.unity.collections/Unity.Collections/Jobs/IJobParallelForDefer.cs using Guid(ad8b28c0bd73eb94cbbaffc184e68af1) Importer(2089858483,b0f066a214c2f5e87bad3c948f4d605d) (ScriptedImporter) -> (artifact id: '74402819cbbe69fd6502177f06cc8230') in 0.0071964 seconds
Number of updated asset objects reloaded before import = 0Number of asset objects unloaded after import = 0

========================================================================
Received Import Request.
  Time since last request: 0.000026 seconds.
  path: Packages/com.unity.collections/Unity.Collections.Tests/NativeSortTests.gen.cs
  artifactKey: Guid(ff0ba7aa14bc81c4cb4b1c28cd3460ed) Importer(2089858483,b0f066a214c2f5e87bad3c948f4d605d)
Start importing Packages/com.unity.collections/Unity.Collections.Tests/NativeSortTests.gen.cs using Guid(ff0ba7aa14bc81c4cb4b1c28cd3460ed) Importer(2089858483,b0f066a214c2f5e87bad3c948f4d605d) (ScriptedImporter) -> (artifact id: 'e6c9e036de161c318cc49b3dbe0ba48e') in 0.0152952 seconds
Number of updated asset objects reloaded before import = 0Number of asset objects unloaded after import = 0

========================================================================
Received Import Request.
  Time since last request: 0.000021 seconds.
  path: Packages/com.unity.collections/Unity.Collections.Tests/UnsafeParallelHashSetTests.cs
  artifactKey: Guid(8ce25c0534e0a234d8b710cadd871f84) Importer(2089858483,b0f066a214c2f5e87bad3c948f4d605d)
Start importing Packages/com.unity.collections/Unity.Collections.Tests/UnsafeParallelHashSetTests.cs using Guid(8ce25c0534e0a234d8b710cadd871f84) Importer(2089858483,b0f066a214c2f5e87bad3c948f4d605d) (ScriptedImporter) -> (artifact id: '8e31c82f427b7872c0b1d878981c01eb') in 0.0072064 seconds
Number of updated asset objects reloaded before import = 0Number of asset objects unloaded after import = 0

========================================================================
Received Import Request.
  Time since last request: 0.000033 seconds.
  path: Packages/com.unity.mathematics/Unity.Mathematics/double2x2.gen.cs
  artifactKey: Guid(3faab235f9f6845bbbd1d94d1376d896) Importer(2089858483,b0f066a214c2f5e87bad3c948f4d605d)
Start importing Packages/com.unity.mathematics/Unity.Mathematics/double2x2.gen.cs using Guid(3faab235f9f6845bbbd1d94d1376d896) Importer(2089858483,b0f066a214c2f5e87bad3c948f4d605d) (ScriptedImporter) -> (artifact id: 'a936a04ecff1d865507cfd13f49342b4') in 0.0077921 seconds
Number of updated asset objects reloaded before import = 0Number of asset objects unloaded after import = 0

========================================================================
Received Import Request.
  Time since last request: 0.000018 seconds.
  path: Packages/com.unity.mathematics/Unity.Mathematics/double4x4.gen.cs
  artifactKey: Guid(e000b5ccaea0345d8b4686220f3307ed) Importer(2089858483,b0f066a214c2f5e87bad3c948f4d605d)
Start importing Packages/com.unity.mathematics/Unity.Mathematics/double4x4.gen.cs using Guid(e000b5ccaea0345d8b4686220f3307ed) Importer(2089858483,b0f066a214c2f5e87bad3c948f4d605d) (ScriptedImporter) -> (artifact id: '2bde3e8298720c6a910d16ebe876cca1') in 0.0080389 seconds
Number of updated asset objects reloaded before import = 0Number of asset objects unloaded after import = 0

========================================================================
Received Import Request.
  Time since last request: 0.000021 seconds.
  path: Packages/com.unity.mathematics/Unity.Mathematics/float2.gen.cs
  artifactKey: Guid(4319f4482dc5b5b44a7f99c8725ef211) Importer(2089858483,b0f066a214c2f5e87bad3c948f4d605d)
Start importing Packages/com.unity.mathematics/Unity.Mathematics/float2.gen.cs using Guid(4319f4482dc5b5b44a7f99c8725ef211) Importer(2089858483,b0f066a214c2f5e87bad3c948f4d605d) (ScriptedImporter) -> (artifact id: '81ace7d011e657676d04cd8b731c9412') in 0.0076529 seconds
Number of updated asset objects reloaded before import = 0Number of asset objects unloaded after import = 0

========================================================================
Received Import Request.
  Time since last request: 0.000034 seconds.
  path: Packages/com.unity.mathematics/Unity.Mathematics/half4.gen.cs
  artifactKey: Guid(a48ec2283f8d80e4b8d21c071400d3da) Importer(2089858483,b0f066a214c2f5e87bad3c948f4d605d)
Start importing Packages/com.unity.mathematics/Unity.Mathematics/half4.gen.cs using Guid(a48ec2283f8d80e4b8d21c071400d3da) Importer(2089858483,b0f066a214c2f5e87bad3c948f4d605d) (ScriptedImporter) -> (artifact id: '1c9fc735d67cf77f4388dea27a0180fa') in 0.0074036 seconds
Number of updated asset objects reloaded before import = 0Number of asset objects unloaded after import = 0

========================================================================
Received Import Request.
  Time since last request: 0.000017 seconds.
  path: Packages/com.unity.mathematics/Unity.Mathematics/float4.gen.cs
  artifactKey: Guid(9c9ea498ec5f4a443830f78ebf231f3e) Importer(2089858483,b0f066a214c2f5e87bad3c948f4d605d)
Start importing Packages/com.unity.mathematics/Unity.Mathematics/float4.gen.cs using Guid(9c9ea498ec5f4a443830f78ebf231f3e) Importer(2089858483,b0f066a214c2f5e87bad3c948f4d605d) (ScriptedImporter) -> (artifact id: '674a7e10a77e41b668e3cbe5cf1066f5') in 0.0072148 seconds
Number of updated asset objects reloaded before import = 0Number of asset objects unloaded after import = 0

========================================================================
Received Import Request.
  Time since last request: 0.000024 seconds.
  path: Packages/com.unity.mathematics/Unity.Mathematics/double4x2.gen.cs
  artifactKey: Guid(2780651a7c8e8413da73612cb720fbac) Importer(2089858483,b0f066a214c2f5e87bad3c948f4d605d)
Start importing Packages/com.unity.mathematics/Unity.Mathematics/double4x2.gen.cs using Guid(2780651a7c8e8413da73612cb720fbac) Importer(2089858483,b0f066a214c2f5e87bad3c948f4d605d) (ScriptedImporter) -> (artifact id: 'f9cf91e95721275720f5c637a97cbb7b') in 0.0063085 seconds
Number of updated asset objects reloaded before import = 0Number of asset objects unloaded after import = 0

========================================================================
Received Import Request.
  Time since last request: 0.000028 seconds.
  path: Packages/com.unity.mathematics/Unity.Mathematics/bool4.gen.cs
  artifactKey: Guid(64216725f837f8345b407a998b4970b3) Importer(2089858483,b0f066a214c2f5e87bad3c948f4d605d)
Start importing Packages/com.unity.mathematics/Unity.Mathematics/bool4.gen.cs using Guid(64216725f837f8345b407a998b4970b3) Importer(2089858483,b0f066a214c2f5e87bad3c948f4d605d) (ScriptedImporter) -> (artifact id: 'edf4ff4bc252a4da660b985cdb0fc174') in 0.006383 seconds
Number of updated asset objects reloaded before import = 0Number of asset objects unloaded after import = 0

========================================================================
Received Import Request.
  Time since last request: 0.000021 seconds.
  path: Packages/com.unity.mathematics/Unity.Mathematics/int4x2.gen.cs
  artifactKey: Guid(ca7cf71984bec4b9081416653621d6df) Importer(2089858483,b0f066a214c2f5e87bad3c948f4d605d)
Start importing Packages/com.unity.mathematics/Unity.Mathematics/int4x2.gen.cs using Guid(ca7cf71984bec4b9081416653621d6df) Importer(2089858483,b0f066a214c2f5e87bad3c948f4d605d) (ScriptedImporter) -> (artifact id: '18e59377de9394646a369d77861d1efc') in 0.0086687 seconds
Number of updated asset objects reloaded before import = 0Number of asset objects unloaded after import = 0

========================================================================
Received Import Request.
  Time since last request: 0.000025 seconds.
  path: Packages/com.unity.mathematics/Unity.Mathematics/int3.gen.cs
  artifactKey: Guid(87ec2d8734054e84fa6976e8e8d4decf) Importer(2089858483,b0f066a214c2f5e87bad3c948f4d605d)
Start importing Packages/com.unity.mathematics/Unity.Mathematics/int3.gen.cs using Guid(87ec2d8734054e84fa6976e8e8d4decf) Importer(2089858483,b0f066a214c2f5e87bad3c948f4d605d) (ScriptedImporter) -> (artifact id: 'eee57f00a005c73b01ba1defbe640d98') in 0.0085879 seconds
Number of updated asset objects reloaded before import = 0Number of asset objects unloaded after import = 0

========================================================================
Received Import Request.
  Time since last request: 0.000039 seconds.
  path: Packages/com.unity.mathematics/Unity.Mathematics/uint2x2.gen.cs
  artifactKey: Guid(93a63257a84804542ad359995ba0c1b1) Importer(2089858483,b0f066a214c2f5e87bad3c948f4d605d)
Start importing Packages/com.unity.mathematics/Unity.Mathematics/uint2x2.gen.cs using Guid(93a63257a84804542ad359995ba0c1b1) Importer(2089858483,b0f066a214c2f5e87bad3c948f4d605d) (ScriptedImporter) -> (artifact id: '3c583678447b6857f3a1186113fbadae') in 0.0068837 seconds
Number of updated asset objects reloaded before import = 0Number of asset objects unloaded after import = 0

========================================================================
Received Import Request.
  Time since last request: 0.000016 seconds.
  path: Packages/com.unity.mathematics/Unity.Mathematics/math_unity_conversion.cs
  artifactKey: Guid(ff55c152384775745b54032825a4ef2c) Importer(2089858483,b0f066a214c2f5e87bad3c948f4d605d)
Start importing Packages/com.unity.mathematics/Unity.Mathematics/math_unity_conversion.cs using Guid(ff55c152384775745b54032825a4ef2c) Importer(2089858483,b0f066a214c2f5e87bad3c948f4d605d) (ScriptedImporter) -> (artifact id: '9afc406ab72a3f70e246eb6535642a2d') in 0.0068285 seconds
Number of updated asset objects reloaded before import = 0Number of asset objects unloaded after import = 0

========================================================================
Received Import Request.
  Time since last request: 0.000019 seconds.
  path: Packages/com.unity.mathematics/Unity.Mathematics/double3x3.gen.cs
  artifactKey: Guid(f1e8e688d7f354f92a78d4d78697150d) Importer(2089858483,b0f066a214c2f5e87bad3c948f4d605d)
Start importing Packages/com.unity.mathematics/Unity.Mathematics/double3x3.gen.cs using Guid(f1e8e688d7f354f92a78d4d78697150d) Importer(2089858483,b0f066a214c2f5e87bad3c948f4d605d) (ScriptedImporter) -> (artifact id: '4cccf42d66d397556eaa40848042e2c0') in 0.0072087 seconds
Number of updated asset objects reloaded before import = 0Number of asset objects unloaded after import = 0

========================================================================
Received Import Request.
  Time since last request: 0.000033 seconds.
  path: Packages/com.unity.mathematics/Unity.Mathematics/half.cs
  artifactKey: Guid(a513f9316035e1649a644c2e9f69c12a) Importer(2089858483,b0f066a214c2f5e87bad3c948f4d605d)
Start importing Packages/com.unity.mathematics/Unity.Mathematics/half.cs using Guid(a513f9316035e1649a644c2e9f69c12a) Importer(2089858483,b0f066a214c2f5e87bad3c948f4d605d) (ScriptedImporter) -> (artifact id: 'c050ab5a84706f61c942f617142bdea4') in 0.0059184 seconds
Number of updated asset objects reloaded before import = 0Number of asset objects unloaded after import = 0

========================================================================
Received Import Request.
  Time since last request: 0.000016 seconds.
  path: Packages/com.unity.mathematics/Unity.Mathematics/quaternion.cs
  artifactKey: Guid(a8481bb868ae344e9b4a5551a11483d3) Importer(2089858483,b0f066a214c2f5e87bad3c948f4d605d)
Start importing Packages/com.unity.mathematics/Unity.Mathematics/quaternion.cs using Guid(a8481bb868ae344e9b4a5551a11483d3) Importer(2089858483,b0f066a214c2f5e87bad3c948f4d605d) (ScriptedImporter) -> (artifact id: '4cb7efdcf816550607500f8fce965371') in 0.0068753 seconds
Number of updated asset objects reloaded before import = 0Number of asset objects unloaded after import = 0

========================================================================
Received Import Request.
  Time since last request: 0.000025 seconds.
  path: Packages/com.unity.mathematics/Unity.Mathematics/double4x3.gen.cs
  artifactKey: Guid(673ff09d67f254e00a538d7bbb41618e) Importer(2089858483,b0f066a214c2f5e87bad3c948f4d605d)
Start importing Packages/com.unity.mathematics/Unity.Mathematics/double4x3.gen.cs using Guid(673ff09d67f254e00a538d7bbb41618e) Importer(2089858483,b0f066a214c2f5e87bad3c948f4d605d) (ScriptedImporter) -> (artifact id: 'e2362b76b865c664510e5138afdbe8f8') in 0.007233 seconds
Number of updated asset objects reloaded before import = 0Number of asset objects unloaded after import = 0

========================================================================
Received Import Request.
  Time since last request: 0.000028 seconds.
  path: Packages/com.unity.mathematics/Unity.Mathematics/bool2x3.gen.cs
  artifactKey: Guid(2da7f6798be134406a5cc96b770b5e70) Importer(2089858483,b0f066a214c2f5e87bad3c948f4d605d)
Start importing Packages/com.unity.mathematics/Unity.Mathematics/bool2x3.gen.cs using Guid(2da7f6798be134406a5cc96b770b5e70) Importer(2089858483,b0f066a214c2f5e87bad3c948f4d605d) (ScriptedImporter) -> (artifact id: '4b94e56a282796979c264a9c56f4fe1f') in 0.0062192 seconds
Number of updated asset objects reloaded before import = 0Number of asset objects unloaded after import = 0

========================================================================
Received Import Request.
  Time since last request: 0.000018 seconds.
  path: Packages/com.unity.mathematics/Unity.Mathematics/bool4x4.gen.cs
  artifactKey: Guid(ec21b45eb93de4c05962f95aee69aee6) Importer(2089858483,b0f066a214c2f5e87bad3c948f4d605d)
Start importing Packages/com.unity.mathematics/Unity.Mathematics/bool4x4.gen.cs using Guid(ec21b45eb93de4c05962f95aee69aee6) Importer(2089858483,b0f066a214c2f5e87bad3c948f4d605d) (ScriptedImporter) -> (artifact id: '58538a3eb6e2726a0c681c4eeac55b5b') in 0.0070052 seconds
Number of updated asset objects reloaded before import = 0Number of asset objects unloaded after import = 0

========================================================================
Received Import Request.
  Time since last request: 0.000020 seconds.
  path: Packages/com.unity.mathematics/Unity.Mathematics/double3.gen.cs
  artifactKey: Guid(8532598f495324d779593b36c90c7f7c) Importer(2089858483,b0f066a214c2f5e87bad3c948f4d605d)
Start importing Packages/com.unity.mathematics/Unity.Mathematics/double3.gen.cs using Guid(8532598f495324d779593b36c90c7f7c) Importer(2089858483,b0f066a214c2f5e87bad3c948f4d605d) (ScriptedImporter) -> (artifact id: '5cfab3afa6bf5244bac2cd52f4e6723a') in 0.0061303 seconds
Number of updated asset objects reloaded before import = 0Number of asset objects unloaded after import = 0

========================================================================
Received Import Request.
  Time since last request: 0.000029 seconds.
  path: Packages/com.unity.mathematics/Unity.Mathematics/random.cs
  artifactKey: Guid(897d0bd3ae806496b8724cb68e7d18c4) Importer(2089858483,b0f066a214c2f5e87bad3c948f4d605d)
Start importing Packages/com.unity.mathematics/Unity.Mathematics/random.cs using Guid(897d0bd3ae806496b8724cb68e7d18c4) Importer(2089858483,b0f066a214c2f5e87bad3c948f4d605d) (ScriptedImporter) -> (artifact id: '9a350221b8f5ea7b9c28a6ba0a2b6095') in 0.0105015 seconds
Number of updated asset objects reloaded before import = 0Number of asset objects unloaded after import = 0

========================================================================
Received Import Request.
  Time since last request: 0.000018 seconds.
  path: Packages/com.unity.collections/Unity.Collections/Jobs/IJobFilter.cs
  artifactKey: Guid(c3f9809ba4de01446ae82a0e4f3da278) Importer(2089858483,b0f066a214c2f5e87bad3c948f4d605d)
Start importing Packages/com.unity.collections/Unity.Collections/Jobs/IJobFilter.cs using Guid(c3f9809ba4de01446ae82a0e4f3da278) Importer(2089858483,b0f066a214c2f5e87bad3c948f4d605d) (ScriptedImporter) -> (artifact id: '76f8c51523256a63db116d26addbccb3') in 0.0072738 seconds
Number of updated asset objects reloaded before import = 0Number of asset objects unloaded after import = 0

========================================================================
Received Import Request.
  Time since last request: 0.000017 seconds.
  path: Packages/com.unity.mathematics/Unity.Mathematics/int2x2.gen.cs
  artifactKey: Guid(9ee90f66ec9324008b40d056f2a6fd46) Importer(2089858483,b0f066a214c2f5e87bad3c948f4d605d)
Start importing Packages/com.unity.mathematics/Unity.Mathematics/int2x2.gen.cs using Guid(9ee90f66ec9324008b40d056f2a6fd46) Importer(2089858483,b0f066a214c2f5e87bad3c948f4d605d) (ScriptedImporter) -> (artifact id: 'b78cd69a04d1697e5fd7b43961dd1c18') in 0.006651 seconds
Number of updated asset objects reloaded before import = 0Number of asset objects unloaded after import = 0

========================================================================
Received Import Request.
  Time since last request: 0.000038 seconds.
  path: Packages/com.unity.mathematics/Tests/TestCompilerAttribute.cs
  artifactKey: Guid(5b16d5a4bfd93114385ecd01f00a6914) Importer(2089858483,b0f066a214c2f5e87bad3c948f4d605d)
Start importing Packages/com.unity.mathematics/Tests/TestCompilerAttribute.cs using Guid(5b16d5a4bfd93114385ecd01f00a6914) Importer(2089858483,b0f066a214c2f5e87bad3c948f4d605d) (ScriptedImporter) -> (artifact id: '69cc5ecba00a062312805d09d2e56830') in 0.0065263 seconds
Number of updated asset objects reloaded before import = 0Number of asset objects unloaded after import = 0

========================================================================
Received Import Request.
  Time since last request: 0.000017 seconds.
  path: Packages/com.unity.mathematics/Unity.Mathematics/float4x2.gen.cs
  artifactKey: Guid(2a2cb705f8c4d45e8ba95502e037109b) Importer(2089858483,b0f066a214c2f5e87bad3c948f4d605d)
Start importing Packages/com.unity.mathematics/Unity.Mathematics/float4x2.gen.cs using Guid(2a2cb705f8c4d45e8ba95502e037109b) Importer(2089858483,b0f066a214c2f5e87bad3c948f4d605d) (ScriptedImporter) -> (artifact id: 'ba62fb2fb1f53074a8dc5df48be64410') in 0.0061478 seconds
Number of updated asset objects reloaded before import = 0Number of asset objects unloaded after import = 0

========================================================================
Received Import Request.
  Time since last request: 0.000025 seconds.
  path: Packages/com.unity.collections/Unity.Collections.PerformanceTests/Unity.PerformanceTesting.Benchmark/BenchmarkAttributes.cs
  artifactKey: Guid(cded6950a1396c145bf6687a3a482b50) Importer(2089858483,b0f066a214c2f5e87bad3c948f4d605d)
Start importing Packages/com.unity.collections/Unity.Collections.PerformanceTests/Unity.PerformanceTesting.Benchmark/BenchmarkAttributes.cs using Guid(cded6950a1396c145bf6687a3a482b50) Importer(2089858483,b0f066a214c2f5e87bad3c948f4d605d) (ScriptedImporter) -> (artifact id: 'f8bf8c483f13513d8f02aa7ca5c691f2') in 0.0069017 seconds
Number of updated asset objects reloaded before import = 0Number of asset objects unloaded after import = 0

========================================================================
Received Import Request.
  Time since last request: 0.000025 seconds.
  path: Packages/com.unity.collections/Unity.Collections.Tests.Playmode/Unity.Collections.Tests.Playmode.asmdef
  artifactKey: Guid(5e96082520aa86a458e400b89afe93a4) Importer(2089858483,b0f066a214c2f5e87bad3c948f4d605d)
Start importing Packages/com.unity.collections/Unity.Collections.Tests.Playmode/Unity.Collections.Tests.Playmode.asmdef using Guid(5e96082520aa86a458e400b89afe93a4) Importer(2089858483,b0f066a214c2f5e87bad3c948f4d605d) (ScriptedImporter) -> (artifact id: 'f7bf3a49f38ae96be1e2e3d42b39f9f0') in 0.0064778 seconds
Number of updated asset objects reloaded before import = 0Number of asset objects unloaded after import = 1

========================================================================
Received Import Request.
  Time since last request: 0.000017 seconds.
  path: Packages/com.unity.ugui/Tests/Runtime/UGUI/NestedLayout/SceneWithNestedLayoutElementsLoads.cs
  artifactKey: Guid(01df650e1b86e9f4a8e2b5dc9782506f) Importer(2089858483,b0f066a214c2f5e87bad3c948f4d605d)
Start importing Packages/com.unity.ugui/Tests/Runtime/UGUI/NestedLayout/SceneWithNestedLayoutElementsLoads.cs using Guid(01df650e1b86e9f4a8e2b5dc9782506f) Importer(2089858483,b0f066a214c2f5e87bad3c948f4d605d) (ScriptedImporter) -> (artifact id: '45307aa9a629604d6ed4faa418382b80') in 0.0068801 seconds
Number of updated asset objects reloaded before import = 0Number of asset objects unloaded after import = 0

========================================================================
Received Import Request.
  Time since last request: 0.000022 seconds.
  path: Packages/com.unity.collab-proxy/Editor/CodeEditor/Rendering/TextViewWeakEventManager.cs
  artifactKey: Guid(187e79737b0d4cafb4c958f89f9f6843) Importer(2089858483,b0f066a214c2f5e87bad3c948f4d605d)
Start importing Packages/com.unity.collab-proxy/Editor/CodeEditor/Rendering/TextViewWeakEventManager.cs using Guid(187e79737b0d4cafb4c958f89f9f6843) Importer(2089858483,b0f066a214c2f5e87bad3c948f4d605d) (ScriptedImporter) -> (artifact id: 'c7514aa91fb6f0acc5fec3a8d55e5d48') in 0.0066989 seconds
Number of updated asset objects reloaded before import = 0Number of asset objects unloaded after import = 0

========================================================================
Received Import Request.
  Time since last request: 0.000028 seconds.
  path: Packages/com.unity.collab-proxy/Editor/UVCSToolbar/PopupWindow/BranchesList/BranchesTreeView.cs
  artifactKey: Guid(cef1fd4b45bd4bbfabb7b27325107045) Importer(2089858483,b0f066a214c2f5e87bad3c948f4d605d)
Start importing Packages/com.unity.collab-proxy/Editor/UVCSToolbar/PopupWindow/BranchesList/BranchesTreeView.cs using Guid(cef1fd4b45bd4bbfabb7b27325107045) Importer(2089858483,b0f066a214c2f5e87bad3c948f4d605d) (ScriptedImporter) -> (artifact id: '07b06888708f96d5ebab3d2693dc812f') in 0.0079076 seconds
Number of updated asset objects reloaded before import = 0Number of asset objects unloaded after import = 0

========================================================================
Received Import Request.
  Time since last request: 0.000020 seconds.
  path: Packages/com.unity.mathematics/Tests/Tests/Shared/TestBool3.gen.cs
  artifactKey: Guid(d208b4e1c03551a499e9169aac737e5b) Importer(2089858483,b0f066a214c2f5e87bad3c948f4d605d)
Start importing Packages/com.unity.mathematics/Tests/Tests/Shared/TestBool3.gen.cs using Guid(d208b4e1c03551a499e9169aac737e5b) Importer(2089858483,b0f066a214c2f5e87bad3c948f4d605d) (ScriptedImporter) -> (artifact id: 'a92359b11141c65a802d7ac55f507b9e') in 0.0087026 seconds
Number of updated asset objects reloaded before import = 0Number of asset objects unloaded after import = 0

========================================================================
Received Import Request.
  Time since last request: 0.000027 seconds.
  path: Packages/com.unity.mathematics/Tests/Tests/Shared/TestDouble3.gen.cs
  artifactKey: Guid(617e00812628df941a5b85ca46e4ca9d) Importer(2089858483,b0f066a214c2f5e87bad3c948f4d605d)
Start importing Packages/com.unity.mathematics/Tests/Tests/Shared/TestDouble3.gen.cs using Guid(617e00812628df941a5b85ca46e4ca9d) Importer(2089858483,b0f066a214c2f5e87bad3c948f4d605d) (ScriptedImporter) -> (artifact id: 'c09bcb00f183b77360a8fe4aea122fd8') in 0.0074146 seconds
Number of updated asset objects reloaded before import = 0Number of asset objects unloaded after import = 0

========================================================================
Received Import Request.
  Time since last request: 0.000026 seconds.
  path: Packages/com.unity.mathematics/Tests/Tests/Shared/TestBool3x4.gen.cs
  artifactKey: Guid(ce96cd62cfbd7e24c9173437069a42ad) Importer(2089858483,b0f066a214c2f5e87bad3c948f4d605d)
Start importing Packages/com.unity.mathematics/Tests/Tests/Shared/TestBool3x4.gen.cs using Guid(ce96cd62cfbd7e24c9173437069a42ad) Importer(2089858483,b0f066a214c2f5e87bad3c948f4d605d) (ScriptedImporter) -> (artifact id: 'f105a9596c35f7529ed223ccf918b8a4') in 0.0057271 seconds
Number of updated asset objects reloaded before import = 0Number of asset objects unloaded after import = 0

========================================================================
Received Import Request.
  Time since last request: 0.000019 seconds.
  path: Packages/com.unity.mathematics/Unity.Mathematics/uint3x4.gen.cs
  artifactKey: Guid(b26cb334c782240eb950a56e23e0378c) Importer(2089858483,b0f066a214c2f5e87bad3c948f4d605d)
Start importing Packages/com.unity.mathematics/Unity.Mathematics/uint3x4.gen.cs using Guid(b26cb334c782240eb950a56e23e0378c) Importer(2089858483,b0f066a214c2f5e87bad3c948f4d605d) (ScriptedImporter) -> (artifact id: 'cc6e13871cc66a0be136dbe4988be717') in 0.0060054 seconds
Number of updated asset objects reloaded before import = 0Number of asset objects unloaded after import = 0

========================================================================
Received Import Request.
  Time since last request: 0.000019 seconds.
  path: Packages/com.unity.mathematics/Tests/Tests/Shared/TestBool4x4.gen.cs
  artifactKey: Guid(0d44f89a4f95a124b9fc8296247d76d9) Importer(2089858483,b0f066a214c2f5e87bad3c948f4d605d)
Start importing Packages/com.unity.mathematics/Tests/Tests/Shared/TestBool4x4.gen.cs using Guid(0d44f89a4f95a124b9fc8296247d76d9) Importer(2089858483,b0f066a214c2f5e87bad3c948f4d605d) (ScriptedImporter) -> (artifact id: '0210d262c1b06da16f2d44f099df60c6') in 0.0061192 seconds
Number of updated asset objects reloaded before import = 0Number of asset objects unloaded after import = 0

========================================================================
Received Import Request.
  Time since last request: 0.000031 seconds.
  path: Packages/com.unity.mathematics/Tests/Tests/Shared/TestDouble3x3.gen.cs
  artifactKey: Guid(4971c82bdb64ccb49b92ffe0a2d2c59a) Importer(2089858483,b0f066a214c2f5e87bad3c948f4d605d)
Start importing Packages/com.unity.mathematics/Tests/Tests/Shared/TestDouble3x3.gen.cs using Guid(4971c82bdb64ccb49b92ffe0a2d2c59a) Importer(2089858483,b0f066a214c2f5e87bad3c948f4d605d) (ScriptedImporter) -> (artifact id: '754e601e93da1f98cf9ff430380b3137') in 0.0061558 seconds
Number of updated asset objects reloaded before import = 0Number of asset objects unloaded after import = 0

========================================================================
Received Import Request.
  Time since last request: 0.000017 seconds.
  path: Packages/com.unity.mathematics/Tests/Properties/AssemblyInfo.cs
  artifactKey: Guid(3addb854f833b56428975a1966f78424) Importer(2089858483,b0f066a214c2f5e87bad3c948f4d605d)
Start importing Packages/com.unity.mathematics/Tests/Properties/AssemblyInfo.cs using Guid(3addb854f833b56428975a1966f78424) Importer(2089858483,b0f066a214c2f5e87bad3c948f4d605d) (ScriptedImporter) -> (artifact id: '1130f55f855d8c224547a16045e9c4a7') in 0.0061525 seconds
Number of updated asset objects reloaded before import = 0Number of asset objects unloaded after import = 0

========================================================================
Received Import Request.
  Time since last request: 0.000021 seconds.
  path: Packages/com.unity.mathematics/Tests/Tests/Shared/TestFloat3.gen.cs
  artifactKey: Guid(d920c9d9a3133d242af38fd80330960f) Importer(2089858483,b0f066a214c2f5e87bad3c948f4d605d)
Start importing Packages/com.unity.mathematics/Tests/Tests/Shared/TestFloat3.gen.cs using Guid(d920c9d9a3133d242af38fd80330960f) Importer(2089858483,b0f066a214c2f5e87bad3c948f4d605d) (ScriptedImporter) -> (artifact id: '60ad6e26eff972b2c7fc82f0a10adc04') in 0.0084729 seconds
Number of updated asset objects reloaded before import = 0Number of asset objects unloaded after import = 0

========================================================================
Received Import Request.
  Time since last request: 0.000034 seconds.
  path: Packages/com.unity.mathematics/Tests/Tests/Shared/TestHalf.cs
  artifactKey: Guid(dba01b4c9788ea04d87865908e0ba344) Importer(2089858483,b0f066a214c2f5e87bad3c948f4d605d)
Start importing Packages/com.unity.mathematics/Tests/Tests/Shared/TestHalf.cs using Guid(dba01b4c9788ea04d87865908e0ba344) Importer(2089858483,b0f066a214c2f5e87bad3c948f4d605d) (ScriptedImporter) -> (artifact id: 'c9840ca10e0f044a36cbda5c13b0211f') in 0.0060874 seconds
Number of updated asset objects reloaded before import = 0Number of asset objects unloaded after import = 0

========================================================================
Received Import Request.
  Time since last request: 0.000017 seconds.
  path: Packages/com.unity.mathematics/Unity.Mathematics/Noise/classicnoise2D.cs
  artifactKey: Guid(cdfa008cc8af3440983f8c7beef680b9) Importer(2089858483,b0f066a214c2f5e87bad3c948f4d605d)
Start importing Packages/com.unity.mathematics/Unity.Mathematics/Noise/classicnoise2D.cs using Guid(cdfa008cc8af3440983f8c7beef680b9) Importer(2089858483,b0f066a214c2f5e87bad3c948f4d605d) (ScriptedImporter) -> (artifact id: 'caa50200778897379ec48b8d72f93c97') in 0.007837 seconds
Number of updated asset objects reloaded before import = 0Number of asset objects unloaded after import = 0

========================================================================
Received Import Request.
  Time since last request: 0.000021 seconds.
  path: Packages/com.unity.mathematics/Tests/Tests/Shared/TestInt2.gen.cs
  artifactKey: Guid(a60a1141ea2c3bc49b14be2842a73f00) Importer(2089858483,b0f066a214c2f5e87bad3c948f4d605d)
Start importing Packages/com.unity.mathematics/Tests/Tests/Shared/TestInt2.gen.cs using Guid(a60a1141ea2c3bc49b14be2842a73f00) Importer(2089858483,b0f066a214c2f5e87bad3c948f4d605d) (ScriptedImporter) -> (artifact id: '998e59019f63b52839dafb33e381c3d1') in 0.0073534 seconds
Number of updated asset objects reloaded before import = 0Number of asset objects unloaded after import = 0

========================================================================
Received Import Request.
  Time since last request: 0.000026 seconds.
  path: Packages/com.unity.mathematics/Unity.Mathematics/uint4x4.gen.cs
  artifactKey: Guid(1878454c2f73547909bfcea105ffd941) Importer(2089858483,b0f066a214c2f5e87bad3c948f4d605d)
Start importing Packages/com.unity.mathematics/Unity.Mathematics/uint4x4.gen.cs using Guid(1878454c2f73547909bfcea105ffd941) Importer(2089858483,b0f066a214c2f5e87bad3c948f4d605d) (ScriptedImporter) -> (artifact id: '01546a2b4997ae888710c58e93b24b3a') in 0.006413 seconds
Number of updated asset objects reloaded before import = 0Number of asset objects unloaded after import = 0

========================================================================
Received Import Request.
  Time since last request: 0.000017 seconds.
  path: Packages/com.unity.mathematics/Tests/Tests/Shared/TestDouble2x4.gen.cs
  artifactKey: Guid(93f2834619d034346a15285ea2156089) Importer(2089858483,b0f066a214c2f5e87bad3c948f4d605d)
Start importing Packages/com.unity.mathematics/Tests/Tests/Shared/TestDouble2x4.gen.cs using Guid(93f2834619d034346a15285ea2156089) Importer(2089858483,b0f066a214c2f5e87bad3c948f4d605d) (ScriptedImporter) -> (artifact id: '5b7171369c35f38280e7824a43aeafc8') in 0.006848 seconds
Number of updated asset objects reloaded before import = 0Number of asset objects unloaded after import = 0

========================================================================
Received Import Request.
  Time since last request: 0.000019 seconds.
  path: Packages/com.unity.mathematics/Unity.Mathematics/Noise/classicnoise4D.cs
  artifactKey: Guid(283464e0e530a4cdfbf4fae82efed3e3) Importer(2089858483,b0f066a214c2f5e87bad3c948f4d605d)
Start importing Packages/com.unity.mathematics/Unity.Mathematics/Noise/classicnoise4D.cs using Guid(283464e0e530a4cdfbf4fae82efed3e3) Importer(2089858483,b0f066a214c2f5e87bad3c948f4d605d) (ScriptedImporter) -> (artifact id: '6ffa7290c981f56f22abfa750f8f24e8') in 0.0067319 seconds
Number of updated asset objects reloaded before import = 0Number of asset objects unloaded after import = 0

========================================================================
Received Import Request.
  Time since last request: 0.000027 seconds.
  path: Packages/com.unity.mathematics/Tests/Tests/Shared/TestFloat4x4.gen.cs
  artifactKey: Guid(b3a17e2bf2fb0984b96ba8a21a08b8b0) Importer(2089858483,b0f066a214c2f5e87bad3c948f4d605d)
Start importing Packages/com.unity.mathematics/Tests/Tests/Shared/TestFloat4x4.gen.cs using Guid(b3a17e2bf2fb0984b96ba8a21a08b8b0) Importer(2089858483,b0f066a214c2f5e87bad3c948f4d605d) (ScriptedImporter) -> (artifact id: 'ecafb03d129069173958f84abb45e722') in 0.0058618 seconds
Number of updated asset objects reloaded before import = 0Number of asset objects unloaded after import = 0

========================================================================
Received Import Request.
  Time since last request: 0.000017 seconds.
  path: Packages/com.unity.mathematics/Tests/Tests/Shared/TestBool2.gen.cs
  artifactKey: Guid(fc335ab357eef1346a23bc792570d94e) Importer(2089858483,b0f066a214c2f5e87bad3c948f4d605d)
Start importing Packages/com.unity.mathematics/Tests/Tests/Shared/TestBool2.gen.cs using Guid(fc335ab357eef1346a23bc792570d94e) Importer(2089858483,b0f066a214c2f5e87bad3c948f4d605d) (ScriptedImporter) -> (artifact id: '3d51dd3c251d479803b7cb483e561d1c') in 0.0063515 seconds
Number of updated asset objects reloaded before import = 0Number of asset objects unloaded after import = 0

========================================================================
Received Import Request.
  Time since last request: 0.000025 seconds.
  path: Packages/com.unity.mathematics/Tests/Tests/Shared/TestFloat3x2.gen.cs
  artifactKey: Guid(5c2a01faa80e74147aeb6f5a1d9fc18d) Importer(2089858483,b0f066a214c2f5e87bad3c948f4d605d)
Start importing Packages/com.unity.mathematics/Tests/Tests/Shared/TestFloat3x2.gen.cs using Guid(5c2a01faa80e74147aeb6f5a1d9fc18d) Importer(2089858483,b0f066a214c2f5e87bad3c948f4d605d) (ScriptedImporter) -> (artifact id: 'eec62b49cf1e4b5426c2f3efc0a06c71') in 0.0063563 seconds
Number of updated asset objects reloaded before import = 0Number of asset objects unloaded after import = 0

========================================================================
Received Import Request.
  Time since last request: 0.000026 seconds.
  path: Packages/com.unity.mathematics/Unity.Mathematics.Editor/Unity.Mathematics.Editor.asmdef
  artifactKey: Guid(329b4ccd385744985bf3f83cfd77dfe7) Importer(2089858483,b0f066a214c2f5e87bad3c948f4d605d)
Start importing Packages/com.unity.mathematics/Unity.Mathematics.Editor/Unity.Mathematics.Editor.asmdef using Guid(329b4ccd385744985bf3f83cfd77dfe7) Importer(2089858483,b0f066a214c2f5e87bad3c948f4d605d) (ScriptedImporter) -> (artifact id: '9820cc4afbedbc56ea7de2009bfcbc5f') in 0.0076604 seconds
Number of updated asset objects reloaded before import = 0Number of asset objects unloaded after import = 1

========================================================================
Received Import Request.
  Time since last request: 0.000021 seconds.
  path: Packages/com.unity.mathematics/Unity.Mathematics/Noise/noise3Dgrad.cs
  artifactKey: Guid(6849bb8369e5b4b2eb95e435578ff960) Importer(2089858483,b0f066a214c2f5e87bad3c948f4d605d)
Start importing Packages/com.unity.mathematics/Unity.Mathematics/Noise/noise3Dgrad.cs using Guid(6849bb8369e5b4b2eb95e435578ff960) Importer(2089858483,b0f066a214c2f5e87bad3c948f4d605d) (ScriptedImporter) -> (artifact id: '0d24ae7580e35565766b3b486b0ddac8') in 0.0067816 seconds
Number of updated asset objects reloaded before import = 0Number of asset objects unloaded after import = 0

========================================================================
Received Import Request.
  Time since last request: 0.000020 seconds.
  path: Packages/com.unity.mathematics/Tests/Tests/Shared/TestDouble4x2.gen.cs
  artifactKey: Guid(a5dfd972b64a9fd4193994214128a39b) Importer(2089858483,b0f066a214c2f5e87bad3c948f4d605d)
Start importing Packages/com.unity.mathematics/Tests/Tests/Shared/TestDouble4x2.gen.cs using Guid(a5dfd972b64a9fd4193994214128a39b) Importer(2089858483,b0f066a214c2f5e87bad3c948f4d605d) (ScriptedImporter) -> (artifact id: '30e7137c0e96c098a90bfa164bd31201') in 0.0111293 seconds
Number of updated asset objects reloaded before import = 0Number of asset objects unloaded after import = 0

========================================================================
Received Import Request.
  Time since last request: 0.000039 seconds.
  path: Packages/com.unity.mathematics/Tests/Tests/TestMath2.cs
  artifactKey: Guid(b0783b280ba38504faba05db473c408b) Importer(2089858483,b0f066a214c2f5e87bad3c948f4d605d)
Start importing Packages/com.unity.mathematics/Tests/Tests/TestMath2.cs using Guid(b0783b280ba38504faba05db473c408b) Importer(2089858483,b0f066a214c2f5e87bad3c948f4d605d) (ScriptedImporter) -> (artifact id: 'b63738a30a51ad7fcec6366ad81fb53e') in 0.0082626 seconds
Number of updated asset objects reloaded before import = 0Number of asset objects unloaded after import = 0

========================================================================
Received Import Request.
  Time since last request: 0.000018 seconds.
  path: Packages/com.unity.mathematics/Unity.Mathematics/Noise/README
  artifactKey: Guid(16687ba1ea1804a9fb7cb7c2410eab23) Importer(2089858483,b0f066a214c2f5e87bad3c948f4d605d)
Start importing Packages/com.unity.mathematics/Unity.Mathematics/Noise/README using Guid(16687ba1ea1804a9fb7cb7c2410eab23) Importer(2089858483,b0f066a214c2f5e87bad3c948f4d605d) (ScriptedImporter) -> (artifact id: 'fc2423888b9eaf6da50fbef3b0125461') in 0.0076693 seconds
Number of updated asset objects reloaded before import = 0Number of asset objects unloaded after import = 1

========================================================================
Received Import Request.
  Time since last request: 0.000020 seconds.
  path: Packages/com.unity.mathematics/Tests/Tests/TestRandom.cs
  artifactKey: Guid(ec2e0d8c659a52a45b0bd4f7a3d3981a) Importer(2089858483,b0f066a214c2f5e87bad3c948f4d605d)
Start importing Packages/com.unity.mathematics/Tests/Tests/TestRandom.cs using Guid(ec2e0d8c659a52a45b0bd4f7a3d3981a) Importer(2089858483,b0f066a214c2f5e87bad3c948f4d605d) (ScriptedImporter) -> (artifact id: 'a8f65be3e3c16a935cb6aac6bbd61827') in 0.0076855 seconds
Number of updated asset objects reloaded before import = 0Number of asset objects unloaded after import = 0

========================================================================
Received Import Request.
  Time since last request: 0.000029 seconds.
  path: Packages/com.unity.mathematics/Tests/Tests/Shared/TestInt4x4.gen.cs
  artifactKey: Guid(17b4cf050aaf4e44e965ec9de78ce8bd) Importer(2089858483,b0f066a214c2f5e87bad3c948f4d605d)
Start importing Packages/com.unity.mathematics/Tests/Tests/Shared/TestInt4x4.gen.cs using Guid(17b4cf050aaf4e44e965ec9de78ce8bd) Importer(2089858483,b0f066a214c2f5e87bad3c948f4d605d) (ScriptedImporter) -> (artifact id: '81bb6f1743a250f559a1a10b6a6927c4') in 0.0071484 seconds
Number of updated asset objects reloaded before import = 0Number of asset objects unloaded after import = 0

========================================================================
Received Import Request.
  Time since last request: 0.000021 seconds.
  path: Packages/com.unity.nuget.mono-cecil/Tests/Editor/MonoCecilEditorTests.cs
  artifactKey: Guid(2d0dcfb487a314b6e9f87af7a2280043) Importer(2089858483,b0f066a214c2f5e87bad3c948f4d605d)
Start importing Packages/com.unity.nuget.mono-cecil/Tests/Editor/MonoCecilEditorTests.cs using Guid(2d0dcfb487a314b6e9f87af7a2280043) Importer(2089858483,b0f066a214c2f5e87bad3c948f4d605d) (ScriptedImporter) -> (artifact id: '00d2678acb153865690a350999972f9f') in 0.0061839 seconds
Number of updated asset objects reloaded before import = 0Number of asset objects unloaded after import = 0

========================================================================
Received Import Request.
  Time since last request: 0.000022 seconds.
  path: Packages/com.unity.searcher/Editor/Resources/FlatSkin/SearchSmallDownOn.png
  artifactKey: Guid(f353e9d22eb9164499dd70cb41b00244) Importer(2089858483,b0f066a214c2f5e87bad3c948f4d605d)
Start importing Packages/com.unity.searcher/Editor/Resources/FlatSkin/SearchSmallDownOn.png using Guid(f353e9d22eb9164499dd70cb41b00244) Importer(2089858483,b0f066a214c2f5e87bad3c948f4d605d) (ScriptedImporter) -> (artifact id: '91fa5169b28333c8e986e1750c22442e') in 0.0196994 seconds
Number of updated asset objects reloaded before import = 0Number of asset objects unloaded after import = 1

========================================================================
Received Import Request.
  Time since last request: 0.000033 seconds.
  path: Packages/com.unity.searcher/Editor/Resources/FlatSkin/Font/Roboto-MediumItalic.ttf
  artifactKey: Guid(d93c1bc57fdf1ac4dad1bf04fac05464) Importer(2089858483,b0f066a214c2f5e87bad3c948f4d605d)
Start importing Packages/com.unity.searcher/Editor/Resources/FlatSkin/Font/Roboto-MediumItalic.ttf using Guid(d93c1bc57fdf1ac4dad1bf04fac05464) Importer(2089858483,b0f066a214c2f5e87bad3c948f4d605d) (ScriptedImporter) -> (artifact id: 'c8f97e9d875202b3a0df8b259112c258') in 0.0327416 seconds
Number of updated asset objects reloaded before import = 0Number of asset objects unloaded after import = 3

========================================================================
Received Import Request.
  Time since last request: 0.000023 seconds.
  path: Packages/com.unity.searcher/Editor/Resources/FlatSkin/SearchSmallDownOn@2x.png
  artifactKey: Guid(c5b36095078d8694ba9e3ae3fd867b2e) Importer(2089858483,b0f066a214c2f5e87bad3c948f4d605d)
Start importing Packages/com.unity.searcher/Editor/Resources/FlatSkin/SearchSmallDownOn@2x.png using Guid(c5b36095078d8694ba9e3ae3fd867b2e) Importer(2089858483,b0f066a214c2f5e87bad3c948f4d605d) (ScriptedImporter) -> (artifact id: '6e9580d15526b35a3d736b5430a5ca45') in 0.0193172 seconds
Number of updated asset objects reloaded before import = 0Number of asset objects unloaded after import = 1

========================================================================
Received Import Request.
  Time since last request: 0.000028 seconds.
  path: Packages/com.unity.nuget.mono-cecil/package.json
  artifactKey: Guid(17a4fd582bf2d47479cf5c1508ca82c6) Importer(2089858483,b0f066a214c2f5e87bad3c948f4d605d)
Start importing Packages/com.unity.nuget.mono-cecil/package.json using Guid(17a4fd582bf2d47479cf5c1508ca82c6) Importer(2089858483,b0f066a214c2f5e87bad3c948f4d605d) (ScriptedImporter) -> (artifact id: 'a2af197b15605b12a2903cb2165e350d') in 0.0117607 seconds
Number of updated asset objects reloaded before import = 0Number of asset objects unloaded after import = 1

========================================================================
Received Import Request.
  Time since last request: 0.000037 seconds.
  path: Packages/com.unity.searcher/Editor/Searcher/SearcherTreeUtility.cs
  artifactKey: Guid(ab5bbe7300c57674db945e46e17a4630) Importer(2089858483,b0f066a214c2f5e87bad3c948f4d605d)
Start importing Packages/com.unity.searcher/Editor/Searcher/SearcherTreeUtility.cs using Guid(ab5bbe7300c57674db945e46e17a4630) Importer(2089858483,b0f066a214c2f5e87bad3c948f4d605d) (ScriptedImporter) -> (artifact id: 'fc0174ceeffd4ae9342140ee3d8f36d1') in 0.0141202 seconds
Number of updated asset objects reloaded before import = 0Number of asset objects unloaded after import = 0

========================================================================
Received Import Request.
  Time since last request: 0.000021 seconds.
  path: Packages/com.unity.searcher/Editor/Resources/FlatSkin/Font/Roboto-Medium.ttf
  artifactKey: Guid(a51a3aebb43ac044989270407476b208) Importer(2089858483,b0f066a214c2f5e87bad3c948f4d605d)
Start importing Packages/com.unity.searcher/Editor/Resources/FlatSkin/Font/Roboto-Medium.ttf using Guid(a51a3aebb43ac044989270407476b208) Importer(2089858483,b0f066a214c2f5e87bad3c948f4d605d) (ScriptedImporter) -> (artifact id: 'f6c1b7197ecbe4f45b53cda24eafd8ab') in 0.0157799 seconds
Number of updated asset objects reloaded before import = 0Number of asset objects unloaded after import = 3

========================================================================
Received Import Request.
  Time since last request: 0.000028 seconds.
  path: Packages/com.unity.searcher/Editor/Searcher/Searcher.cs
  artifactKey: Guid(416e1b35d3077b043be46d805db72d13) Importer(2089858483,b0f066a214c2f5e87bad3c948f4d605d)
Start importing Packages/com.unity.searcher/Editor/Searcher/Searcher.cs using Guid(416e1b35d3077b043be46d805db72d13) Importer(2089858483,b0f066a214c2f5e87bad3c948f4d605d) (ScriptedImporter) -> (artifact id: '400a90e200f369c22e126f99ffcf2d6d') in 0.0164519 seconds
Number of updated asset objects reloaded before import = 0Number of asset objects unloaded after import = 0

========================================================================
Received Import Request.
  Time since last request: 0.000029 seconds.
  path: Packages/com.unity.searcher/Editor/Resources/FlatSkin/Font/Roboto-Regular.ttf
  artifactKey: Guid(30dc370b164eefc43b95744fc796dad0) Importer(2089858483,b0f066a214c2f5e87bad3c948f4d605d)
Start importing Packages/com.unity.searcher/Editor/Resources/FlatSkin/Font/Roboto-Regular.ttf using Guid(30dc370b164eefc43b95744fc796dad0) Importer(2089858483,b0f066a214c2f5e87bad3c948f4d605d) (ScriptedImporter) -> (artifact id: '8345adaf1d1417799e3e3dcd600ddeeb') in 0.0184031 seconds
Number of updated asset objects reloaded before import = 0Number of asset objects unloaded after import = 3

========================================================================
Received Import Request.
  Time since last request: 0.000023 seconds.
  path: Packages/com.unity.nuget.mono-cecil/CHANGELOG.md
  artifactKey: Guid(1eb7e6f92b1d7d64ba0a48ea751728f3) Importer(2089858483,b0f066a214c2f5e87bad3c948f4d605d)
Start importing Packages/com.unity.nuget.mono-cecil/CHANGELOG.md using Guid(1eb7e6f92b1d7d64ba0a48ea751728f3) Importer(2089858483,b0f066a214c2f5e87bad3c948f4d605d) (ScriptedImporter) -> (artifact id: '9200d503cb52e55a192ca7c09c8972bd') in 0.0075019 seconds
Number of updated asset objects reloaded before import = 0Number of asset objects unloaded after import = 1

========================================================================
Received Import Request.
  Time since last request: 0.000021 seconds.
  path: Packages/com.unity.mathematics/Tests/Tests/Shared/TestUint3x3.gen.cs
  artifactKey: Guid(f3db3407f5e21b84d8c21645d5517e9b) Importer(2089858483,b0f066a214c2f5e87bad3c948f4d605d)
Start importing Packages/com.unity.mathematics/Tests/Tests/Shared/TestUint3x3.gen.cs using Guid(f3db3407f5e21b84d8c21645d5517e9b) Importer(2089858483,b0f066a214c2f5e87bad3c948f4d605d) (ScriptedImporter) -> (artifact id: '2f0abb2f93b684706e3ad1cebf2f4a8e') in 0.007274 seconds
Number of updated asset objects reloaded before import = 0Number of asset objects unloaded after import = 0

========================================================================
Received Import Request.
  Time since last request: 0.000028 seconds.
  path: Packages/com.unity.searcher/Editor/Resources/FlatSkin/SearchSmallDownOff.png
  artifactKey: Guid(e0f8b9d001b669a43b3c9f7b90891d96) Importer(2089858483,b0f066a214c2f5e87bad3c948f4d605d)
Start importing Packages/com.unity.searcher/Editor/Resources/FlatSkin/SearchSmallDownOff.png using Guid(e0f8b9d001b669a43b3c9f7b90891d96) Importer(2089858483,b0f066a214c2f5e87bad3c948f4d605d) (ScriptedImporter) -> (artifact id: '505b62a564f70fb83379ab394a19afc5') in 0.0125892 seconds
Number of updated asset objects reloaded before import = 0Number of asset objects unloaded after import = 1

========================================================================
Received Import Request.
  Time since last request: 0.000027 seconds.
  path: Packages/com.unity.nuget.mono-cecil/LICENSE.md
  artifactKey: Guid(9fc87c3ee46f3b34e97e18e4fcac8151) Importer(2089858483,b0f066a214c2f5e87bad3c948f4d605d)
Start importing Packages/com.unity.nuget.mono-cecil/LICENSE.md using Guid(9fc87c3ee46f3b34e97e18e4fcac8151) Importer(2089858483,b0f066a214c2f5e87bad3c948f4d605d) (ScriptedImporter) -> (artifact id: '7e61d1d45c033358098105e284859b0f') in 0.0070133 seconds
Number of updated asset objects reloaded before import = 0Number of asset objects unloaded after import = 1

========================================================================
Received Import Request.
  Time since last request: 0.000020 seconds.
  path: Packages/com.unity.nuget.mono-cecil/Third Party Notices.md
  artifactKey: Guid(192a998b912484856a34120268cfbfc9) Importer(2089858483,b0f066a214c2f5e87bad3c948f4d605d)
Start importing Packages/com.unity.nuget.mono-cecil/Third Party Notices.md using Guid(192a998b912484856a34120268cfbfc9) Importer(2089858483,b0f066a214c2f5e87bad3c948f4d605d) (ScriptedImporter) -> (artifact id: '6c797e11c5b8579ba61b00c11fab6d61') in 0.0065984 seconds
Number of updated asset objects reloaded before import = 0Number of asset objects unloaded after import = 1

========================================================================
Received Import Request.
  Time since last request: 0.000027 seconds.
  path: Packages/com.unity.searcher/Editor/Resources/Searcher.uss
  artifactKey: Guid(4deaa574907fd7647ab0d5bff0e9ba24) Importer(2089858483,b0f066a214c2f5e87bad3c948f4d605d)
Start importing Packages/com.unity.searcher/Editor/Resources/Searcher.uss using Guid(4deaa574907fd7647ab0d5bff0e9ba24) Importer(2089858483,b0f066a214c2f5e87bad3c948f4d605d) (ScriptedImporter) -> (artifact id: '090ef260808e35c703d5c6a073611912') in 0.0091388 seconds
Number of updated asset objects reloaded before import = 0Number of asset objects unloaded after import = 1

========================================================================
Received Import Request.
  Time since last request: 0.000017 seconds.
  path: Packages/com.unity.nuget.mono-cecil/Mono.Cecil.dll
  artifactKey: Guid(9c645c01fff7ef4408fce23b5ffb344d) Importer(2089858483,b0f066a214c2f5e87bad3c948f4d605d)
Start importing Packages/com.unity.nuget.mono-cecil/Mono.Cecil.dll using Guid(9c645c01fff7ef4408fce23b5ffb344d) Importer(2089858483,b0f066a214c2f5e87bad3c948f4d605d) (ScriptedImporter) -> (artifact id: '09d58aa492dd6a1d947521a7efba3f7d') in 0.0094251 seconds
Number of updated asset objects reloaded before import = 0Number of asset objects unloaded after import = 0

========================================================================
Received Import Request.
  Time since last request: 0.000019 seconds.
  path: Packages/com.unity.searcher/Editor/Searcher/SearcherControl.cs
  artifactKey: Guid(56c8d867edaa1c9488c77cc911d01bff) Importer(2089858483,b0f066a214c2f5e87bad3c948f4d605d)
Start importing Packages/com.unity.searcher/Editor/Searcher/SearcherControl.cs using Guid(56c8d867edaa1c9488c77cc911d01bff) Importer(2089858483,b0f066a214c2f5e87bad3c948f4d605d) (ScriptedImporter) -> (artifact id: 'd5427159231d64a7f36510190895c65b') in 0.0071916 seconds
Number of updated asset objects reloaded before import = 0Number of asset objects unloaded after import = 0

========================================================================
Received Import Request.
  Time since last request: 0.000028 seconds.
  path: Packages/com.unity.nuget.mono-cecil/Tests/Editor/Unity.Nuget.Mono-Cecil.Editor.Tests.asmdef
  artifactKey: Guid(aaf6804a66b394e9b8c133f80fc0c3e3) Importer(2089858483,b0f066a214c2f5e87bad3c948f4d605d)
Start importing Packages/com.unity.nuget.mono-cecil/Tests/Editor/Unity.Nuget.Mono-Cecil.Editor.Tests.asmdef using Guid(aaf6804a66b394e9b8c133f80fc0c3e3) Importer(2089858483,b0f066a214c2f5e87bad3c948f4d605d) (ScriptedImporter) -> (artifact id: '7c25ed4e184d4b1e4799cc31cfee0a99') in 0.006508 seconds
Number of updated asset objects reloaded before import = 0Number of asset objects unloaded after import = 1

========================================================================
Received Import Request.
  Time since last request: 0.000019 seconds.
  path: Packages/com.unity.mathematics/Tests/Tests/Shared/TestUint4x3.gen.cs
  artifactKey: Guid(2459d4a10dea40e469cb5f05b3fa80c2) Importer(2089858483,b0f066a214c2f5e87bad3c948f4d605d)
Start importing Packages/com.unity.mathematics/Tests/Tests/Shared/TestUint4x3.gen.cs using Guid(2459d4a10dea40e469cb5f05b3fa80c2) Importer(2089858483,b0f066a214c2f5e87bad3c948f4d605d) (ScriptedImporter) -> (artifact id: '16becc44706c601a82dbe4d7d057373f') in 0.0081276 seconds
Number of updated asset objects reloaded before import = 0Number of asset objects unloaded after import = 0

========================================================================
Received Import Request.
  Time since last request: 0.000026 seconds.
  path: Packages/com.unity.searcher/Editor/Resources/FlatSkin/Font/Roboto-Black.ttf
  artifactKey: Guid(1062c701058745940ae5dca6219c64c8) Importer(2089858483,b0f066a214c2f5e87bad3c948f4d605d)
Start importing Packages/com.unity.searcher/Editor/Resources/FlatSkin/Font/Roboto-Black.ttf using Guid(1062c701058745940ae5dca6219c64c8) Importer(2089858483,b0f066a214c2f5e87bad3c948f4d605d) (ScriptedImporter) -> (artifact id: '44d5701a310907907b4f2172eb79f6bb') in 0.0108417 seconds
Number of updated asset objects reloaded before import = 0Number of asset objects unloaded after import = 3

========================================================================
Received Import Request.
  Time since last request: 0.000029 seconds.
  path: Packages/com.unity.searcher/Editor/Searcher/SearcherDatabaseBase.cs
  artifactKey: Guid(20f869e4fe46bb44a8b56a58904e705c) Importer(2089858483,b0f066a214c2f5e87bad3c948f4d605d)
Start importing Packages/com.unity.searcher/Editor/Searcher/SearcherDatabaseBase.cs using Guid(20f869e4fe46bb44a8b56a58904e705c) Importer(2089858483,b0f066a214c2f5e87bad3c948f4d605d) (ScriptedImporter) -> (artifact id: 'aab550f7e7f7cc21a8ce4d6d456c72f8') in 0.0069692 seconds
Number of updated asset objects reloaded before import = 0Number of asset objects unloaded after import = 0

========================================================================
Received Import Request.
  Time since last request: 0.000018 seconds.
  path: Packages/com.unity.searcher/Editor/Resources/SearcherItem.uxml
  artifactKey: Guid(793d6318ba59ca94381b936836fe697d) Importer(2089858483,b0f066a214c2f5e87bad3c948f4d605d)
Start importing Packages/com.unity.searcher/Editor/Resources/SearcherItem.uxml using Guid(793d6318ba59ca94381b936836fe697d) Importer(2089858483,b0f066a214c2f5e87bad3c948f4d605d) (ScriptedImporter) -> (artifact id: '2d7472cbb77155398080446c47781a06') in 0.0120765 seconds
Number of updated asset objects reloaded before import = 0Number of asset objects unloaded after import = 2

========================================================================
Received Import Request.
  Time since last request: 0.000024 seconds.
  path: Packages/com.unity.2d.common/Runtime/AssemblyInfo.cs
  artifactKey: Guid(cb006e3fa37420b42b3673eef90cd4b5) Importer(2089858483,b0f066a214c2f5e87bad3c948f4d605d)
Start importing Packages/com.unity.2d.common/Runtime/AssemblyInfo.cs using Guid(cb006e3fa37420b42b3673eef90cd4b5) Importer(2089858483,b0f066a214c2f5e87bad3c948f4d605d) (ScriptedImporter) -> (artifact id: 'c56cb65a607879868fb73a0c306b4de0') in 0.0083748 seconds
Number of updated asset objects reloaded before import = 0Number of asset objects unloaded after import = 0

========================================================================
Received Import Request.
  Time since last request: 0.000028 seconds.
  path: Packages/com.unity.2d.common/Editor/ScriptablePacker/SpriteAtlasGeometryPacker.asset
  artifactKey: Guid(c40c2d7ca127c0243a5c4254595d2869) Importer(2089858483,b0f066a214c2f5e87bad3c948f4d605d)
Start importing Packages/com.unity.2d.common/Editor/ScriptablePacker/SpriteAtlasGeometryPacker.asset using Guid(c40c2d7ca127c0243a5c4254595d2869) Importer(2089858483,b0f066a214c2f5e87bad3c948f4d605d) (ScriptedImporter) -> (artifact id: '8061f5f9662e5f362290e6b7cc90bfad') in 0.0091869 seconds
Number of updated asset objects reloaded before import = 0Number of asset objects unloaded after import = 1

========================================================================
Received Import Request.
  Time since last request: 0.000016 seconds.
  path: Packages/com.unity.2d.common/Runtime/UTess2D/UHull.cs
  artifactKey: Guid(fa634564b74fbc74fa10950e7ac8e8d8) Importer(2089858483,b0f066a214c2f5e87bad3c948f4d605d)
Start importing Packages/com.unity.2d.common/Runtime/UTess2D/UHull.cs using Guid(fa634564b74fbc74fa10950e7ac8e8d8) Importer(2089858483,b0f066a214c2f5e87bad3c948f4d605d) (ScriptedImporter) -> (artifact id: '915ab26104f97fb614edc8ee7f97e8ed') in 0.0072585 seconds
Number of updated asset objects reloaded before import = 0Number of asset objects unloaded after import = 0

========================================================================
Received Import Request.
  Time since last request: 0.000019 seconds.
  path: Packages/com.unity.2d.common/Editor/TextureGenerator/TextureGeneratorHelper.cs
  artifactKey: Guid(f4f814197752ea84db033f3822b113b2) Importer(2089858483,b0f066a214c2f5e87bad3c948f4d605d)
Start importing Packages/com.unity.2d.common/Editor/TextureGenerator/TextureGeneratorHelper.cs using Guid(f4f814197752ea84db033f3822b113b2) Importer(2089858483,b0f066a214c2f5e87bad3c948f4d605d) (ScriptedImporter) -> (artifact id: '3acc11bddca8e00a9c7e61c10ac9c2d0') in 0.006526 seconds
Number of updated asset objects reloaded before import = 0Number of asset objects unloaded after import = 0

========================================================================
Received Import Request.
  Time since last request: 0.000025 seconds.
  path: Packages/com.unity.2d.common/Editor/InternalBridge/SpriteEditorModuleModeBase.cs
  artifactKey: Guid(657c718566f84e1eb27528e98b7eb83e) Importer(2089858483,b0f066a214c2f5e87bad3c948f4d605d)
Start importing Packages/com.unity.2d.common/Editor/InternalBridge/SpriteEditorModuleModeBase.cs using Guid(657c718566f84e1eb27528e98b7eb83e) Importer(2089858483,b0f066a214c2f5e87bad3c948f4d605d) (ScriptedImporter) -> (artifact id: 'c88e7c09c62a552474e82b1258a5df5a') in 0.006157 seconds
Number of updated asset objects reloaded before import = 0Number of asset objects unloaded after import = 0

========================================================================
Received Import Request.
  Time since last request: 0.000016 seconds.
  path: Packages/com.unity.2d.common/package.json
  artifactKey: Guid(68f1917ec3cac45b080c26153375c2bb) Importer(2089858483,b0f066a214c2f5e87bad3c948f4d605d)
Start importing Packages/com.unity.2d.common/package.json using Guid(68f1917ec3cac45b080c26153375c2bb) Importer(2089858483,b0f066a214c2f5e87bad3c948f4d605d) (ScriptedImporter) -> (artifact id: 'a205740ac9f7f12f1d6e5697a69655d1') in 0.0064569 seconds
Number of updated asset objects reloaded before import = 0Number of asset objects unloaded after import = 1

========================================================================
Received Import Request.
  Time since last request: 0.000019 seconds.
  path: Packages/com.unity.2d.common/README.md
  artifactKey: Guid(fef9ee9b48f7a45aaa6991afe5f95a2b) Importer(2089858483,b0f066a214c2f5e87bad3c948f4d605d)
Start importing Packages/com.unity.2d.common/README.md using Guid(fef9ee9b48f7a45aaa6991afe5f95a2b) Importer(2089858483,b0f066a214c2f5e87bad3c948f4d605d) (ScriptedImporter) -> (artifact id: '2d476521298d7180321de7c5b77b879e') in 0.0069541 seconds
Number of updated asset objects reloaded before import = 0Number of asset objects unloaded after import = 1

========================================================================
Received Import Request.
  Time since last request: 0.000026 seconds.
  path: Packages/com.unity.searcher/Editor/Resources/FlatSkin/Font/Roboto-ThinItalic.ttf
  artifactKey: Guid(b2ea3b3f1765e544b9eb5bd1a93a91ce) Importer(2089858483,b0f066a214c2f5e87bad3c948f4d605d)
Start importing Packages/com.unity.searcher/Editor/Resources/FlatSkin/Font/Roboto-ThinItalic.ttf using Guid(b2ea3b3f1765e544b9eb5bd1a93a91ce) Importer(2089858483,b0f066a214c2f5e87bad3c948f4d605d) (ScriptedImporter) -> (artifact id: '5023f9d4495e5cdcc6c5e8845b3d24d6') in 0.0101604 seconds
Number of updated asset objects reloaded before import = 0Number of asset objects unloaded after import = 3

========================================================================
Received Import Request.
  Time since last request: 0.000019 seconds.
  path: Packages/com.unity.2d.common/Editor/InternalBridge/InternalBridgeDef.asmdef
  artifactKey: Guid(ce6baade223984afda3f24c7fca12584) Importer(2089858483,b0f066a214c2f5e87bad3c948f4d605d)
Start importing Packages/com.unity.2d.common/Editor/InternalBridge/InternalBridgeDef.asmdef using Guid(ce6baade223984afda3f24c7fca12584) Importer(2089858483,b0f066a214c2f5e87bad3c948f4d605d) (ScriptedImporter) -> (artifact id: '04c5218bddc773d503e9bb8ec9535063') in 0.0063129 seconds
Number of updated asset objects reloaded before import = 0Number of asset objects unloaded after import = 1

========================================================================
Received Import Request.
  Time since last request: 0.000019 seconds.
  path: Packages/com.unity.2d.common/Runtime/UTess2D/Smoothen.cs
  artifactKey: Guid(369732f07c14c2346a9fb3f989cd9630) Importer(2089858483,b0f066a214c2f5e87bad3c948f4d605d)
Start importing Packages/com.unity.2d.common/Runtime/UTess2D/Smoothen.cs using Guid(369732f07c14c2346a9fb3f989cd9630) Importer(2089858483,b0f066a214c2f5e87bad3c948f4d605d) (ScriptedImporter) -> (artifact id: '37ebfb74f70e807dfa8607d783f76ca6') in 0.0060612 seconds
Number of updated asset objects reloaded before import = 0Number of asset objects unloaded after import = 0

========================================================================
Received Import Request.
  Time since last request: 0.000027 seconds.
  path: Packages/com.unity.2d.common/Editor/InspectorUtils.cs
  artifactKey: Guid(4d951193f45a4d82985f6bdfdb569b44) Importer(2089858483,b0f066a214c2f5e87bad3c948f4d605d)
Start importing Packages/com.unity.2d.common/Editor/InspectorUtils.cs using Guid(4d951193f45a4d82985f6bdfdb569b44) Importer(2089858483,b0f066a214c2f5e87bad3c948f4d605d) (ScriptedImporter) -> (artifact id: 'c46518de67e7bfc5bd7874190db5912f') in 0.0069162 seconds
Number of updated asset objects reloaded before import = 0Number of asset objects unloaded after import = 0

========================================================================
Received Import Request.
  Time since last request: 0.000017 seconds.
  path: Packages/com.unity.2d.common/Path/Editor/AssemblyInfo.cs
  artifactKey: Guid(c394269b2dc8e4961b3cb2907fc37eed) Importer(2089858483,b0f066a214c2f5e87bad3c948f4d605d)
Start importing Packages/com.unity.2d.common/Path/Editor/AssemblyInfo.cs using Guid(c394269b2dc8e4961b3cb2907fc37eed) Importer(2089858483,b0f066a214c2f5e87bad3c948f4d605d) (ScriptedImporter) -> (artifact id: 'c52b711f170edd42afc809ee863e4787') in 0.0064845 seconds
Number of updated asset objects reloaded before import = 0Number of asset objects unloaded after import = 0

========================================================================
Received Import Request.
  Time since last request: 0.000018 seconds.
  path: Packages/com.unity.2d.common/Runtime/InternalBridge/AssemblyInfo.cs
  artifactKey: Guid(031a31877f2d04a4dac4146c804dbde9) Importer(2089858483,b0f066a214c2f5e87bad3c948f4d605d)
Start importing Packages/com.unity.2d.common/Runtime/InternalBridge/AssemblyInfo.cs using Guid(031a31877f2d04a4dac4146c804dbde9) Importer(2089858483,b0f066a214c2f5e87bad3c948f4d605d) (ScriptedImporter) -> (artifact id: '642fb72a2004a43059ec1a8486435606') in 0.0061833 seconds
Number of updated asset objects reloaded before import = 0Number of asset objects unloaded after import = 0

========================================================================
Received Import Request.
  Time since last request: 0.000027 seconds.
  path: Packages/com.unity.2d.common/Runtime/UTess2D/UTess.cs
  artifactKey: Guid(be51d0bbfd1694f4ea19424f19455189) Importer(2089858483,b0f066a214c2f5e87bad3c948f4d605d)
Start importing Packages/com.unity.2d.common/Runtime/UTess2D/UTess.cs using Guid(be51d0bbfd1694f4ea19424f19455189) Importer(2089858483,b0f066a214c2f5e87bad3c948f4d605d) (ScriptedImporter) -> (artifact id: '75ca22148d23def5eaf463a370e6fe0b') in 0.0069581 seconds
Number of updated asset objects reloaded before import = 0Number of asset objects unloaded after import = 0

========================================================================
Received Import Request.
  Time since last request: 0.000021 seconds.
  path: Packages/com.unity.2d.common/Editor/VisualElementExtensions.cs
  artifactKey: Guid(63a168f3fcb899c438f953c5e064a1b9) Importer(2089858483,b0f066a214c2f5e87bad3c948f4d605d)
Start importing Packages/com.unity.2d.common/Editor/VisualElementExtensions.cs using Guid(63a168f3fcb899c438f953c5e064a1b9) Importer(2089858483,b0f066a214c2f5e87bad3c948f4d605d) (ScriptedImporter) -> (artifact id: '81aca4cecf97a0becdb423dbb4d12c4b') in 0.0067655 seconds
Number of updated asset objects reloaded before import = 0Number of asset objects unloaded after import = 0

========================================================================
Received Import Request.
  Time since last request: 0.000020 seconds.
  path: Packages/com.unity.2d.common/Editor/InternalBridge/SpriteFrameModeToolStripBase.cs
  artifactKey: Guid(289829ffefda4e33a89798cc28263725) Importer(2089858483,b0f066a214c2f5e87bad3c948f4d605d)
Start importing Packages/com.unity.2d.common/Editor/InternalBridge/SpriteFrameModeToolStripBase.cs using Guid(289829ffefda4e33a89798cc28263725) Importer(2089858483,b0f066a214c2f5e87bad3c948f4d605d) (ScriptedImporter) -> (artifact id: '45b2088ee714bf976b1c5aa84b08ee22') in 0.0073174 seconds
Number of updated asset objects reloaded before import = 0Number of asset objects unloaded after import = 0

========================================================================
Received Import Request.
  Time since last request: 0.000030 seconds.
  path: Packages/com.unity.2d.common/Editor/ImagePacker/ImagePackNode.cs
  artifactKey: Guid(488b804e650114066b55d51eefc85775) Importer(2089858483,b0f066a214c2f5e87bad3c948f4d605d)
Start importing Packages/com.unity.2d.common/Editor/ImagePacker/ImagePackNode.cs using Guid(488b804e650114066b55d51eefc85775) Importer(2089858483,b0f066a214c2f5e87bad3c948f4d605d) (ScriptedImporter) -> (artifact id: '46c9d81ec4e2f19e5c9f750eb73e6dc8') in 0.0070067 seconds
Number of updated asset objects reloaded before import = 0Number of asset objects unloaded after import = 0

========================================================================
Received Import Request.
  Time since last request: 0.000019 seconds.
  path: Packages/com.unity.2d.common/Path/Editor/UserSettings.cs
  artifactKey: Guid(47c16fe602b307948b795c35fa79eb13) Importer(2089858483,b0f066a214c2f5e87bad3c948f4d605d)
Start importing Packages/com.unity.2d.common/Path/Editor/UserSettings.cs using Guid(47c16fe602b307948b795c35fa79eb13) Importer(2089858483,b0f066a214c2f5e87bad3c948f4d605d) (ScriptedImporter) -> (artifact id: '68239768502ff7e1fcd7c827fc03cd18') in 0.0064831 seconds
Number of updated asset objects reloaded before import = 0Number of asset objects unloaded after import = 0

========================================================================
Received Import Request.
  Time since last request: 0.000020 seconds.
  path: Packages/com.unity.modules.androidjni/package.ModuleCompilationTrigger
  artifactKey: Guid(c82e859b16636ddd2ca4a1f63fd34938) Importer(2089858483,b0f066a214c2f5e87bad3c948f4d605d)
Start importing Packages/com.unity.modules.androidjni/package.ModuleCompilationTrigger using Guid(c82e859b16636ddd2ca4a1f63fd34938) Importer(2089858483,b0f066a214c2f5e87bad3c948f4d605d) (ScriptedImporter) -> (artifact id: 'ce284b501e298e5d5e35a4538a2a80b8') in 0.00571 seconds
Number of updated asset objects reloaded before import = 0Number of asset objects unloaded after import = 1

========================================================================
Received Import Request.
  Time since last request: 0.000029 seconds.
  path: Packages/com.unity.2d.common/Editor/DebugTools/PlayerLoopInspector.cs
  artifactKey: Guid(90f8cb564e79431284c8c2871d2c664a) Importer(2089858483,b0f066a214c2f5e87bad3c948f4d605d)
Start importing Packages/com.unity.2d.common/Editor/DebugTools/PlayerLoopInspector.cs using Guid(90f8cb564e79431284c8c2871d2c664a) Importer(2089858483,b0f066a214c2f5e87bad3c948f4d605d) (ScriptedImporter) -> (artifact id: '44d637364ccc7de82a633b5757b5feaa') in 0.0079188 seconds
Number of updated asset objects reloaded before import = 0Number of asset objects unloaded after import = 0

========================================================================
Received Import Request.
  Time since last request: 0.000016 seconds.
  path: Packages/com.unity.2d.common/Path/Editor/EditablePath/BezierUtility.cs
  artifactKey: Guid(e5e3ba1225f594f54ba207cd108d2d69) Importer(2089858483,b0f066a214c2f5e87bad3c948f4d605d)
Start importing Packages/com.unity.2d.common/Path/Editor/EditablePath/BezierUtility.cs using Guid(e5e3ba1225f594f54ba207cd108d2d69) Importer(2089858483,b0f066a214c2f5e87bad3c948f4d605d) (ScriptedImporter) -> (artifact id: '6d144d66a477ae3657f76cae2a9c9ed8') in 0.0066699 seconds
Number of updated asset objects reloaded before import = 0Number of asset objects unloaded after import = 0

========================================================================
Received Import Request.
  Time since last request: 0.000019 seconds.
  path: Packages/com.unity.searcher/CHANGELOG.md
  artifactKey: Guid(0ce03cb7950ade54ab84650691ce7a38) Importer(2089858483,b0f066a214c2f5e87bad3c948f4d605d)
Start importing Packages/com.unity.searcher/CHANGELOG.md using Guid(0ce03cb7950ade54ab84650691ce7a38) Importer(2089858483,b0f066a214c2f5e87bad3c948f4d605d) (ScriptedImporter) -> (artifact id: 'ae4aa793001f71dedf98975cbfe7753e') in 0.0070679 seconds
Number of updated asset objects reloaded before import = 0Number of asset objects unloaded after import = 1

========================================================================
Received Import Request.
  Time since last request: 0.000027 seconds.
  path: Packages/com.unity.modules.androidjni/package.json
  artifactKey: Guid(bd1af0a6633ee94ae21c7d1d702cdc12) Importer(2089858483,b0f066a214c2f5e87bad3c948f4d605d)
Start importing Packages/com.unity.modules.androidjni/package.json using Guid(bd1af0a6633ee94ae21c7d1d702cdc12) Importer(2089858483,b0f066a214c2f5e87bad3c948f4d605d) (ScriptedImporter) -> (artifact id: '8e91c2292b564bf295d041d1fdf29c19') in 0.00642 seconds
Number of updated asset objects reloaded before import = 0Number of asset objects unloaded after import = 1

========================================================================
Received Import Request.
  Time since last request: 0.000015 seconds.
  path: Packages/com.unity.mathematics/Tests/Tests/Shared/TestInt4x2.gen.cs
  artifactKey: Guid(a22ace1f6a955624aa145878a9d31bd2) Importer(2089858483,b0f066a214c2f5e87bad3c948f4d605d)
Start importing Packages/com.unity.mathematics/Tests/Tests/Shared/TestInt4x2.gen.cs using Guid(a22ace1f6a955624aa145878a9d31bd2) Importer(2089858483,b0f066a214c2f5e87bad3c948f4d605d) (ScriptedImporter) -> (artifact id: 'a534fe72682deec12ede8989f2649209') in 0.0058987 seconds
Number of updated asset objects reloaded before import = 0Number of asset objects unloaded after import = 0

========================================================================
Received Import Request.
  Time since last request: 0.000019 seconds.
  path: Packages/com.unity.mathematics/Unity.Mathematics/Noise/classicnoise3D.cs
  artifactKey: Guid(ab5efd242473d4ce9b3d98450681549c) Importer(2089858483,b0f066a214c2f5e87bad3c948f4d605d)
Start importing Packages/com.unity.mathematics/Unity.Mathematics/Noise/classicnoise3D.cs using Guid(ab5efd242473d4ce9b3d98450681549c) Importer(2089858483,b0f066a214c2f5e87bad3c948f4d605d) (ScriptedImporter) -> (artifact id: '5763357fa282eae94fc6857191ad29d1') in 0.0058791 seconds
Number of updated asset objects reloaded before import = 0Number of asset objects unloaded after import = 0

========================================================================
Received Import Request.
  Time since last request: 0.000034 seconds.
  path: Packages/com.unity.2d.common/Path/Editor/EditablePath/IEditablePathController.cs
  artifactKey: Guid(f082b41644e404df69242fcd0ca2ff3c) Importer(2089858483,b0f066a214c2f5e87bad3c948f4d605d)
Start importing Packages/com.unity.2d.common/Path/Editor/EditablePath/IEditablePathController.cs using Guid(f082b41644e404df69242fcd0ca2ff3c) Importer(2089858483,b0f066a214c2f5e87bad3c948f4d605d) (ScriptedImporter) -> (artifact id: '06a3852d5dedee59e35d68d5f7e7948d') in 0.0068462 seconds
Number of updated asset objects reloaded before import = 0Number of asset objects unloaded after import = 0

========================================================================
Received Import Request.
  Time since last request: 0.000017 seconds.
  path: Packages/com.unity.render-pipelines.core/LICENSE.md
  artifactKey: Guid(ba4b5cdf8466e485ab792e0e4e45af25) Importer(2089858483,b0f066a214c2f5e87bad3c948f4d605d)
Start importing Packages/com.unity.render-pipelines.core/LICENSE.md using Guid(ba4b5cdf8466e485ab792e0e4e45af25) Importer(2089858483,b0f066a214c2f5e87bad3c948f4d605d) (ScriptedImporter) -> (artifact id: '861ca190bb59afa28fbe4583458fe3ac') in 0.0064848 seconds
Number of updated asset objects reloaded before import = 0Number of asset objects unloaded after import = 1

========================================================================
Received Import Request.
  Time since last request: 0.000020 seconds.
  path: Packages/com.unity.2d.common/Path/Editor/IMGUI/GUIFramework/Control.cs
  artifactKey: Guid(30cd9a00cfd8f49a7bc262f7a63fd31a) Importer(2089858483,b0f066a214c2f5e87bad3c948f4d605d)
Start importing Packages/com.unity.2d.common/Path/Editor/IMGUI/GUIFramework/Control.cs using Guid(30cd9a00cfd8f49a7bc262f7a63fd31a) Importer(2089858483,b0f066a214c2f5e87bad3c948f4d605d) (ScriptedImporter) -> (artifact id: 'a3c95ec589f2b78f24b206c00e6cd864') in 0.0066795 seconds
Number of updated asset objects reloaded before import = 0Number of asset objects unloaded after import = 0

========================================================================
Received Import Request.
  Time since last request: 0.000036 seconds.
  path: Packages/com.unity.2d.common/Path/Editor/Handles/TangentContinuous.png
  artifactKey: Guid(f180c07cee9924980a0af50a95afe6b2) Importer(2089858483,b0f066a214c2f5e87bad3c948f4d605d)
Start importing Packages/com.unity.2d.common/Path/Editor/Handles/TangentContinuous.png using Guid(f180c07cee9924980a0af50a95afe6b2) Importer(2089858483,b0f066a214c2f5e87bad3c948f4d605d) (ScriptedImporter) -> (artifact id: 'b3cd48005171ac592816ab089cd3bf4e') in 0.0162907 seconds
Number of updated asset objects reloaded before import = 0Number of asset objects unloaded after import = 3

========================================================================
Received Import Request.
  Time since last request: 0.000018 seconds.
  path: Packages/com.unity.2d.common/Path/Editor/EditorTool/ScriptableData.cs
  artifactKey: Guid(3ea5d335f43cf405cb4996d129ed7953) Importer(2089858483,b0f066a214c2f5e87bad3c948f4d605d)
Start importing Packages/com.unity.2d.common/Path/Editor/EditorTool/ScriptableData.cs using Guid(3ea5d335f43cf405cb4996d129ed7953) Importer(2089858483,b0f066a214c2f5e87bad3c948f4d605d) (ScriptedImporter) -> (artifact id: '5874b430c346ee97853a639df70459e7') in 0.0066926 seconds
Number of updated asset objects reloaded before import = 0Number of asset objects unloaded after import = 0

========================================================================
Received Import Request.
  Time since last request: 0.000021 seconds.
  path: Packages/com.unity.render-pipelines.core/package.json
  artifactKey: Guid(753d1ac2429a21a44ac5f937cbbb409f) Importer(2089858483,b0f066a214c2f5e87bad3c948f4d605d)
Start importing Packages/com.unity.render-pipelines.core/package.json using Guid(753d1ac2429a21a44ac5f937cbbb409f) Importer(2089858483,b0f066a214c2f5e87bad3c948f4d605d) (ScriptedImporter) -> (artifact id: 'cf581fad9d99e5b2e83552265169431c') in 0.00655 seconds
Number of updated asset objects reloaded before import = 0Number of asset objects unloaded after import = 1

========================================================================
Received Import Request.
  Time since last request: 0.000029 seconds.
  path: Packages/com.unity.render-pipelines.core/Editor/BuildTargetExtensions.cs
  artifactKey: Guid(2e78621c9df5d0b4d884d48b1ded36c8) Importer(2089858483,b0f066a214c2f5e87bad3c948f4d605d)
Start importing Packages/com.unity.render-pipelines.core/Editor/BuildTargetExtensions.cs using Guid(2e78621c9df5d0b4d884d48b1ded36c8) Importer(2089858483,b0f066a214c2f5e87bad3c948f4d605d) (ScriptedImporter) -> (artifact id: '094446f003064a6f3285a2eb0d408b67') in 0.0066214 seconds
Number of updated asset objects reloaded before import = 0Number of asset objects unloaded after import = 0

========================================================================
Received Import Request.
  Time since last request: 0.000020 seconds.
  path: Packages/com.unity.2d.common/Path/Editor/Handles/ShapeTool.png
  artifactKey: Guid(2fd4f13c38edc483ba5fce64269a434a) Importer(2089858483,b0f066a214c2f5e87bad3c948f4d605d)
Start importing Packages/com.unity.2d.common/Path/Editor/Handles/ShapeTool.png using Guid(2fd4f13c38edc483ba5fce64269a434a) Importer(2089858483,b0f066a214c2f5e87bad3c948f4d605d) (ScriptedImporter) -> (artifact id: 'b379b71f5102b5e6c82b7bbb74e95591') in 0.0162847 seconds
Number of updated asset objects reloaded before import = 0Number of asset objects unloaded after import = 3

========================================================================
Received Import Request.
  Time since last request: 0.000026 seconds.
  path: Packages/com.unity.render-pipelines.core/Editor/CoreEditorStyles.cs
  artifactKey: Guid(106fd77ef6b30234597e56c849578bad) Importer(2089858483,b0f066a214c2f5e87bad3c948f4d605d)
Start importing Packages/com.unity.render-pipelines.core/Editor/CoreEditorStyles.cs using Guid(106fd77ef6b30234597e56c849578bad) Importer(2089858483,b0f066a214c2f5e87bad3c948f4d605d) (ScriptedImporter) -> (artifact id: '90fcd8b1865cbc35c327b07548d94f95') in 0.0068207 seconds
Number of updated asset objects reloaded before import = 0Number of asset objects unloaded after import = 0

========================================================================
Received Import Request.
  Time since last request: 0.000029 seconds.
  path: Packages/com.unity.2d.common/Path/Editor/IMGUI/GUIFramework/LayoutData.cs
  artifactKey: Guid(9daf05f2d28af48a8b868323c9fd4c35) Importer(2089858483,b0f066a214c2f5e87bad3c948f4d605d)
Start importing Packages/com.unity.2d.common/Path/Editor/IMGUI/GUIFramework/LayoutData.cs using Guid(9daf05f2d28af48a8b868323c9fd4c35) Importer(2089858483,b0f066a214c2f5e87bad3c948f4d605d) (ScriptedImporter) -> (artifact id: 'eebb5a7121a5bb0bebd2d9e89a4b32f9') in 0.0077868 seconds
Number of updated asset objects reloaded before import = 0Number of asset objects unloaded after import = 0

========================================================================
Received Import Request.
  Time since last request: 0.000025 seconds.
  path: Packages/com.unity.2d.common/Path/Editor/EditorTool/ScriptablePath.cs
  artifactKey: Guid(380fa4376c2924eee953520080e33491) Importer(2089858483,b0f066a214c2f5e87bad3c948f4d605d)
Start importing Packages/com.unity.2d.common/Path/Editor/EditorTool/ScriptablePath.cs using Guid(380fa4376c2924eee953520080e33491) Importer(2089858483,b0f066a214c2f5e87bad3c948f4d605d) (ScriptedImporter) -> (artifact id: '919c45ad94a1bea2a1bf31ede1af6159') in 0.008115 seconds
Number of updated asset objects reloaded before import = 0Number of asset objects unloaded after import = 0

========================================================================
Received Import Request.
  Time since last request: 0.000020 seconds.
  path: Packages/com.unity.2d.common/Path/Editor/EditablePath/IEditablePath.cs
  artifactKey: Guid(587cb59b5e311496da879dbc16a199c6) Importer(2089858483,b0f066a214c2f5e87bad3c948f4d605d)
Start importing Packages/com.unity.2d.common/Path/Editor/EditablePath/IEditablePath.cs using Guid(587cb59b5e311496da879dbc16a199c6) Importer(2089858483,b0f066a214c2f5e87bad3c948f4d605d) (ScriptedImporter) -> (artifact id: '2438c30a33edff01595d571becefaa70') in 0.0064576 seconds
Number of updated asset objects reloaded before import = 0Number of asset objects unloaded after import = 0

========================================================================
Received Import Request.
  Time since last request: 0.000030 seconds.
  path: Packages/com.unity.2d.common/Path/Editor/EditablePath/Snapping.cs
  artifactKey: Guid(1fcd0535342524539878e27ba66418f6) Importer(2089858483,b0f066a214c2f5e87bad3c948f4d605d)
Start importing Packages/com.unity.2d.common/Path/Editor/EditablePath/Snapping.cs using Guid(1fcd0535342524539878e27ba66418f6) Importer(2089858483,b0f066a214c2f5e87bad3c948f4d605d) (ScriptedImporter) -> (artifact id: '5cab0dad16876c6b755a76dfb9e61788') in 0.0058422 seconds
Number of updated asset objects reloaded before import = 0Number of asset objects unloaded after import = 0

========================================================================
Received Import Request.
  Time since last request: 0.000024 seconds.
  path: Packages/com.unity.2d.common/Path/Editor/Handles/TangentBroken.png
  artifactKey: Guid(fe95aee6edcd44a18bb5f5ff8269e300) Importer(2089858483,b0f066a214c2f5e87bad3c948f4d605d)
Start importing Packages/com.unity.2d.common/Path/Editor/Handles/TangentBroken.png using Guid(fe95aee6edcd44a18bb5f5ff8269e300) Importer(2089858483,b0f066a214c2f5e87bad3c948f4d605d) (ScriptedImporter) -> (artifact id: 'fa696c248fd05ce4c3224248278d2174') in 0.0196772 seconds
Number of updated asset objects reloaded before import = 0Number of asset objects unloaded after import = 3

========================================================================
Received Import Request.
  Time since last request: 0.000022 seconds.
  path: Packages/com.unity.render-pipelines.core/Editor/EditorPrefBoolFlags.cs
  artifactKey: Guid(1f766cc928a2d60469867f03d60c9f01) Importer(2089858483,b0f066a214c2f5e87bad3c948f4d605d)
Start importing Packages/com.unity.render-pipelines.core/Editor/EditorPrefBoolFlags.cs using Guid(1f766cc928a2d60469867f03d60c9f01) Importer(2089858483,b0f066a214c2f5e87bad3c948f4d605d) (ScriptedImporter) -> (artifact id: '4c0973b8b075f7c0da1bc596b69d5fd2') in 0.0076984 seconds
Number of updated asset objects reloaded before import = 0Number of asset objects unloaded after import = 0

========================================================================
Received Import Request.
  Time since last request: 0.000035 seconds.
  path: Packages/com.unity.2d.common/Path/Editor/Shapes/IShape.cs
  artifactKey: Guid(32e9ec565719246d0a4a348303163c28) Importer(2089858483,b0f066a214c2f5e87bad3c948f4d605d)
Start importing Packages/com.unity.2d.common/Path/Editor/Shapes/IShape.cs using Guid(32e9ec565719246d0a4a348303163c28) Importer(2089858483,b0f066a214c2f5e87bad3c948f4d605d) (ScriptedImporter) -> (artifact id: 'd52a163ad984fc238152e2a67f3a6a89') in 0.0064612 seconds
Number of updated asset objects reloaded before import = 0Number of asset objects unloaded after import = 0

========================================================================
Received Import Request.
  Time since last request: 0.000018 seconds.
  path: Packages/com.unity.2d.common/Path/Editor/Selection/IndexedSelection.cs
  artifactKey: Guid(edb13435316a441ca9fe49fb8808e9b5) Importer(2089858483,b0f066a214c2f5e87bad3c948f4d605d)
Start importing Packages/com.unity.2d.common/Path/Editor/Selection/IndexedSelection.cs using Guid(edb13435316a441ca9fe49fb8808e9b5) Importer(2089858483,b0f066a214c2f5e87bad3c948f4d605d) (ScriptedImporter) -> (artifact id: 'aec83be39173a46698becb0e2f1eabf6') in 0.0065104 seconds
Number of updated asset objects reloaded before import = 0Number of asset objects unloaded after import = 0

========================================================================
Received Import Request.
  Time since last request: 0.000020 seconds.
  path: Packages/com.unity.2d.common/Path/Editor/IMGUI/PathEditor.cs
  artifactKey: Guid(c1fb6449b0f3e438788093548d10bf57) Importer(2089858483,b0f066a214c2f5e87bad3c948f4d605d)
Start importing Packages/com.unity.2d.common/Path/Editor/IMGUI/PathEditor.cs using Guid(c1fb6449b0f3e438788093548d10bf57) Importer(2089858483,b0f066a214c2f5e87bad3c948f4d605d) (ScriptedImporter) -> (artifact id: '95ff4a3d7ec18c5b099e64d6dcd5d1af') in 0.0071187 seconds
Number of updated asset objects reloaded before import = 0Number of asset objects unloaded after import = 0

========================================================================
Received Import Request.
  Time since last request: 0.000034 seconds.
  path: Packages/com.unity.2d.common/Path/Editor/EditorTool/PathEditorTool.cs
  artifactKey: Guid(9e7f6390ab954457fbc8900e7e886410) Importer(2089858483,b0f066a214c2f5e87bad3c948f4d605d)
Start importing Packages/com.unity.2d.common/Path/Editor/EditorTool/PathEditorTool.cs using Guid(9e7f6390ab954457fbc8900e7e886410) Importer(2089858483,b0f066a214c2f5e87bad3c948f4d605d) (ScriptedImporter) -> (artifact id: '543f6dfb8196a870b8d00ade9510c11a') in 0.0066775 seconds
Number of updated asset objects reloaded before import = 0Number of asset objects unloaded after import = 0

========================================================================
Received Import Request.
  Time since last request: 0.000016 seconds.
  path: Packages/com.unity.2d.common/Path/Editor/Shapes/Polygon.cs
  artifactKey: Guid(54781f6c2aca9442aa5976c5eda00707) Importer(2089858483,b0f066a214c2f5e87bad3c948f4d605d)
Start importing Packages/com.unity.2d.common/Path/Editor/Shapes/Polygon.cs using Guid(54781f6c2aca9442aa5976c5eda00707) Importer(2089858483,b0f066a214c2f5e87bad3c948f4d605d) (ScriptedImporter) -> (artifact id: 'd948397ad7f24f9c11311146074af1c7') in 0.006803 seconds
Number of updated asset objects reloaded before import = 0Number of asset objects unloaded after import = 0

========================================================================
Received Import Request.
  Time since last request: 0.000021 seconds.
  path: Packages/com.unity.2d.common/Path/Editor/EditablePath/MultipleEditablePathController.cs
  artifactKey: Guid(cabd7abce6fcb401aa6818f59730d829) Importer(2089858483,b0f066a214c2f5e87bad3c948f4d605d)
Start importing Packages/com.unity.2d.common/Path/Editor/EditablePath/MultipleEditablePathController.cs using Guid(cabd7abce6fcb401aa6818f59730d829) Importer(2089858483,b0f066a214c2f5e87bad3c948f4d605d) (ScriptedImporter) -> (artifact id: '4d67947bd3397e83e3bc0b641c6b8929') in 0.0063589 seconds
Number of updated asset objects reloaded before import = 0Number of asset objects unloaded after import = 0

========================================================================
Received Import Request.
  Time since last request: 0.000028 seconds.
  path: Packages/com.unity.render-pipelines.core/Editor/AssemblyInfo.cs
  artifactKey: Guid(bfa722e189cafe743b7884ff1953f0b9) Importer(2089858483,b0f066a214c2f5e87bad3c948f4d605d)
Start importing Packages/com.unity.render-pipelines.core/Editor/AssemblyInfo.cs using Guid(bfa722e189cafe743b7884ff1953f0b9) Importer(2089858483,b0f066a214c2f5e87bad3c948f4d605d) (ScriptedImporter) -> (artifact id: '39bb3b09b66af6cf3553b8a7966c20b3') in 0.0063126 seconds
Number of updated asset objects reloaded before import = 0Number of asset objects unloaded after import = 0

========================================================================
Received Import Request.
  Time since last request: 0.000016 seconds.
  path: Packages/com.unity.2d.common/Path/Editor/IMGUI/GUIFramework/IGUIState.cs
  artifactKey: Guid(29e335c920d7d425681669ee470bbc34) Importer(2089858483,b0f066a214c2f5e87bad3c948f4d605d)
Start importing Packages/com.unity.2d.common/Path/Editor/IMGUI/GUIFramework/IGUIState.cs using Guid(29e335c920d7d425681669ee470bbc34) Importer(2089858483,b0f066a214c2f5e87bad3c948f4d605d) (ScriptedImporter) -> (artifact id: '2d350f59dd5e98cde064826ee1ebcc6f') in 0.0079702 seconds
Number of updated asset objects reloaded before import = 0Number of asset objects unloaded after import = 0

========================================================================
Received Import Request.
  Time since last request: 0.000019 seconds.
  path: Packages/com.unity.modules.adaptiveperformance/package.json
  artifactKey: Guid(4c413a81cadcce7038e446e56570117e) Importer(2089858483,b0f066a214c2f5e87bad3c948f4d605d)
Start importing Packages/com.unity.modules.adaptiveperformance/package.json using Guid(4c413a81cadcce7038e446e56570117e) Importer(2089858483,b0f066a214c2f5e87bad3c948f4d605d) (ScriptedImporter) -> (artifact id: '36460b4c3357b4aecb31de0df2e4a7e9') in 0.0072555 seconds
Number of updated asset objects reloaded before import = 0Number of asset objects unloaded after import = 1

========================================================================
Received Import Request.
  Time since last request: 0.000032 seconds.
  path: Packages/com.unity.modules.adaptiveperformance/package.ModuleCompilationTrigger
  artifactKey: Guid(1af35a910338381f753e8a985eb5daab) Importer(2089858483,b0f066a214c2f5e87bad3c948f4d605d)
Start importing Packages/com.unity.modules.adaptiveperformance/package.ModuleCompilationTrigger using Guid(1af35a910338381f753e8a985eb5daab) Importer(2089858483,b0f066a214c2f5e87bad3c948f4d605d) (ScriptedImporter) -> (artifact id: 'd36b0ddcf02394b1b2c3de538d76014f') in 0.0070936 seconds
Number of updated asset objects reloaded before import = 0Number of asset objects unloaded after import = 1

========================================================================
Received Import Request.
  Time since last request: 0.000021 seconds.
  path: Packages/com.unity.2d.common/Path/Editor/IMGUI/IDrawer.cs
  artifactKey: Guid(922c2177c1da14d7bae6c1b8d5dac884) Importer(2089858483,b0f066a214c2f5e87bad3c948f4d605d)
Start importing Packages/com.unity.2d.common/Path/Editor/IMGUI/IDrawer.cs using Guid(922c2177c1da14d7bae6c1b8d5dac884) Importer(2089858483,b0f066a214c2f5e87bad3c948f4d605d) (ScriptedImporter) -> (artifact id: 'f0b0af7053d37a14b8f8ab6c136eb0af') in 0.0065533 seconds
Number of updated asset objects reloaded before import = 0Number of asset objects unloaded after import = 0

========================================================================
Received Import Request.
  Time since last request: 0.000020 seconds.
  path: Packages/com.unity.2d.common/Runtime/UAi2D/MatrixMxN.cs
  artifactKey: Guid(83653f2d053524b45a3c285c80702e10) Importer(2089858483,b0f066a214c2f5e87bad3c948f4d605d)
Start importing Packages/com.unity.2d.common/Runtime/UAi2D/MatrixMxN.cs using Guid(83653f2d053524b45a3c285c80702e10) Importer(2089858483,b0f066a214c2f5e87bad3c948f4d605d) (ScriptedImporter) -> (artifact id: '0c19f2438bef350b259dc372d2572767') in 0.0063592 seconds
Number of updated asset objects reloaded before import = 0Number of asset objects unloaded after import = 0

========================================================================
Received Import Request.
  Time since last request: 0.000028 seconds.
  path: Packages/com.unity.render-pipelines.core/Editor/SerializedPropertyExtension.cs
  artifactKey: Guid(867080e20dd74324299ec0ac8f95d246) Importer(2089858483,b0f066a214c2f5e87bad3c948f4d605d)
Start importing Packages/com.unity.render-pipelines.core/Editor/SerializedPropertyExtension.cs using Guid(867080e20dd74324299ec0ac8f95d246) Importer(2089858483,b0f066a214c2f5e87bad3c948f4d605d) (ScriptedImporter) -> (artifact id: '20209fed743bee0ce497627afb08a5fe') in 0.0059701 seconds
Number of updated asset objects reloaded before import = 0Number of asset objects unloaded after import = 0

========================================================================
Received Import Request.
  Time since last request: 0.000017 seconds.
  path: Packages/com.unity.render-pipelines.core/Editor/MenuManager.cs
  artifactKey: Guid(016ffaaf36db9a047ab182ffa07bb8de) Importer(2089858483,b0f066a214c2f5e87bad3c948f4d605d)
Start importing Packages/com.unity.render-pipelines.core/Editor/MenuManager.cs using Guid(016ffaaf36db9a047ab182ffa07bb8de) Importer(2089858483,b0f066a214c2f5e87bad3c948f4d605d) (ScriptedImporter) -> (artifact id: 'f46d3e094fa55a654860b0039a7d6a60') in 0.0063633 seconds
Number of updated asset objects reloaded before import = 0Number of asset objects unloaded after import = 0

========================================================================
Received Import Request.
  Time since last request: 0.000025 seconds.
  path: Packages/com.unity.render-pipelines.core/ShaderLibrary/ShaderDebugPrint.hlsl
  artifactKey: Guid(6487e82b005541789deacb92eaa88bed) Importer(2089858483,b0f066a214c2f5e87bad3c948f4d605d)
Start importing Packages/com.unity.render-pipelines.core/ShaderLibrary/ShaderDebugPrint.hlsl using Guid(6487e82b005541789deacb92eaa88bed) Importer(2089858483,b0f066a214c2f5e87bad3c948f4d605d) (ScriptedImporter) -> (artifact id: '8d62ab0e9617260a0a6997c3756e83b3') in 0.0062757 seconds
Number of updated asset objects reloaded before import = 0Number of asset objects unloaded after import = 1

========================================================================
Received Import Request.
  Time since last request: 0.000026 seconds.
  path: Packages/com.unity.render-pipelines.core/ShaderLibrary/PerPixelDisplacement.hlsl
  artifactKey: Guid(0a40799d368cbbd4982d2f423cdd8595) Importer(2089858483,b0f066a214c2f5e87bad3c948f4d605d)
Start importing Packages/com.unity.render-pipelines.core/ShaderLibrary/PerPixelDisplacement.hlsl using Guid(0a40799d368cbbd4982d2f423cdd8595) Importer(2089858483,b0f066a214c2f5e87bad3c948f4d605d) (ScriptedImporter) -> (artifact id: '7410757228d398520c2937e7acce6561') in 0.0064089 seconds
Number of updated asset objects reloaded before import = 0Number of asset objects unloaded after import = 1

========================================================================
Received Import Request.
  Time since last request: 0.000016 seconds.
  path: Packages/com.unity.render-pipelines.core/ShaderLibrary/VertexCubeSlicing.hlsl
  artifactKey: Guid(b19e52fd23b5c7549b05da06be1b1614) Importer(2089858483,b0f066a214c2f5e87bad3c948f4d605d)
Start importing Packages/com.unity.render-pipelines.core/ShaderLibrary/VertexCubeSlicing.hlsl using Guid(b19e52fd23b5c7549b05da06be1b1614) Importer(2089858483,b0f066a214c2f5e87bad3c948f4d605d) (ScriptedImporter) -> (artifact id: 'feb868e661dc0f10b67bb998ed2ceaea') in 0.0061403 seconds
Number of updated asset objects reloaded before import = 0Number of asset objects unloaded after import = 1

========================================================================
Received Import Request.
  Time since last request: 0.000066 seconds.
  path: Packages/com.unity.render-pipelines.core/ShaderLibrary/HDROutput.hlsl
  artifactKey: Guid(b06473c622f844540bd141fc0efae169) Importer(2089858483,b0f066a214c2f5e87bad3c948f4d605d)
Start importing Packages/com.unity.render-pipelines.core/ShaderLibrary/HDROutput.hlsl using Guid(b06473c622f844540bd141fc0efae169) Importer(2089858483,b0f066a214c2f5e87bad3c948f4d605d) (ScriptedImporter) -> (artifact id: 'd8abb1d23eabde0c7d12ec7f507da0ea') in 0.0068666 seconds
Number of updated asset objects reloaded before import = 0Number of asset objects unloaded after import = 1

========================================================================
Received Import Request.
  Time since last request: 0.000035 seconds.
  path: Packages/com.unity.render-pipelines.core/ShaderLibrary/DebugMipmapStreamingMacros.hlsl
  artifactKey: Guid(0986d558af63ed0418f7eb24eeaa2308) Importer(2089858483,b0f066a214c2f5e87bad3c948f4d605d)
Start importing Packages/com.unity.render-pipelines.core/ShaderLibrary/DebugMipmapStreamingMacros.hlsl using Guid(0986d558af63ed0418f7eb24eeaa2308) Importer(2089858483,b0f066a214c2f5e87bad3c948f4d605d) (ScriptedImporter) -> (artifact id: '624b25d0e16b3b840e6e3f478dfe9067') in 0.0061103 seconds
Number of updated asset objects reloaded before import = 0Number of asset objects unloaded after import = 1

========================================================================
Received Import Request.
  Time since last request: 0.000017 seconds.
  path: Packages/com.unity.render-pipelines.core/ShaderLibrary/BSDF.hlsl
  artifactKey: Guid(5eb5e8e99ae281342bae5c7b296b3ae3) Importer(2089858483,b0f066a214c2f5e87bad3c948f4d605d)
Start importing Packages/com.unity.render-pipelines.core/ShaderLibrary/BSDF.hlsl using Guid(5eb5e8e99ae281342bae5c7b296b3ae3) Importer(2089858483,b0f066a214c2f5e87bad3c948f4d605d) (ScriptedImporter) -> (artifact id: 'b4eb5711f11addc76ca99a0c5d64dab8') in 0.0074948 seconds
Number of updated asset objects reloaded before import = 0Number of asset objects unloaded after import = 1

========================================================================
Received Import Request.
  Time since last request: 0.000020 seconds.
  path: Packages/com.unity.render-pipelines.core/ShaderLibrary/SphericalHarmonics.hlsl
  artifactKey: Guid(e7990b191f2f28e4884a439c088c4fe0) Importer(2089858483,b0f066a214c2f5e87bad3c948f4d605d)
Start importing Packages/com.unity.render-pipelines.core/ShaderLibrary/SphericalHarmonics.hlsl using Guid(e7990b191f2f28e4884a439c088c4fe0) Importer(2089858483,b0f066a214c2f5e87bad3c948f4d605d) (ScriptedImporter) -> (artifact id: '0cb0b3b0a0de5e8d6d01b41be67643d7') in 0.0062304 seconds
Number of updated asset objects reloaded before import = 0Number of asset objects unloaded after import = 1

========================================================================
Received Import Request.
  Time since last request: 0.000036 seconds.
  path: Packages/com.unity.render-pipelines.core/ShaderLibrary/Random.hlsl
  artifactKey: Guid(11914c30949383848ab39385375eff34) Importer(2089858483,b0f066a214c2f5e87bad3c948f4d605d)
Start importing Packages/com.unity.render-pipelines.core/ShaderLibrary/Random.hlsl using Guid(11914c30949383848ab39385375eff34) Importer(2089858483,b0f066a214c2f5e87bad3c948f4d605d) (ScriptedImporter) -> (artifact id: '150ca33ee0257a28a41ba373dd09ef6f') in 0.0073779 seconds
Number of updated asset objects reloaded before import = 0Number of asset objects unloaded after import = 1

========================================================================
Received Import Request.
  Time since last request: 0.000017 seconds.
  path: Packages/com.unity.render-pipelines.core/ShaderLibrary/GlobalSamplers.hlsl
  artifactKey: Guid(47ecc1e1971024be4a44aa322690660e) Importer(2089858483,b0f066a214c2f5e87bad3c948f4d605d)
Start importing Packages/com.unity.render-pipelines.core/ShaderLibrary/GlobalSamplers.hlsl using Guid(47ecc1e1971024be4a44aa322690660e) Importer(2089858483,b0f066a214c2f5e87bad3c948f4d605d) (ScriptedImporter) -> (artifact id: '71c995426d94a7f5fbcd5e624c214cc2') in 0.0070529 seconds
Number of updated asset objects reloaded before import = 0Number of asset objects unloaded after import = 1

========================================================================
Received Import Request.
  Time since last request: 0.000018 seconds.
  path: Packages/com.unity.render-pipelines.core/ShaderLibrary/UnityInstancing.hlsl
  artifactKey: Guid(e1cfc5ca61db3d448825f316ff92cb0b) Importer(2089858483,b0f066a214c2f5e87bad3c948f4d605d)
Start importing Packages/com.unity.render-pipelines.core/ShaderLibrary/UnityInstancing.hlsl using Guid(e1cfc5ca61db3d448825f316ff92cb0b) Importer(2089858483,b0f066a214c2f5e87bad3c948f4d605d) (ScriptedImporter) -> (artifact id: '05f6d52a7ab65846ec3fc4d494e703ab') in 0.0076766 seconds
Number of updated asset objects reloaded before import = 0Number of asset objects unloaded after import = 1

========================================================================
Received Import Request.
  Time since last request: 0.000025 seconds.
  path: Packages/com.unity.render-pipelines.core/ShaderLibrary/CommonShadow.hlsl
  artifactKey: Guid(a85db80be6def144e938df4cbf0d1aa6) Importer(2089858483,b0f066a214c2f5e87bad3c948f4d605d)
Start importing Packages/com.unity.render-pipelines.core/ShaderLibrary/CommonShadow.hlsl using Guid(a85db80be6def144e938df4cbf0d1aa6) Importer(2089858483,b0f066a214c2f5e87bad3c948f4d605d) (ScriptedImporter) -> (artifact id: '54b4d3316d40c33c6a5820f65d655d35') in 0.0064924 seconds
Number of updated asset objects reloaded before import = 0Number of asset objects unloaded after import = 1

========================================================================
Received Import Request.
  Time since last request: 0.000016 seconds.
  path: Packages/com.unity.render-pipelines.core/ShaderLibrary/CommonMaterial.hlsl
  artifactKey: Guid(540178d5ddc29e74da771e38536aee22) Importer(2089858483,b0f066a214c2f5e87bad3c948f4d605d)
Start importing Packages/com.unity.render-pipelines.core/ShaderLibrary/CommonMaterial.hlsl using Guid(540178d5ddc29e74da771e38536aee22) Importer(2089858483,b0f066a214c2f5e87bad3c948f4d605d) (ScriptedImporter) -> (artifact id: '60ac7b94eb82bcc5880e91b04aa149d7') in 0.0066396 seconds
Number of updated asset objects reloaded before import = 0Number of asset objects unloaded after import = 1

========================================================================
Received Import Request.
  Time since last request: 0.000018 seconds.
  path: Packages/com.unity.render-pipelines.core/ShaderLibrary/Color.hlsl
  artifactKey: Guid(23284bbc36146a94995a8a08e61f4e73) Importer(2089858483,b0f066a214c2f5e87bad3c948f4d605d)
Start importing Packages/com.unity.render-pipelines.core/ShaderLibrary/Color.hlsl using Guid(23284bbc36146a94995a8a08e61f4e73) Importer(2089858483,b0f066a214c2f5e87bad3c948f4d605d) (ScriptedImporter) -> (artifact id: '0ef0804c0205e8ff8391afdf7b32ce45') in 0.0059525 seconds
Number of updated asset objects reloaded before import = 0Number of asset objects unloaded after import = 1

========================================================================
Received Import Request.
  Time since last request: 0.000032 seconds.
  path: Packages/com.unity.render-pipelines.core/ShaderLibrary/DummyShaderLibrary.cs
  artifactKey: Guid(0e625d3de4b77c14b9a31bc7b56dfde7) Importer(2089858483,b0f066a214c2f5e87bad3c948f4d605d)
Start importing Packages/com.unity.render-pipelines.core/ShaderLibrary/DummyShaderLibrary.cs using Guid(0e625d3de4b77c14b9a31bc7b56dfde7) Importer(2089858483,b0f066a214c2f5e87bad3c948f4d605d) (ScriptedImporter) -> (artifact id: '5a52931c952a7c4c207b1989d1738328') in 0.0065738 seconds
Number of updated asset objects reloaded before import = 0Number of asset objects unloaded after import = 0

========================================================================
Received Import Request.
  Time since last request: 0.000022 seconds.
  path: Packages/com.unity.render-pipelines.core/ShaderLibrary/DynamicScaling.hlsl
  artifactKey: Guid(024209fcf73c38243ae3b71c8955f187) Importer(2089858483,b0f066a214c2f5e87bad3c948f4d605d)
Start importing Packages/com.unity.render-pipelines.core/ShaderLibrary/DynamicScaling.hlsl using Guid(024209fcf73c38243ae3b71c8955f187) Importer(2089858483,b0f066a214c2f5e87bad3c948f4d605d) (ScriptedImporter) -> (artifact id: 'a178f648ab4a5e9867c5c3de67c61ed6') in 0.0079362 seconds
Number of updated asset objects reloaded before import = 0Number of asset objects unloaded after import = 1

========================================================================
Received Import Request.
  Time since last request: 0.000018 seconds.
  path: Packages/com.unity.render-pipelines.core/ShaderLibrary/EntityLighting.hlsl
  artifactKey: Guid(0303be75670325342b4bf5697686e77b) Importer(2089858483,b0f066a214c2f5e87bad3c948f4d605d)
Start importing Packages/com.unity.render-pipelines.core/ShaderLibrary/EntityLighting.hlsl using Guid(0303be75670325342b4bf5697686e77b) Importer(2089858483,b0f066a214c2f5e87bad3c948f4d605d) (ScriptedImporter) -> (artifact id: 'a7af3cc2434b9cf0b612dda2e81e6e4c') in 0.0076404 seconds
Number of updated asset objects reloaded before import = 0Number of asset objects unloaded after import = 1

========================================================================
Received Import Request.
  Time since last request: 0.000025 seconds.
  path: Packages/com.unity.render-pipelines.core/Editor/RemoveAdditionalDataUtils.cs
  artifactKey: Guid(ceca756b5672512428f0467bbec8bd68) Importer(2089858483,b0f066a214c2f5e87bad3c948f4d605d)
Start importing Packages/com.unity.render-pipelines.core/Editor/RemoveAdditionalDataUtils.cs using Guid(ceca756b5672512428f0467bbec8bd68) Importer(2089858483,b0f066a214c2f5e87bad3c948f4d605d) (ScriptedImporter) -> (artifact id: 'ed8f334a368c937ce3dd6fb80fccdaa7') in 0.0068122 seconds
Number of updated asset objects reloaded before import = 0Number of asset objects unloaded after import = 0

========================================================================
Received Import Request.
  Time since last request: 0.000020 seconds.
  path: Packages/com.unity.render-pipelines.core/Editor/RemoveComponentUtils.cs
  artifactKey: Guid(ba62ac0daafb8324aa0a8eee2a7ad4b1) Importer(2089858483,b0f066a214c2f5e87bad3c948f4d605d)
Start importing Packages/com.unity.render-pipelines.core/Editor/RemoveComponentUtils.cs using Guid(ba62ac0daafb8324aa0a8eee2a7ad4b1) Importer(2089858483,b0f066a214c2f5e87bad3c948f4d605d) (ScriptedImporter) -> (artifact id: '27338559a052e125872cb9cae5e97e99') in 0.0077317 seconds
Number of updated asset objects reloaded before import = 0Number of asset objects unloaded after import = 0

========================================================================
Received Import Request.
  Time since last request: 0.000020 seconds.
  path: Packages/com.unity.render-pipelines.core/ShaderLibrary/TextureXR.hlsl
  artifactKey: Guid(33098eef498723540b0b7705cf69a338) Importer(2089858483,b0f066a214c2f5e87bad3c948f4d605d)
Start importing Packages/com.unity.render-pipelines.core/ShaderLibrary/TextureXR.hlsl using Guid(33098eef498723540b0b7705cf69a338) Importer(2089858483,b0f066a214c2f5e87bad3c948f4d605d) (ScriptedImporter) -> (artifact id: '19565b6003749a217d5410e2511d6bdd') in 0.0076905 seconds
Number of updated asset objects reloaded before import = 0Number of asset objects unloaded after import = 1

========================================================================
Received Import Request.
  Time since last request: 0.000028 seconds.
  path: Packages/com.unity.render-pipelines.core/ShaderLibrary/ImageBasedLighting.hlsl
  artifactKey: Guid(ae4dc0bfd9fc0b544a109513ba841d30) Importer(2089858483,b0f066a214c2f5e87bad3c948f4d605d)
Start importing Packages/com.unity.render-pipelines.core/ShaderLibrary/ImageBasedLighting.hlsl using Guid(ae4dc0bfd9fc0b544a109513ba841d30) Importer(2089858483,b0f066a214c2f5e87bad3c948f4d605d) (ScriptedImporter) -> (artifact id: '2c7f9fbcc232f0e13ed25abb72ebd2e4') in 0.0068314 seconds
Number of updated asset objects reloaded before import = 0Number of asset objects unloaded after import = 1

========================================================================
Received Import Request.
  Time since last request: 0.000017 seconds.
  path: Packages/com.unity.render-pipelines.core/Runtime/Documentation.cs
  artifactKey: Guid(38b347b69c1c6df4eab3367bbdbc6ac0) Importer(2089858483,b0f066a214c2f5e87bad3c948f4d605d)
Start importing Packages/com.unity.render-pipelines.core/Runtime/Documentation.cs using Guid(38b347b69c1c6df4eab3367bbdbc6ac0) Importer(2089858483,b0f066a214c2f5e87bad3c948f4d605d) (ScriptedImporter) -> (artifact id: '22545a6bbc59540374ad7473530b061f') in 0.0081486 seconds
Number of updated asset objects reloaded before import = 0Number of asset objects unloaded after import = 0

========================================================================
Received Import Request.
  Time since last request: 0.000020 seconds.
  path: Packages/com.unity.render-pipelines.core/Editor/Unity.RenderPipelines.Core.Editor.asmdef
  artifactKey: Guid(3eae0364be2026648bf74846acb8a731) Importer(2089858483,b0f066a214c2f5e87bad3c948f4d605d)
Start importing Packages/com.unity.render-pipelines.core/Editor/Unity.RenderPipelines.Core.Editor.asmdef using Guid(3eae0364be2026648bf74846acb8a731) Importer(2089858483,b0f066a214c2f5e87bad3c948f4d605d) (ScriptedImporter) -> (artifact id: 'f0f5a656733947d359dc9650c73bf1fd') in 0.0065757 seconds
Number of updated asset objects reloaded before import = 0Number of asset objects unloaded after import = 1

========================================================================
Received Import Request.
  Time since last request: 0.000035 seconds.
  path: Packages/com.unity.render-pipelines.core/ShaderLibrary/GeometricTools.hlsl
  artifactKey: Guid(eebfba22df48acf4b978d98000cb10e6) Importer(2089858483,b0f066a214c2f5e87bad3c948f4d605d)
Start importing Packages/com.unity.render-pipelines.core/ShaderLibrary/GeometricTools.hlsl using Guid(eebfba22df48acf4b978d98000cb10e6) Importer(2089858483,b0f066a214c2f5e87bad3c948f4d605d) (ScriptedImporter) -> (artifact id: 'c2b97b7d968c65b39c0c009af9584028') in 0.0073286 seconds
Number of updated asset objects reloaded before import = 0Number of asset objects unloaded after import = 1

========================================================================
Received Import Request.
  Time since last request: 0.000018 seconds.
  path: Packages/com.unity.render-pipelines.core/ShaderLibrary/Version.hlsl
  artifactKey: Guid(96eb0e7285e8ec64b9b711f1e6b78dea) Importer(2089858483,b0f066a214c2f5e87bad3c948f4d605d)
Start importing Packages/com.unity.render-pipelines.core/ShaderLibrary/Version.hlsl using Guid(96eb0e7285e8ec64b9b711f1e6b78dea) Importer(2089858483,b0f066a214c2f5e87bad3c948f4d605d) (ScriptedImporter) -> (artifact id: 'a5c825bbcb7bc0921141a7ec2adb84de') in 0.0065593 seconds
Number of updated asset objects reloaded before import = 0Number of asset objects unloaded after import = 1

========================================================================
Received Import Request.
  Time since last request: 0.000024 seconds.
  path: Packages/com.unity.render-pipelines.core/Editor/Debugging/DebugUIHandlerCanvasEditor.cs
  artifactKey: Guid(f1d41f85c15ac6048a850b51ff36c098) Importer(2089858483,b0f066a214c2f5e87bad3c948f4d605d)
Start importing Packages/com.unity.render-pipelines.core/Editor/Debugging/DebugUIHandlerCanvasEditor.cs using Guid(f1d41f85c15ac6048a850b51ff36c098) Importer(2089858483,b0f066a214c2f5e87bad3c948f4d605d) (ScriptedImporter) -> (artifact id: '6cf677fe446f876b8d9b511a1c9575f1') in 0.0060605 seconds
Number of updated asset objects reloaded before import = 0Number of asset objects unloaded after import = 0

========================================================================
Received Import Request.
  Time since last request: 0.000029 seconds.
  path: Packages/com.unity.collab-proxy/Editor/Assets/Images/d_iconemptygravatar@2x.png
  artifactKey: Guid(0ac55f9f886d827408c102bdf33c5ff7) Importer(2089858483,b0f066a214c2f5e87bad3c948f4d605d)
Start importing Packages/com.unity.collab-proxy/Editor/Assets/Images/d_iconemptygravatar@2x.png using Guid(0ac55f9f886d827408c102bdf33c5ff7) Importer(2089858483,b0f066a214c2f5e87bad3c948f4d605d) (ScriptedImporter) -> (artifact id: 'ac31ab20c32d38b1f76367a5c7029832') in 0.0121763 seconds
Number of updated asset objects reloaded before import = 0Number of asset objects unloaded after import = 1

========================================================================
Received Import Request.
  Time since last request: 0.000018 seconds.
  path: Packages/com.unity.collab-proxy/Editor/CloudDrive/Workspaces/DragAndDrop/AskUserForExistingFile.cs
  artifactKey: Guid(509ecc6807ba438a92fbda6424603ecb) Importer(2089858483,b0f066a214c2f5e87bad3c948f4d605d)
Start importing Packages/com.unity.collab-proxy/Editor/CloudDrive/Workspaces/DragAndDrop/AskUserForExistingFile.cs using Guid(509ecc6807ba438a92fbda6424603ecb) Importer(2089858483,b0f066a214c2f5e87bad3c948f4d605d) (ScriptedImporter) -> (artifact id: 'a4edebe37677bbed21b66ee42e8471a5') in 0.0077963 seconds
Number of updated asset objects reloaded before import = 0Number of asset objects unloaded after import = 0

========================================================================
Received Import Request.
  Time since last request: 0.000022 seconds.
  path: Packages/com.unity.render-pipelines.core/Editor/BuildProcessors/CorePreprocessBuild.cs
  artifactKey: Guid(2ae707d91841f5849935209a93425289) Importer(2089858483,b0f066a214c2f5e87bad3c948f4d605d)
Start importing Packages/com.unity.render-pipelines.core/Editor/BuildProcessors/CorePreprocessBuild.cs using Guid(2ae707d91841f5849935209a93425289) Importer(2089858483,b0f066a214c2f5e87bad3c948f4d605d) (ScriptedImporter) -> (artifact id: '44ef73631ff4d008a1854194649d9fda') in 0.007102 seconds
Number of updated asset objects reloaded before import = 0Number of asset objects unloaded after import = 0

========================================================================
Received Import Request.
  Time since last request: 0.000029 seconds.
  path: Packages/com.unity.render-pipelines.core/Editor/LookDev/ToolbarRadio.cs
  artifactKey: Guid(a48a9e08d9023374fab5d929e609b9bd) Importer(2089858483,b0f066a214c2f5e87bad3c948f4d605d)
Start importing Packages/com.unity.render-pipelines.core/Editor/LookDev/ToolbarRadio.cs using Guid(a48a9e08d9023374fab5d929e609b9bd) Importer(2089858483,b0f066a214c2f5e87bad3c948f4d605d) (ScriptedImporter) -> (artifact id: '4f1f89c813f0f08ec9bdc009432a0791') in 0.0067531 seconds
Number of updated asset objects reloaded before import = 0Number of asset objects unloaded after import = 0

========================================================================
Received Import Request.
  Time since last request: 0.000021 seconds.
  path: Packages/com.unity.render-pipelines.core/Editor/Camera/CameraUI.Environment.Drawers.cs
  artifactKey: Guid(40b2b7ce6c436184b91d2d7ea4ef35ce) Importer(2089858483,b0f066a214c2f5e87bad3c948f4d605d)
Start importing Packages/com.unity.render-pipelines.core/Editor/Camera/CameraUI.Environment.Drawers.cs using Guid(40b2b7ce6c436184b91d2d7ea4ef35ce) Importer(2089858483,b0f066a214c2f5e87bad3c948f4d605d) (ScriptedImporter) -> (artifact id: 'caf2ba7cd03c941e79b93ae5196e7329') in 0.00889 seconds
Number of updated asset objects reloaded before import = 0Number of asset objects unloaded after import = 0

========================================================================
Received Import Request.
  Time since last request: 0.000018 seconds.
  path: Packages/com.unity.render-pipelines.core/Editor/LookDev/Inspectors.uss
  artifactKey: Guid(ac4993c3b6160894d896820a9648ff4d) Importer(2089858483,b0f066a214c2f5e87bad3c948f4d605d)
Start importing Packages/com.unity.render-pipelines.core/Editor/LookDev/Inspectors.uss using Guid(ac4993c3b6160894d896820a9648ff4d) Importer(2089858483,b0f066a214c2f5e87bad3c948f4d605d) (ScriptedImporter) -> (artifact id: '0972ae862b7ec4dc9f177157b948faa4') in 0.008894 seconds
Number of updated asset objects reloaded before import = 0Number of asset objects unloaded after import = 1

========================================================================
Received Import Request.
  Time since last request: 0.000025 seconds.
  path: Packages/com.unity.render-pipelines.core/Editor/Lighting/IESObject.cs
  artifactKey: Guid(901e3026412fba146ab1b63bfc229b78) Importer(2089858483,b0f066a214c2f5e87bad3c948f4d605d)
Start importing Packages/com.unity.render-pipelines.core/Editor/Lighting/IESObject.cs using Guid(901e3026412fba146ab1b63bfc229b78) Importer(2089858483,b0f066a214c2f5e87bad3c948f4d605d) (ScriptedImporter) -> (artifact id: 'dce8a9ca161b16bcf383552a08bb8490') in 0.0073959 seconds
Number of updated asset objects reloaded before import = 0Number of asset objects unloaded after import = 1

========================================================================
Received Import Request.
  Time since last request: 0.000020 seconds.
  path: Packages/com.unity.render-pipelines.core/Editor/Debugging/DebugWindow.cs
  artifactKey: Guid(41147144ff556e246b736135eb26f185) Importer(2089858483,b0f066a214c2f5e87bad3c948f4d605d)
Start importing Packages/com.unity.render-pipelines.core/Editor/Debugging/DebugWindow.cs using Guid(41147144ff556e246b736135eb26f185) Importer(2089858483,b0f066a214c2f5e87bad3c948f4d605d) (ScriptedImporter) -> (artifact id: '0d56a58152c0081563a183441f09dd6c') in 0.0083914 seconds
Number of updated asset objects reloaded before import = 0Number of asset objects unloaded after import = 0

========================================================================
Received Import Request.
  Time since last request: 0.000017 seconds.
  path: Packages/com.unity.render-pipelines.core/Editor/Camera/CameraUI.Output.Drawers.cs
  artifactKey: Guid(c77d1122a4e2ed448966b1535f9f1130) Importer(2089858483,b0f066a214c2f5e87bad3c948f4d605d)
Start importing Packages/com.unity.render-pipelines.core/Editor/Camera/CameraUI.Output.Drawers.cs using Guid(c77d1122a4e2ed448966b1535f9f1130) Importer(2089858483,b0f066a214c2f5e87bad3c948f4d605d) (ScriptedImporter) -> (artifact id: '46818b3c8bca8e53f4befa221d97b157') in 0.0065091 seconds
Number of updated asset objects reloaded before import = 0Number of asset objects unloaded after import = 0

========================================================================
Received Import Request.
  Time since last request: 0.000026 seconds.
  path: Packages/com.unity.render-pipelines.core/Editor/Lighting/LightAnchorEditor.cs
  artifactKey: Guid(1b13ded1884be704b9f0610c73659f1e) Importer(2089858483,b0f066a214c2f5e87bad3c948f4d605d)
Start importing Packages/com.unity.render-pipelines.core/Editor/Lighting/LightAnchorEditor.cs using Guid(1b13ded1884be704b9f0610c73659f1e) Importer(2089858483,b0f066a214c2f5e87bad3c948f4d605d) (ScriptedImporter) -> (artifact id: 'a942df2e0906003eb752c1443ab7c236') in 0.0063651 seconds
Number of updated asset objects reloaded before import = 0Number of asset objects unloaded after import = 0

========================================================================
Received Import Request.
  Time since last request: 0.000016 seconds.
  path: Packages/com.unity.render-pipelines.core/Editor/Lighting/ISerializedLight.cs
  artifactKey: Guid(8f69c566379255640bf031b4ae7fe0f5) Importer(2089858483,b0f066a214c2f5e87bad3c948f4d605d)
Start importing Packages/com.unity.render-pipelines.core/Editor/Lighting/ISerializedLight.cs using Guid(8f69c566379255640bf031b4ae7fe0f5) Importer(2089858483,b0f066a214c2f5e87bad3c948f4d605d) (ScriptedImporter) -> (artifact id: '5d31d4d151445a7495a47f6007663b9f') in 0.0080731 seconds
Number of updated asset objects reloaded before import = 0Number of asset objects unloaded after import = 0

========================================================================
Received Import Request.
  Time since last request: 0.000019 seconds.
  path: Packages/com.unity.render-pipelines.core/Editor/Material/MaterialHeaderScope.cs
  artifactKey: Guid(5c6068e6e01454142ba896167109475c) Importer(2089858483,b0f066a214c2f5e87bad3c948f4d605d)
Start importing Packages/com.unity.render-pipelines.core/Editor/Material/MaterialHeaderScope.cs using Guid(5c6068e6e01454142ba896167109475c) Importer(2089858483,b0f066a214c2f5e87bad3c948f4d605d) (ScriptedImporter) -> (artifact id: '5d9b3974fd42994f9a7d11f62b760cb4') in 0.0072948 seconds
Number of updated asset objects reloaded before import = 0Number of asset objects unloaded after import = 0

========================================================================
Received Import Request.
  Time since last request: 0.000027 seconds.
  path: Packages/com.unity.render-pipelines.core/Editor/Camera/ISerializedCamera.cs
  artifactKey: Guid(55ef358f023224145a079dd70d4692b5) Importer(2089858483,b0f066a214c2f5e87bad3c948f4d605d)
Start importing Packages/com.unity.render-pipelines.core/Editor/Camera/ISerializedCamera.cs using Guid(55ef358f023224145a079dd70d4692b5) Importer(2089858483,b0f066a214c2f5e87bad3c948f4d605d) (ScriptedImporter) -> (artifact id: '2c1423acb6af278746879be25c90f4fd') in 0.0079598 seconds
Number of updated asset objects reloaded before import = 0Number of asset objects unloaded after import = 0

========================================================================
Received Import Request.
  Time since last request: 0.000016 seconds.
  path: Packages/com.unity.render-pipelines.core/Editor/Lighting/LightAnchorEditorTool.cs
  artifactKey: Guid(5500b139b5ad27349abf7ca9ddbd6556) Importer(2089858483,b0f066a214c2f5e87bad3c948f4d605d)
Start importing Packages/com.unity.render-pipelines.core/Editor/Lighting/LightAnchorEditorTool.cs using Guid(5500b139b5ad27349abf7ca9ddbd6556) Importer(2089858483,b0f066a214c2f5e87bad3c948f4d605d) (ScriptedImporter) -> (artifact id: 'b0b20c144698f0a93de32f0fcf35e133') in 0.0071742 seconds
Number of updated asset objects reloaded before import = 0Number of asset objects unloaded after import = 0

========================================================================
Received Import Request.
  Time since last request: 0.000021 seconds.
  path: Packages/com.unity.render-pipelines.core/Editor/Debugging/DebugUIDrawer.cs
  artifactKey: Guid(3581d3ff7a65eee458feb865b7f29154) Importer(2089858483,b0f066a214c2f5e87bad3c948f4d605d)
Start importing Packages/com.unity.render-pipelines.core/Editor/Debugging/DebugUIDrawer.cs using Guid(3581d3ff7a65eee458feb865b7f29154) Importer(2089858483,b0f066a214c2f5e87bad3c948f4d605d) (ScriptedImporter) -> (artifact id: '967ee3b3b505f8e5b183ede5728b765d') in 0.0061152 seconds
Number of updated asset objects reloaded before import = 0Number of asset objects unloaded after import = 0

========================================================================
Received Import Request.
  Time since last request: 0.000030 seconds.
  path: Packages/com.unity.render-pipelines.core/Editor/Camera/CameraUI.Rendering.Drawers.cs
  artifactKey: Guid(6cf20b5e989565749903509e13e351f6) Importer(2089858483,b0f066a214c2f5e87bad3c948f4d605d)
Start importing Packages/com.unity.render-pipelines.core/Editor/Camera/CameraUI.Rendering.Drawers.cs using Guid(6cf20b5e989565749903509e13e351f6) Importer(2089858483,b0f066a214c2f5e87bad3c948f4d605d) (ScriptedImporter) -> (artifact id: 'e955401609b0adffbffb8cb26d656c44') in 0.006113 seconds
Number of updated asset objects reloaded before import = 0Number of asset objects unloaded after import = 0

========================================================================
Received Import Request.
  Time since last request: 0.000016 seconds.
  path: Packages/com.unity.render-pipelines.core/Editor/Analytics/RenderPipelineGraphicsSettingsAnalytics.cs
  artifactKey: Guid(24edf9d94fc418047a951393fca40966) Importer(2089858483,b0f066a214c2f5e87bad3c948f4d605d)
Start importing Packages/com.unity.render-pipelines.core/Editor/Analytics/RenderPipelineGraphicsSettingsAnalytics.cs using Guid(24edf9d94fc418047a951393fca40966) Importer(2089858483,b0f066a214c2f5e87bad3c948f4d605d) (ScriptedImporter) -> (artifact id: '7f38ffa27284ced1b9df21f5498bcbd3') in 0.0080059 seconds
Number of updated asset objects reloaded before import = 0Number of asset objects unloaded after import = 0

========================================================================
Received Import Request.
  Time since last request: 0.000021 seconds.
  path: Packages/com.unity.render-pipelines.core/Editor/Lighting/ProbeVolumeMenuItems.cs
  artifactKey: Guid(9aeb57b98b09130459825e3f12b3441f) Importer(2089858483,b0f066a214c2f5e87bad3c948f4d605d)
Start importing Packages/com.unity.render-pipelines.core/Editor/Lighting/ProbeVolumeMenuItems.cs using Guid(9aeb57b98b09130459825e3f12b3441f) Importer(2089858483,b0f066a214c2f5e87bad3c948f4d605d) (ScriptedImporter) -> (artifact id: '411e5c58869c7fe4dcdbdb7fa0f26b49') in 0.0061714 seconds
Number of updated asset objects reloaded before import = 0Number of asset objects unloaded after import = 0

========================================================================
Received Import Request.
  Time since last request: 0.000039 seconds.
  path: Packages/com.unity.render-pipelines.core/Editor/LookDev/Compositor.cs
  artifactKey: Guid(5471cb5dd3020f24b9bc1644dc9c9ad3) Importer(2089858483,b0f066a214c2f5e87bad3c948f4d605d)
Start importing Packages/com.unity.render-pipelines.core/Editor/LookDev/Compositor.cs using Guid(5471cb5dd3020f24b9bc1644dc9c9ad3) Importer(2089858483,b0f066a214c2f5e87bad3c948f4d605d) (ScriptedImporter) -> (artifact id: '33b4e9c2ead12fbd5038de2c99afb848') in 0.006935 seconds
Number of updated asset objects reloaded before import = 0Number of asset objects unloaded after import = 0

========================================================================
Received Import Request.
  Time since last request: 0.000021 seconds.
  path: Packages/com.unity.render-pipelines.core/Editor/Camera/CameraUI.Skin.cs
  artifactKey: Guid(e26c221569d1d284a9d21434b3a4b277) Importer(2089858483,b0f066a214c2f5e87bad3c948f4d605d)
Start importing Packages/com.unity.render-pipelines.core/Editor/Camera/CameraUI.Skin.cs using Guid(e26c221569d1d284a9d21434b3a4b277) Importer(2089858483,b0f066a214c2f5e87bad3c948f4d605d) (ScriptedImporter) -> (artifact id: '6fe6f761d3e0b4d523763f69ebfaf559') in 0.0071607 seconds
Number of updated asset objects reloaded before import = 0Number of asset objects unloaded after import = 0

========================================================================
Received Import Request.
  Time since last request: 0.000020 seconds.
  path: Packages/com.unity.render-pipelines.core/Editor/Lighting/CoreLightEditorUtilities.cs
  artifactKey: Guid(430e769b36b6f62439bef2eb5c3eaf79) Importer(2089858483,b0f066a214c2f5e87bad3c948f4d605d)
Start importing Packages/com.unity.render-pipelines.core/Editor/Lighting/CoreLightEditorUtilities.cs using Guid(430e769b36b6f62439bef2eb5c3eaf79) Importer(2089858483,b0f066a214c2f5e87bad3c948f4d605d) (ScriptedImporter) -> (artifact id: '4ef3851b0345858274ef713faf10f4a4') in 0.0067962 seconds
Number of updated asset objects reloaded before import = 0Number of asset objects unloaded after import = 0

========================================================================
Received Import Request.
  Time since last request: 0.000026 seconds.
  path: Packages/com.unity.render-pipelines.core/Editor/Material/MaterialHeaderScopeList.cs
  artifactKey: Guid(b8701f1243e63c04b82c52dbd9fa1e9b) Importer(2089858483,b0f066a214c2f5e87bad3c948f4d605d)
Start importing Packages/com.unity.render-pipelines.core/Editor/Material/MaterialHeaderScopeList.cs using Guid(b8701f1243e63c04b82c52dbd9fa1e9b) Importer(2089858483,b0f066a214c2f5e87bad3c948f4d605d) (ScriptedImporter) -> (artifact id: 'bb55503d99052af0427af1e4349b658f') in 0.007136 seconds
Number of updated asset objects reloaded before import = 0Number of asset objects unloaded after import = 0

========================================================================
Received Import Request.
  Time since last request: 0.000017 seconds.
  path: Packages/com.unity.render-pipelines.core/Editor/Debugging/UIFoldoutEditor.cs
  artifactKey: Guid(e89075dc59755d8479f34df9e20926e1) Importer(2089858483,b0f066a214c2f5e87bad3c948f4d605d)
Start importing Packages/com.unity.render-pipelines.core/Editor/Debugging/UIFoldoutEditor.cs using Guid(e89075dc59755d8479f34df9e20926e1) Importer(2089858483,b0f066a214c2f5e87bad3c948f4d605d) (ScriptedImporter) -> (artifact id: '37eb2efbebfc878d9c8a6a6e9cff9c14') in 0.0064093 seconds
Number of updated asset objects reloaded before import = 0Number of asset objects unloaded after import = 0

========================================================================
Received Import Request.
  Time since last request: 0.000019 seconds.
  path: Packages/com.unity.render-pipelines.core/Editor/Lighting/IESEngine.cs
  artifactKey: Guid(acb96f1a980ed8a42a75ee14ffb92af1) Importer(2089858483,b0f066a214c2f5e87bad3c948f4d605d)
Start importing Packages/com.unity.render-pipelines.core/Editor/Lighting/IESEngine.cs using Guid(acb96f1a980ed8a42a75ee14ffb92af1) Importer(2089858483,b0f066a214c2f5e87bad3c948f4d605d) (ScriptedImporter) -> (artifact id: 'bdfaf4e1d8b087abbe84f665dadcf4da') in 0.0065369 seconds
Number of updated asset objects reloaded before import = 0Number of asset objects unloaded after import = 0

========================================================================
Received Import Request.
  Time since last request: 0.000026 seconds.
  path: Packages/com.unity.render-pipelines.core/Editor/Debugging/DebugUIDrawer.Builtins.cs
  artifactKey: Guid(7f9e548e5e2920b47987881c21171ef6) Importer(2089858483,b0f066a214c2f5e87bad3c948f4d605d)
Start importing Packages/com.unity.render-pipelines.core/Editor/Debugging/DebugUIDrawer.Builtins.cs using Guid(7f9e548e5e2920b47987881c21171ef6) Importer(2089858483,b0f066a214c2f5e87bad3c948f4d605d) (ScriptedImporter) -> (artifact id: '1a39f922120d7af8bde96089011a95bf') in 0.005961 seconds
Number of updated asset objects reloaded before import = 0Number of asset objects unloaded after import = 0

========================================================================
Received Import Request.
  Time since last request: 0.000017 seconds.
  path: Packages/com.unity.render-pipelines.core/Editor/Settings/RenderPipelineGlobalSettingsProvider.deprecated.cs
  artifactKey: Guid(19c67f927d379dc49a94746f5028e74e) Importer(2089858483,b0f066a214c2f5e87bad3c948f4d605d)
Start importing Packages/com.unity.render-pipelines.core/Editor/Settings/RenderPipelineGlobalSettingsProvider.deprecated.cs using Guid(19c67f927d379dc49a94746f5028e74e) Importer(2089858483,b0f066a214c2f5e87bad3c948f4d605d) (ScriptedImporter) -> (artifact id: '6ca227c119ad06db41cafd626162bd2f') in 0.0061395 seconds
Number of updated asset objects reloaded before import = 0Number of asset objects unloaded after import = 0

========================================================================
Received Import Request.
  Time since last request: 0.000022 seconds.
  path: Packages/com.unity.render-pipelines.core/Editor/Volume/VolumeEditor.cs
  artifactKey: Guid(9a033a261241d6e48af8ca011ab7c5c1) Importer(2089858483,b0f066a214c2f5e87bad3c948f4d605d)
Start importing Packages/com.unity.render-pipelines.core/Editor/Volume/VolumeEditor.cs using Guid(9a033a261241d6e48af8ca011ab7c5c1) Importer(2089858483,b0f066a214c2f5e87bad3c948f4d605d) (ScriptedImporter) -> (artifact id: '1eabb2c2c1dcf85f01829c330b1c1f5f') in 0.0068403 seconds
Number of updated asset objects reloaded before import = 0Number of asset objects unloaded after import = 0

========================================================================
Received Import Request.
  Time since last request: 0.000027 seconds.
  path: Packages/com.unity.render-pipelines.core/Editor/RenderGraph/RenderGraphViewer.cs
  artifactKey: Guid(84ea5d606d0d22a488a9047cff058078) Importer(2089858483,b0f066a214c2f5e87bad3c948f4d605d)
Start importing Packages/com.unity.render-pipelines.core/Editor/RenderGraph/RenderGraphViewer.cs using Guid(84ea5d606d0d22a488a9047cff058078) Importer(2089858483,b0f066a214c2f5e87bad3c948f4d605d) (ScriptedImporter) -> (artifact id: '60303867a11582e827e62fefcdc0ad50') in 0.0060117 seconds
Number of updated asset objects reloaded before import = 0Number of asset objects unloaded after import = 0

========================================================================
Received Import Request.
  Time since last request: 0.000017 seconds.
  path: Packages/com.unity.render-pipelines.core/Editor/Volume/VolumeProfileUtils.cs
  artifactKey: Guid(b63135b7631d46579b47143b2a88ae38) Importer(2089858483,b0f066a214c2f5e87bad3c948f4d605d)
Start importing Packages/com.unity.render-pipelines.core/Editor/Volume/VolumeProfileUtils.cs using Guid(b63135b7631d46579b47143b2a88ae38) Importer(2089858483,b0f066a214c2f5e87bad3c948f4d605d) (ScriptedImporter) -> (artifact id: 'b04586550ec50796caed542e9c1793f7') in 0.0065416 seconds
Number of updated asset objects reloaded before import = 0Number of asset objects unloaded after import = 0

========================================================================
Received Import Request.
  Time since last request: 0.000019 seconds.
  path: Packages/com.unity.render-pipelines.core/Editor/Volume/VolumeComponentListEditor.cs
  artifactKey: Guid(f3ec0801d05bcb24c8a404d62f357d9c) Importer(2089858483,b0f066a214c2f5e87bad3c948f4d605d)
Start importing Packages/com.unity.render-pipelines.core/Editor/Volume/VolumeComponentListEditor.cs using Guid(f3ec0801d05bcb24c8a404d62f357d9c) Importer(2089858483,b0f066a214c2f5e87bad3c948f4d605d) (ScriptedImporter) -> (artifact id: '607dd13f2af7ca571faec9cd6180cd52') in 0.0074965 seconds
Number of updated asset objects reloaded before import = 0Number of asset objects unloaded after import = 0

========================================================================
Received Import Request.
  Time since last request: 0.000028 seconds.
  path: Packages/com.unity.render-pipelines.core/Editor/Settings/RenderPipelineResourcesEditor.cs
  artifactKey: Guid(f5ff1027825046c46884c3ad73d26610) Importer(2089858483,b0f066a214c2f5e87bad3c948f4d605d)
Start importing Packages/com.unity.render-pipelines.core/Editor/Settings/RenderPipelineResourcesEditor.cs using Guid(f5ff1027825046c46884c3ad73d26610) Importer(2089858483,b0f066a214c2f5e87bad3c948f4d605d) (ScriptedImporter) -> (artifact id: '16a1151197e0ea16d3838742f9ed24dc') in 0.0061342 seconds
Number of updated asset objects reloaded before import = 0Number of asset objects unloaded after import = 0

========================================================================
Received Import Request.
  Time since last request: 0.000024 seconds.
  path: Packages/com.unity.render-pipelines.core/Editor/ShaderStripping/ShaderPreprocessor.cs
  artifactKey: Guid(18a67dd5ad5b87049bc0ed384b818caa) Importer(2089858483,b0f066a214c2f5e87bad3c948f4d605d)
Start importing Packages/com.unity.render-pipelines.core/Editor/ShaderStripping/ShaderPreprocessor.cs using Guid(18a67dd5ad5b87049bc0ed384b818caa) Importer(2089858483,b0f066a214c2f5e87bad3c948f4d605d) (ScriptedImporter) -> (artifact id: '52bb2e87391e9ba7e90cbee67f1c845b') in 0.0058358 seconds
Number of updated asset objects reloaded before import = 0Number of asset objects unloaded after import = 0

========================================================================
Received Import Request.
  Time since last request: 0.000019 seconds.
  path: Packages/com.unity.render-pipelines.core/Editor/Resources/DebugProbe.fbx
  artifactKey: Guid(9e1c97fc44f9a8744b61b58f72c56de4) Importer(2089858483,b0f066a214c2f5e87bad3c948f4d605d)
Start importing Packages/com.unity.render-pipelines.core/Editor/Resources/DebugProbe.fbx using Guid(9e1c97fc44f9a8744b61b58f72c56de4) Importer(2089858483,b0f066a214c2f5e87bad3c948f4d605d) (ScriptedImporter) -> (artifact id: 'c589a2fa1c455d4fa5341444dc2d2b56') in 0.0613564 seconds
Number of updated asset objects reloaded before import = 0Number of asset objects unloaded after import = 7

========================================================================
Received Import Request.
  Time since last request: 0.000032 seconds.
  path: Packages/com.unity.render-pipelines.core/Editor/ShaderStripping/ShaderStrippingWatcher.cs
  artifactKey: Guid(8d750ffecefc4ea42b84efa0eaa7095a) Importer(2089858483,b0f066a214c2f5e87bad3c948f4d605d)
Start importing Packages/com.unity.render-pipelines.core/Editor/ShaderStripping/ShaderStrippingWatcher.cs using Guid(8d750ffecefc4ea42b84efa0eaa7095a) Importer(2089858483,b0f066a214c2f5e87bad3c948f4d605d) (ScriptedImporter) -> (artifact id: 'f2cf669d949382eb0994d79aabf6a3fd') in 0.0064857 seconds
Number of updated asset objects reloaded before import = 0Number of asset objects unloaded after import = 0

========================================================================
Received Import Request.
  Time since last request: 0.000017 seconds.
  path: Packages/com.unity.render-pipelines.core/Editor/Volume/VolumeParameterDrawer.cs
  artifactKey: Guid(d8ce10b4215bd81438b65f7e23ac0946) Importer(2089858483,b0f066a214c2f5e87bad3c948f4d605d)
Start importing Packages/com.unity.render-pipelines.core/Editor/Volume/VolumeParameterDrawer.cs using Guid(d8ce10b4215bd81438b65f7e23ac0946) Importer(2089858483,b0f066a214c2f5e87bad3c948f4d605d) (ScriptedImporter) -> (artifact id: '80a53284a6cc4a2fc9d3ec58c39d2b35') in 0.0063237 seconds
Number of updated asset objects reloaded before import = 0Number of asset objects unloaded after import = 0

========================================================================
Received Import Request.
  Time since last request: 0.000028 seconds.
  path: Packages/com.unity.render-pipelines.core/Editor/Settings/RenderPipelineGlobalSettingsEndNameEditAction.cs
  artifactKey: Guid(33cff06c4d284d0fa08d4d9d5ca06686) Importer(2089858483,b0f066a214c2f5e87bad3c948f4d605d)
Start importing Packages/com.unity.render-pipelines.core/Editor/Settings/RenderPipelineGlobalSettingsEndNameEditAction.cs using Guid(33cff06c4d284d0fa08d4d9d5ca06686) Importer(2089858483,b0f066a214c2f5e87bad3c948f4d605d) (ScriptedImporter) -> (artifact id: 'c1830017b7fc833167730c216b77e6f6') in 0.0063557 seconds
Number of updated asset objects reloaded before import = 0Number of asset objects unloaded after import = 0

========================================================================
Received Import Request.
  Time since last request: 0.000027 seconds.
  path: Packages/com.unity.render-pipelines.core/Editor/Utilities/EditorMaterialQuality.cs
  artifactKey: Guid(2475d4ff1fb90a64c828b1e6f47e671e) Importer(2089858483,b0f066a214c2f5e87bad3c948f4d605d)
Start importing Packages/com.unity.render-pipelines.core/Editor/Utilities/EditorMaterialQuality.cs using Guid(2475d4ff1fb90a64c828b1e6f47e671e) Importer(2089858483,b0f066a214c2f5e87bad3c948f4d605d) (ScriptedImporter) -> (artifact id: '3d01aa3ae4de339436e86073a19ab984') in 0.0075006 seconds
Number of updated asset objects reloaded before import = 0Number of asset objects unloaded after import = 0

========================================================================
Received Import Request.
  Time since last request: 0.000019 seconds.
  path: Packages/com.unity.render-pipelines.core/Editor/Properties/AdvancedProperties.cs
  artifactKey: Guid(7cb91275e17b45ab83910c63bb9a3a99) Importer(2089858483,b0f066a214c2f5e87bad3c948f4d605d)
Start importing Packages/com.unity.render-pipelines.core/Editor/Properties/AdvancedProperties.cs using Guid(7cb91275e17b45ab83910c63bb9a3a99) Importer(2089858483,b0f066a214c2f5e87bad3c948f4d605d) (ScriptedImporter) -> (artifact id: '044428de6e13befaf8907630d2698567') in 0.0063808 seconds
Number of updated asset objects reloaded before import = 0Number of asset objects unloaded after import = 0

========================================================================
Received Import Request.
  Time since last request: 0.000022 seconds.
  path: Packages/com.unity.render-pipelines.core/Editor/Utilities/SerializedBitArray.deprecated.cs
  artifactKey: Guid(6ad0ab18133a3b54ebaba4af2b423f17) Importer(2089858483,b0f066a214c2f5e87bad3c948f4d605d)
Start importing Packages/com.unity.render-pipelines.core/Editor/Utilities/SerializedBitArray.deprecated.cs using Guid(6ad0ab18133a3b54ebaba4af2b423f17) Importer(2089858483,b0f066a214c2f5e87bad3c948f4d605d) (ScriptedImporter) -> (artifact id: '48b21e3d9061aa135738e8646872aa8e') in 0.006203 seconds
Number of updated asset objects reloaded before import = 0Number of asset objects unloaded after import = 0

========================================================================
Received Import Request.
  Time since last request: 0.000032 seconds.
  path: Packages/com.unity.render-pipelines.core/Editor/Properties/AdditionalPropertiesState.cs
  artifactKey: Guid(31ae7c1b0efd6b1449ab3f20822060f3) Importer(2089858483,b0f066a214c2f5e87bad3c948f4d605d)
Start importing Packages/com.unity.render-pipelines.core/Editor/Properties/AdditionalPropertiesState.cs using Guid(31ae7c1b0efd6b1449ab3f20822060f3) Importer(2089858483,b0f066a214c2f5e87bad3c948f4d605d) (ScriptedImporter) -> (artifact id: 'a21f4ba97373c7955119784ef8379c60') in 0.0061079 seconds
Number of updated asset objects reloaded before import = 0Number of asset objects unloaded after import = 0

========================================================================
Received Import Request.
  Time since last request: 0.000022 seconds.
  path: Packages/com.unity.render-pipelines.core/Editor/StyleSheets/RenderPipelineGlobalSettings.uss
  artifactKey: Guid(925e22fd08389624bbc859935ca73339) Importer(2089858483,b0f066a214c2f5e87bad3c948f4d605d)
Start importing Packages/com.unity.render-pipelines.core/Editor/StyleSheets/RenderPipelineGlobalSettings.uss using Guid(925e22fd08389624bbc859935ca73339) Importer(2089858483,b0f066a214c2f5e87bad3c948f4d605d) (ScriptedImporter) -> (artifact id: 'd405170eb326c6f3c08b1e01e1581391') in 0.0077209 seconds
Number of updated asset objects reloaded before import = 0Number of asset objects unloaded after import = 1

========================================================================
Received Import Request.
  Time since last request: 0.000019 seconds.
  path: Packages/com.unity.render-pipelines.core/Editor/Utilities/SceneRenderPipelineEditor.cs
  artifactKey: Guid(c0fcf015f898cd845a455f44ee9b00bb) Importer(2089858483,b0f066a214c2f5e87bad3c948f4d605d)
Start importing Packages/com.unity.render-pipelines.core/Editor/Utilities/SceneRenderPipelineEditor.cs using Guid(c0fcf015f898cd845a455f44ee9b00bb) Importer(2089858483,b0f066a214c2f5e87bad3c948f4d605d) (ScriptedImporter) -> (artifact id: '2ccbdf401919087d188c5463b0017175') in 0.006236 seconds
Number of updated asset objects reloaded before import = 0Number of asset objects unloaded after import = 0

========================================================================
Received Import Request.
  Time since last request: 0.000027 seconds.
  path: Packages/com.unity.render-pipelines.core/Editor/Settings/DefaultVolumeProfileEditor.cs
  artifactKey: Guid(10f1185105394dd5a8cf17fa594c1d5c) Importer(2089858483,b0f066a214c2f5e87bad3c948f4d605d)
Start importing Packages/com.unity.render-pipelines.core/Editor/Settings/DefaultVolumeProfileEditor.cs using Guid(10f1185105394dd5a8cf17fa594c1d5c) Importer(2089858483,b0f066a214c2f5e87bad3c948f4d605d) (ScriptedImporter) -> (artifact id: 'a829fca9e76189bfbeb6a872f4be8a3d') in 0.0074191 seconds
Number of updated asset objects reloaded before import = 0Number of asset objects unloaded after import = 0

========================================================================
Received Import Request.
  Time since last request: 0.000023 seconds.
  path: Packages/com.unity.render-pipelines.core/Editor/StyleSheets/HeaderFoldoutDark.uss
  artifactKey: Guid(2e54b39aedaf3ae4a866b97489135739) Importer(2089858483,b0f066a214c2f5e87bad3c948f4d605d)
Start importing Packages/com.unity.render-pipelines.core/Editor/StyleSheets/HeaderFoldoutDark.uss using Guid(2e54b39aedaf3ae4a866b97489135739) Importer(2089858483,b0f066a214c2f5e87bad3c948f4d605d) (ScriptedImporter) -> (artifact id: '22a085e2d417b916ee99d3e0648c59ba') in 0.0110995 seconds
Number of updated asset objects reloaded before import = 0Number of asset objects unloaded after import = 1

========================================================================
Received Import Request.
  Time since last request: 0.000024 seconds.
  path: Packages/com.unity.render-pipelines.core/Editor/StyleSheets/VolumeEditor.uss
  artifactKey: Guid(cd410e8cdc0119a46a753f48e79c8d07) Importer(2089858483,b0f066a214c2f5e87bad3c948f4d605d)
Start importing Packages/com.unity.render-pipelines.core/Editor/StyleSheets/VolumeEditor.uss using Guid(cd410e8cdc0119a46a753f48e79c8d07) Importer(2089858483,b0f066a214c2f5e87bad3c948f4d605d) (ScriptedImporter) -> (artifact id: '706213967ebef374cefc713078dbd8ed') in 0.0099853 seconds
Number of updated asset objects reloaded before import = 0Number of asset objects unloaded after import = 1

========================================================================
Received Import Request.
  Time since last request: 0.000028 seconds.
  path: Packages/com.unity.render-pipelines.core/Editor/Volume/VolumeMenuItems.cs
  artifactKey: Guid(acfc3acab7bb76944b99725933c0ad45) Importer(2089858483,b0f066a214c2f5e87bad3c948f4d605d)
Start importing Packages/com.unity.render-pipelines.core/Editor/Volume/VolumeMenuItems.cs using Guid(acfc3acab7bb76944b99725933c0ad45) Importer(2089858483,b0f066a214c2f5e87bad3c948f4d605d) (ScriptedImporter) -> (artifact id: 'cf0a787972025f6a4e29a4640c79ac08') in 0.0059102 seconds
Number of updated asset objects reloaded before import = 0Number of asset objects unloaded after import = 0

========================================================================
Received Import Request.
  Time since last request: 0.000018 seconds.
  path: Packages/com.unity.render-pipelines.core/Editor/PostProcessing/LensFlareDataSRPEditor.cs
  artifactKey: Guid(90a396453bc7183469e9497f37393dcb) Importer(2089858483,b0f066a214c2f5e87bad3c948f4d605d)
Start importing Packages/com.unity.render-pipelines.core/Editor/PostProcessing/LensFlareDataSRPEditor.cs using Guid(90a396453bc7183469e9497f37393dcb) Importer(2089858483,b0f066a214c2f5e87bad3c948f4d605d) (ScriptedImporter) -> (artifact id: 'c7dd5076c8798d081459b19df8f6f7d6') in 0.0060075 seconds
Number of updated asset objects reloaded before import = 0Number of asset objects unloaded after import = 0

========================================================================
Received Import Request.
  Time since last request: 0.000021 seconds.
  path: Packages/com.unity.render-pipelines.core/Editor/Settings/RenderPipelineGlobalSettingsUI.Drawers.cs
  artifactKey: Guid(0969de59df3a8834a871a797e99f3ea3) Importer(2089858483,b0f066a214c2f5e87bad3c948f4d605d)
Start importing Packages/com.unity.render-pipelines.core/Editor/Settings/RenderPipelineGlobalSettingsUI.Drawers.cs using Guid(0969de59df3a8834a871a797e99f3ea3) Importer(2089858483,b0f066a214c2f5e87bad3c948f4d605d) (ScriptedImporter) -> (artifact id: '925138aa16057c12fb7e89f325655458') in 0.0072727 seconds
Number of updated asset objects reloaded before import = 0Number of asset objects unloaded after import = 0

========================================================================
Received Import Request.
  Time since last request: 0.000026 seconds.
  path: Packages/com.unity.render-pipelines.core/Editor/Properties/PropertiesPreferencesProvider.cs
  artifactKey: Guid(f569b8bbdde27914494b9a7e653c37e2) Importer(2089858483,b0f066a214c2f5e87bad3c948f4d605d)
Start importing Packages/com.unity.render-pipelines.core/Editor/Properties/PropertiesPreferencesProvider.cs using Guid(f569b8bbdde27914494b9a7e653c37e2) Importer(2089858483,b0f066a214c2f5e87bad3c948f4d605d) (ScriptedImporter) -> (artifact id: 'd226b91f997b703af60203d7c066bb2e') in 0.0059925 seconds
Number of updated asset objects reloaded before import = 0Number of asset objects unloaded after import = 0

========================================================================
Received Import Request.
  Time since last request: 0.000021 seconds.
  path: Packages/com.unity.render-pipelines.core/Editor/ShaderGenerator/ShaderTypeGeneration.cs
  artifactKey: Guid(7040da56d9fb04348885577a35fc0706) Importer(2089858483,b0f066a214c2f5e87bad3c948f4d605d)
Start importing Packages/com.unity.render-pipelines.core/Editor/ShaderGenerator/ShaderTypeGeneration.cs using Guid(7040da56d9fb04348885577a35fc0706) Importer(2089858483,b0f066a214c2f5e87bad3c948f4d605d) (ScriptedImporter) -> (artifact id: 'fe3b4aa5a1afc1f7b839d58a9ce0ff2d') in 0.0062957 seconds
Number of updated asset objects reloaded before import = 0Number of asset objects unloaded after import = 0

========================================================================
Received Import Request.
  Time since last request: 0.000021 seconds.
  path: Packages/com.unity.render-pipelines.core/Editor/Utilities/SerializedBitArray.cs
  artifactKey: Guid(bd071ec383b774e48b51bd8c4a33000f) Importer(2089858483,b0f066a214c2f5e87bad3c948f4d605d)
Start importing Packages/com.unity.render-pipelines.core/Editor/Utilities/SerializedBitArray.cs using Guid(bd071ec383b774e48b51bd8c4a33000f) Importer(2089858483,b0f066a214c2f5e87bad3c948f4d605d) (ScriptedImporter) -> (artifact id: '642528b82f77ac5f05d0c94bfdb35a53') in 0.0068554 seconds
Number of updated asset objects reloaded before import = 0Number of asset objects unloaded after import = 0

========================================================================
Received Import Request.
  Time since last request: 0.000036 seconds.
  path: Packages/com.unity.render-pipelines.core/Runtime/Common/ConstantBuffer.cs
  artifactKey: Guid(61649e120aa78c04e8b44d1c5af17d35) Importer(2089858483,b0f066a214c2f5e87bad3c948f4d605d)
Start importing Packages/com.unity.render-pipelines.core/Runtime/Common/ConstantBuffer.cs using Guid(61649e120aa78c04e8b44d1c5af17d35) Importer(2089858483,b0f066a214c2f5e87bad3c948f4d605d) (ScriptedImporter) -> (artifact id: '3a13db23c89ff37049fff48a3b3a8b3c') in 0.0087757 seconds
Number of updated asset objects reloaded before import = 0Number of asset objects unloaded after import = 0

========================================================================
Received Import Request.
  Time since last request: 0.000015 seconds.
  path: Packages/com.unity.render-pipelines.core/Runtime/CommandBuffers/IComputeCommandBuffer.cs
  artifactKey: Guid(83081aa5e4e6c6e419ae82cce8044ec8) Importer(2089858483,b0f066a214c2f5e87bad3c948f4d605d)
Start importing Packages/com.unity.render-pipelines.core/Runtime/CommandBuffers/IComputeCommandBuffer.cs using Guid(83081aa5e4e6c6e419ae82cce8044ec8) Importer(2089858483,b0f066a214c2f5e87bad3c948f4d605d) (ScriptedImporter) -> (artifact id: '7a5ddd532daa22fd3e75cbb3945f4927') in 0.0071319 seconds
Number of updated asset objects reloaded before import = 0Number of asset objects unloaded after import = 0

========================================================================
Received Import Request.
  Time since last request: 0.000018 seconds.
  path: Packages/com.unity.render-pipelines.core/Runtime/Debugging/ShaderDebugPrintManager.cs
  artifactKey: Guid(78ef234ccb554950b06f0b7f554b1573) Importer(2089858483,b0f066a214c2f5e87bad3c948f4d605d)
Start importing Packages/com.unity.render-pipelines.core/Runtime/Debugging/ShaderDebugPrintManager.cs using Guid(78ef234ccb554950b06f0b7f554b1573) Importer(2089858483,b0f066a214c2f5e87bad3c948f4d605d) (ScriptedImporter) -> (artifact id: 'a5d95b24e7471ec4fde60a2dfebc1d81') in 0.0070453 seconds
Number of updated asset objects reloaded before import = 0Number of asset objects unloaded after import = 0

========================================================================
Received Import Request.
  Time since last request: 0.000025 seconds.
  path: Packages/com.unity.render-pipelines.core/Runtime/Camera/CameraSwitcher.cs
  artifactKey: Guid(f52d1e5345c395641b482217c8804ff9) Importer(2089858483,b0f066a214c2f5e87bad3c948f4d605d)
Start importing Packages/com.unity.render-pipelines.core/Runtime/Camera/CameraSwitcher.cs using Guid(f52d1e5345c395641b482217c8804ff9) Importer(2089858483,b0f066a214c2f5e87bad3c948f4d605d) (ScriptedImporter) -> (artifact id: 'e1bbd2296e67efc0a512c745808f134b') in 0.0061789 seconds
Number of updated asset objects reloaded before import = 0Number of asset objects unloaded after import = 0

========================================================================
Received Import Request.
  Time since last request: 0.000016 seconds.
  path: Packages/com.unity.render-pipelines.core/Runtime/Common/ComponentSingleton.cs
  artifactKey: Guid(f78c611171f4b4946b5cf8394378931f) Importer(2089858483,b0f066a214c2f5e87bad3c948f4d605d)
Start importing Packages/com.unity.render-pipelines.core/Runtime/Common/ComponentSingleton.cs using Guid(f78c611171f4b4946b5cf8394378931f) Importer(2089858483,b0f066a214c2f5e87bad3c948f4d605d) (ScriptedImporter) -> (artifact id: '126dad52e5a4cb91b23b93c14e4d1e72') in 0.0073468 seconds
Number of updated asset objects reloaded before import = 0Number of asset objects unloaded after import = 0

========================================================================
Received Import Request.
  Time since last request: 0.000018 seconds.
  path: Packages/com.unity.render-pipelines.core/Runtime/Debugging/DebugManager.cs
  artifactKey: Guid(a09c907f481d4894a96697283a87c352) Importer(2089858483,b0f066a214c2f5e87bad3c948f4d605d)
Start importing Packages/com.unity.render-pipelines.core/Runtime/Debugging/DebugManager.cs using Guid(a09c907f481d4894a96697283a87c352) Importer(2089858483,b0f066a214c2f5e87bad3c948f4d605d) (ScriptedImporter) -> (artifact id: 'aada613c58c471b57cd3157144c2058d') in 0.0076904 seconds
Number of updated asset objects reloaded before import = 0Number of asset objects unloaded after import = 0

========================================================================
Received Import Request.
  Time since last request: 0.000026 seconds.
  path: Packages/com.unity.render-pipelines.core/Runtime/CommandBuffers/CommandBufferHelpers.cs
  artifactKey: Guid(b918e8093989b024da657e6db0a9c378) Importer(2089858483,b0f066a214c2f5e87bad3c948f4d605d)
Start importing Packages/com.unity.render-pipelines.core/Runtime/CommandBuffers/CommandBufferHelpers.cs using Guid(b918e8093989b024da657e6db0a9c378) Importer(2089858483,b0f066a214c2f5e87bad3c948f4d605d) (ScriptedImporter) -> (artifact id: '4a5ee2eabfe634942d3a34c612aaaa1b') in 0.0074368 seconds
Number of updated asset objects reloaded before import = 0Number of asset objects unloaded after import = 0

========================================================================
Received Import Request.
  Time since last request: 0.000016 seconds.
  path: Packages/com.unity.render-pipelines.core/Runtime/Debug/ProbeVolumeOffsetDebug.shader
  artifactKey: Guid(db8bd7436dc2c5f4c92655307d198381) Importer(2089858483,b0f066a214c2f5e87bad3c948f4d605d)
Start importing Packages/com.unity.render-pipelines.core/Runtime/Debug/ProbeVolumeOffsetDebug.shader using Guid(db8bd7436dc2c5f4c92655307d198381) Importer(2089858483,b0f066a214c2f5e87bad3c948f4d605d) (ScriptedImporter) -> (artifact id: '7ee8f380e02736f00b56377f00350646') in 0.0115247 seconds
Number of updated asset objects reloaded before import = 0Number of asset objects unloaded after import = 0

========================================================================
Received Import Request.
  Time since last request: 0.000024 seconds.
  path: Packages/com.unity.render-pipelines.core/Runtime/Common/CoreAttributes.cs
  artifactKey: Guid(07346c0b2cba0214f8f27c46ec2dd613) Importer(2089858483,b0f066a214c2f5e87bad3c948f4d605d)
Start importing Packages/com.unity.render-pipelines.core/Runtime/Common/CoreAttributes.cs using Guid(07346c0b2cba0214f8f27c46ec2dd613) Importer(2089858483,b0f066a214c2f5e87bad3c948f4d605d) (ScriptedImporter) -> (artifact id: '7037641531aabd8e03832658e4a6ab3d') in 0.0067167 seconds
Number of updated asset objects reloaded before import = 0Number of asset objects unloaded after import = 0

========================================================================
Received Import Request.
  Time since last request: 0.000032 seconds.
  path: Packages/com.unity.render-pipelines.core/Runtime/GPUDriven/FrustumPlanes.cs
  artifactKey: Guid(deb0d018a7f3e9a41b689860783e6d56) Importer(2089858483,b0f066a214c2f5e87bad3c948f4d605d)
Start importing Packages/com.unity.render-pipelines.core/Runtime/GPUDriven/FrustumPlanes.cs using Guid(deb0d018a7f3e9a41b689860783e6d56) Importer(2089858483,b0f066a214c2f5e87bad3c948f4d605d) (ScriptedImporter) -> (artifact id: '437fe4861bd0c212c227104a27ef4320') in 0.0065416 seconds
Number of updated asset objects reloaded before import = 0Number of asset objects unloaded after import = 0

========================================================================
Received Import Request.
  Time since last request: 0.000021 seconds.
  path: Packages/com.unity.render-pipelines.core/Runtime/Debug/ProbeVolumeDebugFunctions.hlsl
  artifactKey: Guid(7b7fb68bec939a04791463e4b8734f38) Importer(2089858483,b0f066a214c2f5e87bad3c948f4d605d)
Start importing Packages/com.unity.render-pipelines.core/Runtime/Debug/ProbeVolumeDebugFunctions.hlsl using Guid(7b7fb68bec939a04791463e4b8734f38) Importer(2089858483,b0f066a214c2f5e87bad3c948f4d605d) (ScriptedImporter) -> (artifact id: '95d3458c2f65e1123ae306c4abedb629') in 0.0070119 seconds
Number of updated asset objects reloaded before import = 0Number of asset objects unloaded after import = 1

========================================================================
Received Import Request.
  Time since last request: 0.000041 seconds.
  path: Packages/com.unity.render-pipelines.core/Runtime/Debugging/MousePositionDebug.cs
  artifactKey: Guid(16870bb28557a8f4182d1c8191e951a5) Importer(2089858483,b0f066a214c2f5e87bad3c948f4d605d)
Start importing Packages/com.unity.render-pipelines.core/Runtime/Debugging/MousePositionDebug.cs using Guid(16870bb28557a8f4182d1c8191e951a5) Importer(2089858483,b0f066a214c2f5e87bad3c948f4d605d) (ScriptedImporter) -> (artifact id: '224b473eb5e67d1d402190ef7c7382e7') in 0.0080965 seconds
Number of updated asset objects reloaded before import = 0Number of asset objects unloaded after import = 0

========================================================================
Received Import Request.
  Time since last request: 0.000028 seconds.
  path: Packages/com.unity.render-pipelines.core/Runtime/Debugging/IDebugDisplaySettings.cs
  artifactKey: Guid(3be1aff9418ca6840a765320b0c2a2db) Importer(2089858483,b0f066a214c2f5e87bad3c948f4d605d)
Start importing Packages/com.unity.render-pipelines.core/Runtime/Debugging/IDebugDisplaySettings.cs using Guid(3be1aff9418ca6840a765320b0c2a2db) Importer(2089858483,b0f066a214c2f5e87bad3c948f4d605d) (ScriptedImporter) -> (artifact id: 'f742edd7e637eeacd9bee565c865ab23') in 0.0065986 seconds
Number of updated asset objects reloaded before import = 0Number of asset objects unloaded after import = 0

========================================================================
Received Import Request.
  Time since last request: 0.000021 seconds.
  path: Packages/com.unity.render-pipelines.core/Runtime/Common/CoreUnsafeUtils.cs
  artifactKey: Guid(69a7aaed92ae1b0469d9b82fba45bcec) Importer(2089858483,b0f066a214c2f5e87bad3c948f4d605d)
Start importing Packages/com.unity.render-pipelines.core/Runtime/Common/CoreUnsafeUtils.cs using Guid(69a7aaed92ae1b0469d9b82fba45bcec) Importer(2089858483,b0f066a214c2f5e87bad3c948f4d605d) (ScriptedImporter) -> (artifact id: 'da4c4134f939d153ae2dcbb3a632da55') in 0.0059994 seconds
Number of updated asset objects reloaded before import = 0Number of asset objects unloaded after import = 0

========================================================================
Received Import Request.
  Time since last request: 0.000026 seconds.
  path: Packages/com.unity.render-pipelines.core/Runtime/Debugging/IDebugDisplaySettingsQuery.cs
  artifactKey: Guid(52acb35497424fdcb9cc2535113a9c15) Importer(2089858483,b0f066a214c2f5e87bad3c948f4d605d)
Start importing Packages/com.unity.render-pipelines.core/Runtime/Debugging/IDebugDisplaySettingsQuery.cs using Guid(52acb35497424fdcb9cc2535113a9c15) Importer(2089858483,b0f066a214c2f5e87bad3c948f4d605d) (ScriptedImporter) -> (artifact id: '280615c7f03893801dfe633d704cfd30') in 0.0075569 seconds
Number of updated asset objects reloaded before import = 0Number of asset objects unloaded after import = 0

========================================================================
Received Import Request.
  Time since last request: 0.000026 seconds.
  path: Packages/com.unity.render-pipelines.core/Runtime/Common/DynamicArray.cs
  artifactKey: Guid(f4cce54895670bb4894d26f27e71ba26) Importer(2089858483,b0f066a214c2f5e87bad3c948f4d605d)
Start importing Packages/com.unity.render-pipelines.core/Runtime/Common/DynamicArray.cs using Guid(f4cce54895670bb4894d26f27e71ba26) Importer(2089858483,b0f066a214c2f5e87bad3c948f4d605d) (ScriptedImporter) -> (artifact id: '7c824bf6637147982240687242a06887') in 0.0061649 seconds
Number of updated asset objects reloaded before import = 0Number of asset objects unloaded after import = 0

========================================================================
Received Import Request.
  Time since last request: 0.000017 seconds.
  path: Packages/com.unity.render-pipelines.core/Runtime/Debugging/DebugManager.UIState.cs
  artifactKey: Guid(77aa0fe63e0ce9b428385908d4cd2663) Importer(2089858483,b0f066a214c2f5e87bad3c948f4d605d)
Start importing Packages/com.unity.render-pipelines.core/Runtime/Debugging/DebugManager.UIState.cs using Guid(77aa0fe63e0ce9b428385908d4cd2663) Importer(2089858483,b0f066a214c2f5e87bad3c948f4d605d) (ScriptedImporter) -> (artifact id: 'b3b21613cccef68fd79e1a11e2903c0d') in 0.007744 seconds
Number of updated asset objects reloaded before import = 0Number of asset objects unloaded after import = 0

========================================================================
Received Import Request.
  Time since last request: 0.000018 seconds.
  path: Packages/com.unity.render-pipelines.core/Runtime/Debugging/DebugDisplaySettings.cs
  artifactKey: Guid(c4e8d2f4fab62224f8d693e15696410e) Importer(2089858483,b0f066a214c2f5e87bad3c948f4d605d)
Start importing Packages/com.unity.render-pipelines.core/Runtime/Debugging/DebugDisplaySettings.cs using Guid(c4e8d2f4fab62224f8d693e15696410e) Importer(2089858483,b0f066a214c2f5e87bad3c948f4d605d) (ScriptedImporter) -> (artifact id: '4dba70e0f8be897710a688d62a97be99') in 0.0071819 seconds
Number of updated asset objects reloaded before import = 0Number of asset objects unloaded after import = 0

========================================================================
Received Import Request.
  Time since last request: 0.000024 seconds.
  path: Packages/com.unity.render-pipelines.core/Runtime/Debug/ProbeVolumeSamplingDebug.shader
  artifactKey: Guid(bf54e6528c79a224e96346799064c393) Importer(2089858483,b0f066a214c2f5e87bad3c948f4d605d)
Start importing Packages/com.unity.render-pipelines.core/Runtime/Debug/ProbeVolumeSamplingDebug.shader using Guid(bf54e6528c79a224e96346799064c393) Importer(2089858483,b0f066a214c2f5e87bad3c948f4d605d) (ScriptedImporter) -> (artifact id: '98b044d8e3b56417f43079705fae1c73') in 0.0070426 seconds
Number of updated asset objects reloaded before import = 0Number of asset objects unloaded after import = 0

========================================================================
Received Import Request.
  Time since last request: 0.000016 seconds.
  path: Packages/com.unity.render-pipelines.core/Runtime/Debugging/DebugDisplaySettingsStats.cs
  artifactKey: Guid(6d72467fc287492393584eb6647d416d) Importer(2089858483,b0f066a214c2f5e87bad3c948f4d605d)
Start importing Packages/com.unity.render-pipelines.core/Runtime/Debugging/DebugDisplaySettingsStats.cs using Guid(6d72467fc287492393584eb6647d416d) Importer(2089858483,b0f066a214c2f5e87bad3c948f4d605d) (ScriptedImporter) -> (artifact id: '43d62050a9004723ec57bb9564aa513a') in 0.0084738 seconds
Number of updated asset objects reloaded before import = 0Number of asset objects unloaded after import = 0

========================================================================
Received Import Request.
  Time since last request: 0.000017 seconds.
  path: Packages/com.unity.render-pipelines.core/Runtime/Camera/FreeCamera.cs
  artifactKey: Guid(618b0e3f6c65dd247a4a016150006c57) Importer(2089858483,b0f066a214c2f5e87bad3c948f4d605d)
Start importing Packages/com.unity.render-pipelines.core/Runtime/Camera/FreeCamera.cs using Guid(618b0e3f6c65dd247a4a016150006c57) Importer(2089858483,b0f066a214c2f5e87bad3c948f4d605d) (ScriptedImporter) -> (artifact id: 'e4c79b2e86d42050ce719ab2439d2cf6') in 0.0067789 seconds
Number of updated asset objects reloaded before import = 0Number of asset objects unloaded after import = 0

========================================================================
Received Import Request.
  Time since last request: 0.000024 seconds.
  path: Packages/com.unity.render-pipelines.core/Runtime/Debugging/VolumeDebugSettings.cs
  artifactKey: Guid(4fefac0c47bcdce4299384727a250dc9) Importer(2089858483,b0f066a214c2f5e87bad3c948f4d605d)
Start importing Packages/com.unity.render-pipelines.core/Runtime/Debugging/VolumeDebugSettings.cs using Guid(4fefac0c47bcdce4299384727a250dc9) Importer(2089858483,b0f066a214c2f5e87bad3c948f4d605d) (ScriptedImporter) -> (artifact id: 'c7ea4410033380b4f473e4c615111065') in 0.0067755 seconds
Number of updated asset objects reloaded before import = 0Number of asset objects unloaded after import = 0

========================================================================
Received Import Request.
  Time since last request: 0.000016 seconds.
  path: Packages/com.unity.render-pipelines.core/Runtime/CommandBuffers/UnsafeCommandBuffer.cs
  artifactKey: Guid(517f802c8cb944ef2adf160f7f8f0c75) Importer(2089858483,b0f066a214c2f5e87bad3c948f4d605d)
Start importing Packages/com.unity.render-pipelines.core/Runtime/CommandBuffers/UnsafeCommandBuffer.cs using Guid(517f802c8cb944ef2adf160f7f8f0c75) Importer(2089858483,b0f066a214c2f5e87bad3c948f4d605d) (ScriptedImporter) -> (artifact id: '1750a92cb091f64731c87675320442a6') in 0.0065201 seconds
Number of updated asset objects reloaded before import = 0Number of asset objects unloaded after import = 0

========================================================================
Received Import Request.
  Time since last request: 0.000019 seconds.
  path: Packages/com.unity.render-pipelines.core/Runtime/Debug/ProbeVolumeFragmentationDebug.shader
  artifactKey: Guid(3a80877c579b9144ebdcc6d923bca303) Importer(2089858483,b0f066a214c2f5e87bad3c948f4d605d)
Start importing Packages/com.unity.render-pipelines.core/Runtime/Debug/ProbeVolumeFragmentationDebug.shader using Guid(3a80877c579b9144ebdcc6d923bca303) Importer(2089858483,b0f066a214c2f5e87bad3c948f4d605d) (ScriptedImporter) -> (artifact id: 'd8a1453f6e9e013369711b6c58b1fed9') in 0.0073822 seconds
Number of updated asset objects reloaded before import = 0Number of asset objects unloaded after import = 0

========================================================================
Received Import Request.
  Time since last request: 0.000030 seconds.
  path: Packages/com.unity.render-pipelines.core/Runtime/Camera/CameraHistory.cs
  artifactKey: Guid(b5a8751420b0404cb9679106b091aef9) Importer(2089858483,b0f066a214c2f5e87bad3c948f4d605d)
Start importing Packages/com.unity.render-pipelines.core/Runtime/Camera/CameraHistory.cs using Guid(b5a8751420b0404cb9679106b091aef9) Importer(2089858483,b0f066a214c2f5e87bad3c948f4d605d) (ScriptedImporter) -> (artifact id: '98ea88178b160533352841417c1eaef4') in 0.0062078 seconds
Number of updated asset objects reloaded before import = 0Number of asset objects unloaded after import = 0

========================================================================
Received Import Request.
  Time since last request: 0.000015 seconds.
  path: Packages/com.unity.render-pipelines.core/Runtime/Common/SerializedDictionary.cs
  artifactKey: Guid(b21ca88b322a62d4b9a511ddabc12251) Importer(2089858483,b0f066a214c2f5e87bad3c948f4d605d)
Start importing Packages/com.unity.render-pipelines.core/Runtime/Common/SerializedDictionary.cs using Guid(b21ca88b322a62d4b9a511ddabc12251) Importer(2089858483,b0f066a214c2f5e87bad3c948f4d605d) (ScriptedImporter) -> (artifact id: '54db16ad3e45a3ae3e5f13f0eb175e25') in 0.0078409 seconds
Number of updated asset objects reloaded before import = 0Number of asset objects unloaded after import = 0

========================================================================
Received Import Request.
  Time since last request: 0.000018 seconds.
  path: Packages/com.unity.render-pipelines.core/Editor/Volume/VolumeComponentProvider.cs
  artifactKey: Guid(7d7e09e271ad3fd4c9ceb1873a5fb59e) Importer(2089858483,b0f066a214c2f5e87bad3c948f4d605d)
Start importing Packages/com.unity.render-pipelines.core/Editor/Volume/VolumeComponentProvider.cs using Guid(7d7e09e271ad3fd4c9ceb1873a5fb59e) Importer(2089858483,b0f066a214c2f5e87bad3c948f4d605d) (ScriptedImporter) -> (artifact id: '1062cc8f0f9f02080d734ad00de34da9') in 0.0071294 seconds
Number of updated asset objects reloaded before import = 0Number of asset objects unloaded after import = 0

========================================================================
Received Import Request.
  Time since last request: 0.000026 seconds.
  path: Packages/com.unity.render-pipelines.core/Runtime/GPUDriven/InstanceOcclusionCullerShaderVariables.cs.hlsl
  artifactKey: Guid(60581e86aa47d834785ca132fc385273) Importer(2089858483,b0f066a214c2f5e87bad3c948f4d605d)
Start importing Packages/com.unity.render-pipelines.core/Runtime/GPUDriven/InstanceOcclusionCullerShaderVariables.cs.hlsl using Guid(60581e86aa47d834785ca132fc385273) Importer(2089858483,b0f066a214c2f5e87bad3c948f4d605d) (ScriptedImporter) -> (artifact id: '86972c296401ec3a083f1a5969b6b551') in 0.0061645 seconds
Number of updated asset objects reloaded before import = 0Number of asset objects unloaded after import = 1

========================================================================
Received Import Request.
  Time since last request: 0.000015 seconds.
  path: Packages/com.unity.render-pipelines.core/Runtime/PostProcessing/LensFlareComponentSRP.cs
  artifactKey: Guid(cc4d76f733087744991913c9d19d5274) Importer(2089858483,b0f066a214c2f5e87bad3c948f4d605d)
Start importing Packages/com.unity.render-pipelines.core/Runtime/PostProcessing/LensFlareComponentSRP.cs using Guid(cc4d76f733087744991913c9d19d5274) Importer(2089858483,b0f066a214c2f5e87bad3c948f4d605d) (ScriptedImporter) -> (artifact id: '5819408c4da4f20c65b8da795296c88f') in 0.0078453 seconds
Number of updated asset objects reloaded before import = 0Number of asset objects unloaded after import = 1

========================================================================
Received Import Request.
  Time since last request: 0.000021 seconds.
  path: Packages/com.unity.render-pipelines.core/Runtime/PostProcessing/IPostProcessComponent.cs
  artifactKey: Guid(412b3ba463224f2cb2e0e70f93677f3c) Importer(2089858483,b0f066a214c2f5e87bad3c948f4d605d)
Start importing Packages/com.unity.render-pipelines.core/Runtime/PostProcessing/IPostProcessComponent.cs using Guid(412b3ba463224f2cb2e0e70f93677f3c) Importer(2089858483,b0f066a214c2f5e87bad3c948f4d605d) (ScriptedImporter) -> (artifact id: '289422f37a4981997cc38174b04db7b7') in 0.0061649 seconds
Number of updated asset objects reloaded before import = 0Number of asset objects unloaded after import = 0

========================================================================
Received Import Request.
  Time since last request: 0.000028 seconds.
  path: Packages/com.unity.render-pipelines.core/Runtime/RenderGraph/IRenderGraphEnabledRenderPipeline.cs
  artifactKey: Guid(d107e4e863b7b4e579c15e52f775ed03) Importer(2089858483,b0f066a214c2f5e87bad3c948f4d605d)
Start importing Packages/com.unity.render-pipelines.core/Runtime/RenderGraph/IRenderGraphEnabledRenderPipeline.cs using Guid(d107e4e863b7b4e579c15e52f775ed03) Importer(2089858483,b0f066a214c2f5e87bad3c948f4d605d) (ScriptedImporter) -> (artifact id: '0c4010a751974648c7cc984e324c7fd8') in 0.0062716 seconds
Number of updated asset objects reloaded before import = 0Number of asset objects unloaded after import = 0

========================================================================
Received Import Request.
  Time since last request: 0.000017 seconds.
  path: Packages/com.unity.render-pipelines.core/Runtime/RenderGraph/RenderGraphResourceAccelerationStructure.cs
  artifactKey: Guid(83567ec75a578bb47b248b662dd70fe5) Importer(2089858483,b0f066a214c2f5e87bad3c948f4d605d)
Start importing Packages/com.unity.render-pipelines.core/Runtime/RenderGraph/RenderGraphResourceAccelerationStructure.cs using Guid(83567ec75a578bb47b248b662dd70fe5) Importer(2089858483,b0f066a214c2f5e87bad3c948f4d605d) (ScriptedImporter) -> (artifact id: '730f41a51080c41a71f8bce25b0a582e') in 0.00851 seconds
Number of updated asset objects reloaded before import = 0Number of asset objects unloaded after import = 0

========================================================================
Received Import Request.
  Time since last request: 0.000023 seconds.
  path: Packages/com.unity.render-pipelines.core/Runtime/GPUDriven/RenderersParameters.cs
  artifactKey: Guid(79a7f7b13566d4a409e0df42e8f32bcc) Importer(2089858483,b0f066a214c2f5e87bad3c948f4d605d)
Start importing Packages/com.unity.render-pipelines.core/Runtime/GPUDriven/RenderersParameters.cs using Guid(79a7f7b13566d4a409e0df42e8f32bcc) Importer(2089858483,b0f066a214c2f5e87bad3c948f4d605d) (ScriptedImporter) -> (artifact id: 'aedaa8a36eb1ac8666d2f45034f9aeb4') in 0.0079568 seconds
Number of updated asset objects reloaded before import = 0Number of asset objects unloaded after import = 0

========================================================================
Received Import Request.
  Time since last request: 0.000029 seconds.
  path: Packages/com.unity.render-pipelines.core/Runtime/RenderPipelineResources/FallbackShader.shader
  artifactKey: Guid(36e335017ad71d54fbb10842863188ae) Importer(2089858483,b0f066a214c2f5e87bad3c948f4d605d)
Start importing Packages/com.unity.render-pipelines.core/Runtime/RenderPipelineResources/FallbackShader.shader using Guid(36e335017ad71d54fbb10842863188ae) Importer(2089858483,b0f066a214c2f5e87bad3c948f4d605d) (ScriptedImporter) -> (artifact id: 'cce4f2b14ce36de54a0d1d5922bd8bed') in 0.008284 seconds
Number of updated asset objects reloaded before import = 0Number of asset objects unloaded after import = 1

========================================================================
Received Import Request.
  Time since last request: 0.000017 seconds.
  path: Packages/com.unity.render-pipelines.core/Runtime/GPUDriven/LODRenderingUtils.cs
  artifactKey: Guid(df4d72ce4630d5a4388434b70060c6f7) Importer(2089858483,b0f066a214c2f5e87bad3c948f4d605d)
Start importing Packages/com.unity.render-pipelines.core/Runtime/GPUDriven/LODRenderingUtils.cs using Guid(df4d72ce4630d5a4388434b70060c6f7) Importer(2089858483,b0f066a214c2f5e87bad3c948f4d605d) (ScriptedImporter) -> (artifact id: '27d99e9baadd0bfe7db4b6d7e1319f7a') in 0.0080714 seconds
Number of updated asset objects reloaded before import = 0Number of asset objects unloaded after import = 0

========================================================================
Received Import Request.
  Time since last request: 0.000023 seconds.
  path: Packages/com.unity.render-pipelines.core/Runtime/PostProcessing/LensFlareOcclusionPermutation.cs.hlsl
  artifactKey: Guid(81fe9e8731660404b8d68e384d6c03a9) Importer(2089858483,b0f066a214c2f5e87bad3c948f4d605d)
Start importing Packages/com.unity.render-pipelines.core/Runtime/PostProcessing/LensFlareOcclusionPermutation.cs.hlsl using Guid(81fe9e8731660404b8d68e384d6c03a9) Importer(2089858483,b0f066a214c2f5e87bad3c948f4d605d) (ScriptedImporter) -> (artifact id: 'c60b108e6cd6b8fe487dd3ab10ba60b7') in 0.0068365 seconds
Number of updated asset objects reloaded before import = 0Number of asset objects unloaded after import = 1

========================================================================
Received Import Request.
  Time since last request: 0.000035 seconds.
  path: Packages/com.unity.render-pipelines.core/Runtime/RenderGraph/RenderGraphBuilder.cs
  artifactKey: Guid(e9aa1e7b18021ca42a72a263243b42a5) Importer(2089858483,b0f066a214c2f5e87bad3c948f4d605d)
Start importing Packages/com.unity.render-pipelines.core/Runtime/RenderGraph/RenderGraphBuilder.cs using Guid(e9aa1e7b18021ca42a72a263243b42a5) Importer(2089858483,b0f066a214c2f5e87bad3c948f4d605d) (ScriptedImporter) -> (artifact id: 'c0fa9d9a59a6e6f8642d567fd84e896e') in 0.0062031 seconds
Number of updated asset objects reloaded before import = 0Number of asset objects unloaded after import = 0

========================================================================
Received Import Request.
  Time since last request: 0.000018 seconds.
  path: Packages/com.unity.render-pipelines.core/Runtime/RenderGraph/IRenderGraphRecorder.cs
  artifactKey: Guid(233f6456f0564543ae9117f9b50bc56a) Importer(2089858483,b0f066a214c2f5e87bad3c948f4d605d)
Start importing Packages/com.unity.render-pipelines.core/Runtime/RenderGraph/IRenderGraphRecorder.cs using Guid(233f6456f0564543ae9117f9b50bc56a) Importer(2089858483,b0f066a214c2f5e87bad3c948f4d605d) (ScriptedImporter) -> (artifact id: '61063a4fe0629373d777649df39fede0') in 0.007852 seconds
Number of updated asset objects reloaded before import = 0Number of asset objects unloaded after import = 0

========================================================================
Received Import Request.
  Time since last request: 0.000021 seconds.
  path: Packages/com.unity.render-pipelines.core/Runtime/PostProcessing/LensFlareCommonSRP.cs
  artifactKey: Guid(8d87e57545548474c86d357b2d08ee30) Importer(2089858483,b0f066a214c2f5e87bad3c948f4d605d)
Start importing Packages/com.unity.render-pipelines.core/Runtime/PostProcessing/LensFlareCommonSRP.cs using Guid(8d87e57545548474c86d357b2d08ee30) Importer(2089858483,b0f066a214c2f5e87bad3c948f4d605d) (ScriptedImporter) -> (artifact id: 'e2036d20bf534cc766a806c176093bec') in 0.0064307 seconds
Number of updated asset objects reloaded before import = 0Number of asset objects unloaded after import = 0

========================================================================
Received Import Request.
  Time since last request: 0.000032 seconds.
  path: Packages/com.unity.render-pipelines.core/Runtime/GPUDriven/OcclusionTestCommon.hlsl
  artifactKey: Guid(1024f2cfcd9723443be47989a040394e) Importer(2089858483,b0f066a214c2f5e87bad3c948f4d605d)
Start importing Packages/com.unity.render-pipelines.core/Runtime/GPUDriven/OcclusionTestCommon.hlsl using Guid(1024f2cfcd9723443be47989a040394e) Importer(2089858483,b0f066a214c2f5e87bad3c948f4d605d) (ScriptedImporter) -> (artifact id: '19d3d8ff29b61da7437dfd44e2f9b779') in 0.0069319 seconds
Number of updated asset objects reloaded before import = 0Number of asset objects unloaded after import = 1

========================================================================
Received Import Request.
  Time since last request: 0.000018 seconds.
  path: Packages/com.unity.render-pipelines.core/Runtime/PostProcessing/LensFlareDataSRP.cs
  artifactKey: Guid(877e1507ae8d81c40bf1b94c1a86036f) Importer(2089858483,b0f066a214c2f5e87bad3c948f4d605d)
Start importing Packages/com.unity.render-pipelines.core/Runtime/PostProcessing/LensFlareDataSRP.cs using Guid(877e1507ae8d81c40bf1b94c1a86036f) Importer(2089858483,b0f066a214c2f5e87bad3c948f4d605d) (ScriptedImporter) -> (artifact id: 'dd01fe5aec90e6b44cdfbb328bdb7bec') in 0.0086274 seconds
Number of updated asset objects reloaded before import = 0Number of asset objects unloaded after import = 1

========================================================================
Received Import Request.
  Time since last request: 0.000021 seconds.
  path: Packages/com.unity.render-pipelines.core/Runtime/GPUDriven/InstanceOcclusionCullerShaderVariables.cs
  artifactKey: Guid(1895ea87beb6a2944b488685a325ccc9) Importer(2089858483,b0f066a214c2f5e87bad3c948f4d605d)
Start importing Packages/com.unity.render-pipelines.core/Runtime/GPUDriven/InstanceOcclusionCullerShaderVariables.cs using Guid(1895ea87beb6a2944b488685a325ccc9) Importer(2089858483,b0f066a214c2f5e87bad3c948f4d605d) (ScriptedImporter) -> (artifact id: 'd40cd1c326c66b60d912e6f18befac7d') in 0.0073896 seconds
Number of updated asset objects reloaded before import = 0Number of asset objects unloaded after import = 0

========================================================================
Received Import Request.
  Time since last request: 0.000029 seconds.
  path: Packages/com.unity.render-pipelines.core/Runtime/GPUDriven/GPUResidentDrawerDebug.cs
  artifactKey: Guid(0fd0ea96637f6954bad526ba9c76b16b) Importer(2089858483,b0f066a214c2f5e87bad3c948f4d605d)
Start importing Packages/com.unity.render-pipelines.core/Runtime/GPUDriven/GPUResidentDrawerDebug.cs using Guid(0fd0ea96637f6954bad526ba9c76b16b) Importer(2089858483,b0f066a214c2f5e87bad3c948f4d605d) (ScriptedImporter) -> (artifact id: 'e4c21ca13fbe84c87c2bbe071be538c3') in 0.006182 seconds
Number of updated asset objects reloaded before import = 0Number of asset objects unloaded after import = 0

========================================================================
Received Import Request.
  Time since last request: 0.000018 seconds.
  path: Packages/com.unity.render-pipelines.core/Runtime/RenderPipeline/RenderPipelineResources.cs
  artifactKey: Guid(b43eb475bb161a44f9da1fc2fd1fff41) Importer(2089858483,b0f066a214c2f5e87bad3c948f4d605d)
Start importing Packages/com.unity.render-pipelines.core/Runtime/RenderPipeline/RenderPipelineResources.cs using Guid(b43eb475bb161a44f9da1fc2fd1fff41) Importer(2089858483,b0f066a214c2f5e87bad3c948f4d605d) (ScriptedImporter) -> (artifact id: '509a0921e146a985f3bc0e81d0d343d3') in 0.0071477 seconds
Number of updated asset objects reloaded before import = 0Number of asset objects unloaded after import = 0

========================================================================
Received Import Request.
  Time since last request: 0.000021 seconds.
  path: Packages/com.unity.render-pipelines.core/Runtime/GPUDriven/InstanceCuller.cs
  artifactKey: Guid(df6b79ad3423a5745916fceb76fdefbf) Importer(2089858483,b0f066a214c2f5e87bad3c948f4d605d)
Start importing Packages/com.unity.render-pipelines.core/Runtime/GPUDriven/InstanceCuller.cs using Guid(df6b79ad3423a5745916fceb76fdefbf) Importer(2089858483,b0f066a214c2f5e87bad3c948f4d605d) (ScriptedImporter) -> (artifact id: '9bc1cd813acfdeb26485fb76d8a44247') in 0.0060697 seconds
Number of updated asset objects reloaded before import = 0Number of asset objects unloaded after import = 0

========================================================================
Received Import Request.
  Time since last request: 0.000027 seconds.
  path: Packages/com.unity.render-pipelines.core/Runtime/RenderGraph/RenderGraphUtilsBlit.cs
  artifactKey: Guid(712023dda7785b54aa46a5d7c812bda3) Importer(2089858483,b0f066a214c2f5e87bad3c948f4d605d)
Start importing Packages/com.unity.render-pipelines.core/Runtime/RenderGraph/RenderGraphUtilsBlit.cs using Guid(712023dda7785b54aa46a5d7c812bda3) Importer(2089858483,b0f066a214c2f5e87bad3c948f4d605d) (ScriptedImporter) -> (artifact id: 'df06686b0bab4ca8e768c1e70d7d845a') in 0.0062709 seconds
Number of updated asset objects reloaded before import = 0Number of asset objects unloaded after import = 0

========================================================================
Received Import Request.
  Time since last request: 0.000019 seconds.
  path: Packages/com.unity.render-pipelines.core/Runtime/RenderGraph/RenderGraph.ExceptionMessages.cs
  artifactKey: Guid(f658c411e0892ba499e17093373f687b) Importer(2089858483,b0f066a214c2f5e87bad3c948f4d605d)
Start importing Packages/com.unity.render-pipelines.core/Runtime/RenderGraph/RenderGraph.ExceptionMessages.cs using Guid(f658c411e0892ba499e17093373f687b) Importer(2089858483,b0f066a214c2f5e87bad3c948f4d605d) (ScriptedImporter) -> (artifact id: '9127586c1582a1d4668b492b1f9689b4') in 0.0057766 seconds
Number of updated asset objects reloaded before import = 0Number of asset objects unloaded after import = 0

========================================================================
Received Import Request.
  Time since last request: 0.000019 seconds.
  path: Packages/com.unity.render-pipelines.core/Runtime/GPUDriven/GPUResidentBatcher.cs
  artifactKey: Guid(363ade177d37a7249ad7d6a542cf5eea) Importer(2089858483,b0f066a214c2f5e87bad3c948f4d605d)
Start importing Packages/com.unity.render-pipelines.core/Runtime/GPUDriven/GPUResidentBatcher.cs using Guid(363ade177d37a7249ad7d6a542cf5eea) Importer(2089858483,b0f066a214c2f5e87bad3c948f4d605d) (ScriptedImporter) -> (artifact id: '8d4e6636335980d3c010986fce66abf0') in 0.0063293 seconds
Number of updated asset objects reloaded before import = 0Number of asset objects unloaded after import = 0

========================================================================
Received Import Request.
  Time since last request: 0.000028 seconds.
  path: Packages/com.unity.render-pipelines.core/Runtime/RenderGraph/RenderGraphGlobalSettings.cs
  artifactKey: Guid(fd759b62892071040858aa540b5340b4) Importer(2089858483,b0f066a214c2f5e87bad3c948f4d605d)
Start importing Packages/com.unity.render-pipelines.core/Runtime/RenderGraph/RenderGraphGlobalSettings.cs using Guid(fd759b62892071040858aa540b5340b4) Importer(2089858483,b0f066a214c2f5e87bad3c948f4d605d) (ScriptedImporter) -> (artifact id: 'bdd59402133ab7238ba94cb0db941699') in 0.0074605 seconds
Number of updated asset objects reloaded before import = 0Number of asset objects unloaded after import = 0

========================================================================
Received Import Request.
  Time since last request: 0.000023 seconds.
  path: Packages/com.unity.render-pipelines.core/Runtime/GPUDriven/OcclusionCullingCommonShaderVariables.cs.hlsl
  artifactKey: Guid(a5ea6c3e82289ce4d8ea0b60a96b1ee2) Importer(2089858483,b0f066a214c2f5e87bad3c948f4d605d)
Start importing Packages/com.unity.render-pipelines.core/Runtime/GPUDriven/OcclusionCullingCommonShaderVariables.cs.hlsl using Guid(a5ea6c3e82289ce4d8ea0b60a96b1ee2) Importer(2089858483,b0f066a214c2f5e87bad3c948f4d605d) (ScriptedImporter) -> (artifact id: 'e8de9fe727a4bc46790920f0d5cbbeba') in 0.0065209 seconds
Number of updated asset objects reloaded before import = 0Number of asset objects unloaded after import = 1

========================================================================
Received Import Request.
  Time since last request: 0.000020 seconds.
  path: Packages/com.unity.render-pipelines.core/Runtime/RenderPipelineResources/Default Lens Flare (SRP).asset
  artifactKey: Guid(bd7eaf3bd49c39f4cb77bd809459aa72) Importer(2089858483,b0f066a214c2f5e87bad3c948f4d605d)
Start importing Packages/com.unity.render-pipelines.core/Runtime/RenderPipelineResources/Default Lens Flare (SRP).asset using Guid(bd7eaf3bd49c39f4cb77bd809459aa72) Importer(2089858483,b0f066a214c2f5e87bad3c948f4d605d) (ScriptedImporter) -> (artifact id: '6490a9bfd1af959c0f861020666e0f59') in 0.014366 seconds
Number of updated asset objects reloaded before import = 0Number of asset objects unloaded after import = 1

========================================================================
Received Import Request.
  Time since last request: 0.000031 seconds.
  path: Packages/com.unity.render-pipelines.core/Runtime/GPUDriven/OcclusionCullingCommon.hlsl
  artifactKey: Guid(13f1cda4ab8412041ac157181fa6e421) Importer(2089858483,b0f066a214c2f5e87bad3c948f4d605d)
Start importing Packages/com.unity.render-pipelines.core/Runtime/GPUDriven/OcclusionCullingCommon.hlsl using Guid(13f1cda4ab8412041ac157181fa6e421) Importer(2089858483,b0f066a214c2f5e87bad3c948f4d605d) (ScriptedImporter) -> (artifact id: '9fc3b8030209ad2dd474423f294883a5') in 0.0077751 seconds
Number of updated asset objects reloaded before import = 0Number of asset objects unloaded after import = 1

========================================================================
Received Import Request.
  Time since last request: 0.000019 seconds.
  path: Packages/com.unity.render-pipelines.core/Runtime/GPUDriven/OcclusionCullingDebugShaderVariables.cs.hlsl
  artifactKey: Guid(00f96d87bb315084d89b58bd90c5304a) Importer(2089858483,b0f066a214c2f5e87bad3c948f4d605d)
Start importing Packages/com.unity.render-pipelines.core/Runtime/GPUDriven/OcclusionCullingDebugShaderVariables.cs.hlsl using Guid(00f96d87bb315084d89b58bd90c5304a) Importer(2089858483,b0f066a214c2f5e87bad3c948f4d605d) (ScriptedImporter) -> (artifact id: 'f9f6ecb4ab237b6b78b05eb56f6bdf2d') in 0.0075401 seconds
Number of updated asset objects reloaded before import = 0Number of asset objects unloaded after import = 1

========================================================================
Received Import Request.
  Time since last request: 0.000031 seconds.
  path: Packages/com.unity.render-pipelines.core/Runtime/Sampling/SobolData.cs
  artifactKey: Guid(3855c9e5913bd1e4f84f3bb238dc6c41) Importer(2089858483,b0f066a214c2f5e87bad3c948f4d605d)
Start importing Packages/com.unity.render-pipelines.core/Runtime/Sampling/SobolData.cs using Guid(3855c9e5913bd1e4f84f3bb238dc6c41) Importer(2089858483,b0f066a214c2f5e87bad3c948f4d605d) (ScriptedImporter) -> (artifact id: '89ae6383825eb380aec5e18b72a246a5') in 0.0064444 seconds
Number of updated asset objects reloaded before import = 0Number of asset objects unloaded after import = 0

========================================================================
Received Import Request.
  Time since last request: 0.000028 seconds.
  path: Packages/com.unity.render-pipelines.core/Runtime/Settings/IDefaultVolumeProfileSettings.cs
  artifactKey: Guid(e4d930e9e8a448f3a83cc94a56ea2539) Importer(2089858483,b0f066a214c2f5e87bad3c948f4d605d)
Start importing Packages/com.unity.render-pipelines.core/Runtime/Settings/IDefaultVolumeProfileSettings.cs using Guid(e4d930e9e8a448f3a83cc94a56ea2539) Importer(2089858483,b0f066a214c2f5e87bad3c948f4d605d) (ScriptedImporter) -> (artifact id: '496d511a44b0bc480ef612cf99af22ac') in 0.0084303 seconds
Number of updated asset objects reloaded before import = 0Number of asset objects unloaded after import = 0

========================================================================
Received Import Request.
  Time since last request: 0.000017 seconds.
  path: Packages/com.unity.render-pipelines.core/Runtime/UnifiedRayTracing/StringIDs.cs
  artifactKey: Guid(8f66ec818466aff4c96e8f911679ffe5) Importer(2089858483,b0f066a214c2f5e87bad3c948f4d605d)
Start importing Packages/com.unity.render-pipelines.core/Runtime/UnifiedRayTracing/StringIDs.cs using Guid(8f66ec818466aff4c96e8f911679ffe5) Importer(2089858483,b0f066a214c2f5e87bad3c948f4d605d) (ScriptedImporter) -> (artifact id: '08501cab1e1ff2455400828061a74610') in 0.0061557 seconds
Number of updated asset objects reloaded before import = 0Number of asset objects unloaded after import = 0

========================================================================
Received Import Request.
  Time since last request: 0.000020 seconds.
  path: Packages/com.unity.render-pipelines.core/Runtime/Utilities/FSRUtils.cs
  artifactKey: Guid(437e2de0f30b78448b42fe5aafc1d26f) Importer(2089858483,b0f066a214c2f5e87bad3c948f4d605d)
Start importing Packages/com.unity.render-pipelines.core/Runtime/Utilities/FSRUtils.cs using Guid(437e2de0f30b78448b42fe5aafc1d26f) Importer(2089858483,b0f066a214c2f5e87bad3c948f4d605d) (ScriptedImporter) -> (artifact id: 'a6a24f6d2e6b6686c03a815c33c9f2c8') in 0.0064683 seconds
Number of updated asset objects reloaded before import = 0Number of asset objects unloaded after import = 0

========================================================================
Received Import Request.
  Time since last request: 0.000035 seconds.
  path: Packages/com.unity.render-pipelines.core/Runtime/Upscaling/DLSSIUpscaler.cs
  artifactKey: Guid(ac8be94ed6c6df548a43cbac716f5147) Importer(2089858483,b0f066a214c2f5e87bad3c948f4d605d)
Start importing Packages/com.unity.render-pipelines.core/Runtime/Upscaling/DLSSIUpscaler.cs using Guid(ac8be94ed6c6df548a43cbac716f5147) Importer(2089858483,b0f066a214c2f5e87bad3c948f4d605d) (ScriptedImporter) -> (artifact id: '90cb077c4352024735f81644d099479e') in 0.0059468 seconds
Number of updated asset objects reloaded before import = 0Number of asset objects unloaded after import = 0

========================================================================
Received Import Request.
  Time since last request: 0.000018 seconds.
  path: Packages/com.unity.render-pipelines.core/Runtime/Utilities/BatchRendererGroupGlobals.cs
  artifactKey: Guid(ab8ad79e3d094044af2eb94ea63279cf) Importer(2089858483,b0f066a214c2f5e87bad3c948f4d605d)
Start importing Packages/com.unity.render-pipelines.core/Runtime/Utilities/BatchRendererGroupGlobals.cs using Guid(ab8ad79e3d094044af2eb94ea63279cf) Importer(2089858483,b0f066a214c2f5e87bad3c948f4d605d) (ScriptedImporter) -> (artifact id: 'd67786650b37e28bb5e01fa544ae21a1') in 0.0066742 seconds
Number of updated asset objects reloaded before import = 0Number of asset objects unloaded after import = 0

========================================================================
Received Import Request.
  Time since last request: 0.000025 seconds.
  path: Packages/com.unity.render-pipelines.core/Runtime/Stripping/RenderPipelineGraphicsSettingsStripperFetcher.cs
  artifactKey: Guid(dbbd01bbc3815b14fbd52f383653caea) Importer(2089858483,b0f066a214c2f5e87bad3c948f4d605d)
Start importing Packages/com.unity.render-pipelines.core/Runtime/Stripping/RenderPipelineGraphicsSettingsStripperFetcher.cs using Guid(dbbd01bbc3815b14fbd52f383653caea) Importer(2089858483,b0f066a214c2f5e87bad3c948f4d605d) (ScriptedImporter) -> (artifact id: 'e180cc35bc43122f0016bfb54198ef66') in 0.0061976 seconds
Number of updated asset objects reloaded before import = 0Number of asset objects unloaded after import = 0

========================================================================
Received Import Request.
  Time since last request: 0.000035 seconds.
  path: Packages/com.unity.render-pipelines.core/Runtime/Textures/RTHandleSystem.cs
  artifactKey: Guid(ee2d997a8a7c5de408c0a4194b1a8b4d) Importer(2089858483,b0f066a214c2f5e87bad3c948f4d605d)
Start importing Packages/com.unity.render-pipelines.core/Runtime/Textures/RTHandleSystem.cs using Guid(ee2d997a8a7c5de408c0a4194b1a8b4d) Importer(2089858483,b0f066a214c2f5e87bad3c948f4d605d) (ScriptedImporter) -> (artifact id: '3d849bfe6cb1869cc6f63730fa32436d') in 0.0070247 seconds
Number of updated asset objects reloaded before import = 0Number of asset objects unloaded after import = 0

========================================================================
Received Import Request.
  Time since last request: 0.000016 seconds.
  path: Packages/com.unity.render-pipelines.core/Runtime/Utilities/CoreMatrixUtils.cs
  artifactKey: Guid(d96647d3fcceac0429f12837ce7e2e3e) Importer(2089858483,b0f066a214c2f5e87bad3c948f4d605d)
Start importing Packages/com.unity.render-pipelines.core/Runtime/Utilities/CoreMatrixUtils.cs using Guid(d96647d3fcceac0429f12837ce7e2e3e) Importer(2089858483,b0f066a214c2f5e87bad3c948f4d605d) (ScriptedImporter) -> (artifact id: '55067f24462d3dd8780fc55f565f70e1') in 0.0059549 seconds
Number of updated asset objects reloaded before import = 0Number of asset objects unloaded after import = 0

========================================================================
Received Import Request.
  Time since last request: 0.000021 seconds.
  path: Packages/com.unity.render-pipelines.core/Runtime/Sampling/PseudoRandom.hlsl
  artifactKey: Guid(270be7a3bca5b4e038d7e90c1ca0f18c) Importer(2089858483,b0f066a214c2f5e87bad3c948f4d605d)
Start importing Packages/com.unity.render-pipelines.core/Runtime/Sampling/PseudoRandom.hlsl using Guid(270be7a3bca5b4e038d7e90c1ca0f18c) Importer(2089858483,b0f066a214c2f5e87bad3c948f4d605d) (ScriptedImporter) -> (artifact id: '46e27890c8749dbab351f339b4076a95') in 0.008022 seconds
Number of updated asset objects reloaded before import = 0Number of asset objects unloaded after import = 1

========================================================================
Received Import Request.
  Time since last request: 0.000027 seconds.
  path: Packages/com.unity.render-pipelines.core/Runtime/STP/StpSetup.compute
  artifactKey: Guid(33be2e9a5506b2843bdb2bdff9cad5e1) Importer(2089858483,b0f066a214c2f5e87bad3c948f4d605d)
Start importing Packages/com.unity.render-pipelines.core/Runtime/STP/StpSetup.compute using Guid(33be2e9a5506b2843bdb2bdff9cad5e1) Importer(2089858483,b0f066a214c2f5e87bad3c948f4d605d) (ScriptedImporter) -> (artifact id: '82f882ff00802a5cf348b2953bc16209') in 0.006288 seconds
Number of updated asset objects reloaded before import = 0Number of asset objects unloaded after import = 0

========================================================================
Received Import Request.
  Time since last request: 0.000016 seconds.
  path: Packages/com.unity.render-pipelines.core/Runtime/ShaderGenerator/ShaderGeneratorAttributes.cs
  artifactKey: Guid(e55f53965f0bb7d43b389fea197e7b4f) Importer(2089858483,b0f066a214c2f5e87bad3c948f4d605d)
Start importing Packages/com.unity.render-pipelines.core/Runtime/ShaderGenerator/ShaderGeneratorAttributes.cs using Guid(e55f53965f0bb7d43b389fea197e7b4f) Importer(2089858483,b0f066a214c2f5e87bad3c948f4d605d) (ScriptedImporter) -> (artifact id: '8dd24418f8ab6ec35f068819129743d5') in 0.0061784 seconds
Number of updated asset objects reloaded before import = 0Number of asset objects unloaded after import = 0

========================================================================
Received Import Request.
  Time since last request: 0.000025 seconds.
  path: Packages/com.unity.render-pipelines.core/Runtime/UnifiedRayTracing/TraceRayAndQueryHit.hlsl
  artifactKey: Guid(ff541650e0d7c3146a62582a0bd48d30) Importer(2089858483,b0f066a214c2f5e87bad3c948f4d605d)
Start importing Packages/com.unity.render-pipelines.core/Runtime/UnifiedRayTracing/TraceRayAndQueryHit.hlsl using Guid(ff541650e0d7c3146a62582a0bd48d30) Importer(2089858483,b0f066a214c2f5e87bad3c948f4d605d) (ScriptedImporter) -> (artifact id: '8bf821d3c564b9027e6ba6c4f66abddc') in 0.006542 seconds
Number of updated asset objects reloaded before import = 0Number of asset objects unloaded after import = 1

========================================================================
Received Import Request.
  Time since last request: 0.000027 seconds.
  path: Packages/com.unity.render-pipelines.core/Runtime/UnifiedRayTracing/Bindings.hlsl
  artifactKey: Guid(047623a35563f0e45bbfce747454416c) Importer(2089858483,b0f066a214c2f5e87bad3c948f4d605d)
Start importing Packages/com.unity.render-pipelines.core/Runtime/UnifiedRayTracing/Bindings.hlsl using Guid(047623a35563f0e45bbfce747454416c) Importer(2089858483,b0f066a214c2f5e87bad3c948f4d605d) (ScriptedImporter) -> (artifact id: '219ea39fbc834dbe16118bf9484d63a4') in 0.0064651 seconds
Number of updated asset objects reloaded before import = 0Number of asset objects unloaded after import = 1

========================================================================
Received Import Request.
  Time since last request: 0.000015 seconds.
  path: Packages/com.unity.render-pipelines.core/Runtime/Utilities/ColorSpaceUtils.cs
  artifactKey: Guid(704b415098e24d8fbc8a7ad9b3a16f15) Importer(2089858483,b0f066a214c2f5e87bad3c948f4d605d)
Start importing Packages/com.unity.render-pipelines.core/Runtime/Utilities/ColorSpaceUtils.cs using Guid(704b415098e24d8fbc8a7ad9b3a16f15) Importer(2089858483,b0f066a214c2f5e87bad3c948f4d605d) (ScriptedImporter) -> (artifact id: '7ebb6680f9d741078aed2941cbe377d8') in 0.0063666 seconds
Number of updated asset objects reloaded before import = 0Number of asset objects unloaded after import = 0

========================================================================
Received Import Request.
  Time since last request: 0.000018 seconds.
  path: Packages/com.unity.render-pipelines.core/Runtime/STP/StpCommon.hlsl
  artifactKey: Guid(11eb6b38eb2cd494cb1ccc8742453265) Importer(2089858483,b0f066a214c2f5e87bad3c948f4d605d)
Start importing Packages/com.unity.render-pipelines.core/Runtime/STP/StpCommon.hlsl using Guid(11eb6b38eb2cd494cb1ccc8742453265) Importer(2089858483,b0f066a214c2f5e87bad3c948f4d605d) (ScriptedImporter) -> (artifact id: 'ca1e25e1d6e911e1ae056e4b2939b564') in 0.0066885 seconds
Number of updated asset objects reloaded before import = 0Number of asset objects unloaded after import = 1

========================================================================
Received Import Request.
  Time since last request: 0.000028 seconds.
  path: Packages/com.unity.render-pipelines.core/Runtime/STP/ISTPEnabledRenderPipeline.cs
  artifactKey: Guid(f3117c72f2a5c6d47a581d5ccc60ca55) Importer(2089858483,b0f066a214c2f5e87bad3c948f4d605d)
Start importing Packages/com.unity.render-pipelines.core/Runtime/STP/ISTPEnabledRenderPipeline.cs using Guid(f3117c72f2a5c6d47a581d5ccc60ca55) Importer(2089858483,b0f066a214c2f5e87bad3c948f4d605d) (ScriptedImporter) -> (artifact id: '1a1f645b4433c19c619b4f63d21e437b') in 0.0058872 seconds
Number of updated asset objects reloaded before import = 0Number of asset objects unloaded after import = 0

========================================================================
Received Import Request.
  Time since last request: 0.000023 seconds.
  path: Packages/com.unity.render-pipelines.core/Runtime/UnifiedRayTracing/IRayTracingBackend.cs
  artifactKey: Guid(c55c8d58ea467a449b38deeb15c16906) Importer(2089858483,b0f066a214c2f5e87bad3c948f4d605d)
Start importing Packages/com.unity.render-pipelines.core/Runtime/UnifiedRayTracing/IRayTracingBackend.cs using Guid(c55c8d58ea467a449b38deeb15c16906) Importer(2089858483,b0f066a214c2f5e87bad3c948f4d605d) (ScriptedImporter) -> (artifact id: '808761d8c09eb89a36d28ea0c0cc06b5') in 0.006098 seconds
Number of updated asset objects reloaded before import = 0Number of asset objects unloaded after import = 0

========================================================================
Received Import Request.
  Time since last request: 0.000025 seconds.
  path: Packages/com.unity.render-pipelines.core/Runtime/UnifiedRayTracing/RayTracingResources.cs
  artifactKey: Guid(e9a999e2bb7021640b7d79411f755090) Importer(2089858483,b0f066a214c2f5e87bad3c948f4d605d)
Start importing Packages/com.unity.render-pipelines.core/Runtime/UnifiedRayTracing/RayTracingResources.cs using Guid(e9a999e2bb7021640b7d79411f755090) Importer(2089858483,b0f066a214c2f5e87bad3c948f4d605d) (ScriptedImporter) -> (artifact id: 'f49860394ef3d026d7b25136c71339dd') in 0.007744 seconds
Number of updated asset objects reloaded before import = 0Number of asset objects unloaded after import = 0

========================================================================
Received Import Request.
  Time since last request: 0.000035 seconds.
  path: Packages/com.unity.render-pipelines.core/Runtime/UnifiedRayTracing/TraceRay.hlsl
  artifactKey: Guid(d89584fc78a387b4b89d50da624e2695) Importer(2089858483,b0f066a214c2f5e87bad3c948f4d605d)
Start importing Packages/com.unity.render-pipelines.core/Runtime/UnifiedRayTracing/TraceRay.hlsl using Guid(d89584fc78a387b4b89d50da624e2695) Importer(2089858483,b0f066a214c2f5e87bad3c948f4d605d) (ScriptedImporter) -> (artifact id: '5545a77f1336827ab83699693888ad52') in 0.007995 seconds
Number of updated asset objects reloaded before import = 0Number of asset objects unloaded after import = 1

========================================================================
Received Import Request.
  Time since last request: 0.000020 seconds.
  path: Packages/com.unity.render-pipelines.core/Runtime/STP/Stp.hlsl
  artifactKey: Guid(edf9bcadab79ea842850b55b8d3a60d4) Importer(2089858483,b0f066a214c2f5e87bad3c948f4d605d)
Start importing Packages/com.unity.render-pipelines.core/Runtime/STP/Stp.hlsl using Guid(edf9bcadab79ea842850b55b8d3a60d4) Importer(2089858483,b0f066a214c2f5e87bad3c948f4d605d) (ScriptedImporter) -> (artifact id: '8767f2f7bd11b1d9f165c208ebe26b80') in 0.0073251 seconds
Number of updated asset objects reloaded before import = 0Number of asset objects unloaded after import = 1

========================================================================
Received Import Request.
  Time since last request: 0.000024 seconds.
  path: Packages/com.unity.render-pipelines.core/Runtime/Stripping/IRenderPipelineGraphicsSettingsStripper.cs
  artifactKey: Guid(15f7e2d0c4f7ba7409eeae492d4b5eb8) Importer(2089858483,b0f066a214c2f5e87bad3c948f4d605d)
Start importing Packages/com.unity.render-pipelines.core/Runtime/Stripping/IRenderPipelineGraphicsSettingsStripper.cs using Guid(15f7e2d0c4f7ba7409eeae492d4b5eb8) Importer(2089858483,b0f066a214c2f5e87bad3c948f4d605d) (ScriptedImporter) -> (artifact id: '44dfa3c5b80862b64c48fc1edab33bfb') in 0.0065351 seconds
Number of updated asset objects reloaded before import = 0Number of asset objects unloaded after import = 0

========================================================================
Received Import Request.
  Time since last request: 0.000026 seconds.
  path: Packages/com.unity.render-pipelines.core/Runtime/STP/STP.cs
  artifactKey: Guid(689bcf9068b54f1458c35e139c08a260) Importer(2089858483,b0f066a214c2f5e87bad3c948f4d605d)
Start importing Packages/com.unity.render-pipelines.core/Runtime/STP/STP.cs using Guid(689bcf9068b54f1458c35e139c08a260) Importer(2089858483,b0f066a214c2f5e87bad3c948f4d605d) (ScriptedImporter) -> (artifact id: '0a1d77e599e6ed2ec6db57a81ba03c0c') in 0.0060832 seconds
Number of updated asset objects reloaded before import = 0Number of asset objects unloaded after import = 0

========================================================================
Received Import Request.
  Time since last request: 0.000021 seconds.
  path: Packages/com.unity.render-pipelines.core/Runtime/UnifiedRayTracing/UnifiedRayTracingException.cs
  artifactKey: Guid(9eb26d0567d9108418c5bf72b7b62682) Importer(2089858483,b0f066a214c2f5e87bad3c948f4d605d)
Start importing Packages/com.unity.render-pipelines.core/Runtime/UnifiedRayTracing/UnifiedRayTracingException.cs using Guid(9eb26d0567d9108418c5bf72b7b62682) Importer(2089858483,b0f066a214c2f5e87bad3c948f4d605d) (ScriptedImporter) -> (artifact id: 'eb6ad1c51d971d3af68912c6fcf9f073') in 0.0089735 seconds
Number of updated asset objects reloaded before import = 0Number of asset objects unloaded after import = 0

========================================================================
Received Import Request.
  Time since last request: 0.000022 seconds.
  path: Packages/com.unity.render-pipelines.core/Runtime/Textures/RTHandle.cs
  artifactKey: Guid(f01477642fe8bcf46af0f654f65043cf) Importer(2089858483,b0f066a214c2f5e87bad3c948f4d605d)
Start importing Packages/com.unity.render-pipelines.core/Runtime/Textures/RTHandle.cs using Guid(f01477642fe8bcf46af0f654f65043cf) Importer(2089858483,b0f066a214c2f5e87bad3c948f4d605d) (ScriptedImporter) -> (artifact id: '5f589cad0af11c46a5cc562205c2a74b') in 0.0064909 seconds
Number of updated asset objects reloaded before import = 0Number of asset objects unloaded after import = 0

========================================================================
Received Import Request.
  Time since last request: 0.000026 seconds.
  path: Packages/com.unity.collab-proxy/Editor/CloudDrive/Workspaces/DirectoryContent/ItemsPosition.cs
  artifactKey: Guid(583732806f7c49c3aece28f1c2ad8d7b) Importer(2089858483,b0f066a214c2f5e87bad3c948f4d605d)
Start importing Packages/com.unity.collab-proxy/Editor/CloudDrive/Workspaces/DirectoryContent/ItemsPosition.cs using Guid(583732806f7c49c3aece28f1c2ad8d7b) Importer(2089858483,b0f066a214c2f5e87bad3c948f4d605d) (ScriptedImporter) -> (artifact id: '8c2a11288f17e22fbd0aefae2668917e') in 0.0064272 seconds
Number of updated asset objects reloaded before import = 0Number of asset objects unloaded after import = 0

========================================================================
Received Import Request.
  Time since last request: 0.000017 seconds.
  path: Packages/com.unity.collab-proxy/Editor/Assets/Images/d_iconplasticnotifyconflict.png
  artifactKey: Guid(51582ae5ea51fa14996791a550f89473) Importer(2089858483,b0f066a214c2f5e87bad3c948f4d605d)
Start importing Packages/com.unity.collab-proxy/Editor/Assets/Images/d_iconplasticnotifyconflict.png using Guid(51582ae5ea51fa14996791a550f89473) Importer(2089858483,b0f066a214c2f5e87bad3c948f4d605d) (ScriptedImporter) -> (artifact id: '03511ec7c2052604ca17656f8c760f05') in 0.0122007 seconds
Number of updated asset objects reloaded before import = 0Number of asset objects unloaded after import = 1

========================================================================
Received Import Request.
  Time since last request: 0.000018 seconds.
  path: Packages/com.unity.collab-proxy/Editor/Views/CreateWorkspace/Dialogs/CreateRepositoryDialog.cs
  artifactKey: Guid(61f74d0a8a3f1f542b8afe99e65686df) Importer(2089858483,b0f066a214c2f5e87bad3c948f4d605d)
Start importing Packages/com.unity.collab-proxy/Editor/Views/CreateWorkspace/Dialogs/CreateRepositoryDialog.cs using Guid(61f74d0a8a3f1f542b8afe99e65686df) Importer(2089858483,b0f066a214c2f5e87bad3c948f4d605d) (ScriptedImporter) -> (artifact id: 'a29d1ce437d7882c426f23b130f1540c') in 0.0074052 seconds
Number of updated asset objects reloaded before import = 0Number of asset objects unloaded after import = 0

========================================================================
Received Import Request.
  Time since last request: 0.000032 seconds.
  path: Packages/com.unity.collab-proxy/Editor/Views/BranchExplorer/Game/EasterEggDetector.cs
  artifactKey: Guid(ae954cba0516d43c5b81c92cdb63d0c3) Importer(2089858483,b0f066a214c2f5e87bad3c948f4d605d)
Start importing Packages/com.unity.collab-proxy/Editor/Views/BranchExplorer/Game/EasterEggDetector.cs using Guid(ae954cba0516d43c5b81c92cdb63d0c3) Importer(2089858483,b0f066a214c2f5e87bad3c948f4d605d) (ScriptedImporter) -> (artifact id: '3c1cb71d40f81b279633544df0e40e35') in 0.0070049 seconds
Number of updated asset objects reloaded before import = 0Number of asset objects unloaded after import = 0

========================================================================
Received Import Request.
  Time since last request: 0.000016 seconds.
  path: Packages/com.unity.render-pipelines.core/Runtime/XR/XRLayoutStack.cs
  artifactKey: Guid(d3562354edd44e76aa9d77b720395854) Importer(2089858483,b0f066a214c2f5e87bad3c948f4d605d)
Start importing Packages/com.unity.render-pipelines.core/Runtime/XR/XRLayoutStack.cs using Guid(d3562354edd44e76aa9d77b720395854) Importer(2089858483,b0f066a214c2f5e87bad3c948f4d605d) (ScriptedImporter) -> (artifact id: '8fdf118f511a80b1940720c23887e264') in 0.0067959 seconds
Number of updated asset objects reloaded before import = 0Number of asset objects unloaded after import = 0

========================================================================
Received Import Request.
  Time since last request: 0.000021 seconds.
  path: Packages/com.unity.render-pipelines.core/Runtime/Volume/Volume.cs
  artifactKey: Guid(172515602e62fb746b5d573b38a5fe58) Importer(2089858483,b0f066a214c2f5e87bad3c948f4d605d)
Start importing Packages/com.unity.render-pipelines.core/Runtime/Volume/Volume.cs using Guid(172515602e62fb746b5d573b38a5fe58) Importer(2089858483,b0f066a214c2f5e87bad3c948f4d605d) (ScriptedImporter) -> (artifact id: 'c480bea95fbdd12a1416403e8508b303') in 0.0102802 seconds
Number of updated asset objects reloaded before import = 0Number of asset objects unloaded after import = 1

========================================================================
Received Import Request.
  Time since last request: 0.000029 seconds.
  path: Packages/com.unity.render-pipelines.core/Tests/Editor/RemoveComponentTests.cs
  artifactKey: Guid(5b39e85330fc80e43b645b014ca68eda) Importer(2089858483,b0f066a214c2f5e87bad3c948f4d605d)
Start importing Packages/com.unity.render-pipelines.core/Tests/Editor/RemoveComponentTests.cs using Guid(5b39e85330fc80e43b645b014ca68eda) Importer(2089858483,b0f066a214c2f5e87bad3c948f4d605d) (ScriptedImporter) -> (artifact id: '5fec22774e7d3e000c7b9795be3c1e46') in 0.0059332 seconds
Number of updated asset objects reloaded before import = 0Number of asset objects unloaded after import = 0

========================================================================
Received Import Request.
  Time since last request: 0.000017 seconds.
  path: Packages/com.unity.render-pipelines.core/ShaderLibrary/API/Switch.hlsl
  artifactKey: Guid(e81335bf0a3c45c4fa81ed2fe67eeba0) Importer(2089858483,b0f066a214c2f5e87bad3c948f4d605d)
Start importing Packages/com.unity.render-pipelines.core/ShaderLibrary/API/Switch.hlsl using Guid(e81335bf0a3c45c4fa81ed2fe67eeba0) Importer(2089858483,b0f066a214c2f5e87bad3c948f4d605d) (ScriptedImporter) -> (artifact id: '269aa26318f737e52e2aac3f96d5e3d6') in 0.0067608 seconds
Number of updated asset objects reloaded before import = 0Number of asset objects unloaded after import = 1

========================================================================
Received Import Request.
  Time since last request: 0.000020 seconds.
  path: Packages/com.unity.render-pipelines.core/Runtime/Utilities/LightUnitUtils.cs
  artifactKey: Guid(4ae71d47e308c48719d317d0874b23d1) Importer(2089858483,b0f066a214c2f5e87bad3c948f4d605d)
Start importing Packages/com.unity.render-pipelines.core/Runtime/Utilities/LightUnitUtils.cs using Guid(4ae71d47e308c48719d317d0874b23d1) Importer(2089858483,b0f066a214c2f5e87bad3c948f4d605d) (ScriptedImporter) -> (artifact id: 'afb56d1bdd5693c82d3f16bda8581a0f') in 0.0061536 seconds
Number of updated asset objects reloaded before import = 0Number of asset objects unloaded after import = 0

========================================================================
Received Import Request.
  Time since last request: 0.000028 seconds.
  path: Packages/com.unity.render-pipelines.core/Tests/Editor/FixedBufferStringQueueTests.cs
  artifactKey: Guid(6e49a53fbd01acd4c9254d29a48f13d8) Importer(2089858483,b0f066a214c2f5e87bad3c948f4d605d)
Start importing Packages/com.unity.render-pipelines.core/Tests/Editor/FixedBufferStringQueueTests.cs using Guid(6e49a53fbd01acd4c9254d29a48f13d8) Importer(2089858483,b0f066a214c2f5e87bad3c948f4d605d) (ScriptedImporter) -> (artifact id: '9c4af9522e7ce71f0eb79ab0705d59b6') in 0.0075305 seconds
Number of updated asset objects reloaded before import = 0Number of asset objects unloaded after import = 0

========================================================================
Received Import Request.
  Time since last request: 0.000017 seconds.
  path: Packages/com.unity.render-pipelines.core/ShaderLibrary/Shadow/ShadowSamplingTent.hlsl
  artifactKey: Guid(6ff912bb23fcd5b468dd2e5c37addac3) Importer(2089858483,b0f066a214c2f5e87bad3c948f4d605d)
Start importing Packages/com.unity.render-pipelines.core/ShaderLibrary/Shadow/ShadowSamplingTent.hlsl using Guid(6ff912bb23fcd5b468dd2e5c37addac3) Importer(2089858483,b0f066a214c2f5e87bad3c948f4d605d) (ScriptedImporter) -> (artifact id: 'de10bc3d0a7d02b545eefb2ef4116700') in 0.0054773 seconds
Number of updated asset objects reloaded before import = 0Number of asset objects unloaded after import = 1

========================================================================
Received Import Request.
  Time since last request: 0.000020 seconds.
  path: Packages/com.unity.render-pipelines.core/ShaderLibrary/Sampling/Fibonacci.hlsl
  artifactKey: Guid(63275e6ba7e477f43a376217dc2e147f) Importer(2089858483,b0f066a214c2f5e87bad3c948f4d605d)
Start importing Packages/com.unity.render-pipelines.core/ShaderLibrary/Sampling/Fibonacci.hlsl using Guid(63275e6ba7e477f43a376217dc2e147f) Importer(2089858483,b0f066a214c2f5e87bad3c948f4d605d) (ScriptedImporter) -> (artifact id: '8356f18d9f552ad80eb5ac8b9d985322') in 0.0056144 seconds
Number of updated asset objects reloaded before import = 0Number of asset objects unloaded after import = 1

========================================================================
Received Import Request.
  Time since last request: 0.000029 seconds.
  path: Packages/com.unity.render-pipelines.core/Runtime/Volume/KeyframeUtility.cs
  artifactKey: Guid(1e28576c73484c844b4b56a5352abe6f) Importer(2089858483,b0f066a214c2f5e87bad3c948f4d605d)
Start importing Packages/com.unity.render-pipelines.core/Runtime/Volume/KeyframeUtility.cs using Guid(1e28576c73484c844b4b56a5352abe6f) Importer(2089858483,b0f066a214c2f5e87bad3c948f4d605d) (ScriptedImporter) -> (artifact id: '266e4f5e5d5846e2052b3f62c214031b') in 0.0067439 seconds
Number of updated asset objects reloaded before import = 0Number of asset objects unloaded after import = 0

========================================================================
Received Import Request.
  Time since last request: 0.000017 seconds.
  path: Packages/com.unity.render-pipelines.core/Runtime/Utilities/HaltonSequence.cs
  artifactKey: Guid(4c45974a160f56c4c8d8ed0373c53ef5) Importer(2089858483,b0f066a214c2f5e87bad3c948f4d605d)
Start importing Packages/com.unity.render-pipelines.core/Runtime/Utilities/HaltonSequence.cs using Guid(4c45974a160f56c4c8d8ed0373c53ef5) Importer(2089858483,b0f066a214c2f5e87bad3c948f4d605d) (ScriptedImporter) -> (artifact id: '6999843dd0563dffb0c2debda37b6e5c') in 0.0073772 seconds
Number of updated asset objects reloaded before import = 0Number of asset objects unloaded after import = 0

========================================================================
Received Import Request.
  Time since last request: 0.000024 seconds.
  path: Packages/com.unity.render-pipelines.core/Tests/Editor/ReflectionUtils.cs
  artifactKey: Guid(994ab27378e49eb45830d39c4c0b5799) Importer(2089858483,b0f066a214c2f5e87bad3c948f4d605d)
Start importing Packages/com.unity.render-pipelines.core/Tests/Editor/ReflectionUtils.cs using Guid(994ab27378e49eb45830d39c4c0b5799) Importer(2089858483,b0f066a214c2f5e87bad3c948f4d605d) (ScriptedImporter) -> (artifact id: '835631c934d6754fa77bcaaee4755181') in 0.0055211 seconds
Number of updated asset objects reloaded before import = 0Number of asset objects unloaded after import = 0

========================================================================
Received Import Request.
  Time since last request: 0.000028 seconds.
  path: Packages/com.unity.render-pipelines.core/Runtime/XR/XROcclusionMesh.cs
  artifactKey: Guid(48abac0b65e9c804aa38cf4bf6340d82) Importer(2089858483,b0f066a214c2f5e87bad3c948f4d605d)
Start importing Packages/com.unity.render-pipelines.core/Runtime/XR/XROcclusionMesh.cs using Guid(48abac0b65e9c804aa38cf4bf6340d82) Importer(2089858483,b0f066a214c2f5e87bad3c948f4d605d) (ScriptedImporter) -> (artifact id: 'b395b29ea23a65c2e673ce341c6f8982') in 0.0056206 seconds
Number of updated asset objects reloaded before import = 0Number of asset objects unloaded after import = 0

========================================================================
Received Import Request.
  Time since last request: 0.000017 seconds.
  path: Packages/com.unity.render-pipelines.core/ShaderLibrary/API/Vulkan.hlsl
  artifactKey: Guid(05a00b34d7740a643a8a6de19c6d9aa6) Importer(2089858483,b0f066a214c2f5e87bad3c948f4d605d)
Start importing Packages/com.unity.render-pipelines.core/ShaderLibrary/API/Vulkan.hlsl using Guid(05a00b34d7740a643a8a6de19c6d9aa6) Importer(2089858483,b0f066a214c2f5e87bad3c948f4d605d) (ScriptedImporter) -> (artifact id: 'ade5f382985ef7a9c1a31115a382edb1') in 0.0059177 seconds
Number of updated asset objects reloaded before import = 0Number of asset objects unloaded after import = 1

========================================================================
Received Import Request.
  Time since last request: 0.000017 seconds.
  path: Packages/com.unity.render-pipelines.core/ShaderLibrary/Sampling/SampleUVMappingInternal.hlsl
  artifactKey: Guid(01b8f0e33ff01164da19412b5fbdc7d4) Importer(2089858483,b0f066a214c2f5e87bad3c948f4d605d)
Start importing Packages/com.unity.render-pipelines.core/ShaderLibrary/Sampling/SampleUVMappingInternal.hlsl using Guid(01b8f0e33ff01164da19412b5fbdc7d4) Importer(2089858483,b0f066a214c2f5e87bad3c948f4d605d) (ScriptedImporter) -> (artifact id: 'b7418231f3f3cf24c2abd8b7ae4a9d58') in 0.0060341 seconds
Number of updated asset objects reloaded before import = 0Number of asset objects unloaded after import = 1

========================================================================
Received Import Request.
  Time since last request: 0.000019 seconds.
  path: Packages/com.unity.render-pipelines.core/Runtime/Vrs/VrsShaders.cs
  artifactKey: Guid(4ba9dce31226373439673a105ffbaef2) Importer(2089858483,b0f066a214c2f5e87bad3c948f4d605d)
Start importing Packages/com.unity.render-pipelines.core/Runtime/Vrs/VrsShaders.cs using Guid(4ba9dce31226373439673a105ffbaef2) Importer(2089858483,b0f066a214c2f5e87bad3c948f4d605d) (ScriptedImporter) -> (artifact id: 'c4c80b835f22a530e125d7619a770fc6') in 0.0055624 seconds
Number of updated asset objects reloaded before import = 0Number of asset objects unloaded after import = 0

========================================================================
Received Import Request.
  Time since last request: 0.000026 seconds.
  path: Packages/com.unity.render-pipelines.core/ShaderLibrary/Sampling/SampleUVMapping.hlsl
  artifactKey: Guid(f3e4d64dcf820e040a738f576d8d1f79) Importer(2089858483,b0f066a214c2f5e87bad3c948f4d605d)
Start importing Packages/com.unity.render-pipelines.core/ShaderLibrary/Sampling/SampleUVMapping.hlsl using Guid(f3e4d64dcf820e040a738f576d8d1f79) Importer(2089858483,b0f066a214c2f5e87bad3c948f4d605d) (ScriptedImporter) -> (artifact id: '7c4f902e3c2dc0a1978912148878d3e1') in 0.0057721 seconds
Number of updated asset objects reloaded before import = 0Number of asset objects unloaded after import = 1

========================================================================
Received Import Request.
  Time since last request: 0.000016 seconds.
  path: Packages/com.unity.render-pipelines.core/Runtime/Vrs/Vrs.cs
  artifactKey: Guid(a5153735ff79d6149a038ac6417b9301) Importer(2089858483,b0f066a214c2f5e87bad3c948f4d605d)
Start importing Packages/com.unity.render-pipelines.core/Runtime/Vrs/Vrs.cs using Guid(a5153735ff79d6149a038ac6417b9301) Importer(2089858483,b0f066a214c2f5e87bad3c948f4d605d) (ScriptedImporter) -> (artifact id: '74f4460d9bc2d0da8dd805abb6ea3ed2') in 0.0070191 seconds
Number of updated asset objects reloaded before import = 0Number of asset objects unloaded after import = 0

========================================================================
Received Import Request.
  Time since last request: 0.000017 seconds.
  path: Packages/com.unity.render-pipelines.core/Runtime/XR/XRSRPSettings.cs
  artifactKey: Guid(9b4a00e761b63254eab3f6e8fb135dee) Importer(2089858483,b0f066a214c2f5e87bad3c948f4d605d)
Start importing Packages/com.unity.render-pipelines.core/Runtime/XR/XRSRPSettings.cs using Guid(9b4a00e761b63254eab3f6e8fb135dee) Importer(2089858483,b0f066a214c2f5e87bad3c948f4d605d) (ScriptedImporter) -> (artifact id: 'faead2b4107ac1ef11eeab21508ac6c0') in 0.0058962 seconds
Number of updated asset objects reloaded before import = 0Number of asset objects unloaded after import = 0

========================================================================
Received Import Request.
  Time since last request: 0.000020 seconds.
  path: Packages/com.unity.render-pipelines.core/ShaderLibrary/API/WebGPU.hlsl
  artifactKey: Guid(e0badbba7ccb42748817520dc250e720) Importer(2089858483,b0f066a214c2f5e87bad3c948f4d605d)
Start importing Packages/com.unity.render-pipelines.core/ShaderLibrary/API/WebGPU.hlsl using Guid(e0badbba7ccb42748817520dc250e720) Importer(2089858483,b0f066a214c2f5e87bad3c948f4d605d) (ScriptedImporter) -> (artifact id: 'd568af2f6f341466f9c854673d0e224a') in 0.0054115 seconds
Number of updated asset objects reloaded before import = 0Number of asset objects unloaded after import = 1

========================================================================
Received Import Request.
  Time since last request: 0.000031 seconds.
  path: Packages/com.unity.render-pipelines.core/ShaderLibrary/Sampling/SampleUVMappingNormalInternal.hlsl
  artifactKey: Guid(f941b2119184e624a8ecd126735c5ed0) Importer(2089858483,b0f066a214c2f5e87bad3c948f4d605d)
Start importing Packages/com.unity.render-pipelines.core/ShaderLibrary/Sampling/SampleUVMappingNormalInternal.hlsl using Guid(f941b2119184e624a8ecd126735c5ed0) Importer(2089858483,b0f066a214c2f5e87bad3c948f4d605d) (ScriptedImporter) -> (artifact id: '10c8d13d82f438b834a1fee7e85d636a') in 0.0055685 seconds
Number of updated asset objects reloaded before import = 0Number of asset objects unloaded after import = 1

========================================================================
Received Import Request.
  Time since last request: 0.000020 seconds.
  path: Packages/com.unity.render-pipelines.core/Tests/Editor/CoreUnsafeUtilsTests.cs
  artifactKey: Guid(cd9e56dab7f922843a012c6d4bc3f1d2) Importer(2089858483,b0f066a214c2f5e87bad3c948f4d605d)
Start importing Packages/com.unity.render-pipelines.core/Tests/Editor/CoreUnsafeUtilsTests.cs using Guid(cd9e56dab7f922843a012c6d4bc3f1d2) Importer(2089858483,b0f066a214c2f5e87bad3c948f4d605d) (ScriptedImporter) -> (artifact id: '2a509cba261984e28ffb8131e53b1729') in 0.0055706 seconds
Number of updated asset objects reloaded before import = 0Number of asset objects unloaded after import = 0

========================================================================
Received Import Request.
  Time since last request: 0.000018 seconds.
  path: Packages/com.unity.render-pipelines.core/Runtime/XR/XRSystem.cs
  artifactKey: Guid(3d520a25148b68744a8a1a3e7ff07920) Importer(2089858483,b0f066a214c2f5e87bad3c948f4d605d)
Start importing Packages/com.unity.render-pipelines.core/Runtime/XR/XRSystem.cs using Guid(3d520a25148b68744a8a1a3e7ff07920) Importer(2089858483,b0f066a214c2f5e87bad3c948f4d605d) (ScriptedImporter) -> (artifact id: '419d150ef3ba0195cf8e6348c98f17b3') in 0.0060902 seconds
Number of updated asset objects reloaded before import = 0Number of asset objects unloaded after import = 0

========================================================================
Received Import Request.
  Time since last request: 0.000020 seconds.
  path: Packages/com.unity.render-pipelines.core/Runtime/RenderPipeline/ICloudBackground.cs
  artifactKey: Guid(59ae371e1145bd94dbfe718b3584e7cc) Importer(2089858483,b0f066a214c2f5e87bad3c948f4d605d)
Start importing Packages/com.unity.render-pipelines.core/Runtime/RenderPipeline/ICloudBackground.cs using Guid(59ae371e1145bd94dbfe718b3584e7cc) Importer(2089858483,b0f066a214c2f5e87bad3c948f4d605d) (ScriptedImporter) -> (artifact id: '23e5788a38e65a39595286529a4dd6da') in 0.0054235 seconds
Number of updated asset objects reloaded before import = 0Number of asset objects unloaded after import = 0

========================================================================
Received Import Request.
  Time since last request: 0.000026 seconds.
  path: Packages/com.unity.ugui/Tests/Runtime/UGUI/Util/ExceptionUtils.cs
  artifactKey: Guid(0b2706df6fdff50448f84a3f6629b40f) Importer(2089858483,b0f066a214c2f5e87bad3c948f4d605d)
Start importing Packages/com.unity.ugui/Tests/Runtime/UGUI/Util/ExceptionUtils.cs using Guid(0b2706df6fdff50448f84a3f6629b40f) Importer(2089858483,b0f066a214c2f5e87bad3c948f4d605d) (ScriptedImporter) -> (artifact id: '605ec7f1c2f4d41b90643f173d053093') in 0.0054923 seconds
Number of updated asset objects reloaded before import = 0Number of asset objects unloaded after import = 0

========================================================================
Received Import Request.
  Time since last request: 0.000018 seconds.
  path: Packages/com.unity.2d.tilemap/Editor/UI/GridPaintPaletteWindowLight.uss
  artifactKey: Guid(73653b679fcd4ba6941afb0cda629d09) Importer(2089858483,b0f066a214c2f5e87bad3c948f4d605d)
Start importing Packages/com.unity.2d.tilemap/Editor/UI/GridPaintPaletteWindowLight.uss using Guid(73653b679fcd4ba6941afb0cda629d09) Importer(2089858483,b0f066a214c2f5e87bad3c948f4d605d) (ScriptedImporter) -> (artifact id: '4548da29186f85c2de102d73348edd4f') in 0.0068315 seconds
Number of updated asset objects reloaded before import = 0Number of asset objects unloaded after import = 1

========================================================================
Received Import Request.
  Time since last request: 0.000019 seconds.
  path: Packages/com.unity.collab-proxy/Editor/Assets/Images/d_iconlock.png
  artifactKey: Guid(f7adc828ed70a485db62c459bdf09525) Importer(2089858483,b0f066a214c2f5e87bad3c948f4d605d)
Start importing Packages/com.unity.collab-proxy/Editor/Assets/Images/d_iconlock.png using Guid(f7adc828ed70a485db62c459bdf09525) Importer(2089858483,b0f066a214c2f5e87bad3c948f4d605d) (ScriptedImporter) -> (artifact id: '8382438405bbf1ed506ba3b10d33af2a') in 0.0130271 seconds
Number of updated asset objects reloaded before import = 0Number of asset objects unloaded after import = 3

========================================================================
Received Import Request.
  Time since last request: 0.000026 seconds.
  path: Packages/com.unity.mathematics/Unity.Mathematics.Editor/QuaternionDrawer.cs
  artifactKey: Guid(b78c76192c2e742779541501cfe4ca76) Importer(2089858483,b0f066a214c2f5e87bad3c948f4d605d)
Start importing Packages/com.unity.mathematics/Unity.Mathematics.Editor/QuaternionDrawer.cs using Guid(b78c76192c2e742779541501cfe4ca76) Importer(2089858483,b0f066a214c2f5e87bad3c948f4d605d) (ScriptedImporter) -> (artifact id: 'e27f2a43bc8acf591adabd542edd1bdc') in 0.0052429 seconds
Number of updated asset objects reloaded before import = 0Number of asset objects unloaded after import = 0

========================================================================
Received Import Request.
  Time since last request: 0.000017 seconds.
  path: Packages/com.unity.mathematics/Unity.Mathematics/uint4.gen.cs
  artifactKey: Guid(9fdee5e687d86ef488fb8ebda7eb849b) Importer(2089858483,b0f066a214c2f5e87bad3c948f4d605d)
Start importing Packages/com.unity.mathematics/Unity.Mathematics/uint4.gen.cs using Guid(9fdee5e687d86ef488fb8ebda7eb849b) Importer(2089858483,b0f066a214c2f5e87bad3c948f4d605d) (ScriptedImporter) -> (artifact id: 'd80dc7c51146fff9c975dd040fc55733') in 0.0055102 seconds
Number of updated asset objects reloaded before import = 0Number of asset objects unloaded after import = 0

========================================================================
Received Import Request.
  Time since last request: 0.000017 seconds.
  path: Packages/com.unity.ide.visualstudio/Editor/SolutionProperties.cs
  artifactKey: Guid(829d4d6bc39fd1044ba4c5fc2a9c911f) Importer(2089858483,b0f066a214c2f5e87bad3c948f4d605d)
Start importing Packages/com.unity.ide.visualstudio/Editor/SolutionProperties.cs using Guid(829d4d6bc39fd1044ba4c5fc2a9c911f) Importer(2089858483,b0f066a214c2f5e87bad3c948f4d605d) (ScriptedImporter) -> (artifact id: 'b2c1351ca4f063f576c0739d89bb8ae7') in 0.0055056 seconds
Number of updated asset objects reloaded before import = 0Number of asset objects unloaded after import = 0

========================================================================
Received Import Request.
  Time since last request: 0.000024 seconds.
  path: Packages/com.unity.collab-proxy/Editor/Assets/Images/d_iconpendingchangesview@2x.png
  artifactKey: Guid(16e2437bc79d04055b65b968f4eba9c0) Importer(2089858483,b0f066a214c2f5e87bad3c948f4d605d)
Start importing Packages/com.unity.collab-proxy/Editor/Assets/Images/d_iconpendingchangesview@2x.png using Guid(16e2437bc79d04055b65b968f4eba9c0) Importer(2089858483,b0f066a214c2f5e87bad3c948f4d605d) (ScriptedImporter) -> (artifact id: 'a365b50926559ffc92be2e4883cf0551') in 0.0119847 seconds
Number of updated asset objects reloaded before import = 0Number of asset objects unloaded after import = 3

========================================================================
Received Import Request.
  Time since last request: 0.000030 seconds.
  path: Packages/com.unity.collab-proxy/Editor/Assets/Images/d_iconpendingchanges@2x.png
  artifactKey: Guid(68302c8c48e3cee4aad72dbbf7894781) Importer(2089858483,b0f066a214c2f5e87bad3c948f4d605d)
Start importing Packages/com.unity.collab-proxy/Editor/Assets/Images/d_iconpendingchanges@2x.png using Guid(68302c8c48e3cee4aad72dbbf7894781) Importer(2089858483,b0f066a214c2f5e87bad3c948f4d605d) (ScriptedImporter) -> (artifact id: 'b41a0b49caf66c77d9b30be28f51f379') in 0.012858 seconds
Number of updated asset objects reloaded before import = 0Number of asset objects unloaded after import = 3

========================================================================
Received Import Request.
  Time since last request: 0.000019 seconds.
  path: Packages/com.unity.collab-proxy/Editor/Views/Shelves/ShelvesViewMenu.cs
  artifactKey: Guid(c8e89e66728f4cf4b2835b9e6c0a1690) Importer(2089858483,b0f066a214c2f5e87bad3c948f4d605d)
Start importing Packages/com.unity.collab-proxy/Editor/Views/Shelves/ShelvesViewMenu.cs using Guid(c8e89e66728f4cf4b2835b9e6c0a1690) Importer(2089858483,b0f066a214c2f5e87bad3c948f4d605d) (ScriptedImporter) -> (artifact id: '649825fb74423b0e4821cd43d54db18a') in 0.0090918 seconds
Number of updated asset objects reloaded before import = 0Number of asset objects unloaded after import = 0

========================================================================
Received Import Request.
  Time since last request: 0.000017 seconds.
  path: Packages/com.unity.render-pipelines.core/Editor/Icons/MipLevels/Volume@64.png
  artifactKey: Guid(3e1119a71344058429824f48f89db02a) Importer(2089858483,b0f066a214c2f5e87bad3c948f4d605d)
Start importing Packages/com.unity.render-pipelines.core/Editor/Icons/MipLevels/Volume@64.png using Guid(3e1119a71344058429824f48f89db02a) Importer(2089858483,b0f066a214c2f5e87bad3c948f4d605d) (ScriptedImporter) -> (artifact id: 'd92df0c3342fbf238052a98932420d03') in 0.0110664 seconds
Number of updated asset objects reloaded before import = 0Number of asset objects unloaded after import = 1

========================================================================
Received Import Request.
  Time since last request: 0.000026 seconds.
  path: Packages/com.unity.render-pipelines.core/Editor/Icons/Processed/LocalVolumetricFog Icon.asset
  artifactKey: Guid(acb29b12f9f806e4086dd007d41e47e2) Importer(2089858483,b0f066a214c2f5e87bad3c948f4d605d)
Start importing Packages/com.unity.render-pipelines.core/Editor/Icons/Processed/LocalVolumetricFog Icon.asset using Guid(acb29b12f9f806e4086dd007d41e47e2) Importer(2089858483,b0f066a214c2f5e87bad3c948f4d605d) (ScriptedImporter) -> (artifact id: '925958233624bcb43bbcb4cbb4056c2b') in 0.0129764 seconds
Number of updated asset objects reloaded before import = 0Number of asset objects unloaded after import = 1

========================================================================
Received Import Request.
  Time since last request: 0.000026 seconds.
  path: Packages/com.unity.render-pipelines.core/Editor/Icons/Processed/PassInspector Icon.asset
  artifactKey: Guid(f07c8ecc9e9de7842ab9c99a9256ff7d) Importer(2089858483,b0f066a214c2f5e87bad3c948f4d605d)
Start importing Packages/com.unity.render-pipelines.core/Editor/Icons/Processed/PassInspector Icon.asset using Guid(f07c8ecc9e9de7842ab9c99a9256ff7d) Importer(2089858483,b0f066a214c2f5e87bad3c948f4d605d) (ScriptedImporter) -> (artifact id: '0fa6c11d517deb2cea08c9f5313d8e66') in 0.007987 seconds
Number of updated asset objects reloaded before import = 0Number of asset objects unloaded after import = 1

========================================================================
Received Import Request.
  Time since last request: 0.000018 seconds.
  path: Packages/com.unity.render-pipelines.core/Editor/Icons/Processed/DecalProjector Icon.asset
  artifactKey: Guid(9603ab9e0ac90754298d959374a0ec29) Importer(2089858483,b0f066a214c2f5e87bad3c948f4d605d)
Start importing Packages/com.unity.render-pipelines.core/Editor/Icons/Processed/DecalProjector Icon.asset using Guid(9603ab9e0ac90754298d959374a0ec29) Importer(2089858483,b0f066a214c2f5e87bad3c948f4d605d) (ScriptedImporter) -> (artifact id: '635e6cb24a775c3f996637ad55658c28') in 0.0136594 seconds
Number of updated asset objects reloaded before import = 0Number of asset objects unloaded after import = 1

========================================================================
Received Import Request.
  Time since last request: 0.000029 seconds.
  path: Packages/com.unity.render-pipelines.core/Tests/Runtime/LightUnitTests.cs
  artifactKey: Guid(6b0549ef5aba7f74ebb69af4844d9a1d) Importer(2089858483,b0f066a214c2f5e87bad3c948f4d605d)
Start importing Packages/com.unity.render-pipelines.core/Tests/Runtime/LightUnitTests.cs using Guid(6b0549ef5aba7f74ebb69af4844d9a1d) Importer(2089858483,b0f066a214c2f5e87bad3c948f4d605d) (ScriptedImporter) -> (artifact id: '3bac4b8b93a820dd49e55453b4bb9bcc') in 0.007586 seconds
Number of updated asset objects reloaded before import = 0Number of asset objects unloaded after import = 0

========================================================================
Received Import Request.
  Time since last request: 0.000015 seconds.
  path: Packages/com.unity.render-pipelines.core/Editor/Icons/RenderGraphViewer/d_Resources@2x.png
  artifactKey: Guid(6eb2e156a8a1f8149b02f135509f10ea) Importer(2089858483,b0f066a214c2f5e87bad3c948f4d605d)
Start importing Packages/com.unity.render-pipelines.core/Editor/Icons/RenderGraphViewer/d_Resources@2x.png using Guid(6eb2e156a8a1f8149b02f135509f10ea) Importer(2089858483,b0f066a214c2f5e87bad3c948f4d605d) (ScriptedImporter) -> (artifact id: '93c6bf69ef62ea080245a48f0f81b3a5') in 0.0119722 seconds
Number of updated asset objects reloaded before import = 0Number of asset objects unloaded after import = 1

========================================================================
Received Import Request.
  Time since last request: 0.000018 seconds.
  path: Packages/com.unity.render-pipelines.core/Editor/Icons/RenderGraphViewer/PassInspector@2x.png
  artifactKey: Guid(881eb9c95b9a018479a89b9218d61928) Importer(2089858483,b0f066a214c2f5e87bad3c948f4d605d)
Start importing Packages/com.unity.render-pipelines.core/Editor/Icons/RenderGraphViewer/PassInspector@2x.png using Guid(881eb9c95b9a018479a89b9218d61928) Importer(2089858483,b0f066a214c2f5e87bad3c948f4d605d) (ScriptedImporter) -> (artifact id: 'efebea23d82da955e91c56a14700f9c1') in 0.0117286 seconds
Number of updated asset objects reloaded before import = 0Number of asset objects unloaded after import = 1

========================================================================
Received Import Request.
  Time since last request: 0.000028 seconds.
  path: Packages/com.unity.render-pipelines.core/Tests/Runtime/ContextContainerTests.cs
  artifactKey: Guid(ff33f91d01e0f9f4d90c5619e5e2b70e) Importer(2089858483,b0f066a214c2f5e87bad3c948f4d605d)
Start importing Packages/com.unity.render-pipelines.core/Tests/Runtime/ContextContainerTests.cs using Guid(ff33f91d01e0f9f4d90c5619e5e2b70e) Importer(2089858483,b0f066a214c2f5e87bad3c948f4d605d) (ScriptedImporter) -> (artifact id: '1e65e8bbeceaa01610b5ac4b4831e094') in 0.0059499 seconds
Number of updated asset objects reloaded before import = 0Number of asset objects unloaded after import = 0

========================================================================
Received Import Request.
  Time since last request: 0.000018 seconds.
  path: Packages/com.unity.render-pipelines.core/Editor/Icons/Processed/d_PassInspector Icon.asset
  artifactKey: Guid(de46f443cc7a01d4a86b2535f132a51d) Importer(2089858483,b0f066a214c2f5e87bad3c948f4d605d)
Start importing Packages/com.unity.render-pipelines.core/Editor/Icons/Processed/d_PassInspector Icon.asset using Guid(de46f443cc7a01d4a86b2535f132a51d) Importer(2089858483,b0f066a214c2f5e87bad3c948f4d605d) (ScriptedImporter) -> (artifact id: 'a93a2fc3300839ca888e804b445760f6') in 0.0088554 seconds
Number of updated asset objects reloaded before import = 0Number of asset objects unloaded after import = 1

========================================================================
Received Import Request.
  Time since last request: 0.000019 seconds.
  path: Packages/com.unity.render-pipelines.core/Editor/Lighting/Icons/LightAnchor_Icon.png
  artifactKey: Guid(df491817340312f439c32f95902ddee7) Importer(2089858483,b0f066a214c2f5e87bad3c948f4d605d)
Start importing Packages/com.unity.render-pipelines.core/Editor/Lighting/Icons/LightAnchor_Icon.png using Guid(df491817340312f439c32f95902ddee7) Importer(2089858483,b0f066a214c2f5e87bad3c948f4d605d) (ScriptedImporter) -> (artifact id: 'db6e6c4d853b670e8a7890ce4602c077') in 0.0133257 seconds
Number of updated asset objects reloaded before import = 0Number of asset objects unloaded after import = 1

========================================================================
Received Import Request.
  Time since last request: 0.000026 seconds.
  path: Packages/com.unity.render-pipelines.core/Editor/Icons/MipLevels/Volume@128.png
  artifactKey: Guid(bcac3edca050cd043be3942131c59be3) Importer(2089858483,b0f066a214c2f5e87bad3c948f4d605d)
Start importing Packages/com.unity.render-pipelines.core/Editor/Icons/MipLevels/Volume@128.png using Guid(bcac3edca050cd043be3942131c59be3) Importer(2089858483,b0f066a214c2f5e87bad3c948f4d605d) (ScriptedImporter) -> (artifact id: 'ad99100c7288dbd904e6e885a21ec367') in 0.0125245 seconds
Number of updated asset objects reloaded before import = 0Number of asset objects unloaded after import = 1

========================================================================
Received Import Request.
  Time since last request: 0.000017 seconds.
  path: Packages/com.unity.render-pipelines.core/Editor/Icons/MipLevels/RenderPipelineResources@256.png
  artifactKey: Guid(b645d34d84db58a45ac9775bb9a9bc48) Importer(2089858483,b0f066a214c2f5e87bad3c948f4d605d)
Start importing Packages/com.unity.render-pipelines.core/Editor/Icons/MipLevels/RenderPipelineResources@256.png using Guid(b645d34d84db58a45ac9775bb9a9bc48) Importer(2089858483,b0f066a214c2f5e87bad3c948f4d605d) (ScriptedImporter) -> (artifact id: '6b75856b8fa68614745a348b445a2b3e') in 0.0120723 seconds
Number of updated asset objects reloaded before import = 0Number of asset objects unloaded after import = 1

========================================================================
Received Import Request.
  Time since last request: 0.000018 seconds.
  path: Packages/com.unity.render-pipelines.core/Editor/Icons/RenderGraphViewer/FramebufferFetch@2x.png
  artifactKey: Guid(35a75acf988224d4da424a5a42cdaaf9) Importer(2089858483,b0f066a214c2f5e87bad3c948f4d605d)
Start importing Packages/com.unity.render-pipelines.core/Editor/Icons/RenderGraphViewer/FramebufferFetch@2x.png using Guid(35a75acf988224d4da424a5a42cdaaf9) Importer(2089858483,b0f066a214c2f5e87bad3c948f4d605d) (ScriptedImporter) -> (artifact id: '933b32339f72cfb0ddcdd50e9d62313d') in 0.0152447 seconds
Number of updated asset objects reloaded before import = 0Number of asset objects unloaded after import = 1

========================================================================
Received Import Request.
  Time since last request: 0.000029 seconds.
  path: Packages/com.unity.render-pipelines.core/Editor/Icons/Processed/VolumeProfile Icon.asset
  artifactKey: Guid(faa56264e2faf674c8be98efbfd8e2a4) Importer(2089858483,b0f066a214c2f5e87bad3c948f4d605d)
Start importing Packages/com.unity.render-pipelines.core/Editor/Icons/Processed/VolumeProfile Icon.asset using Guid(faa56264e2faf674c8be98efbfd8e2a4) Importer(2089858483,b0f066a214c2f5e87bad3c948f4d605d) (ScriptedImporter) -> (artifact id: '4c732f8a9e3b9a900974519d76f20d07') in 0.0131768 seconds
Number of updated asset objects reloaded before import = 0Number of asset objects unloaded after import = 1

========================================================================
Received Import Request.
  Time since last request: 0.000015 seconds.
  path: Packages/com.unity.render-pipelines.core/Editor/Icons/MipLevels/RenderPipelineResources@32.png
  artifactKey: Guid(39013bef60270164e94ccd21c1edb486) Importer(2089858483,b0f066a214c2f5e87bad3c948f4d605d)
Start importing Packages/com.unity.render-pipelines.core/Editor/Icons/MipLevels/RenderPipelineResources@32.png using Guid(39013bef60270164e94ccd21c1edb486) Importer(2089858483,b0f066a214c2f5e87bad3c948f4d605d) (ScriptedImporter) -> (artifact id: '7bd44a8a353118a3b8bbd3d7dd62caa2') in 0.0116667 seconds
Number of updated asset objects reloaded before import = 0Number of asset objects unloaded after import = 1

========================================================================
Received Import Request.
  Time since last request: 0.000018 seconds.
  path: Packages/com.unity.render-pipelines.core/Editor/Icons/Processed/d_Volume Icon.asset
  artifactKey: Guid(177b2538515c71b4a86aa1cad939807a) Importer(2089858483,b0f066a214c2f5e87bad3c948f4d605d)
Start importing Packages/com.unity.render-pipelines.core/Editor/Icons/Processed/d_Volume Icon.asset using Guid(177b2538515c71b4a86aa1cad939807a) Importer(2089858483,b0f066a214c2f5e87bad3c948f4d605d) (ScriptedImporter) -> (artifact id: 'f5a9d87df10a6cca50b48e83513bb387') in 0.0154683 seconds
Number of updated asset objects reloaded before import = 0Number of asset objects unloaded after import = 1

========================================================================
Received Import Request.
  Time since last request: 0.000024 seconds.
  path: Packages/com.unity.render-pipelines.core/Editor/Icons/RenderGraphViewer/d_PassInspector@2x.png
  artifactKey: Guid(4e0d4fae0554052489fc6918c357d43c) Importer(2089858483,b0f066a214c2f5e87bad3c948f4d605d)
Start importing Packages/com.unity.render-pipelines.core/Editor/Icons/RenderGraphViewer/d_PassInspector@2x.png using Guid(4e0d4fae0554052489fc6918c357d43c) Importer(2089858483,b0f066a214c2f5e87bad3c948f4d605d) (ScriptedImporter) -> (artifact id: 'c3021882cd25ce726fe2204c61bee638') in 0.0174586 seconds
Number of updated asset objects reloaded before import = 0Number of asset objects unloaded after import = 1

========================================================================
Received Import Request.
  Time since last request: 0.000017 seconds.
  path: Packages/com.unity.render-pipelines.core/Editor/Icons/Processed/Resources Icon.asset
  artifactKey: Guid(0c718439afc500a47899efc9499bc9f5) Importer(2089858483,b0f066a214c2f5e87bad3c948f4d605d)
Start importing Packages/com.unity.render-pipelines.core/Editor/Icons/Processed/Resources Icon.asset using Guid(0c718439afc500a47899efc9499bc9f5) Importer(2089858483,b0f066a214c2f5e87bad3c948f4d605d) (ScriptedImporter) -> (artifact id: '1b5537a06110803a0dcb33eae273c60f') in 0.0076989 seconds
Number of updated asset objects reloaded before import = 0Number of asset objects unloaded after import = 1

========================================================================
Received Import Request.
  Time since last request: 0.000020 seconds.
  path: Packages/com.unity.render-pipelines.core/Tests/Editor/Swap.Extensions.Tests.cs
  artifactKey: Guid(170e625407be98640be7a881672523ef) Importer(2089858483,b0f066a214c2f5e87bad3c948f4d605d)
Start importing Packages/com.unity.render-pipelines.core/Tests/Editor/Swap.Extensions.Tests.cs using Guid(170e625407be98640be7a881672523ef) Importer(2089858483,b0f066a214c2f5e87bad3c948f4d605d) (ScriptedImporter) -> (artifact id: '2bf3fc05c7ede8cc58717c593fce60db') in 0.0054099 seconds
Number of updated asset objects reloaded before import = 0Number of asset objects unloaded after import = 0

========================================================================
Received Import Request.
  Time since last request: 0.000024 seconds.
  path: Packages/com.unity.render-pipelines.core/Editor/Icons/RenderGraphViewer/Global@2x.png
  artifactKey: Guid(13acc8e36620f0c499762b092afc9538) Importer(2089858483,b0f066a214c2f5e87bad3c948f4d605d)
Start importing Packages/com.unity.render-pipelines.core/Editor/Icons/RenderGraphViewer/Global@2x.png using Guid(13acc8e36620f0c499762b092afc9538) Importer(2089858483,b0f066a214c2f5e87bad3c948f4d605d) (ScriptedImporter) -> (artifact id: 'a83ce0c1619f63e0af94ec1a6f9a60de') in 0.010805 seconds
Number of updated asset objects reloaded before import = 0Number of asset objects unloaded after import = 1

========================================================================
Received Import Request.
  Time since last request: 0.000015 seconds.
  path: Packages/com.unity.render-pipelines.core/Editor/Icons/MipLevels/d_VolumeProfile@16.png
  artifactKey: Guid(2e6a4056f58607f4cb9a7430cffd3cf0) Importer(2089858483,b0f066a214c2f5e87bad3c948f4d605d)
Start importing Packages/com.unity.render-pipelines.core/Editor/Icons/MipLevels/d_VolumeProfile@16.png using Guid(2e6a4056f58607f4cb9a7430cffd3cf0) Importer(2089858483,b0f066a214c2f5e87bad3c948f4d605d) (ScriptedImporter) -> (artifact id: 'fd3d0f58003e11eb06ee27e454d45a11') in 0.0125284 seconds
Number of updated asset objects reloaded before import = 0Number of asset objects unloaded after import = 1

========================================================================
Received Import Request.
  Time since last request: 0.000017 seconds.
  path: Packages/com.unity.render-pipelines.core/Tests/Editor/SweepLineRectUtilsTests.cs
  artifactKey: Guid(bfba7561301ac2a44b010c12825cd189) Importer(2089858483,b0f066a214c2f5e87bad3c948f4d605d)
Start importing Packages/com.unity.render-pipelines.core/Tests/Editor/SweepLineRectUtilsTests.cs using Guid(bfba7561301ac2a44b010c12825cd189) Importer(2089858483,b0f066a214c2f5e87bad3c948f4d605d) (ScriptedImporter) -> (artifact id: 'b95dda502943ec908cf8d4dd96d05391') in 0.0058514 seconds
Number of updated asset objects reloaded before import = 0Number of asset objects unloaded after import = 0

========================================================================
Received Import Request.
  Time since last request: 0.000023 seconds.
  path: Packages/com.unity.render-pipelines.core/Editor/Icons/MipLevels/d_Volume@32.png
  artifactKey: Guid(675ff9ea9d96a004a85fc91680242734) Importer(2089858483,b0f066a214c2f5e87bad3c948f4d605d)
Start importing Packages/com.unity.render-pipelines.core/Editor/Icons/MipLevels/d_Volume@32.png using Guid(675ff9ea9d96a004a85fc91680242734) Importer(2089858483,b0f066a214c2f5e87bad3c948f4d605d) (ScriptedImporter) -> (artifact id: 'ed42e0f4214774ab319b8ce9411df267') in 0.0112228 seconds
Number of updated asset objects reloaded before import = 0Number of asset objects unloaded after import = 1

========================================================================
Received Import Request.
  Time since last request: 0.000015 seconds.
  path: Packages/com.unity.render-pipelines.core/Editor/Icons/Processed/RenderPipelineResources Icon.asset
  artifactKey: Guid(9577fdc34c3b03242bf439342d37043b) Importer(2089858483,b0f066a214c2f5e87bad3c948f4d605d)
Start importing Packages/com.unity.render-pipelines.core/Editor/Icons/Processed/RenderPipelineResources Icon.asset using Guid(9577fdc34c3b03242bf439342d37043b) Importer(2089858483,b0f066a214c2f5e87bad3c948f4d605d) (ScriptedImporter) -> (artifact id: '2f067d95dec0595eae6cffd3fd68fd51') in 0.0167575 seconds
Number of updated asset objects reloaded before import = 0Number of asset objects unloaded after import = 1

========================================================================
Received Import Request.
  Time since last request: 0.000019 seconds.
  path: Packages/com.unity.render-pipelines.core/Tests/Editor/SimpleSpeedTreeDots.shader
  artifactKey: Guid(2b06b6233ca86cd4886e99d0e9d1124e) Importer(2089858483,b0f066a214c2f5e87bad3c948f4d605d)
Start importing Packages/com.unity.render-pipelines.core/Tests/Editor/SimpleSpeedTreeDots.shader using Guid(2b06b6233ca86cd4886e99d0e9d1124e) Importer(2089858483,b0f066a214c2f5e87bad3c948f4d605d) (ScriptedImporter) -> (artifact id: 'a61dfee76d1f7c9c7d920e9643be5ea3') in 0.0085445 seconds
Number of updated asset objects reloaded before import = 0Number of asset objects unloaded after import = 1

========================================================================
Received Import Request.
  Time since last request: 0.000025 seconds.
  path: Packages/com.unity.render-pipelines.core/Editor/BuildProcessors/ShaderStrippers/SRPDisabledComputeShaderVariantStripper.cs
  artifactKey: Guid(9f2d47f6376246d49bf978c4dbbe3686) Importer(2089858483,b0f066a214c2f5e87bad3c948f4d605d)
Start importing Packages/com.unity.render-pipelines.core/Editor/BuildProcessors/ShaderStrippers/SRPDisabledComputeShaderVariantStripper.cs using Guid(9f2d47f6376246d49bf978c4dbbe3686) Importer(2089858483,b0f066a214c2f5e87bad3c948f4d605d) (ScriptedImporter) -> (artifact id: '3fdb918b3e289ef75fd7c7e16119e55a') in 0.0056317 seconds
Number of updated asset objects reloaded before import = 0Number of asset objects unloaded after import = 0

========================================================================
Received Import Request.
  Time since last request: 0.000019 seconds.
  path: Packages/com.unity.render-pipelines.core/Editor/Icons/RenderGraphViewer/MultipleUsage.png
  artifactKey: Guid(cd47f6d5edd2c7541a0baf3774a54fdd) Importer(2089858483,b0f066a214c2f5e87bad3c948f4d605d)
Start importing Packages/com.unity.render-pipelines.core/Editor/Icons/RenderGraphViewer/MultipleUsage.png using Guid(cd47f6d5edd2c7541a0baf3774a54fdd) Importer(2089858483,b0f066a214c2f5e87bad3c948f4d605d) (ScriptedImporter) -> (artifact id: 'd404d82609f3070d7c81649e2849d42a') in 0.0150002 seconds
Number of updated asset objects reloaded before import = 0Number of asset objects unloaded after import = 3

========================================================================
Received Import Request.
  Time since last request: 0.000021 seconds.
  path: Packages/com.unity.render-pipelines.core/Editor/Lighting/Icons/Advanced_Pressed_mini.png
  artifactKey: Guid(c1d870384c7ed3c49b30d01278bf3949) Importer(2089858483,b0f066a214c2f5e87bad3c948f4d605d)
Start importing Packages/com.unity.render-pipelines.core/Editor/Lighting/Icons/Advanced_Pressed_mini.png using Guid(c1d870384c7ed3c49b30d01278bf3949) Importer(2089858483,b0f066a214c2f5e87bad3c948f4d605d) (ScriptedImporter) -> (artifact id: 'd8bece34231df3e54ec009f0a4cdf3c3') in 0.0140781 seconds
Number of updated asset objects reloaded before import = 0Number of asset objects unloaded after import = 1

========================================================================
Received Import Request.
  Time since last request: 0.000023 seconds.
  path: Packages/com.unity.render-pipelines.core/Editor/Lighting/ProbeVolume/ProbeVolumeBakingSetEditor.cs
  artifactKey: Guid(ebad938968750cd41a0d243f50a3a4ba) Importer(2089858483,b0f066a214c2f5e87bad3c948f4d605d)
Start importing Packages/com.unity.render-pipelines.core/Editor/Lighting/ProbeVolume/ProbeVolumeBakingSetEditor.cs using Guid(ebad938968750cd41a0d243f50a3a4ba) Importer(2089858483,b0f066a214c2f5e87bad3c948f4d605d) (ScriptedImporter) -> (artifact id: '63dbc6fbf022239b3649e39633e0b4a0') in 0.0062852 seconds
Number of updated asset objects reloaded before import = 0Number of asset objects unloaded after import = 0

========================================================================
Received Import Request.
  Time since last request: 0.000013 seconds.
  path: Packages/com.unity.render-pipelines.core/Editor/LookDev/Icons/d_Camera2.png
  artifactKey: Guid(281160d54742cbb44a88a61bf8ccfb16) Importer(2089858483,b0f066a214c2f5e87bad3c948f4d605d)
Start importing Packages/com.unity.render-pipelines.core/Editor/LookDev/Icons/d_Camera2.png using Guid(281160d54742cbb44a88a61bf8ccfb16) Importer(2089858483,b0f066a214c2f5e87bad3c948f4d605d) (ScriptedImporter) -> (artifact id: '56b52cc86e0abea41a6bdc3fa216ec8d') in 0.0141925 seconds
Number of updated asset objects reloaded before import = 0Number of asset objects unloaded after import = 3

========================================================================
Received Import Request.
  Time since last request: 0.000017 seconds.
  path: Packages/com.unity.render-pipelines.core/Editor/Lighting/ProbeVolume/ProbeVolumeCellDilation.compute
  artifactKey: Guid(6bb382f7de370af41b775f54182e491d) Importer(2089858483,b0f066a214c2f5e87bad3c948f4d605d)
Start importing Packages/com.unity.render-pipelines.core/Editor/Lighting/ProbeVolume/ProbeVolumeCellDilation.compute using Guid(6bb382f7de370af41b775f54182e491d) Importer(2089858483,b0f066a214c2f5e87bad3c948f4d605d) (ScriptedImporter) -> (artifact id: '71988ff25b57356cf63fe43a4c4c7ddd') in 0.0054544 seconds
Number of updated asset objects reloaded before import = 0Number of asset objects unloaded after import = 0

========================================================================
Received Import Request.
  Time since last request: 0.000017 seconds.
  path: Packages/com.unity.render-pipelines.core/Editor/LookDev/Icons/d_Duplicate.png
  artifactKey: Guid(0d692588b1d40e9429620400bd5efe63) Importer(2089858483,b0f066a214c2f5e87bad3c948f4d605d)
Start importing Packages/com.unity.render-pipelines.core/Editor/LookDev/Icons/d_Duplicate.png using Guid(0d692588b1d40e9429620400bd5efe63) Importer(2089858483,b0f066a214c2f5e87bad3c948f4d605d) (ScriptedImporter) -> (artifact id: '1e55ee46bbdf6fda62ca9bf61c57d66b') in 0.0119227 seconds
Number of updated asset objects reloaded before import = 0Number of asset objects unloaded after import = 3

========================================================================
Received Import Request.
  Time since last request: 0.000023 seconds.
  path: Packages/com.unity.render-pipelines.core/Editor/Lighting/ProbeVolume/ProbeVolumeResourceStripper.cs
  artifactKey: Guid(10248537d08fe3d44bef6245d7d1868c) Importer(2089858483,b0f066a214c2f5e87bad3c948f4d605d)
Start importing Packages/com.unity.render-pipelines.core/Editor/Lighting/ProbeVolume/ProbeVolumeResourceStripper.cs using Guid(10248537d08fe3d44bef6245d7d1868c) Importer(2089858483,b0f066a214c2f5e87bad3c948f4d605d) (ScriptedImporter) -> (artifact id: '4fddae84d88c27ab9590f9ad432811d1') in 0.0070084 seconds
Number of updated asset objects reloaded before import = 0Number of asset objects unloaded after import = 0

========================================================================
Received Import Request.
  Time since last request: 0.000015 seconds.
  path: Packages/com.unity.render-pipelines.core/Editor/LookDev/Icons/Camera2@2x.png
  artifactKey: Guid(28f2917353630ce4fa307eeceadcd26d) Importer(2089858483,b0f066a214c2f5e87bad3c948f4d605d)
Start importing Packages/com.unity.render-pipelines.core/Editor/LookDev/Icons/Camera2@2x.png using Guid(28f2917353630ce4fa307eeceadcd26d) Importer(2089858483,b0f066a214c2f5e87bad3c948f4d605d) (ScriptedImporter) -> (artifact id: '88c67915ae4368fb5a8bb464b0aefdb2') in 0.0116662 seconds
Number of updated asset objects reloaded before import = 0Number of asset objects unloaded after import = 3

========================================================================
Received Import Request.
  Time since last request: 0.000018 seconds.
  path: Packages/com.unity.render-pipelines.core/Editor/LookDev/Icons/d_CenterLight.png
  artifactKey: Guid(fca3bc21b4600e04faaddb69c5fad81e) Importer(2089858483,b0f066a214c2f5e87bad3c948f4d605d)
Start importing Packages/com.unity.render-pipelines.core/Editor/LookDev/Icons/d_CenterLight.png using Guid(fca3bc21b4600e04faaddb69c5fad81e) Importer(2089858483,b0f066a214c2f5e87bad3c948f4d605d) (ScriptedImporter) -> (artifact id: 'cfa12d7cff844ccc42740b1dd30f1704') in 0.0128014 seconds
Number of updated asset objects reloaded before import = 0Number of asset objects unloaded after import = 3

========================================================================
Received Import Request.
  Time since last request: 0.000024 seconds.
  path: Packages/com.unity.render-pipelines.core/Editor/Lighting/ProbeVolume/ProbeVolumeBuildProcessor.cs
  artifactKey: Guid(78125114017c76b418c950af7a56971d) Importer(2089858483,b0f066a214c2f5e87bad3c948f4d605d)
Start importing Packages/com.unity.render-pipelines.core/Editor/Lighting/ProbeVolume/ProbeVolumeBuildProcessor.cs using Guid(78125114017c76b418c950af7a56971d) Importer(2089858483,b0f066a214c2f5e87bad3c948f4d605d) (ScriptedImporter) -> (artifact id: 'fda0ccf21ceff37a9b6f426b6d74af49') in 0.005742 seconds
Number of updated asset objects reloaded before import = 0Number of asset objects unloaded after import = 0

========================================================================
Received Import Request.
  Time since last request: 0.000015 seconds.
  path: Packages/com.unity.render-pipelines.core/Editor/Lighting/ProbeVolume/ProbeGIBaking.VirtualOffset.cs
  artifactKey: Guid(8b021bb2627b0d14789d013709bc3d15) Importer(2089858483,b0f066a214c2f5e87bad3c948f4d605d)
Start importing Packages/com.unity.render-pipelines.core/Editor/Lighting/ProbeVolume/ProbeGIBaking.VirtualOffset.cs using Guid(8b021bb2627b0d14789d013709bc3d15) Importer(2089858483,b0f066a214c2f5e87bad3c948f4d605d) (ScriptedImporter) -> (artifact id: 'a1c87c8bb49e7e497abdea06462f2b8b') in 0.0060143 seconds
Number of updated asset objects reloaded before import = 0Number of asset objects unloaded after import = 0

========================================================================
Received Import Request.
  Time since last request: 0.000017 seconds.
  path: Packages/com.unity.render-pipelines.core/Editor/Lighting/LightUnit/LightUnitSliderSettings.cs
  artifactKey: Guid(e6613a812c41a3d4fb3282f9f9df07c0) Importer(2089858483,b0f066a214c2f5e87bad3c948f4d605d)
Start importing Packages/com.unity.render-pipelines.core/Editor/Lighting/LightUnit/LightUnitSliderSettings.cs using Guid(e6613a812c41a3d4fb3282f9f9df07c0) Importer(2089858483,b0f066a214c2f5e87bad3c948f4d605d) (ScriptedImporter) -> (artifact id: 'd206469d5c684a7afe3851f0543d275b') in 0.0066468 seconds
Number of updated asset objects reloaded before import = 0Number of asset objects unloaded after import = 0

========================================================================
Received Import Request.
  Time since last request: 0.000034 seconds.
  path: Packages/com.unity.render-pipelines.core/Editor/Lighting/Icons/PresetFill_Left.png
  artifactKey: Guid(84767f608f72f5a4090837fc328dd75f) Importer(2089858483,b0f066a214c2f5e87bad3c948f4d605d)
Start importing Packages/com.unity.render-pipelines.core/Editor/Lighting/Icons/PresetFill_Left.png using Guid(84767f608f72f5a4090837fc328dd75f) Importer(2089858483,b0f066a214c2f5e87bad3c948f4d605d) (ScriptedImporter) -> (artifact id: '15da3670eeefc8b4214e290fe3db3abf') in 0.0118465 seconds
Number of updated asset objects reloaded before import = 0Number of asset objects unloaded after import = 1

========================================================================
Received Import Request.
  Time since last request: 0.000023 seconds.
  path: Packages/com.unity.render-pipelines.core/Editor/Lighting/Icons/PresetHair.png
  artifactKey: Guid(9b18a8aa7da659344b2fce408beb09c3) Importer(2089858483,b0f066a214c2f5e87bad3c948f4d605d)
Start importing Packages/com.unity.render-pipelines.core/Editor/Lighting/Icons/PresetHair.png using Guid(9b18a8aa7da659344b2fce408beb09c3) Importer(2089858483,b0f066a214c2f5e87bad3c948f4d605d) (ScriptedImporter) -> (artifact id: '35f5947a4516a3d6406cd09f74568eb0') in 0.0127178 seconds
Number of updated asset objects reloaded before import = 0Number of asset objects unloaded after import = 1

========================================================================
Received Import Request.
  Time since last request: 0.000019 seconds.
  path: Packages/com.unity.render-pipelines.core/Editor/LookDev/Icons/d_Layout1@2x.png
  artifactKey: Guid(4de5e4f3717b2c548bd8b90b6c628b2f) Importer(2089858483,b0f066a214c2f5e87bad3c948f4d605d)
Start importing Packages/com.unity.render-pipelines.core/Editor/LookDev/Icons/d_Layout1@2x.png using Guid(4de5e4f3717b2c548bd8b90b6c628b2f) Importer(2089858483,b0f066a214c2f5e87bad3c948f4d605d) (ScriptedImporter) -> (artifact id: 'cf8c0d996b2ffa5370b72231b2775ab1') in 0.0119328 seconds
Number of updated asset objects reloaded before import = 0Number of asset objects unloaded after import = 3

========================================================================
Received Import Request.
  Time since last request: 0.000024 seconds.
  path: Packages/com.unity.render-pipelines.core/Editor/Lighting/Icons/LightPlacement_Icon@2x.png
  artifactKey: Guid(c179f13951d25f646887d38fa53e6e65) Importer(2089858483,b0f066a214c2f5e87bad3c948f4d605d)
Start importing Packages/com.unity.render-pipelines.core/Editor/Lighting/Icons/LightPlacement_Icon@2x.png using Guid(c179f13951d25f646887d38fa53e6e65) Importer(2089858483,b0f066a214c2f5e87bad3c948f4d605d) (ScriptedImporter) -> (artifact id: '80dcab0ec0576c7f98e7fa342f941d41') in 0.0106697 seconds
Number of updated asset objects reloaded before import = 0Number of asset objects unloaded after import = 1

========================================================================
Received Import Request.
  Time since last request: 0.000015 seconds.
  path: Packages/com.unity.render-pipelines.core/Editor/Lighting/ProbeVolume/VoxelizeScene.hlsl
  artifactKey: Guid(7530ec596e48f41e2bc1cc954be9b805) Importer(2089858483,b0f066a214c2f5e87bad3c948f4d605d)
Start importing Packages/com.unity.render-pipelines.core/Editor/Lighting/ProbeVolume/VoxelizeScene.hlsl using Guid(7530ec596e48f41e2bc1cc954be9b805) Importer(2089858483,b0f066a214c2f5e87bad3c948f4d605d) (ScriptedImporter) -> (artifact id: 'bf5c7e8ccc72fd9770d845c443b422fb') in 0.0059131 seconds
Number of updated asset objects reloaded before import = 0Number of asset objects unloaded after import = 1

========================================================================
Received Import Request.
  Time since last request: 0.000019 seconds.
  path: Packages/com.unity.render-pipelines.core/Editor/LookDev/Icons/d_Layout2@2x.png
  artifactKey: Guid(50f7a3e9878119a4da02f38cf05d75ba) Importer(2089858483,b0f066a214c2f5e87bad3c948f4d605d)
Start importing Packages/com.unity.render-pipelines.core/Editor/LookDev/Icons/d_Layout2@2x.png using Guid(50f7a3e9878119a4da02f38cf05d75ba) Importer(2089858483,b0f066a214c2f5e87bad3c948f4d605d) (ScriptedImporter) -> (artifact id: '639277a2589c4043e7968099d4638cd7') in 0.0127407 seconds
Number of updated asset objects reloaded before import = 0Number of asset objects unloaded after import = 3

========================================================================
Received Import Request.
  Time since last request: 0.000031 seconds.
  path: Packages/com.unity.render-pipelines.core/Editor/LookDev/Icons/Duplicate@2x.png
  artifactKey: Guid(91ffd37b0545bf6448f8d937736130a1) Importer(2089858483,b0f066a214c2f5e87bad3c948f4d605d)
Start importing Packages/com.unity.render-pipelines.core/Editor/LookDev/Icons/Duplicate@2x.png using Guid(91ffd37b0545bf6448f8d937736130a1) Importer(2089858483,b0f066a214c2f5e87bad3c948f4d605d) (ScriptedImporter) -> (artifact id: '451d46f89663102fb48d0ca2bd7c791b') in 0.0122034 seconds
Number of updated asset objects reloaded before import = 0Number of asset objects unloaded after import = 3

========================================================================
Received Import Request.
  Time since last request: 0.000016 seconds.
  path: Packages/com.unity.render-pipelines.core/Editor/Lighting/ProbeVolume/ProbeVolumeUI.Skin.cs
  artifactKey: Guid(2bdd08f317060d34ca4b375d3c784d85) Importer(2089858483,b0f066a214c2f5e87bad3c948f4d605d)
Start importing Packages/com.unity.render-pipelines.core/Editor/Lighting/ProbeVolume/ProbeVolumeUI.Skin.cs using Guid(2bdd08f317060d34ca4b375d3c784d85) Importer(2089858483,b0f066a214c2f5e87bad3c948f4d605d) (ScriptedImporter) -> (artifact id: '8965f4be32d7555b41b16ab9a28a02f4') in 0.0073986 seconds
Number of updated asset objects reloaded before import = 0Number of asset objects unloaded after import = 0

========================================================================
Received Import Request.
  Time since last request: 0.000016 seconds.
  path: Packages/com.unity.render-pipelines.core/Editor/Lighting/Icons/PresetBounce_Right.png
  artifactKey: Guid(4dac1eeb02c481340801b3ac458b2976) Importer(2089858483,b0f066a214c2f5e87bad3c948f4d605d)
Start importing Packages/com.unity.render-pipelines.core/Editor/Lighting/Icons/PresetBounce_Right.png using Guid(4dac1eeb02c481340801b3ac458b2976) Importer(2089858483,b0f066a214c2f5e87bad3c948f4d605d) (ScriptedImporter) -> (artifact id: '460dc62d9f513ac00e4a68dd90405d1b') in 0.0121823 seconds
Number of updated asset objects reloaded before import = 0Number of asset objects unloaded after import = 1

========================================================================
Received Import Request.
  Time since last request: 0.000027 seconds.
  path: Packages/com.unity.render-pipelines.core/Editor/Lighting/ProbeVolume/ProbeVolumeLightingTab.cs
  artifactKey: Guid(0f8abfbe013119f439e0bfec01e3687b) Importer(2089858483,b0f066a214c2f5e87bad3c948f4d605d)
Start importing Packages/com.unity.render-pipelines.core/Editor/Lighting/ProbeVolume/ProbeVolumeLightingTab.cs using Guid(0f8abfbe013119f439e0bfec01e3687b) Importer(2089858483,b0f066a214c2f5e87bad3c948f4d605d) (ScriptedImporter) -> (artifact id: 'af729d25d3d23f16558e7ec4b82d0356') in 0.007486 seconds
Number of updated asset objects reloaded before import = 0Number of asset objects unloaded after import = 0

========================================================================
Received Import Request.
  Time since last request: 0.000021 seconds.
  path: Packages/com.unity.render-pipelines.core/Editor/Lighting/ProbeVolume/ProbeSubdivisionContext.cs
  artifactKey: Guid(7ae21171395a4ab498dcd45c73375262) Importer(2089858483,b0f066a214c2f5e87bad3c948f4d605d)
Start importing Packages/com.unity.render-pipelines.core/Editor/Lighting/ProbeVolume/ProbeSubdivisionContext.cs using Guid(7ae21171395a4ab498dcd45c73375262) Importer(2089858483,b0f066a214c2f5e87bad3c948f4d605d) (ScriptedImporter) -> (artifact id: '57d5cbe067d2a4042dc80ace4325eb45') in 0.00631 seconds
Number of updated asset objects reloaded before import = 0Number of asset objects unloaded after import = 0

========================================================================
Received Import Request.
  Time since last request: 0.000016 seconds.
  path: Packages/com.unity.render-pipelines.core/Editor/Lighting/Icons/d_LightPlacement_Icon On.png
  artifactKey: Guid(1d70e8f2a6df91f46a8e5b4f2378c8bc) Importer(2089858483,b0f066a214c2f5e87bad3c948f4d605d)
Start importing Packages/com.unity.render-pipelines.core/Editor/Lighting/Icons/d_LightPlacement_Icon On.png using Guid(1d70e8f2a6df91f46a8e5b4f2378c8bc) Importer(2089858483,b0f066a214c2f5e87bad3c948f4d605d) (ScriptedImporter) -> (artifact id: 'fc90ce9f1d680a8aaf39a150c32d70db') in 0.0113182 seconds
Number of updated asset objects reloaded before import = 0Number of asset objects unloaded after import = 1

========================================================================
Received Import Request.
  Time since last request: 0.000025 seconds.
  path: Packages/com.unity.render-pipelines.core/Tests/Runtime/DebugManagerTests.cs
  artifactKey: Guid(3a191d0939f271d4b9b583b27f1ecd2d) Importer(2089858483,b0f066a214c2f5e87bad3c948f4d605d)
Start importing Packages/com.unity.render-pipelines.core/Tests/Runtime/DebugManagerTests.cs using Guid(3a191d0939f271d4b9b583b27f1ecd2d) Importer(2089858483,b0f066a214c2f5e87bad3c948f4d605d) (ScriptedImporter) -> (artifact id: 'e2bff1fa42003bd8ade3f359a7d72783') in 0.0055867 seconds
Number of updated asset objects reloaded before import = 0Number of asset objects unloaded after import = 0

========================================================================
Received Import Request.
  Time since last request: 0.000016 seconds.
  path: Packages/com.unity.render-pipelines.core/Editor/Lighting/ProbeVolume/ProbeVolumeGizmos.cs
  artifactKey: Guid(1d0eb70f099740d48a54003f68140928) Importer(2089858483,b0f066a214c2f5e87bad3c948f4d605d)
Start importing Packages/com.unity.render-pipelines.core/Editor/Lighting/ProbeVolume/ProbeVolumeGizmos.cs using Guid(1d0eb70f099740d48a54003f68140928) Importer(2089858483,b0f066a214c2f5e87bad3c948f4d605d) (ScriptedImporter) -> (artifact id: '0643de7caf601c4a661f52096364f904') in 0.0056736 seconds
Number of updated asset objects reloaded before import = 0Number of asset objects unloaded after import = 0

========================================================================
Received Import Request.
  Time since last request: 0.000019 seconds.
  path: Packages/com.unity.render-pipelines.core/Editor/Lighting/LightUnit/LightUnitSlider.cs
  artifactKey: Guid(b03b6ff4fae512740bbbd0ac0896f8d4) Importer(2089858483,b0f066a214c2f5e87bad3c948f4d605d)
Start importing Packages/com.unity.render-pipelines.core/Editor/Lighting/LightUnit/LightUnitSlider.cs using Guid(b03b6ff4fae512740bbbd0ac0896f8d4) Importer(2089858483,b0f066a214c2f5e87bad3c948f4d605d) (ScriptedImporter) -> (artifact id: 'aa10606d648c9cf729982caae683b17f') in 0.0066956 seconds
Number of updated asset objects reloaded before import = 0Number of asset objects unloaded after import = 0

========================================================================
Received Import Request.
  Time since last request: 0.000027 seconds.
  path: Packages/com.unity.render-pipelines.core/Editor/Icons/RenderGraphViewer/MemorylessTexture@2x.png
  artifactKey: Guid(ec3a3173916c141d8962a4466c366be6) Importer(2089858483,b0f066a214c2f5e87bad3c948f4d605d)
Start importing Packages/com.unity.render-pipelines.core/Editor/Icons/RenderGraphViewer/MemorylessTexture@2x.png using Guid(ec3a3173916c141d8962a4466c366be6) Importer(2089858483,b0f066a214c2f5e87bad3c948f4d605d) (ScriptedImporter) -> (artifact id: 'a8f05852861f8cdc0796004271d6ec8a') in 0.0116796 seconds
Number of updated asset objects reloaded before import = 0Number of asset objects unloaded after import = 1

========================================================================
Received Import Request.
  Time since last request: 0.000018 seconds.
  path: Packages/com.unity.render-pipelines.core/Editor/Icons/Processed/d_Resources Icon.asset
  artifactKey: Guid(5f91283c363fa3943844c7b87c3ce64d) Importer(2089858483,b0f066a214c2f5e87bad3c948f4d605d)
Start importing Packages/com.unity.render-pipelines.core/Editor/Icons/Processed/d_Resources Icon.asset using Guid(5f91283c363fa3943844c7b87c3ce64d) Importer(2089858483,b0f066a214c2f5e87bad3c948f4d605d) (ScriptedImporter) -> (artifact id: 'bdff644deeb8faf21945785f460cecbc') in 0.0101831 seconds
Number of updated asset objects reloaded before import = 0Number of asset objects unloaded after import = 1

========================================================================
Received Import Request.
  Time since last request: 0.000016 seconds.
  path: Packages/com.unity.render-pipelines.core/Editor/LookDev/Icons/CenterLight.png
  artifactKey: Guid(3092b2985cafe0b43b1f02ce1d6829d5) Importer(2089858483,b0f066a214c2f5e87bad3c948f4d605d)
Start importing Packages/com.unity.render-pipelines.core/Editor/LookDev/Icons/CenterLight.png using Guid(3092b2985cafe0b43b1f02ce1d6829d5) Importer(2089858483,b0f066a214c2f5e87bad3c948f4d605d) (ScriptedImporter) -> (artifact id: '7c116414a63b014e4a98b9e28e368995') in 0.0143575 seconds
Number of updated asset objects reloaded before import = 0Number of asset objects unloaded after import = 3

========================================================================
Received Import Request.
  Time since last request: 0.000025 seconds.
  path: Packages/com.unity.render-pipelines.core/Editor/LookDev/Icons/LeftArrow@2x.png
  artifactKey: Guid(f0106cef986be534181a8582cffd29da) Importer(2089858483,b0f066a214c2f5e87bad3c948f4d605d)
Start importing Packages/com.unity.render-pipelines.core/Editor/LookDev/Icons/LeftArrow@2x.png using Guid(f0106cef986be534181a8582cffd29da) Importer(2089858483,b0f066a214c2f5e87bad3c948f4d605d) (ScriptedImporter) -> (artifact id: 'd707ee181fcc99dd3b986e434597073e') in 0.0157791 seconds
Number of updated asset objects reloaded before import = 0Number of asset objects unloaded after import = 3

========================================================================
Received Import Request.
  Time since last request: 0.000017 seconds.
  path: Packages/com.unity.render-pipelines.core/Editor/Tools/MaterialUpgrader/MaterialUpgraderRegistry.cs
  artifactKey: Guid(f118938a043d65c4cbecc1878576e305) Importer(2089858483,b0f066a214c2f5e87bad3c948f4d605d)
Start importing Packages/com.unity.render-pipelines.core/Editor/Tools/MaterialUpgrader/MaterialUpgraderRegistry.cs using Guid(f118938a043d65c4cbecc1878576e305) Importer(2089858483,b0f066a214c2f5e87bad3c948f4d605d) (ScriptedImporter) -> (artifact id: '3a34333abd44ae3d5fef5180a4aac4cf') in 0.0064003 seconds
Number of updated asset objects reloaded before import = 0Number of asset objects unloaded after import = 0

========================================================================
Received Import Request.
  Time since last request: 0.000017 seconds.
  path: Packages/com.unity.render-pipelines.core/Editor/PostProcessing/LensFlareResource/PolygonFlareThumbnail@2x.png
  artifactKey: Guid(0047263fa58f91d49a61936e94358829) Importer(2089858483,b0f066a214c2f5e87bad3c948f4d605d)
Start importing Packages/com.unity.render-pipelines.core/Editor/PostProcessing/LensFlareResource/PolygonFlareThumbnail@2x.png using Guid(0047263fa58f91d49a61936e94358829) Importer(2089858483,b0f066a214c2f5e87bad3c948f4d605d) (ScriptedImporter) -> (artifact id: '06a6bff4e43a8ffc6694b684ffe5f908') in 0.013631 seconds
Number of updated asset objects reloaded before import = 0Number of asset objects unloaded after import = 1

========================================================================
Received Import Request.
  Time since last request: 0.000026 seconds.
  path: Packages/com.unity.render-pipelines.core/Runtime/GPUDriven/Components/DisallowGPUDrivenRendering.cs
  artifactKey: Guid(644debc0b7d33d043af3caab53baa000) Importer(2089858483,b0f066a214c2f5e87bad3c948f4d605d)
Start importing Packages/com.unity.render-pipelines.core/Runtime/GPUDriven/Components/DisallowGPUDrivenRendering.cs using Guid(644debc0b7d33d043af3caab53baa000) Importer(2089858483,b0f066a214c2f5e87bad3c948f4d605d) (ScriptedImporter) -> (artifact id: '2d4c15ff7c776bf4c71f08cdfafcebae') in 0.0064646 seconds
Number of updated asset objects reloaded before import = 0Number of asset objects unloaded after import = 0

========================================================================
Received Import Request.
  Time since last request: 0.000017 seconds.
  path: Packages/com.unity.render-pipelines.core/Editor/PostProcessing/LensFlareResource/PolygonFlareThumbnail.png
  artifactKey: Guid(f0326f07dd50365439f552e7f29218e5) Importer(2089858483,b0f066a214c2f5e87bad3c948f4d605d)
Start importing Packages/com.unity.render-pipelines.core/Editor/PostProcessing/LensFlareResource/PolygonFlareThumbnail.png using Guid(f0326f07dd50365439f552e7f29218e5) Importer(2089858483,b0f066a214c2f5e87bad3c948f4d605d) (ScriptedImporter) -> (artifact id: '61cdf5be841e7589e8b628347432e097') in 0.0121526 seconds
Number of updated asset objects reloaded before import = 0Number of asset objects unloaded after import = 1

========================================================================
Received Import Request.
  Time since last request: 0.000017 seconds.
  path: Packages/com.unity.render-pipelines.core/Editor/Settings/PropertyDrawers/DefaultVolumeProfileSettingsPropertyDrawer.cs
  artifactKey: Guid(b930b50600a5978488c285f3be907608) Importer(2089858483,b0f066a214c2f5e87bad3c948f4d605d)
Start importing Packages/com.unity.render-pipelines.core/Editor/Settings/PropertyDrawers/DefaultVolumeProfileSettingsPropertyDrawer.cs using Guid(b930b50600a5978488c285f3be907608) Importer(2089858483,b0f066a214c2f5e87bad3c948f4d605d) (ScriptedImporter) -> (artifact id: '4a31c9ec28cb071db2f0c1654de0bf2e') in 0.0065604 seconds
Number of updated asset objects reloaded before import = 0Number of asset objects unloaded after import = 0

========================================================================
Received Import Request.
  Time since last request: 0.000025 seconds.
  path: Packages/com.unity.render-pipelines.core/Editor/LookDev/Icons/RenderDoc@2x.png
  artifactKey: Guid(89608b060fc7279479398a62e245a409) Importer(2089858483,b0f066a214c2f5e87bad3c948f4d605d)
Start importing Packages/com.unity.render-pipelines.core/Editor/LookDev/Icons/RenderDoc@2x.png using Guid(89608b060fc7279479398a62e245a409) Importer(2089858483,b0f066a214c2f5e87bad3c948f4d605d) (ScriptedImporter) -> (artifact id: '5dafda2c7f3999bbb04eb9a789c60d5e') in 0.0187378 seconds
Number of updated asset objects reloaded before import = 0Number of asset objects unloaded after import = 3

========================================================================
Received Import Request.
  Time since last request: 0.000016 seconds.
  path: Packages/com.unity.render-pipelines.core/Editor/LookDev/Icons/Layout2@2x.png
  artifactKey: Guid(356caeb1305bf794e94ecd5161f8e6e3) Importer(2089858483,b0f066a214c2f5e87bad3c948f4d605d)
Start importing Packages/com.unity.render-pipelines.core/Editor/LookDev/Icons/Layout2@2x.png using Guid(356caeb1305bf794e94ecd5161f8e6e3) Importer(2089858483,b0f066a214c2f5e87bad3c948f4d605d) (ScriptedImporter) -> (artifact id: '0cf13979b0e8e5bae48d7fc2f94dabc5') in 0.0194727 seconds
Number of updated asset objects reloaded before import = 0Number of asset objects unloaded after import = 3

========================================================================
Received Import Request.
  Time since last request: 0.000021 seconds.
  path: Packages/com.unity.render-pipelines.core/Editor/PostProcessing/LensFlareResource/CircleFlareThumbnail@2x.png
  artifactKey: Guid(37e93113453ac0d46863acd4090899c8) Importer(2089858483,b0f066a214c2f5e87bad3c948f4d605d)
Start importing Packages/com.unity.render-pipelines.core/Editor/PostProcessing/LensFlareResource/CircleFlareThumbnail@2x.png using Guid(37e93113453ac0d46863acd4090899c8) Importer(2089858483,b0f066a214c2f5e87bad3c948f4d605d) (ScriptedImporter) -> (artifact id: '76927e09382a35bb37c46dc2d99998d1') in 0.0130299 seconds
Number of updated asset objects reloaded before import = 0Number of asset objects unloaded after import = 1

========================================================================
Received Import Request.
  Time since last request: 0.000025 seconds.
  path: Packages/com.unity.render-pipelines.core/Editor/PostProcessing/LensFlareResource/LensFlareDataDrivenPreview.shader
  artifactKey: Guid(19dfbb09098c9584a83c956fbd6c5d79) Importer(2089858483,b0f066a214c2f5e87bad3c948f4d605d)
Start importing Packages/com.unity.render-pipelines.core/Editor/PostProcessing/LensFlareResource/LensFlareDataDrivenPreview.shader using Guid(19dfbb09098c9584a83c956fbd6c5d79) Importer(2089858483,b0f066a214c2f5e87bad3c948f4d605d) (ScriptedImporter) -> (artifact id: 'ef1951b365783d92d27489f3b64de521') in 0.0066789 seconds
Number of updated asset objects reloaded before import = 0Number of asset objects unloaded after import = 1

========================================================================
Received Import Request.
  Time since last request: 0.000021 seconds.
  path: Packages/com.unity.render-pipelines.core/Editor/Resources/Gizmos/ProbeVolume.png
  artifactKey: Guid(a4aff83690b661e4fab719effabef2a9) Importer(2089858483,b0f066a214c2f5e87bad3c948f4d605d)
Start importing Packages/com.unity.render-pipelines.core/Editor/Resources/Gizmos/ProbeVolume.png using Guid(a4aff83690b661e4fab719effabef2a9) Importer(2089858483,b0f066a214c2f5e87bad3c948f4d605d) (ScriptedImporter) -> (artifact id: '7b1a41905e1e645903da275f2e1a3d7a') in 0.0111189 seconds
Number of updated asset objects reloaded before import = 0Number of asset objects unloaded after import = 1

========================================================================
Received Import Request.
  Time since last request: 0.000018 seconds.
  path: Packages/com.unity.render-pipelines.core/Editor/Tools/MaterialUpgrader/SpeedTree9MaterialUpgrader.cs
  artifactKey: Guid(55968f107cad0c249a1e365a3982f164) Importer(2089858483,b0f066a214c2f5e87bad3c948f4d605d)
Start importing Packages/com.unity.render-pipelines.core/Editor/Tools/MaterialUpgrader/SpeedTree9MaterialUpgrader.cs using Guid(55968f107cad0c249a1e365a3982f164) Importer(2089858483,b0f066a214c2f5e87bad3c948f4d605d) (ScriptedImporter) -> (artifact id: 'ad6a0afbfc6a9731aa27a55e874e4660') in 0.0059085 seconds
Number of updated asset objects reloaded before import = 0Number of asset objects unloaded after import = 0

========================================================================
Received Import Request.
  Time since last request: 0.000029 seconds.
  path: Packages/com.unity.render-pipelines.core/Editor/LookDev/Icons/LookDev.png
  artifactKey: Guid(85099cb723efe4444a23b08281d721c2) Importer(2089858483,b0f066a214c2f5e87bad3c948f4d605d)
Start importing Packages/com.unity.render-pipelines.core/Editor/LookDev/Icons/LookDev.png using Guid(85099cb723efe4444a23b08281d721c2) Importer(2089858483,b0f066a214c2f5e87bad3c948f4d605d) (ScriptedImporter) -> (artifact id: 'e4349e40365dd4e0804a510d738cd23a') in 0.0119573 seconds
Number of updated asset objects reloaded before import = 0Number of asset objects unloaded after import = 3

========================================================================
Received Import Request.
  Time since last request: 0.000016 seconds.
  path: Packages/com.unity.render-pipelines.core/Editor/Volume/Drawers/IntParameterDrawer.cs
  artifactKey: Guid(6d2f589334fbc8444b30925a405106d8) Importer(2089858483,b0f066a214c2f5e87bad3c948f4d605d)
Start importing Packages/com.unity.render-pipelines.core/Editor/Volume/Drawers/IntParameterDrawer.cs using Guid(6d2f589334fbc8444b30925a405106d8) Importer(2089858483,b0f066a214c2f5e87bad3c948f4d605d) (ScriptedImporter) -> (artifact id: '2ec7a06f2ce961539357ae321ca858c8') in 0.0059194 seconds
Number of updated asset objects reloaded before import = 0Number of asset objects unloaded after import = 0

========================================================================
Received Import Request.
  Time since last request: 0.000019 seconds.
  path: Packages/com.unity.render-pipelines.core/Editor/LookDev/Icons/RightArrow@2x.png
  artifactKey: Guid(e194270977977b24da0c6e1c962a5ce9) Importer(2089858483,b0f066a214c2f5e87bad3c948f4d605d)
Start importing Packages/com.unity.render-pipelines.core/Editor/LookDev/Icons/RightArrow@2x.png using Guid(e194270977977b24da0c6e1c962a5ce9) Importer(2089858483,b0f066a214c2f5e87bad3c948f4d605d) (ScriptedImporter) -> (artifact id: 'be6ab95dc95863474e2b845365a60fb9') in 0.012096 seconds
Number of updated asset objects reloaded before import = 0Number of asset objects unloaded after import = 3

========================================================================
Received Import Request.
  Time since last request: 0.000037 seconds.
  path: Packages/com.unity.render-pipelines.core/Editor/LookDev/Icons/d_Remove@2x.png
  artifactKey: Guid(cc27e95868ab32345b74b8338c01ebed) Importer(2089858483,b0f066a214c2f5e87bad3c948f4d605d)
Start importing Packages/com.unity.render-pipelines.core/Editor/LookDev/Icons/d_Remove@2x.png using Guid(cc27e95868ab32345b74b8338c01ebed) Importer(2089858483,b0f066a214c2f5e87bad3c948f4d605d) (ScriptedImporter) -> (artifact id: 'aeca8acca062bb3940d99e3bbfc57751') in 0.0134509 seconds
Number of updated asset objects reloaded before import = 0Number of asset objects unloaded after import = 3

========================================================================
Received Import Request.
  Time since last request: 0.000039 seconds.
  path: Packages/com.unity.render-pipelines.core/Editor/LookDev/Icons/d_Link@2x.png
  artifactKey: Guid(2b06c35710693f640babb3dcf747d06a) Importer(2089858483,b0f066a214c2f5e87bad3c948f4d605d)
Start importing Packages/com.unity.render-pipelines.core/Editor/LookDev/Icons/d_Link@2x.png using Guid(2b06c35710693f640babb3dcf747d06a) Importer(2089858483,b0f066a214c2f5e87bad3c948f4d605d) (ScriptedImporter) -> (artifact id: 'b68c3d2cc47916c93ea4fdd07483877b') in 0.0137217 seconds
Number of updated asset objects reloaded before import = 0Number of asset objects unloaded after import = 3

========================================================================
Received Import Request.
  Time since last request: 0.000019 seconds.
  path: Packages/com.unity.render-pipelines.core/Editor/LookDev/Icons/d_Rotation.png
  artifactKey: Guid(abc6ce87642c5c1478a4b107d1c5688a) Importer(2089858483,b0f066a214c2f5e87bad3c948f4d605d)
Start importing Packages/com.unity.render-pipelines.core/Editor/LookDev/Icons/d_Rotation.png using Guid(abc6ce87642c5c1478a4b107d1c5688a) Importer(2089858483,b0f066a214c2f5e87bad3c948f4d605d) (ScriptedImporter) -> (artifact id: '4640795a95fa45a3a1032dc7d3f7f597') in 0.0120752 seconds
Number of updated asset objects reloaded before import = 0Number of asset objects unloaded after import = 3

========================================================================
Received Import Request.
  Time since last request: 0.000026 seconds.
  path: Packages/com.unity.render-pipelines.core/Editor/Volume/Drawers/ColorParameterDrawer.cs
  artifactKey: Guid(34ad702e46732ff438113b62a10ae80e) Importer(2089858483,b0f066a214c2f5e87bad3c948f4d605d)
Start importing Packages/com.unity.render-pipelines.core/Editor/Volume/Drawers/ColorParameterDrawer.cs using Guid(34ad702e46732ff438113b62a10ae80e) Importer(2089858483,b0f066a214c2f5e87bad3c948f4d605d) (ScriptedImporter) -> (artifact id: '7531f821692be7bbbe0bf02a7940dd86') in 0.0056157 seconds
Number of updated asset objects reloaded before import = 0Number of asset objects unloaded after import = 0

========================================================================
Received Import Request.
  Time since last request: 0.000017 seconds.
  path: Packages/com.unity.render-pipelines.core/Editor/LookDev/Icons/RightArrow.png
  artifactKey: Guid(df4dc708bd8692446a6d5c3531ac377b) Importer(2089858483,b0f066a214c2f5e87bad3c948f4d605d)
Start importing Packages/com.unity.render-pipelines.core/Editor/LookDev/Icons/RightArrow.png using Guid(df4dc708bd8692446a6d5c3531ac377b) Importer(2089858483,b0f066a214c2f5e87bad3c948f4d605d) (ScriptedImporter) -> (artifact id: '2bd52bca42ee8f36646f155df5814688') in 0.012113 seconds
Number of updated asset objects reloaded before import = 0Number of asset objects unloaded after import = 3

========================================================================
Received Import Request.
  Time since last request: 0.000020 seconds.
  path: Packages/com.unity.render-pipelines.core/Editor/LookDev/Icons/d_Rotation@2x.png
  artifactKey: Guid(db7aaa162a1a5a54b826d15b5b20fb06) Importer(2089858483,b0f066a214c2f5e87bad3c948f4d605d)
Start importing Packages/com.unity.render-pipelines.core/Editor/LookDev/Icons/d_Rotation@2x.png using Guid(db7aaa162a1a5a54b826d15b5b20fb06) Importer(2089858483,b0f066a214c2f5e87bad3c948f4d605d) (ScriptedImporter) -> (artifact id: 'bd0e42056ae42392dcf61d255b94ce1a') in 0.0118535 seconds
Number of updated asset objects reloaded before import = 0Number of asset objects unloaded after import = 3

========================================================================
Received Import Request.
  Time since last request: 0.000027 seconds.
  path: Packages/com.unity.render-pipelines.core/Editor/LookDev/Icons/LayoutHorizontal@2x.png
  artifactKey: Guid(f3fe1e478135ed34db9a1f6707f52c6a) Importer(2089858483,b0f066a214c2f5e87bad3c948f4d605d)
Start importing Packages/com.unity.render-pipelines.core/Editor/LookDev/Icons/LayoutHorizontal@2x.png using Guid(f3fe1e478135ed34db9a1f6707f52c6a) Importer(2089858483,b0f066a214c2f5e87bad3c948f4d605d) (ScriptedImporter) -> (artifact id: '2310cd4e153776dfd2f5855b261688ec') in 0.0139941 seconds
Number of updated asset objects reloaded before import = 0Number of asset objects unloaded after import = 3

========================================================================
Received Import Request.
  Time since last request: 0.000018 seconds.
  path: Packages/com.unity.render-pipelines.core/Editor/LookDev/Icons/SunPosition@2x.png
  artifactKey: Guid(2f75c34a5bc525545916fb8367422dd0) Importer(2089858483,b0f066a214c2f5e87bad3c948f4d605d)
Start importing Packages/com.unity.render-pipelines.core/Editor/LookDev/Icons/SunPosition@2x.png using Guid(2f75c34a5bc525545916fb8367422dd0) Importer(2089858483,b0f066a214c2f5e87bad3c948f4d605d) (ScriptedImporter) -> (artifact id: '024dd27d8b5bc1f7659fb79ddfedd840') in 0.012447 seconds
Number of updated asset objects reloaded before import = 0Number of asset objects unloaded after import = 3

========================================================================
Received Import Request.
  Time since last request: 0.000018 seconds.
  path: Packages/com.unity.render-pipelines.core/Editor/LookDev/Icons/Layout1.png
  artifactKey: Guid(9a3173335e5741d438e81064b518bd80) Importer(2089858483,b0f066a214c2f5e87bad3c948f4d605d)
Start importing Packages/com.unity.render-pipelines.core/Editor/LookDev/Icons/Layout1.png using Guid(9a3173335e5741d438e81064b518bd80) Importer(2089858483,b0f066a214c2f5e87bad3c948f4d605d) (ScriptedImporter) -> (artifact id: 'f94011757d645e8ceedf467f800c9cff') in 0.0122073 seconds
Number of updated asset objects reloaded before import = 0Number of asset objects unloaded after import = 3

========================================================================
Received Import Request.
  Time since last request: 0.000026 seconds.
  path: Packages/com.unity.render-pipelines.core/Editor/LookDev/Icons/Rotation.png
  artifactKey: Guid(2ee66e81975377745aaa59fe11ad374d) Importer(2089858483,b0f066a214c2f5e87bad3c948f4d605d)
Start importing Packages/com.unity.render-pipelines.core/Editor/LookDev/Icons/Rotation.png using Guid(2ee66e81975377745aaa59fe11ad374d) Importer(2089858483,b0f066a214c2f5e87bad3c948f4d605d) (ScriptedImporter) -> (artifact id: '9edd630a631c7afeba65481448c3b546') in 0.012281 seconds
Number of updated asset objects reloaded before import = 0Number of asset objects unloaded after import = 3

========================================================================
Received Import Request.
  Time since last request: 0.000016 seconds.
  path: Packages/com.unity.render-pipelines.core/Editor/LookDev/Icons/Layout2.png
  artifactKey: Guid(d9658be087f390f46bfefa8cb32bbaa6) Importer(2089858483,b0f066a214c2f5e87bad3c948f4d605d)
Start importing Packages/com.unity.render-pipelines.core/Editor/LookDev/Icons/Layout2.png using Guid(d9658be087f390f46bfefa8cb32bbaa6) Importer(2089858483,b0f066a214c2f5e87bad3c948f4d605d) (ScriptedImporter) -> (artifact id: '61cfb5e5037501a730ccc3726c682147') in 0.0121015 seconds
Number of updated asset objects reloaded before import = 0Number of asset objects unloaded after import = 3

========================================================================
Received Import Request.
  Time since last request: 0.000021 seconds.
  path: Packages/com.unity.render-pipelines.core/Editor/LookDev/Icons/d_Remove.png
  artifactKey: Guid(4ff71d806d58fd041be6e55d1d1ca70e) Importer(2089858483,b0f066a214c2f5e87bad3c948f4d605d)
Start importing Packages/com.unity.render-pipelines.core/Editor/LookDev/Icons/d_Remove.png using Guid(4ff71d806d58fd041be6e55d1d1ca70e) Importer(2089858483,b0f066a214c2f5e87bad3c948f4d605d) (ScriptedImporter) -> (artifact id: '721944f517adbbefb93875a130b51314') in 0.0145766 seconds
Number of updated asset objects reloaded before import = 0Number of asset objects unloaded after import = 3

========================================================================
Received Import Request.
  Time since last request: 0.000026 seconds.
  path: Packages/com.unity.render-pipelines.core/Editor/LookDev/Icons/d_Environment@2x.png
  artifactKey: Guid(a4638c6b8e07c0b49822ed7a91a96d0a) Importer(2089858483,b0f066a214c2f5e87bad3c948f4d605d)
Start importing Packages/com.unity.render-pipelines.core/Editor/LookDev/Icons/d_Environment@2x.png using Guid(a4638c6b8e07c0b49822ed7a91a96d0a) Importer(2089858483,b0f066a214c2f5e87bad3c948f4d605d) (ScriptedImporter) -> (artifact id: '34839a845cbf432d83c5b74b43db87c4') in 0.0142086 seconds
Number of updated asset objects reloaded before import = 0Number of asset objects unloaded after import = 3

========================================================================
Received Import Request.
  Time since last request: 0.000016 seconds.
  path: Packages/com.unity.render-pipelines.core/Runtime/RenderGraph/Compiler/PassesData.cs
  artifactKey: Guid(5349618d155f8ad44a1aa7cc3ade8fcf) Importer(2089858483,b0f066a214c2f5e87bad3c948f4d605d)
Start importing Packages/com.unity.render-pipelines.core/Runtime/RenderGraph/Compiler/PassesData.cs using Guid(5349618d155f8ad44a1aa7cc3ade8fcf) Importer(2089858483,b0f066a214c2f5e87bad3c948f4d605d) (ScriptedImporter) -> (artifact id: '31eedfe40c2530ebd77c798c7c925bd2') in 0.0063351 seconds
Number of updated asset objects reloaded before import = 0Number of asset objects unloaded after import = 0

========================================================================
Received Import Request.
  Time since last request: 0.000018 seconds.
  path: Packages/com.unity.ide.visualstudio/Editor/VisualStudioForWindowsInstallation.cs
  artifactKey: Guid(be7ef402265a7a549b2e43c11d1a22c5) Importer(2089858483,b0f066a214c2f5e87bad3c948f4d605d)
Start importing Packages/com.unity.ide.visualstudio/Editor/VisualStudioForWindowsInstallation.cs using Guid(be7ef402265a7a549b2e43c11d1a22c5) Importer(2089858483,b0f066a214c2f5e87bad3c948f4d605d) (ScriptedImporter) -> (artifact id: 'dd953173e213928b6fad46cc5d6714da') in 0.0056758 seconds
Number of updated asset objects reloaded before import = 0Number of asset objects unloaded after import = 0

========================================================================
Received Import Request.
  Time since last request: 0.000025 seconds.
  path: Packages/com.unity.render-pipelines.core/Runtime/RenderPipelineResources/Mesh/SamplesFloorSpotlight.fbx
  artifactKey: Guid(1dbf28c1bb322474d981b2dc555e28b0) Importer(2089858483,b0f066a214c2f5e87bad3c948f4d605d)
Start importing Packages/com.unity.render-pipelines.core/Runtime/RenderPipelineResources/Mesh/SamplesFloorSpotlight.fbx using Guid(1dbf28c1bb322474d981b2dc555e28b0) Importer(2089858483,b0f066a214c2f5e87bad3c948f4d605d) (ScriptedImporter) -> (artifact id: 'd2ea5dfd754ed757d5921d1daa23c020') in 0.0320665 seconds
Number of updated asset objects reloaded before import = 0Number of asset objects unloaded after import = 14

========================================================================
Received Import Request.
  Time since last request: 0.000017 seconds.
  path: Packages/com.unity.render-pipelines.core/Runtime/RenderPipelineResources/GPUDriven/DebugOcclusionTest.shader
  artifactKey: Guid(d3f0849180c2d0944bc71060693df100) Importer(2089858483,b0f066a214c2f5e87bad3c948f4d605d)
Start importing Packages/com.unity.render-pipelines.core/Runtime/RenderPipelineResources/GPUDriven/DebugOcclusionTest.shader using Guid(d3f0849180c2d0944bc71060693df100) Importer(2089858483,b0f066a214c2f5e87bad3c948f4d605d) (ScriptedImporter) -> (artifact id: '27224af8fad78174d60a79b9043b08fb') in 0.0066917 seconds
Number of updated asset objects reloaded before import = 0Number of asset objects unloaded after import = 0

========================================================================
Received Import Request.
  Time since last request: 0.000018 seconds.
  path: Packages/com.unity.render-pipelines.core/Runtime/GPUDriven/Utilities/ParallelSortExtensions.cs
  artifactKey: Guid(08852b5d707b78442bda3ca091091ce8) Importer(2089858483,b0f066a214c2f5e87bad3c948f4d605d)
Start importing Packages/com.unity.render-pipelines.core/Runtime/GPUDriven/Utilities/ParallelSortExtensions.cs using Guid(08852b5d707b78442bda3ca091091ce8) Importer(2089858483,b0f066a214c2f5e87bad3c948f4d605d) (ScriptedImporter) -> (artifact id: '88fc268d2281b216cf91a8fa34cd4eab') in 0.005827 seconds
Number of updated asset objects reloaded before import = 0Number of asset objects unloaded after import = 0

========================================================================
Received Import Request.
  Time since last request: 0.000026 seconds.
  path: Packages/com.unity.render-pipelines.core/Runtime/RenderPipelineResources/GPUDriven/InstanceWindDataUpdateKernels.compute
  artifactKey: Guid(fde76746e4fd0ed418c224f6b4084114) Importer(2089858483,b0f066a214c2f5e87bad3c948f4d605d)
Start importing Packages/com.unity.render-pipelines.core/Runtime/RenderPipelineResources/GPUDriven/InstanceWindDataUpdateKernels.compute using Guid(fde76746e4fd0ed418c224f6b4084114) Importer(2089858483,b0f066a214c2f5e87bad3c948f4d605d) (ScriptedImporter) -> (artifact id: '521fb77d84060cc2cd5a7575c75af54b') in 0.0063503 seconds
Number of updated asset objects reloaded before import = 0Number of asset objects unloaded after import = 0

========================================================================
Received Import Request.
  Time since last request: 0.000016 seconds.
  path: Packages/com.unity.render-pipelines.core/Runtime/RenderPipelineResources/Mesh/SamplesFixture.fbx
  artifactKey: Guid(b28fa67a0ff82c5478f27368dc627683) Importer(2089858483,b0f066a214c2f5e87bad3c948f4d605d)
Start importing Packages/com.unity.render-pipelines.core/Runtime/RenderPipelineResources/Mesh/SamplesFixture.fbx using Guid(b28fa67a0ff82c5478f27368dc627683) Importer(2089858483,b0f066a214c2f5e87bad3c948f4d605d) (ScriptedImporter) -> (artifact id: '9cf33da9eabe7dbf155026a012875845') in 0.0243195 seconds
Number of updated asset objects reloaded before import = 0Number of asset objects unloaded after import = 9

========================================================================
Received Import Request.
  Time since last request: 0.000017 seconds.
  path: Packages/com.unity.render-pipelines.core/Runtime/UnifiedRayTracing/Compute/ComputeRayTracingAccelStruct.cs
  artifactKey: Guid(13d73738c3312804e8e02a8740df1a8b) Importer(2089858483,b0f066a214c2f5e87bad3c948f4d605d)
Start importing Packages/com.unity.render-pipelines.core/Runtime/UnifiedRayTracing/Compute/ComputeRayTracingAccelStruct.cs using Guid(13d73738c3312804e8e02a8740df1a8b) Importer(2089858483,b0f066a214c2f5e87bad3c948f4d605d) (ScriptedImporter) -> (artifact id: '349b445b49ef5ee4cf7546f208ca14fb') in 0.0067249 seconds
Number of updated asset objects reloaded before import = 0Number of asset objects unloaded after import = 0

========================================================================
Received Import Request.
  Time since last request: 0.000024 seconds.
  path: Packages/com.unity.render-pipelines.core/Runtime/RenderPipelineResources/GPUDriven/DebugOccluder.shader
  artifactKey: Guid(b3c92426a88625841ab15ca6a7917248) Importer(2089858483,b0f066a214c2f5e87bad3c948f4d605d)
Start importing Packages/com.unity.render-pipelines.core/Runtime/RenderPipelineResources/GPUDriven/DebugOccluder.shader using Guid(b3c92426a88625841ab15ca6a7917248) Importer(2089858483,b0f066a214c2f5e87bad3c948f4d605d) (ScriptedImporter) -> (artifact id: '73194536acc57f4a24dff9fed191d6d5') in 0.0068895 seconds
Number of updated asset objects reloaded before import = 0Number of asset objects unloaded after import = 0

========================================================================
Received Import Request.
  Time since last request: 0.000015 seconds.
  path: Packages/com.unity.render-pipelines.core/Runtime/Lighting/ProbeVolume/ProbeVolumeStreamableAsset.cs
  artifactKey: Guid(e49517d863f9f844b9f192be299100c5) Importer(2089858483,b0f066a214c2f5e87bad3c948f4d605d)
Start importing Packages/com.unity.render-pipelines.core/Runtime/Lighting/ProbeVolume/ProbeVolumeStreamableAsset.cs using Guid(e49517d863f9f844b9f192be299100c5) Importer(2089858483,b0f066a214c2f5e87bad3c948f4d605d) (ScriptedImporter) -> (artifact id: '22c189482ba227ae3cf55559e14cfedd') in 0.0060333 seconds
Number of updated asset objects reloaded before import = 0Number of asset objects unloaded after import = 0

========================================================================
Received Import Request.
  Time since last request: 0.000016 seconds.
  path: Packages/com.unity.render-pipelines.core/Runtime/RenderPipelineResources/GPUDriven/InstanceTransformUpdateKernels.compute
  artifactKey: Guid(2a567b9b2733f8d47a700c3c85bed75b) Importer(2089858483,b0f066a214c2f5e87bad3c948f4d605d)
Start importing Packages/com.unity.render-pipelines.core/Runtime/RenderPipelineResources/GPUDriven/InstanceTransformUpdateKernels.compute using Guid(2a567b9b2733f8d47a700c3c85bed75b) Importer(2089858483,b0f066a214c2f5e87bad3c948f4d605d) (ScriptedImporter) -> (artifact id: '2131b7564a66402c4447d199cf79c768') in 0.0061716 seconds
Number of updated asset objects reloaded before import = 0Number of asset objects unloaded after import = 0

========================================================================
Received Import Request.
  Time since last request: 0.000024 seconds.
  path: Packages/com.unity.render-pipelines.core/Runtime/RenderGraph/Debug/RenderGraphPlayerRemoteDebugSession.cs
  artifactKey: Guid(f531df6a2e5d4a688b7067d894ccc692) Importer(2089858483,b0f066a214c2f5e87bad3c948f4d605d)
Start importing Packages/com.unity.render-pipelines.core/Runtime/RenderGraph/Debug/RenderGraphPlayerRemoteDebugSession.cs using Guid(f531df6a2e5d4a688b7067d894ccc692) Importer(2089858483,b0f066a214c2f5e87bad3c948f4d605d) (ScriptedImporter) -> (artifact id: '853770b6e47ad151d301cba9be19e559') in 0.0077195 seconds
Number of updated asset objects reloaded before import = 0Number of asset objects unloaded after import = 0

========================================================================
Received Import Request.
  Time since last request: 0.000014 seconds.
  path: Packages/com.unity.render-pipelines.core/Runtime/RenderGraph/Debug/RenderGraphLogger.cs
  artifactKey: Guid(5f15bbd73e04b694595d596a721b7e8a) Importer(2089858483,b0f066a214c2f5e87bad3c948f4d605d)
Start importing Packages/com.unity.render-pipelines.core/Runtime/RenderGraph/Debug/RenderGraphLogger.cs using Guid(5f15bbd73e04b694595d596a721b7e8a) Importer(2089858483,b0f066a214c2f5e87bad3c948f4d605d) (ScriptedImporter) -> (artifact id: '525548e69dac05a87fd49a7d5d405e01') in 0.0060869 seconds
Number of updated asset objects reloaded before import = 0Number of asset objects unloaded after import = 0

========================================================================
Received Import Request.
  Time since last request: 0.000017 seconds.
  path: Packages/com.unity.render-pipelines.core/Runtime/Lighting/ProbeVolume/ProbeReferenceVolume.Streaming.cs
  artifactKey: Guid(17f23bb13fc806a40b1c1ec8a9b6cb75) Importer(2089858483,b0f066a214c2f5e87bad3c948f4d605d)
Start importing Packages/com.unity.render-pipelines.core/Runtime/Lighting/ProbeVolume/ProbeReferenceVolume.Streaming.cs using Guid(17f23bb13fc806a40b1c1ec8a9b6cb75) Importer(2089858483,b0f066a214c2f5e87bad3c948f4d605d) (ScriptedImporter) -> (artifact id: '6fea4691077989bb8a22e338c22de50f') in 0.0061233 seconds
Number of updated asset objects reloaded before import = 0Number of asset objects unloaded after import = 0

========================================================================
Received Import Request.
  Time since last request: 0.000024 seconds.
  path: Packages/com.unity.render-pipelines.core/Runtime/RenderGraph/Compiler/ResourcesData.cs
  artifactKey: Guid(9698efb2816f96349ae46ee06003995b) Importer(2089858483,b0f066a214c2f5e87bad3c948f4d605d)
Start importing Packages/com.unity.render-pipelines.core/Runtime/RenderGraph/Compiler/ResourcesData.cs using Guid(9698efb2816f96349ae46ee06003995b) Importer(2089858483,b0f066a214c2f5e87bad3c948f4d605d) (ScriptedImporter) -> (artifact id: '0eb3b224b1e48817706d4ac1356e85e3') in 0.006258 seconds
Number of updated asset objects reloaded before import = 0Number of asset objects unloaded after import = 0

========================================================================
Received Import Request.
  Time since last request: 0.000016 seconds.
  path: Packages/com.unity.render-pipelines.core/Runtime/Lighting/ProbeVolume/ProbeVolumeBakingSetWeakReference.cs
  artifactKey: Guid(ec6eec0d49474f845b4288cb1dc2525a) Importer(2089858483,b0f066a214c2f5e87bad3c948f4d605d)
Start importing Packages/com.unity.render-pipelines.core/Runtime/Lighting/ProbeVolume/ProbeVolumeBakingSetWeakReference.cs using Guid(ec6eec0d49474f845b4288cb1dc2525a) Importer(2089858483,b0f066a214c2f5e87bad3c948f4d605d) (ScriptedImporter) -> (artifact id: 'c1dda8bfcba03c23fe19521ed7f3d6f0') in 0.0068386 seconds
Number of updated asset objects reloaded before import = 0Number of asset objects unloaded after import = 0

========================================================================
Received Import Request.
  Time since last request: 0.000016 seconds.
  path: Packages/com.unity.render-pipelines.core/Runtime/Lighting/ProbeVolume/ShaderVariablesProbeVolumes.cs.hlsl
  artifactKey: Guid(dcbd446e83bc87d40b82dd90f8814c3c) Importer(2089858483,b0f066a214c2f5e87bad3c948f4d605d)
Start importing Packages/com.unity.render-pipelines.core/Runtime/Lighting/ProbeVolume/ShaderVariablesProbeVolumes.cs.hlsl using Guid(dcbd446e83bc87d40b82dd90f8814c3c) Importer(2089858483,b0f066a214c2f5e87bad3c948f4d605d) (ScriptedImporter) -> (artifact id: 'b8e6c9368a7ce6ce509886896c531767') in 0.0060045 seconds
Number of updated asset objects reloaded before import = 0Number of asset objects unloaded after import = 1

========================================================================
Received Import Request.
  Time since last request: 0.000019 seconds.
  path: Packages/com.unity.render-pipelines.core/Runtime/Lighting/ProbeVolume/ProbeVolumeSceneData.cs
  artifactKey: Guid(04fb4740d8c6dbc469086e13c435cd4b) Importer(2089858483,b0f066a214c2f5e87bad3c948f4d605d)
Start importing Packages/com.unity.render-pipelines.core/Runtime/Lighting/ProbeVolume/ProbeVolumeSceneData.cs using Guid(04fb4740d8c6dbc469086e13c435cd4b) Importer(2089858483,b0f066a214c2f5e87bad3c948f4d605d) (ScriptedImporter) -> (artifact id: '957e21e81a3ed91961be1437044c7819') in 0.0061863 seconds
Number of updated asset objects reloaded before import = 0Number of asset objects unloaded after import = 0

========================================================================
Received Import Request.
  Time since last request: 0.000027 seconds.
  path: Packages/com.unity.render-pipelines.core/Runtime/UnifiedRayTracing/Common/AccelStructAdapter.cs
  artifactKey: Guid(be387ad7b61cdc84c81dbdd3d936722c) Importer(2089858483,b0f066a214c2f5e87bad3c948f4d605d)
Start importing Packages/com.unity.render-pipelines.core/Runtime/UnifiedRayTracing/Common/AccelStructAdapter.cs using Guid(be387ad7b61cdc84c81dbdd3d936722c) Importer(2089858483,b0f066a214c2f5e87bad3c948f4d605d) (ScriptedImporter) -> (artifact id: '1ef833e91a23c8990172ea039835e3e6') in 0.0065525 seconds
Number of updated asset objects reloaded before import = 0Number of asset objects unloaded after import = 0

========================================================================
Received Import Request.
  Time since last request: 0.000017 seconds.
  path: Packages/com.unity.render-pipelines.core/Runtime/Lighting/ProbeVolume/ProbeVolumeAsset.cs
  artifactKey: Guid(c1043e08cdc375146bdb853794c4c0fd) Importer(2089858483,b0f066a214c2f5e87bad3c948f4d605d)
Start importing Packages/com.unity.render-pipelines.core/Runtime/Lighting/ProbeVolume/ProbeVolumeAsset.cs using Guid(c1043e08cdc375146bdb853794c4c0fd) Importer(2089858483,b0f066a214c2f5e87bad3c948f4d605d) (ScriptedImporter) -> (artifact id: 'c21a48a1c49a51e16122e4b6a853e37b') in 0.0069099 seconds
Number of updated asset objects reloaded before import = 0Number of asset objects unloaded after import = 0

========================================================================
Received Import Request.
  Time since last request: 0.000019 seconds.
  path: Packages/com.unity.render-pipelines.core/Runtime/Lighting/ProbeVolume/ProbeVolumeBakingProcessSettings.cs
  artifactKey: Guid(2ca179cc72ecf4f4fa7d4ed3bb83ffd2) Importer(2089858483,b0f066a214c2f5e87bad3c948f4d605d)
Start importing Packages/com.unity.render-pipelines.core/Runtime/Lighting/ProbeVolume/ProbeVolumeBakingProcessSettings.cs using Guid(2ca179cc72ecf4f4fa7d4ed3bb83ffd2) Importer(2089858483,b0f066a214c2f5e87bad3c948f4d605d) (ScriptedImporter) -> (artifact id: '722dcfd9d11b7decc2c283abf449a21a') in 0.0062313 seconds
Number of updated asset objects reloaded before import = 0Number of asset objects unloaded after import = 0

========================================================================
Received Import Request.
  Time since last request: 0.000026 seconds.
  path: Packages/com.unity.render-pipelines.core/Runtime/Lighting/ProbeVolume/ProbeBrickPool.cs
  artifactKey: Guid(079fb321dd4edfd42bee1376c8c48c05) Importer(2089858483,b0f066a214c2f5e87bad3c948f4d605d)
Start importing Packages/com.unity.render-pipelines.core/Runtime/Lighting/ProbeVolume/ProbeBrickPool.cs using Guid(079fb321dd4edfd42bee1376c8c48c05) Importer(2089858483,b0f066a214c2f5e87bad3c948f4d605d) (ScriptedImporter) -> (artifact id: 'c7f7f1c89ec69998141f23868945b4fc') in 0.0057285 seconds
Number of updated asset objects reloaded before import = 0Number of asset objects unloaded after import = 0

========================================================================
Received Import Request.
  Time since last request: 0.000016 seconds.
  path: Packages/com.unity.render-pipelines.core/Runtime/Lighting/ProbeVolume/IProbeVolumeEnabledRenderPipeline.cs
  artifactKey: Guid(69fb8499dac69054b912c0d501c0c3ec) Importer(2089858483,b0f066a214c2f5e87bad3c948f4d605d)
Start importing Packages/com.unity.render-pipelines.core/Runtime/Lighting/ProbeVolume/IProbeVolumeEnabledRenderPipeline.cs using Guid(69fb8499dac69054b912c0d501c0c3ec) Importer(2089858483,b0f066a214c2f5e87bad3c948f4d605d) (ScriptedImporter) -> (artifact id: 'e4f002de17441c9f95e85b8bee4af317') in 0.0056264 seconds
Number of updated asset objects reloaded before import = 0Number of asset objects unloaded after import = 0

========================================================================
Received Import Request.
  Time since last request: 0.000016 seconds.
  path: Packages/com.unity.render-pipelines.core/Runtime/RenderGraph/Debug/DebugMessageHandler.cs
  artifactKey: Guid(2969696e79844f56ac7065ad3ecfd221) Importer(2089858483,b0f066a214c2f5e87bad3c948f4d605d)
Start importing Packages/com.unity.render-pipelines.core/Runtime/RenderGraph/Debug/DebugMessageHandler.cs using Guid(2969696e79844f56ac7065ad3ecfd221) Importer(2089858483,b0f066a214c2f5e87bad3c948f4d605d) (ScriptedImporter) -> (artifact id: '55e90468b456f16b81adeab66bfc429f') in 0.0060356 seconds
Number of updated asset objects reloaded before import = 0Number of asset objects unloaded after import = 0

========================================================================
Received Import Request.
  Time since last request: 0.000019 seconds.
  path: Packages/com.unity.render-pipelines.core/Runtime/GPUDriven/Utilities/ParallelBitArray.cs
  artifactKey: Guid(c0bd11b715efbd24e95cb49f31c3cbeb) Importer(2089858483,b0f066a214c2f5e87bad3c948f4d605d)
Start importing Packages/com.unity.render-pipelines.core/Runtime/GPUDriven/Utilities/ParallelBitArray.cs using Guid(c0bd11b715efbd24e95cb49f31c3cbeb) Importer(2089858483,b0f066a214c2f5e87bad3c948f4d605d) (ScriptedImporter) -> (artifact id: '31eccd9f8c8986bc7ddad11fc9e30e19') in 0.0056235 seconds
Number of updated asset objects reloaded before import = 0Number of asset objects unloaded after import = 0

========================================================================
Received Import Request.
  Time since last request: 0.000026 seconds.
  path: Packages/com.unity.render-pipelines.core/Editor/Icons/MipLevels/Volume@16.png
  artifactKey: Guid(3e0af3c90ea2a304c8c241c8fbdce6e5) Importer(2089858483,b0f066a214c2f5e87bad3c948f4d605d)
Start importing Packages/com.unity.render-pipelines.core/Editor/Icons/MipLevels/Volume@16.png using Guid(3e0af3c90ea2a304c8c241c8fbdce6e5) Importer(2089858483,b0f066a214c2f5e87bad3c948f4d605d) (ScriptedImporter) -> (artifact id: 'ce49c3e27ef5e494fa57b280f3dcb108') in 0.0109237 seconds
Number of updated asset objects reloaded before import = 0Number of asset objects unloaded after import = 1

========================================================================
Received Import Request.
  Time since last request: 0.000016 seconds.
  path: Packages/com.unity.render-pipelines.core/Editor/Lighting/ProbeVolume/ProbeGIBaking.Invalidation.cs
  artifactKey: Guid(8a9905147c39cff4fa3238e51ff44e04) Importer(2089858483,b0f066a214c2f5e87bad3c948f4d605d)
Start importing Packages/com.unity.render-pipelines.core/Editor/Lighting/ProbeVolume/ProbeGIBaking.Invalidation.cs using Guid(8a9905147c39cff4fa3238e51ff44e04) Importer(2089858483,b0f066a214c2f5e87bad3c948f4d605d) (ScriptedImporter) -> (artifact id: 'a7946173fb3d15ca611255877036cf6c') in 0.0057518 seconds
Number of updated asset objects reloaded before import = 0Number of asset objects unloaded after import = 0

========================================================================
Received Import Request.
  Time since last request: 0.000018 seconds.
  path: Packages/com.unity.render-pipelines.core/Editor/Lighting/Icons/d_LightPlacement_Icon@16.png
  artifactKey: Guid(f75902f05f887d847bd7573bdac61eca) Importer(2089858483,b0f066a214c2f5e87bad3c948f4d605d)
Start importing Packages/com.unity.render-pipelines.core/Editor/Lighting/Icons/d_LightPlacement_Icon@16.png using Guid(f75902f05f887d847bd7573bdac61eca) Importer(2089858483,b0f066a214c2f5e87bad3c948f4d605d) (ScriptedImporter) -> (artifact id: 'b6b4ece626bf64c2c3c9071f1d4d261f') in 0.0109865 seconds
Number of updated asset objects reloaded before import = 0Number of asset objects unloaded after import = 1

========================================================================
Received Import Request.
  Time since last request: 0.000026 seconds.
  path: Packages/com.unity.render-pipelines.core/Runtime/Lighting/ProbeVolume/ProbeVolumeBakingSet.cs
  artifactKey: Guid(4881f9a2c4d568047b316028d20a8dca) Importer(2089858483,b0f066a214c2f5e87bad3c948f4d605d)
Start importing Packages/com.unity.render-pipelines.core/Runtime/Lighting/ProbeVolume/ProbeVolumeBakingSet.cs using Guid(4881f9a2c4d568047b316028d20a8dca) Importer(2089858483,b0f066a214c2f5e87bad3c948f4d605d) (ScriptedImporter) -> (artifact id: '410c858ded97de15d53103eab2b8c8cc') in 0.0060507 seconds
Number of updated asset objects reloaded before import = 0Number of asset objects unloaded after import = 0

========================================================================
Received Import Request.
  Time since last request: 0.000016 seconds.
  path: Packages/com.unity.render-pipelines.core/Tests/Editor/RenderPipeline/DummyRenderPipeline.cs
  artifactKey: Guid(5d25798b96a74d9696004ff136fd919e) Importer(2089858483,b0f066a214c2f5e87bad3c948f4d605d)
Start importing Packages/com.unity.render-pipelines.core/Tests/Editor/RenderPipeline/DummyRenderPipeline.cs using Guid(5d25798b96a74d9696004ff136fd919e) Importer(2089858483,b0f066a214c2f5e87bad3c948f4d605d) (ScriptedImporter) -> (artifact id: 'efa2a76273e466dd44fa1db62c762f62') in 0.005537 seconds
Number of updated asset objects reloaded before import = 0Number of asset objects unloaded after import = 0

========================================================================
Received Import Request.
  Time since last request: 0.000018 seconds.
  path: Packages/com.unity.render-pipelines.core/Editor/Lighting/Icons/LightUnitIcons/BrightSky.png
  artifactKey: Guid(b93b6450b9bd1f44da176ac4a821c3e8) Importer(2089858483,b0f066a214c2f5e87bad3c948f4d605d)
Start importing Packages/com.unity.render-pipelines.core/Editor/Lighting/Icons/LightUnitIcons/BrightSky.png using Guid(b93b6450b9bd1f44da176ac4a821c3e8) Importer(2089858483,b0f066a214c2f5e87bad3c948f4d605d) (ScriptedImporter) -> (artifact id: '83a90110dd503c90dde539063d34adec') in 0.0135474 seconds
Number of updated asset objects reloaded before import = 0Number of asset objects unloaded after import = 1

========================================================================
Received Import Request.
  Time since last request: 0.000026 seconds.
  path: Packages/com.unity.render-pipelines.core/Tests/Editor/RenderPipeline/RenderPipelineGlobalSettingsUtilsTests.cs
  artifactKey: Guid(ec67c0da2e72439a8bff51db2dc853db) Importer(2089858483,b0f066a214c2f5e87bad3c948f4d605d)
Start importing Packages/com.unity.render-pipelines.core/Tests/Editor/RenderPipeline/RenderPipelineGlobalSettingsUtilsTests.cs using Guid(ec67c0da2e72439a8bff51db2dc853db) Importer(2089858483,b0f066a214c2f5e87bad3c948f4d605d) (ScriptedImporter) -> (artifact id: 'ba65f0d511fb78373d5a896f23e39f7b') in 0.0055787 seconds
Number of updated asset objects reloaded before import = 0Number of asset objects unloaded after import = 0

========================================================================
Received Import Request.
  Time since last request: 0.000016 seconds.
  path: Packages/com.unity.render-pipelines.core/Editor/Lighting/Icons/LightUnitIcons/CloudySky@2x.png
  artifactKey: Guid(c30d00a81d6542c40ae1837621e3969e) Importer(2089858483,b0f066a214c2f5e87bad3c948f4d605d)
Start importing Packages/com.unity.render-pipelines.core/Editor/Lighting/Icons/LightUnitIcons/CloudySky@2x.png using Guid(c30d00a81d6542c40ae1837621e3969e) Importer(2089858483,b0f066a214c2f5e87bad3c948f4d605d) (ScriptedImporter) -> (artifact id: 'ed33b688b773786342fa4b73fd9f6574') in 0.0124177 seconds
Number of updated asset objects reloaded before import = 0Number of asset objects unloaded after import = 1

========================================================================
Received Import Request.
  Time since last request: 0.000018 seconds.
  path: Packages/com.unity.render-pipelines.core/Tests/Editor/UnifiedRayTracing/APITests.cs
  artifactKey: Guid(1cee6a301a2297f4aa8e064f8504abc8) Importer(2089858483,b0f066a214c2f5e87bad3c948f4d605d)
Start importing Packages/com.unity.render-pipelines.core/Tests/Editor/UnifiedRayTracing/APITests.cs using Guid(1cee6a301a2297f4aa8e064f8504abc8) Importer(2089858483,b0f066a214c2f5e87bad3c948f4d605d) (ScriptedImporter) -> (artifact id: '3dac66d72082a532957d0e4430ebf982') in 0.005528 seconds
Number of updated asset objects reloaded before import = 0Number of asset objects unloaded after import = 0

========================================================================
Received Import Request.
  Time since last request: 0.000025 seconds.
  path: Packages/com.unity.render-pipelines.core/Tests/Editor/Utilities/TimedScopeTests.cs
  artifactKey: Guid(d59aca2eddb92494fb12dcc2792e8ac7) Importer(2089858483,b0f066a214c2f5e87bad3c948f4d605d)
Start importing Packages/com.unity.render-pipelines.core/Tests/Editor/Utilities/TimedScopeTests.cs using Guid(d59aca2eddb92494fb12dcc2792e8ac7) Importer(2089858483,b0f066a214c2f5e87bad3c948f4d605d) (ScriptedImporter) -> (artifact id: '3e616d6b77b92819fbf45804e506508e') in 0.0055132 seconds
Number of updated asset objects reloaded before import = 0Number of asset objects unloaded after import = 0

========================================================================
Received Import Request.
  Time since last request: 0.000016 seconds.
  path: Packages/com.unity.render-pipelines.core/Tests/Editor/ShaderStripping/ShaderStrippingReportTests.cs
  artifactKey: Guid(d511d098696fe4249a56f343c93ae756) Importer(2089858483,b0f066a214c2f5e87bad3c948f4d605d)
Start importing Packages/com.unity.render-pipelines.core/Tests/Editor/ShaderStripping/ShaderStrippingReportTests.cs using Guid(d511d098696fe4249a56f343c93ae756) Importer(2089858483,b0f066a214c2f5e87bad3c948f4d605d) (ScriptedImporter) -> (artifact id: '360925fbf42c51730f7d2b5f2c1dc9bf') in 0.0053955 seconds
Number of updated asset objects reloaded before import = 0Number of asset objects unloaded after import = 0

========================================================================
Received Import Request.
  Time since last request: 0.000018 seconds.
  path: Packages/com.unity.render-pipelines.core/Editor/Icons/MipLevels/RenderGraphViewer/PassInspector@16.png
  artifactKey: Guid(48b566d9e8cf828409d6879b70fe00b5) Importer(2089858483,b0f066a214c2f5e87bad3c948f4d605d)
Start importing Packages/com.unity.render-pipelines.core/Editor/Icons/MipLevels/RenderGraphViewer/PassInspector@16.png using Guid(48b566d9e8cf828409d6879b70fe00b5) Importer(2089858483,b0f066a214c2f5e87bad3c948f4d605d) (ScriptedImporter) -> (artifact id: 'a3d832d0eb4b028b0c68b3afe5526208') in 0.011902 seconds
Number of updated asset objects reloaded before import = 0Number of asset objects unloaded after import = 1

========================================================================
Received Import Request.
  Time since last request: 0.000027 seconds.
  path: Packages/com.unity.render-pipelines.core/Editor/Lighting/Icons/LightUnitIcons/d_ClearSky.png
  artifactKey: Guid(76c10465276fcb9498b1fd312e3f74ed) Importer(2089858483,b0f066a214c2f5e87bad3c948f4d605d)
Start importing Packages/com.unity.render-pipelines.core/Editor/Lighting/Icons/LightUnitIcons/d_ClearSky.png using Guid(76c10465276fcb9498b1fd312e3f74ed) Importer(2089858483,b0f066a214c2f5e87bad3c948f4d605d) (ScriptedImporter) -> (artifact id: '584c6a962b318b55df1b8056d10f418d') in 0.0109886 seconds
Number of updated asset objects reloaded before import = 0Number of asset objects unloaded after import = 1

========================================================================
Received Import Request.
  Time since last request: 0.000016 seconds.
  path: Packages/com.unity.render-pipelines.core/Tests/Editor/UnifiedRayTracing/BlockAllocatorTests.cs
  artifactKey: Guid(6e0bf59629e30a243ba9535c7ed91f54) Importer(2089858483,b0f066a214c2f5e87bad3c948f4d605d)
Start importing Packages/com.unity.render-pipelines.core/Tests/Editor/UnifiedRayTracing/BlockAllocatorTests.cs using Guid(6e0bf59629e30a243ba9535c7ed91f54) Importer(2089858483,b0f066a214c2f5e87bad3c948f4d605d) (ScriptedImporter) -> (artifact id: '7a87ea61c59a5a5b19ca09e2eedc86a5') in 0.0057656 seconds
Number of updated asset objects reloaded before import = 0Number of asset objects unloaded after import = 0

========================================================================
Received Import Request.
  Time since last request: 0.000019 seconds.
  path: Packages/com.unity.render-pipelines.core/Runtime/UnifiedRayTracing/Compute/ComputeRayTracingShader.cs
  artifactKey: Guid(7ffb214f1a2621b498faee76b1864c9e) Importer(2089858483,b0f066a214c2f5e87bad3c948f4d605d)
Start importing Packages/com.unity.render-pipelines.core/Runtime/UnifiedRayTracing/Compute/ComputeRayTracingShader.cs using Guid(7ffb214f1a2621b498faee76b1864c9e) Importer(2089858483,b0f066a214c2f5e87bad3c948f4d605d) (ScriptedImporter) -> (artifact id: '392c67f50ab5eb13131ae68a28fd5ee3') in 0.0062095 seconds
Number of updated asset objects reloaded before import = 0Number of asset objects unloaded after import = 0

========================================================================
Received Import Request.
  Time since last request: 0.000029 seconds.
  path: Packages/com.unity.render-pipelines.core/Runtime/Utilities/GPUPrefixSum/GPUPrefixSum.Data.cs
  artifactKey: Guid(b287d5adc6e94882ac5a76f78323f37c) Importer(2089858483,b0f066a214c2f5e87bad3c948f4d605d)
Start importing Packages/com.unity.render-pipelines.core/Runtime/Utilities/GPUPrefixSum/GPUPrefixSum.Data.cs using Guid(b287d5adc6e94882ac5a76f78323f37c) Importer(2089858483,b0f066a214c2f5e87bad3c948f4d605d) (ScriptedImporter) -> (artifact id: '3077edc554172996bf3561ea2ceb9407') in 0.0057525 seconds
Number of updated asset objects reloaded before import = 0Number of asset objects unloaded after import = 0

========================================================================
Received Import Request.
  Time since last request: 0.000016 seconds.
  path: Packages/com.unity.render-pipelines.core/Editor/Lighting/Icons/LightUnitIcons/d_CloudySky.png
  artifactKey: Guid(0c24a3ead3381ee4cb4574c5be266d87) Importer(2089858483,b0f066a214c2f5e87bad3c948f4d605d)
Start importing Packages/com.unity.render-pipelines.core/Editor/Lighting/Icons/LightUnitIcons/d_CloudySky.png using Guid(0c24a3ead3381ee4cb4574c5be266d87) Importer(2089858483,b0f066a214c2f5e87bad3c948f4d605d) (ScriptedImporter) -> (artifact id: '9306d547e2fa3e3b79a19c0484314a39') in 0.0138412 seconds
Number of updated asset objects reloaded before import = 0Number of asset objects unloaded after import = 1

========================================================================
Received Import Request.
  Time since last request: 0.000019 seconds.
  path: Packages/com.unity.render-pipelines.core/Editor/Icons/MipLevels/RenderGraphViewer/Resources@32.png
  artifactKey: Guid(8c00ff63cd786b34685fe28d9d37c2b9) Importer(2089858483,b0f066a214c2f5e87bad3c948f4d605d)
Start importing Packages/com.unity.render-pipelines.core/Editor/Icons/MipLevels/RenderGraphViewer/Resources@32.png using Guid(8c00ff63cd786b34685fe28d9d37c2b9) Importer(2089858483,b0f066a214c2f5e87bad3c948f4d605d) (ScriptedImporter) -> (artifact id: '09ccc3b559ec5976c1ebe919ce0bcba8') in 0.0119948 seconds
Number of updated asset objects reloaded before import = 0Number of asset objects unloaded after import = 1

========================================================================
Received Import Request.
  Time since last request: 0.000024 seconds.
  path: Packages/com.unity.render-pipelines.core/Editor/Lighting/Icons/LightUnitIcons/Candlelight@2x.png
  artifactKey: Guid(3387986904fe97b4cb1a1b607d1e7039) Importer(2089858483,b0f066a214c2f5e87bad3c948f4d605d)
Start importing Packages/com.unity.render-pipelines.core/Editor/Lighting/Icons/LightUnitIcons/Candlelight@2x.png using Guid(3387986904fe97b4cb1a1b607d1e7039) Importer(2089858483,b0f066a214c2f5e87bad3c948f4d605d) (ScriptedImporter) -> (artifact id: '8f8bac80037b48a262c07e456528a412') in 0.0112811 seconds
Number of updated asset objects reloaded before import = 0Number of asset objects unloaded after import = 1

========================================================================
Received Import Request.
  Time since last request: 0.000016 seconds.
  path: Packages/com.unity.render-pipelines.core/Tests/Editor/UnifiedRayTracing/TraceRaysAndFetchAttributes.urtshader
  artifactKey: Guid(fbc59f55df2416344b008dc23753cae2) Importer(2089858483,b0f066a214c2f5e87bad3c948f4d605d)
Start importing Packages/com.unity.render-pipelines.core/Tests/Editor/UnifiedRayTracing/TraceRaysAndFetchAttributes.urtshader using Guid(fbc59f55df2416344b008dc23753cae2) Importer(2089858483,b0f066a214c2f5e87bad3c948f4d605d) (ScriptedImporter) -> (artifact id: '7929887919dbba4a26e7ee612d1dd932') in 0.008981 seconds
Number of updated asset objects reloaded before import = 0Number of asset objects unloaded after import = 2

========================================================================
Received Import Request.
  Time since last request: 0.000018 seconds.
  path: Packages/com.unity.render-pipelines.core/Editor/Lighting/Icons/LightUnitIcons/d_BlueSky.png
  artifactKey: Guid(8991eaef2ed56cc45b9a80b50fbca5e2) Importer(2089858483,b0f066a214c2f5e87bad3c948f4d605d)
Start importing Packages/com.unity.render-pipelines.core/Editor/Lighting/Icons/LightUnitIcons/d_BlueSky.png using Guid(8991eaef2ed56cc45b9a80b50fbca5e2) Importer(2089858483,b0f066a214c2f5e87bad3c948f4d605d) (ScriptedImporter) -> (artifact id: 'fa3ee97767f482d64547fae093d3978a') in 0.0116425 seconds
Number of updated asset objects reloaded before import = 0Number of asset objects unloaded after import = 1

========================================================================
Received Import Request.
  Time since last request: 0.000025 seconds.
  path: Packages/com.unity.render-pipelines.core/Tests/Editor/RenderPipeline/DummyRenderPipelineAsset.cs
  artifactKey: Guid(87701a07af704ac98f8163033690d176) Importer(2089858483,b0f066a214c2f5e87bad3c948f4d605d)
Start importing Packages/com.unity.render-pipelines.core/Tests/Editor/RenderPipeline/DummyRenderPipelineAsset.cs using Guid(87701a07af704ac98f8163033690d176) Importer(2089858483,b0f066a214c2f5e87bad3c948f4d605d) (ScriptedImporter) -> (artifact id: '44688f56d0283d4f5a59f1103af9efb1') in 0.0061433 seconds
Number of updated asset objects reloaded before import = 0Number of asset objects unloaded after import = 0

========================================================================
Received Import Request.
  Time since last request: 0.000016 seconds.
  path: Packages/com.unity.render-pipelines.core/Runtime/Vrs/Shaders/VrsTexture.compute
  artifactKey: Guid(cacb30de6c40c7444bbc78cb0a81fd2a) Importer(2089858483,b0f066a214c2f5e87bad3c948f4d605d)
Start importing Packages/com.unity.render-pipelines.core/Runtime/Vrs/Shaders/VrsTexture.compute using Guid(cacb30de6c40c7444bbc78cb0a81fd2a) Importer(2089858483,b0f066a214c2f5e87bad3c948f4d605d) (ScriptedImporter) -> (artifact id: '314429c617ecf542a3ba0510554cbe8b') in 0.0059936 seconds
Number of updated asset objects reloaded before import = 0Number of asset objects unloaded after import = 0

========================================================================
Received Import Request.
  Time since last request: 0.000017 seconds.
  path: Packages/com.unity.render-pipelines.core/Tests/Editor/UnifiedRayTracing/AccelStructTests.cs
  artifactKey: Guid(907dea72c9efc834499557d581dbc45a) Importer(2089858483,b0f066a214c2f5e87bad3c948f4d605d)
Start importing Packages/com.unity.render-pipelines.core/Tests/Editor/UnifiedRayTracing/AccelStructTests.cs using Guid(907dea72c9efc834499557d581dbc45a) Importer(2089858483,b0f066a214c2f5e87bad3c948f4d605d) (ScriptedImporter) -> (artifact id: '2f5915e8276f7bf9653029a3f45c9f90') in 0.005652 seconds
Number of updated asset objects reloaded before import = 0Number of asset objects unloaded after import = 0

========================================================================
Received Import Request.
  Time since last request: 0.000029 seconds.
  path: Packages/com.unity.render-pipelines.core/Tests/Runtime/Threading/FunctionTestsGroup.compute
  artifactKey: Guid(77f6c3e00d2daf84ba7b57e205d5dd64) Importer(2089858483,b0f066a214c2f5e87bad3c948f4d605d)
Start importing Packages/com.unity.render-pipelines.core/Tests/Runtime/Threading/FunctionTestsGroup.compute using Guid(77f6c3e00d2daf84ba7b57e205d5dd64) Importer(2089858483,b0f066a214c2f5e87bad3c948f4d605d) (ScriptedImporter) -> (artifact id: 'ccc6dda1e269eb25b7f3f80f79d5aad9') in 0.0107791 seconds
Number of updated asset objects reloaded before import = 0Number of asset objects unloaded after import = 1

========================================================================
Received Import Request.
  Time since last request: 0.000023 seconds.
  path: Packages/com.unity.render-pipelines.core/Tests/Editor/Debugging/PanelNameAndOrderTests.cs
  artifactKey: Guid(d751686736fade3409bf8547030c42a6) Importer(2089858483,b0f066a214c2f5e87bad3c948f4d605d)
Start importing Packages/com.unity.render-pipelines.core/Tests/Editor/Debugging/PanelNameAndOrderTests.cs using Guid(d751686736fade3409bf8547030c42a6) Importer(2089858483,b0f066a214c2f5e87bad3c948f4d605d) (ScriptedImporter) -> (artifact id: 'd92ec1ef449efe703695a34e0171e96c') in 0.0058262 seconds
Number of updated asset objects reloaded before import = 0Number of asset objects unloaded after import = 0

========================================================================
Received Import Request.
  Time since last request: 0.000017 seconds.
  path: Packages/com.unity.render-pipelines.core/Runtime/Utilities/GPUSort/GPUSort.cs
  artifactKey: Guid(4c368ba38709458cb76d6105db148c79) Importer(2089858483,b0f066a214c2f5e87bad3c948f4d605d)
Start importing Packages/com.unity.render-pipelines.core/Runtime/Utilities/GPUSort/GPUSort.cs using Guid(4c368ba38709458cb76d6105db148c79) Importer(2089858483,b0f066a214c2f5e87bad3c948f4d605d) (ScriptedImporter) -> (artifact id: 'f2607a8b5baf0b16e42ee743823e4910') in 0.0056591 seconds
Number of updated asset objects reloaded before import = 0Number of asset objects unloaded after import = 0

========================================================================
Received Import Request.
  Time since last request: 0.000024 seconds.
  path: Packages/com.unity.render-pipelines.core/Tests/Editor/Debugging/UndoRedoTests.cs
  artifactKey: Guid(5b2e284253ba6e14785f3a5aacdfcdc5) Importer(2089858483,b0f066a214c2f5e87bad3c948f4d605d)
Start importing Packages/com.unity.render-pipelines.core/Tests/Editor/Debugging/UndoRedoTests.cs using Guid(5b2e284253ba6e14785f3a5aacdfcdc5) Importer(2089858483,b0f066a214c2f5e87bad3c948f4d605d) (ScriptedImporter) -> (artifact id: '55ba1d32fb8a5982481bca3a1be9bf51') in 0.0076032 seconds
Number of updated asset objects reloaded before import = 0Number of asset objects unloaded after import = 0

========================================================================
Received Import Request.
  Time since last request: 0.000014 seconds.
  path: Packages/com.unity.render-pipelines.core/Runtime/Utilities/GPUPrefixSum/GPUPrefixSum.Data.cs.hlsl
  artifactKey: Guid(56dcfb5655d6cc74cb661e531de4bbdf) Importer(2089858483,b0f066a214c2f5e87bad3c948f4d605d)
Start importing Packages/com.unity.render-pipelines.core/Runtime/Utilities/GPUPrefixSum/GPUPrefixSum.Data.cs.hlsl using Guid(56dcfb5655d6cc74cb661e531de4bbdf) Importer(2089858483,b0f066a214c2f5e87bad3c948f4d605d) (ScriptedImporter) -> (artifact id: 'f2ea89a002d268a6a7afe29c3d02efa2') in 0.0059179 seconds
Number of updated asset objects reloaded before import = 0Number of asset objects unloaded after import = 1

========================================================================
Received Import Request.
  Time since last request: 0.000017 seconds.
  path: Packages/com.unity.render-pipelines.core/Editor/Lighting/Icons/LightUnitIcons/BlueSky@2x.png
  artifactKey: Guid(42382485181c7b4429560828f54a2bae) Importer(2089858483,b0f066a214c2f5e87bad3c948f4d605d)
Start importing Packages/com.unity.render-pipelines.core/Editor/Lighting/Icons/LightUnitIcons/BlueSky@2x.png using Guid(42382485181c7b4429560828f54a2bae) Importer(2089858483,b0f066a214c2f5e87bad3c948f4d605d) (ScriptedImporter) -> (artifact id: '09c99498965d6220992f082c4164cf74') in 0.0129928 seconds
Number of updated asset objects reloaded before import = 0Number of asset objects unloaded after import = 1

========================================================================
Received Import Request.
  Time since last request: 0.000027 seconds.
  path: Packages/com.unity.render-pipelines.core/Editor/Lighting/Icons/LightUnitIcons/ClearSky.png
  artifactKey: Guid(db0321d865208c648ae843f39ab69004) Importer(2089858483,b0f066a214c2f5e87bad3c948f4d605d)
Start importing Packages/com.unity.render-pipelines.core/Editor/Lighting/Icons/LightUnitIcons/ClearSky.png using Guid(db0321d865208c648ae843f39ab69004) Importer(2089858483,b0f066a214c2f5e87bad3c948f4d605d) (ScriptedImporter) -> (artifact id: 'b662867c3db21ebae527cbfda36029b9') in 0.0120298 seconds
Number of updated asset objects reloaded before import = 0Number of asset objects unloaded after import = 1

========================================================================
Received Import Request.
  Time since last request: 0.000014 seconds.
  path: Packages/com.unity.render-pipelines.core/Tests/Editor/UnifiedRayTracing/AccelStructAdapterTests.cs
  artifactKey: Guid(355495db5b95855439b77dcb5868f8f7) Importer(2089858483,b0f066a214c2f5e87bad3c948f4d605d)
Start importing Packages/com.unity.render-pipelines.core/Tests/Editor/UnifiedRayTracing/AccelStructAdapterTests.cs using Guid(355495db5b95855439b77dcb5868f8f7) Importer(2089858483,b0f066a214c2f5e87bad3c948f4d605d) (ScriptedImporter) -> (artifact id: 'bb29e45586a51f7d0a271910ef72854b') in 0.0061197 seconds
Number of updated asset objects reloaded before import = 0Number of asset objects unloaded after import = 0

========================================================================
Received Import Request.
  Time since last request: 0.000017 seconds.
  path: Packages/com.unity.render-pipelines.core/Editor/Lighting/Icons/LightUnitIcons/CloudySky.png
  artifactKey: Guid(bb2cc982d8ff1aa4a9ce5ee5fdb29023) Importer(2089858483,b0f066a214c2f5e87bad3c948f4d605d)
Start importing Packages/com.unity.render-pipelines.core/Editor/Lighting/Icons/LightUnitIcons/CloudySky.png using Guid(bb2cc982d8ff1aa4a9ce5ee5fdb29023) Importer(2089858483,b0f066a214c2f5e87bad3c948f4d605d) (ScriptedImporter) -> (artifact id: '36197952b6cd3fd16000f2a03f7ec004') in 0.0122825 seconds
Number of updated asset objects reloaded before import = 0Number of asset objects unloaded after import = 1

========================================================================
Received Import Request.
  Time since last request: 0.000023 seconds.
  path: Packages/com.unity.render-pipelines.core/Runtime/Debugging/Prefabs/Widgets/DebugUIColor.prefab
  artifactKey: Guid(77c185820dd1a464eac89cae3abccddf) Importer(2089858483,b0f066a214c2f5e87bad3c948f4d605d)
Start importing Packages/com.unity.render-pipelines.core/Runtime/Debugging/Prefabs/Widgets/DebugUIColor.prefab using Guid(77c185820dd1a464eac89cae3abccddf) Importer(2089858483,b0f066a214c2f5e87bad3c948f4d605d) (ScriptedImporter) -> (artifact id: '9f0d70ec561ed198f776d00149a87323') in 0.0345079 seconds
Number of updated asset objects reloaded before import = 0Number of asset objects unloaded after import = 82

========================================================================
Received Import Request.
  Time since last request: 0.000020 seconds.
  path: Packages/com.unity.render-pipelines.core/Editor/Lighting/Icons/LightUnitIcons/d_Moonlight@2x.png
  artifactKey: Guid(f520337c0c5dde34fa2d4207d953a31f) Importer(2089858483,b0f066a214c2f5e87bad3c948f4d605d)
Start importing Packages/com.unity.render-pipelines.core/Editor/Lighting/Icons/LightUnitIcons/d_Moonlight@2x.png using Guid(f520337c0c5dde34fa2d4207d953a31f) Importer(2089858483,b0f066a214c2f5e87bad3c948f4d605d) (ScriptedImporter) -> (artifact id: 'eb316daf501763cd42ca2eaa8627da07') in 0.0122137 seconds
Number of updated asset objects reloaded before import = 0Number of asset objects unloaded after import = 1

========================================================================
Received Import Request.
  Time since last request: 0.000020 seconds.
  path: Packages/com.unity.render-pipelines.core/Editor/Lighting/Icons/LightUnitIcons/MediumAreaLight.png
  artifactKey: Guid(1eb691390c444f14bac0868bd61fd451) Importer(2089858483,b0f066a214c2f5e87bad3c948f4d605d)
Start importing Packages/com.unity.render-pipelines.core/Editor/Lighting/Icons/LightUnitIcons/MediumAreaLight.png using Guid(1eb691390c444f14bac0868bd61fd451) Importer(2089858483,b0f066a214c2f5e87bad3c948f4d605d) (ScriptedImporter) -> (artifact id: 'b83589fa1dc990e6626ee6fd343c8a81') in 0.0132295 seconds
Number of updated asset objects reloaded before import = 0Number of asset objects unloaded after import = 1

========================================================================
Received Import Request.
  Time since last request: 0.000026 seconds.
  path: Packages/com.unity.render-pipelines.core/Runtime/Debugging/Prefabs/Widgets/DebugUIVector4.prefab
  artifactKey: Guid(d47f009476100f545971a81ede14c750) Importer(2089858483,b0f066a214c2f5e87bad3c948f4d605d)
Start importing Packages/com.unity.render-pipelines.core/Runtime/Debugging/Prefabs/Widgets/DebugUIVector4.prefab using Guid(d47f009476100f545971a81ede14c750) Importer(2089858483,b0f066a214c2f5e87bad3c948f4d605d) (ScriptedImporter) -> (artifact id: 'adefe2cb3a5fb0f0883059bb2bc802d4') in 0.0171842 seconds
Number of updated asset objects reloaded before import = 0Number of asset objects unloaded after import = 78

========================================================================
Received Import Request.
  Time since last request: 0.000017 seconds.
  path: Packages/com.unity.render-pipelines.core/Editor/Lighting/Icons/LightUnitIcons/d_Overcast@2x.png
  artifactKey: Guid(036f58abb8f232d41b3928a31433cf81) Importer(2089858483,b0f066a214c2f5e87bad3c948f4d605d)
Start importing Packages/com.unity.render-pipelines.core/Editor/Lighting/Icons/LightUnitIcons/d_Overcast@2x.png using Guid(036f58abb8f232d41b3928a31433cf81) Importer(2089858483,b0f066a214c2f5e87bad3c948f4d605d) (ScriptedImporter) -> (artifact id: '4400efbac0c3aaeffe24091d488eac84') in 0.0138616 seconds
Number of updated asset objects reloaded before import = 0Number of asset objects unloaded after import = 1

========================================================================
Received Import Request.
  Time since last request: 0.000019 seconds.
  path: Packages/com.unity.render-pipelines.core/Runtime/Debugging/Prefabs/Textures/UIElement8px.png
  artifactKey: Guid(d49e78756811bfa4aafb8b6535417991) Importer(2089858483,b0f066a214c2f5e87bad3c948f4d605d)
Start importing Packages/com.unity.render-pipelines.core/Runtime/Debugging/Prefabs/Textures/UIElement8px.png using Guid(d49e78756811bfa4aafb8b6535417991) Importer(2089858483,b0f066a214c2f5e87bad3c948f4d605d) (ScriptedImporter) -> (artifact id: '7251ffb9e23d94cf542664db84296bf0') in 0.0133987 seconds
Number of updated asset objects reloaded before import = 0Number of asset objects unloaded after import = 3

========================================================================
Received Import Request.
  Time since last request: 0.000026 seconds.
  path: Packages/com.unity.render-pipelines.core/Runtime/UnifiedRayTracing/Compute/RadeonRays/StringIDs.cs
  artifactKey: Guid(5e7ff31e76460b5468d3c45cf9095a6b) Importer(2089858483,b0f066a214c2f5e87bad3c948f4d605d)
Start importing Packages/com.unity.render-pipelines.core/Runtime/UnifiedRayTracing/Compute/RadeonRays/StringIDs.cs using Guid(5e7ff31e76460b5468d3c45cf9095a6b) Importer(2089858483,b0f066a214c2f5e87bad3c948f4d605d) (ScriptedImporter) -> (artifact id: 'eda6c7bb6537ebb46e41c86927e9669a') in 0.0060997 seconds
Number of updated asset objects reloaded before import = 0Number of asset objects unloaded after import = 0

========================================================================
Received Import Request.
  Time since last request: 0.000016 seconds.
  path: Packages/com.unity.render-pipelines.core/Runtime/UnifiedRayTracing/Common/Utilities/GraphicsHelpers.cs
  artifactKey: Guid(bfd0ff47a7084174ba1c6b5a11903a1b) Importer(2089858483,b0f066a214c2f5e87bad3c948f4d605d)
Start importing Packages/com.unity.render-pipelines.core/Runtime/UnifiedRayTracing/Common/Utilities/GraphicsHelpers.cs using Guid(bfd0ff47a7084174ba1c6b5a11903a1b) Importer(2089858483,b0f066a214c2f5e87bad3c948f4d605d) (ScriptedImporter) -> (artifact id: '91ebd57234c151525f417a7aff0563f0') in 0.0058066 seconds
Number of updated asset objects reloaded before import = 0Number of asset objects unloaded after import = 0

========================================================================
Received Import Request.
  Time since last request: 0.000016 seconds.
  path: Packages/com.unity.render-pipelines.core/Editor/Lighting/Icons/LightUnitIcons/Fluorescent@2x.png
  artifactKey: Guid(81321ffad3c324c42806d47efb84d4d1) Importer(2089858483,b0f066a214c2f5e87bad3c948f4d605d)
Start importing Packages/com.unity.render-pipelines.core/Editor/Lighting/Icons/LightUnitIcons/Fluorescent@2x.png using Guid(81321ffad3c324c42806d47efb84d4d1) Importer(2089858483,b0f066a214c2f5e87bad3c948f4d605d) (ScriptedImporter) -> (artifact id: '6191a92cc29a9854c416575b0b801137') in 0.0114374 seconds
Number of updated asset objects reloaded before import = 0Number of asset objects unloaded after import = 1

========================================================================
Received Import Request.
  Time since last request: 0.000022 seconds.
  path: Packages/com.unity.render-pipelines.core/Editor/Lighting/Icons/LightUnitIcons/d_VeryBrightSun.png
  artifactKey: Guid(083778a134a402a4f82b55a98ac21530) Importer(2089858483,b0f066a214c2f5e87bad3c948f4d605d)
Start importing Packages/com.unity.render-pipelines.core/Editor/Lighting/Icons/LightUnitIcons/d_VeryBrightSun.png using Guid(083778a134a402a4f82b55a98ac21530) Importer(2089858483,b0f066a214c2f5e87bad3c948f4d605d) (ScriptedImporter) -> (artifact id: '9e161c3ff16617a2e62ba05afc5b4cc3') in 0.0148703 seconds
Number of updated asset objects reloaded before import = 0Number of asset objects unloaded after import = 1

========================================================================
Received Import Request.
  Time since last request: 0.000025 seconds.
  path: Packages/com.unity.render-pipelines.core/Runtime/UnifiedRayTracing/Common/GeometryPool/GeometryPoolKernels.compute
  artifactKey: Guid(98e3d58cae7210c4786f67f504c9e899) Importer(2089858483,b0f066a214c2f5e87bad3c948f4d605d)
Start importing Packages/com.unity.render-pipelines.core/Runtime/UnifiedRayTracing/Common/GeometryPool/GeometryPoolKernels.compute using Guid(98e3d58cae7210c4786f67f504c9e899) Importer(2089858483,b0f066a214c2f5e87bad3c948f4d605d) (ScriptedImporter) -> (artifact id: 'aacb66e39127a9976829b23c2216ddcc') in 0.0063032 seconds
Number of updated asset objects reloaded before import = 0Number of asset objects unloaded after import = 0

========================================================================
Received Import Request.
  Time since last request: 0.000014 seconds.
  path: Packages/com.unity.render-pipelines.core/Runtime/Debugging/Prefabs/Widgets/DebugUIValueTuple.prefab
  artifactKey: Guid(a2148203dd960814ca5db0c293ceda35) Importer(2089858483,b0f066a214c2f5e87bad3c948f4d605d)
Start importing Packages/com.unity.render-pipelines.core/Runtime/Debugging/Prefabs/Widgets/DebugUIValueTuple.prefab using Guid(a2148203dd960814ca5db0c293ceda35) Importer(2089858483,b0f066a214c2f5e87bad3c948f4d605d) (ScriptedImporter) -> (artifact id: '8107d08d9f0e43b75914d625ddac9923') in 0.0104067 seconds
Number of updated asset objects reloaded before import = 0Number of asset objects unloaded after import = 15

========================================================================
Received Import Request.
  Time since last request: 0.000019 seconds.
  path: Packages/com.unity.render-pipelines.core/Runtime/Debugging/Prefabs/Widgets/DebugUIPanel.prefab
  artifactKey: Guid(daa46a58178a6ad41ae1ddc2dc7f856d) Importer(2089858483,b0f066a214c2f5e87bad3c948f4d605d)
Start importing Packages/com.unity.render-pipelines.core/Runtime/Debugging/Prefabs/Widgets/DebugUIPanel.prefab using Guid(daa46a58178a6ad41ae1ddc2dc7f856d) Importer(2089858483,b0f066a214c2f5e87bad3c948f4d605d) (ScriptedImporter) -> (artifact id: '5545770050d65c85e70a2e75b106e8be') in 0.038425 seconds
Number of updated asset objects reloaded before import = 0Number of asset objects unloaded after import = 98

========================================================================
Received Prepare
Refreshing native plugins compatible for Editor in 5.95 ms, found 5 plugins.
Preloading 0 native plugins for Editor in 0.00 ms.
Unloading 16 Unused Serialized files (Serialized files now loaded: 0)
Unloading 7208 unused Assets / (4.5 MB). Loaded Objects now: 8027.
Memory consumption went from 165.3 MB to 160.8 MB.
Total: 12.990200 ms (FindLiveObjects: 0.889400 ms CreateObjectMapping: 1.656700 ms MarkObjects: 7.746000 ms  DeleteObjects: 2.696900 ms)

Prepare: number of updated asset objects reloaded= 0
========================================================================
Received Import Request.
  Time since last request: 1.741405 seconds.
  path: Packages/com.unity.render-pipelines.core/Editor/Camera/CameraUI.PhysicalCamera.Drawers.cs
  artifactKey: Guid(b7fbad490dc4ecc46b2936be42e9c71f) Importer(2089858483,b0f066a214c2f5e87bad3c948f4d605d)
Start importing Packages/com.unity.render-pipelines.core/Editor/Camera/CameraUI.PhysicalCamera.Drawers.cs using Guid(b7fbad490dc4ecc46b2936be42e9c71f) Importer(2089858483,b0f066a214c2f5e87bad3c948f4d605d) (ScriptedImporter) -> (artifact id: '8b5926282f24767c31fb3465cf65d94b') in 0.0161324 seconds
Number of updated asset objects reloaded before import = 0Number of asset objects unloaded after import = 0

========================================================================
Received Import Request.
  Time since last request: 0.000024 seconds.
  path: Packages/com.unity.render-pipelines.core/Runtime/UnifiedRayTracing/Compute/RadeonRays/kernels/triangle_mesh.hlsl
  artifactKey: Guid(76757b5514dd6404dafc9fbe2566522d) Importer(2089858483,b0f066a214c2f5e87bad3c948f4d605d)
Start importing Packages/com.unity.render-pipelines.core/Runtime/UnifiedRayTracing/Compute/RadeonRays/kernels/triangle_mesh.hlsl using Guid(76757b5514dd6404dafc9fbe2566522d) Importer(2089858483,b0f066a214c2f5e87bad3c948f4d605d) (ScriptedImporter) -> (artifact id: '2c7bbda06b4489b8fc463c55cf5d5989') in 0.0084443 seconds
Number of updated asset objects reloaded before import = 0Number of asset objects unloaded after import = 1

========================================================================
Received Prepare
Refreshing native plugins compatible for Editor in 6.72 ms, found 5 plugins.
Preloading 0 native plugins for Editor in 0.00 ms.
Unloading 16 Unused Serialized files (Serialized files now loaded: 0)
Unloading 7195 unused Assets / (4.1 MB). Loaded Objects now: 8027.
Memory consumption went from 165.2 MB to 161.1 MB.
Total: 14.229200 ms (FindLiveObjects: 0.860300 ms CreateObjectMapping: 1.418600 ms MarkObjects: 8.903400 ms  DeleteObjects: 3.045700 ms)

Prepare: number of updated asset objects reloaded= 0
========================================================================
Received Import Request.
  Time since last request: 2.752934 seconds.
  path: Packages/com.unity.collab-proxy/Editor/CodeEditor/Utils/Deque.cs
  artifactKey: Guid(fdf371b229de34c7a8f364e3cb759548) Importer(2089858483,b0f066a214c2f5e87bad3c948f4d605d)
Start importing Packages/com.unity.collab-proxy/Editor/CodeEditor/Utils/Deque.cs using Guid(fdf371b229de34c7a8f364e3cb759548) Importer(2089858483,b0f066a214c2f5e87bad3c948f4d605d) (ScriptedImporter) -> (artifact id: '25389f8fc231d6a535c2c6a821861188') in 0.0166746 seconds
Number of updated asset objects reloaded before import = 0Number of asset objects unloaded after import = 0

========================================================================
Received Import Request.
  Time since last request: 0.000024 seconds.
  path: Packages/com.unity.test-framework/UnityEditor.TestRunner/Api/ICallbacksHolder.cs
  artifactKey: Guid(d742f2caefd9f934d9f19dad07a08e6f) Importer(2089858483,b0f066a214c2f5e87bad3c948f4d605d)
Start importing Packages/com.unity.test-framework/UnityEditor.TestRunner/Api/ICallbacksHolder.cs using Guid(d742f2caefd9f934d9f19dad07a08e6f) Importer(2089858483,b0f066a214c2f5e87bad3c948f4d605d) (ScriptedImporter) -> (artifact id: '1df59a14a6a4d1992715e51b09f5207e') in 0.0075609 seconds
Number of updated asset objects reloaded before import = 0Number of asset objects unloaded after import = 0

========================================================================
Received Import Request.
  Time since last request: 0.000030 seconds.
  path: Packages/com.unity.test-framework/UnityEditor.TestRunner/Api/IgnoreTest.cs
  artifactKey: Guid(a785dd14005a471483d6732fabeee0ea) Importer(2089858483,b0f066a214c2f5e87bad3c948f4d605d)
Start importing Packages/com.unity.test-framework/UnityEditor.TestRunner/Api/IgnoreTest.cs using Guid(a785dd14005a471483d6732fabeee0ea) Importer(2089858483,b0f066a214c2f5e87bad3c948f4d605d) (ScriptedImporter) -> (artifact id: '6fe0bb4f320afedbf11964fa5b66fd55') in 0.0076448 seconds
Number of updated asset objects reloaded before import = 0Number of asset objects unloaded after import = 0

========================================================================
Received Import Request.
  Time since last request: 0.000021 seconds.
  path: Packages/com.unity.ide.visualstudio/Editor/ProjectGeneration/SdkStyleProjectGeneration.cs
  artifactKey: Guid(e8aed47cdce10fd4cae32fefa2c34f8f) Importer(2089858483,b0f066a214c2f5e87bad3c948f4d605d)
Start importing Packages/com.unity.ide.visualstudio/Editor/ProjectGeneration/SdkStyleProjectGeneration.cs using Guid(e8aed47cdce10fd4cae32fefa2c34f8f) Importer(2089858483,b0f066a214c2f5e87bad3c948f4d605d) (ScriptedImporter) -> (artifact id: '74fb62de9a1424434547527dbef595f9') in 0.0095499 seconds
Number of updated asset objects reloaded before import = 0Number of asset objects unloaded after import = 0

========================================================================
Received Import Request.
  Time since last request: 0.000023 seconds.
  path: Packages/com.unity.burst/Runtime/CompilerServices/AssumeRangeAttribute.cs
  artifactKey: Guid(17055f9e032f36c6ae549103649199f4) Importer(2089858483,b0f066a214c2f5e87bad3c948f4d605d)
Start importing Packages/com.unity.burst/Runtime/CompilerServices/AssumeRangeAttribute.cs using Guid(17055f9e032f36c6ae549103649199f4) Importer(2089858483,b0f066a214c2f5e87bad3c948f4d605d) (ScriptedImporter) -> (artifact id: '83713878c1c5f8a6d75b9c8e2bdcd93e') in 0.0088439 seconds
Number of updated asset objects reloaded before import = 0Number of asset objects unloaded after import = 0

========================================================================
Received Import Request.
  Time since last request: 0.000037 seconds.
  path: Packages/com.unity.collab-proxy/Editor/CodeEditor/Utils/FileReader.cs
  artifactKey: Guid(205856b2c6304b8d8cdf7811e8494c72) Importer(2089858483,b0f066a214c2f5e87bad3c948f4d605d)
Start importing Packages/com.unity.collab-proxy/Editor/CodeEditor/Utils/FileReader.cs using Guid(205856b2c6304b8d8cdf7811e8494c72) Importer(2089858483,b0f066a214c2f5e87bad3c948f4d605d) (ScriptedImporter) -> (artifact id: '31450fdea75f262be148c6a5d5c5f655') in 0.0090483 seconds
Number of updated asset objects reloaded before import = 0Number of asset objects unloaded after import = 0

========================================================================
Received Import Request.
  Time since last request: 0.000018 seconds.
  path: Packages/com.unity.collab-proxy/Lib/Editor/Localization/guihelp.ko.txt
  artifactKey: Guid(37721dcbaf04b4ee89012f6a601fde0d) Importer(2089858483,b0f066a214c2f5e87bad3c948f4d605d)
Start importing Packages/com.unity.collab-proxy/Lib/Editor/Localization/guihelp.ko.txt using Guid(37721dcbaf04b4ee89012f6a601fde0d) Importer(2089858483,b0f066a214c2f5e87bad3c948f4d605d) (ScriptedImporter) -> (artifact id: 'a04ccb523912125bdf37cf75dd99f8c9') in 0.0080361 seconds
Number of updated asset objects reloaded before import = 0Number of asset objects unloaded after import = 1

========================================================================
Received Import Request.
  Time since last request: 0.000024 seconds.
  path: Packages/com.unity.render-pipelines.core/Runtime/Lighting/ProbeVolume/ProbeVolume.hlsl
  artifactKey: Guid(688129ab15b222340a2c7fa427269889) Importer(2089858483,b0f066a214c2f5e87bad3c948f4d605d)
Start importing Packages/com.unity.render-pipelines.core/Runtime/Lighting/ProbeVolume/ProbeVolume.hlsl using Guid(688129ab15b222340a2c7fa427269889) Importer(2089858483,b0f066a214c2f5e87bad3c948f4d605d) (ScriptedImporter) -> (artifact id: '78edc913f61f96d6b80f5a8066dce2e5') in 0.0066814 seconds
Number of updated asset objects reloaded before import = 0Number of asset objects unloaded after import = 1

========================================================================
Received Import Request.
  Time since last request: 0.000037 seconds.
  path: Packages/com.unity.render-pipelines.core/Runtime/Volume/VolumeStack.cs
  artifactKey: Guid(7af226ce5122db0409963decbabf9d9b) Importer(2089858483,b0f066a214c2f5e87bad3c948f4d605d)
Start importing Packages/com.unity.render-pipelines.core/Runtime/Volume/VolumeStack.cs using Guid(7af226ce5122db0409963decbabf9d9b) Importer(2089858483,b0f066a214c2f5e87bad3c948f4d605d) (ScriptedImporter) -> (artifact id: 'cf4e19bb3a473119d1330f05ebcb628f') in 0.0135211 seconds
Number of updated asset objects reloaded before import = 0Number of asset objects unloaded after import = 0

========================================================================
Received Import Request.
  Time since last request: 0.000020 seconds.
  path: Packages/com.unity.render-pipelines.core/Runtime/Lighting/ProbeVolume/ProbeVolumeUtil.cs
  artifactKey: Guid(e60162c3a6f6411491059635f101f6b9) Importer(2089858483,b0f066a214c2f5e87bad3c948f4d605d)
Start importing Packages/com.unity.render-pipelines.core/Runtime/Lighting/ProbeVolume/ProbeVolumeUtil.cs using Guid(e60162c3a6f6411491059635f101f6b9) Importer(2089858483,b0f066a214c2f5e87bad3c948f4d605d) (ScriptedImporter) -> (artifact id: '9c11f9e65165f0dc7b703bbe85787ebb') in 0.0205034 seconds
Number of updated asset objects reloaded before import = 0Number of asset objects unloaded after import = 0

========================================================================
Received Import Request.
  Time since last request: 0.000026 seconds.
  path: Packages/com.unity.render-pipelines.core/Runtime/RenderPipelineResources/GPUDriven/InstanceDataBufferUploadKernels.compute
  artifactKey: Guid(53864816eb00f2343b60e1a2c5a262ef) Importer(2089858483,b0f066a214c2f5e87bad3c948f4d605d)
Start importing Packages/com.unity.render-pipelines.core/Runtime/RenderPipelineResources/GPUDriven/InstanceDataBufferUploadKernels.compute using Guid(53864816eb00f2343b60e1a2c5a262ef) Importer(2089858483,b0f066a214c2f5e87bad3c948f4d605d) (ScriptedImporter) -> (artifact id: '7a0b8686ea01ac317b2e77c5c8bfc797') in 0.0095285 seconds
Number of updated asset objects reloaded before import = 0Number of asset objects unloaded after import = 0

========================================================================
Received Prepare
Begin MonoManager ReloadAssembly
[Licensing::Client] Successfully resolved entitlement details
- Loaded All Assemblies, in  1.488 seconds
Refreshing native plugins compatible for Editor in 6.65 ms, found 5 plugins.
Native extension for Android target not found
Native extension for WindowsStandalone target not found
Native extension for WebGL target not found
[Package Manager] Failed to launch server process. Reason: Unity was launched with the -noUpm command-line argument
[Package Manager] Unable to send message (not connected to server process).
[Package Manager] Cannot connect to Unity Package Manager local server
[Package Manager] Failed to launch server process. Reason: Unity was launched with the -noUpm command-line argument
[Package Manager] Unable to send message (not connected to server process).
[Package Manager] Cannot connect to Unity Package Manager local server
ScheduleIndexationOnStartup MainProcess:False IndexOnStartup:True
Mono: successfully reloaded assembly
- Finished resetting the current domain, in  1.067 seconds
Domain Reload Profiling: 2536ms
	BeginReloadAssembly (403ms)
		ExecutionOrderSort (0ms)
		DisableScriptedObjects (26ms)
		BackupInstance (0ms)
		ReleaseScriptingObjects (0ms)
		CreateAndSetChildDomain (86ms)
	RebuildCommonClasses (71ms)
	RebuildNativeTypeToScriptingClass (23ms)
	initialDomainReloadingComplete (99ms)
	LoadAllAssembliesAndSetupDomain (871ms)
		LoadAssemblies (705ms)
		RebuildTransferFunctionScriptingTraits (0ms)
		AnalyzeDomain (355ms)
			TypeCache.Refresh (16ms)
				TypeCache.ScanAssembly (0ms)
			BuildScriptInfoCaches (314ms)
			ResolveRequiredComponents (16ms)
	FinalizeReload (1068ms)
		ReleaseScriptCaches (0ms)
		RebuildScriptCaches (0ms)
		SetupLoadedEditorAssemblies (841ms)
			LogAssemblyErrors (0ms)
			InitializePlatformSupportModulesInManaged (12ms)
			SetLoadedEditorAssemblies (4ms)
			BeforeProcessingInitializeOnLoad (252ms)
			ProcessInitializeOnLoadAttributes (429ms)
			ProcessInitializeOnLoadMethodAttributes (130ms)
			AfterProcessingInitializeOnLoad (13ms)
			EditorAssembliesLoaded (1ms)
		ExecutionOrderSort2 (0ms)
		AwakeInstancesAfterBackupRestoration (31ms)
Refreshing native plugins compatible for Editor in 6.65 ms, found 5 plugins.
Preloading 0 native plugins for Editor in 0.00 ms.
Unloading 16 Unused Serialized files (Serialized files now loaded: 0)
Unloading 7211 unused Assets / (4.7 MB). Loaded Objects now: 8031.
Memory consumption went from 167.1 MB to 162.4 MB.
Total: 11.750600 ms (FindLiveObjects: 0.863000 ms CreateObjectMapping: 1.590000 ms MarkObjects: 6.007100 ms  DeleteObjects: 3.289500 ms)

Prepare: number of updated asset objects reloaded= 0
========================================================================
Received Import Request.
  Time since last request: 38.996406 seconds.
  path: Assets/Assessment 1 Scripts/GameManager.cs
  artifactKey: Guid(a094fc1ec7a12b744a66292d200217c4) Importer(2089858483,b0f066a214c2f5e87bad3c948f4d605d)
Start importing Assets/Assessment 1 Scripts/GameManager.cs using Guid(a094fc1ec7a12b744a66292d200217c4) Importer(2089858483,b0f066a214c2f5e87bad3c948f4d605d) (ScriptedImporter) -> (artifact id: '34880949db2d417c54cec12e2ab8cb93') in 0.0874801 seconds
Number of updated asset objects reloaded before import = 0Number of asset objects unloaded after import = 0

========================================================================
Received Import Request.
  Time since last request: 0.000017 seconds.
  path: Assets/Assessment 1 Scripts/InputHandler.cs
  artifactKey: Guid(80820bdfe5eb9ef42a372cc5b453b311) Importer(2089858483,b0f066a214c2f5e87bad3c948f4d605d)
Start importing Assets/Assessment 1 Scripts/InputHandler.cs using Guid(80820bdfe5eb9ef42a372cc5b453b311) Importer(2089858483,b0f066a214c2f5e87bad3c948f4d605d) (ScriptedImporter) -> (artifact id: 'b38b59c6fbafb57fd33a427c5f491b62') in 0.0064777 seconds
Number of updated asset objects reloaded before import = 0Number of asset objects unloaded after import = 0

========================================================================
Received Import Request.
  Time since last request: 0.000019 seconds.
  path: Packages/com.unity.render-pipelines.core/Editor/Lighting/Icons/LightUnitIcons/Shade@2x.png
  artifactKey: Guid(1f20ae185bcb2254a844ed304955beb3) Importer(2089858483,b0f066a214c2f5e87bad3c948f4d605d)
Start importing Packages/com.unity.render-pipelines.core/Editor/Lighting/Icons/LightUnitIcons/Shade@2x.png using Guid(1f20ae185bcb2254a844ed304955beb3) Importer(2089858483,b0f066a214c2f5e87bad3c948f4d605d) (ScriptedImporter) -> (artifact id: 'faf20d1ab24adf1d1260edede3e4ccf8') in 0.0620668 seconds
Number of updated asset objects reloaded before import = 0Number of asset objects unloaded after import = 1

========================================================================
Received Import Request.
  Time since last request: 0.000030 seconds.
  path: Packages/com.unity.render-pipelines.core/Runtime/Debugging/Prefabs/Scripts/DebugUIHandlerIndirectFloatField.cs
  artifactKey: Guid(c42b71ff0e23e2d4a8a32a2bc85acac0) Importer(2089858483,b0f066a214c2f5e87bad3c948f4d605d)
Start importing Packages/com.unity.render-pipelines.core/Runtime/Debugging/Prefabs/Scripts/DebugUIHandlerIndirectFloatField.cs using Guid(c42b71ff0e23e2d4a8a32a2bc85acac0) Importer(2089858483,b0f066a214c2f5e87bad3c948f4d605d) (ScriptedImporter) -> (artifact id: '47de6217e48a190ad3de139f970bb485') in 0.0074876 seconds
Number of updated asset objects reloaded before import = 0Number of asset objects unloaded after import = 0

========================================================================
Received Import Request.
  Time since last request: 0.000019 seconds.
  path: Packages/com.unity.render-pipelines.core/Editor/Lighting/Icons/LightUnitIcons/d_Fluorescent.png
  artifactKey: Guid(b95665ddb99de4945b528a188a1c41c7) Importer(2089858483,b0f066a214c2f5e87bad3c948f4d605d)
Start importing Packages/com.unity.render-pipelines.core/Editor/Lighting/Icons/LightUnitIcons/d_Fluorescent.png using Guid(b95665ddb99de4945b528a188a1c41c7) Importer(2089858483,b0f066a214c2f5e87bad3c948f4d605d) (ScriptedImporter) -> (artifact id: '9e74922729a0682b99c35f062ea22674') in 0.0134504 seconds
Number of updated asset objects reloaded before import = 0Number of asset objects unloaded after import = 1

========================================================================
Received Import Request.
  Time since last request: 0.000019 seconds.
  path: Packages/com.unity.render-pipelines.core/Editor/Lighting/Icons/LightUnitIcons/Overcast.png
  artifactKey: Guid(c0e6cc200fb1dda4388b13d9f5828d06) Importer(2089858483,b0f066a214c2f5e87bad3c948f4d605d)
Start importing Packages/com.unity.render-pipelines.core/Editor/Lighting/Icons/LightUnitIcons/Overcast.png using Guid(c0e6cc200fb1dda4388b13d9f5828d06) Importer(2089858483,b0f066a214c2f5e87bad3c948f4d605d) (ScriptedImporter) -> (artifact id: '8f2cc23c92790c35f16fdfe24d1a29a2') in 0.0123393 seconds
Number of updated asset objects reloaded before import = 0Number of asset objects unloaded after import = 1

========================================================================
Received Import Request.
  Time since last request: 0.000025 seconds.
  path: Packages/com.unity.render-pipelines.core/Editor/Lighting/Icons/LightUnitIcons/MoonlessNight@2x.png
  artifactKey: Guid(6e5a98aaa576d99408eeba30eb91eaba) Importer(2089858483,b0f066a214c2f5e87bad3c948f4d605d)
Start importing Packages/com.unity.render-pipelines.core/Editor/Lighting/Icons/LightUnitIcons/MoonlessNight@2x.png using Guid(6e5a98aaa576d99408eeba30eb91eaba) Importer(2089858483,b0f066a214c2f5e87bad3c948f4d605d) (ScriptedImporter) -> (artifact id: 'e24da145c8cf54e61433dbbecd8288f0') in 0.0106686 seconds
Number of updated asset objects reloaded before import = 0Number of asset objects unloaded after import = 1

========================================================================
Received Import Request.
  Time since last request: 0.000013 seconds.
  path: Packages/com.unity.render-pipelines.core/Editor/Lighting/Icons/LightUnitIcons/MoonlessNight.png
  artifactKey: Guid(f50a266376427a041b4e1b629d07611d) Importer(2089858483,b0f066a214c2f5e87bad3c948f4d605d)
Start importing Packages/com.unity.render-pipelines.core/Editor/Lighting/Icons/LightUnitIcons/MoonlessNight.png using Guid(f50a266376427a041b4e1b629d07611d) Importer(2089858483,b0f066a214c2f5e87bad3c948f4d605d) (ScriptedImporter) -> (artifact id: '4d1a67cc9320390814277e081860967e') in 0.0117764 seconds
Number of updated asset objects reloaded before import = 0Number of asset objects unloaded after import = 1

========================================================================
Received Import Request.
  Time since last request: 0.000014 seconds.
  path: Packages/com.unity.render-pipelines.core/Editor/Lighting/Icons/LightUnitIcons/MediumAreaLight@2x.png
  artifactKey: Guid(1dea3362fb2f72d46b7e3351a7e12ccf) Importer(2089858483,b0f066a214c2f5e87bad3c948f4d605d)
Start importing Packages/com.unity.render-pipelines.core/Editor/Lighting/Icons/LightUnitIcons/MediumAreaLight@2x.png using Guid(1dea3362fb2f72d46b7e3351a7e12ccf) Importer(2089858483,b0f066a214c2f5e87bad3c948f4d605d) (ScriptedImporter) -> (artifact id: 'feba794ade71400b14d6ae19712604d4') in 0.0130352 seconds
Number of updated asset objects reloaded before import = 0Number of asset objects unloaded after import = 1

========================================================================
Received Import Request.
  Time since last request: 0.000018 seconds.
  path: Packages/com.unity.render-pipelines.core/Editor/Lighting/Icons/LightUnitIcons/d_IntenseAreaLight@2x.png
  artifactKey: Guid(0493fb4c3bbfd6a4396f7f221b5ce034) Importer(2089858483,b0f066a214c2f5e87bad3c948f4d605d)
Start importing Packages/com.unity.render-pipelines.core/Editor/Lighting/Icons/LightUnitIcons/d_IntenseAreaLight@2x.png using Guid(0493fb4c3bbfd6a4396f7f221b5ce034) Importer(2089858483,b0f066a214c2f5e87bad3c948f4d605d) (ScriptedImporter) -> (artifact id: 'c148356edb9ec5aecdbafd59ae4c9ad9') in 0.0121173 seconds
Number of updated asset objects reloaded before import = 0Number of asset objects unloaded after import = 1

========================================================================
Received Import Request.
  Time since last request: 0.000025 seconds.
  path: Packages/com.unity.render-pipelines.core/Runtime/Debugging/Prefabs/Scripts/DebugUIHandlerField.cs
  artifactKey: Guid(a117669f07d7994419ebdfb1a79e13db) Importer(2089858483,b0f066a214c2f5e87bad3c948f4d605d)
Start importing Packages/com.unity.render-pipelines.core/Runtime/Debugging/Prefabs/Scripts/DebugUIHandlerField.cs using Guid(a117669f07d7994419ebdfb1a79e13db) Importer(2089858483,b0f066a214c2f5e87bad3c948f4d605d) (ScriptedImporter) -> (artifact id: '09fb0afcb9f9e9bf3d7cc282bf6ec0be') in 0.0057177 seconds
Number of updated asset objects reloaded before import = 0Number of asset objects unloaded after import = 0

========================================================================
Received Import Request.
  Time since last request: 0.000015 seconds.
  path: Packages/com.unity.render-pipelines.core/Runtime/Debugging/Prefabs/Scripts/DebugUIHandlerContainer.cs
  artifactKey: Guid(2bd470ffc0c0fe54faddbf8d466bf519) Importer(2089858483,b0f066a214c2f5e87bad3c948f4d605d)
Start importing Packages/com.unity.render-pipelines.core/Runtime/Debugging/Prefabs/Scripts/DebugUIHandlerContainer.cs using Guid(2bd470ffc0c0fe54faddbf8d466bf519) Importer(2089858483,b0f066a214c2f5e87bad3c948f4d605d) (ScriptedImporter) -> (artifact id: '2fa327839a09d8cc7eca2fdc621882c5') in 0.0069402 seconds
Number of updated asset objects reloaded before import = 0Number of asset objects unloaded after import = 0

========================================================================
Received Import Request.
  Time since last request: 0.000015 seconds.
  path: Packages/com.unity.render-pipelines.core/Editor/Lighting/Icons/LightUnitIcons/d_SunriseSunset.png
  artifactKey: Guid(6ac733bfd834f4b4bab06306c63496f2) Importer(2089858483,b0f066a214c2f5e87bad3c948f4d605d)
Start importing Packages/com.unity.render-pipelines.core/Editor/Lighting/Icons/LightUnitIcons/d_SunriseSunset.png using Guid(6ac733bfd834f4b4bab06306c63496f2) Importer(2089858483,b0f066a214c2f5e87bad3c948f4d605d) (ScriptedImporter) -> (artifact id: 'a2c5994e5a7f93073ffe1a29d9630253') in 0.0143737 seconds
Number of updated asset objects reloaded before import = 0Number of asset objects unloaded after import = 1

========================================================================
Received Import Request.
  Time since last request: 0.000017 seconds.
  path: Packages/com.unity.render-pipelines.core/Editor/Lighting/Icons/LightUnitIcons/VeryBrightSun.png
  artifactKey: Guid(bdc9b1177bc1ad84e8532eec9f2dcc13) Importer(2089858483,b0f066a214c2f5e87bad3c948f4d605d)
Start importing Packages/com.unity.render-pipelines.core/Editor/Lighting/Icons/LightUnitIcons/VeryBrightSun.png using Guid(bdc9b1177bc1ad84e8532eec9f2dcc13) Importer(2089858483,b0f066a214c2f5e87bad3c948f4d605d) (ScriptedImporter) -> (artifact id: '6d5c28b7ecd7526ed1a2a0a3a5b84d5c') in 0.0117796 seconds
Number of updated asset objects reloaded before import = 0Number of asset objects unloaded after import = 1

========================================================================
Received Import Request.
  Time since last request: 0.000023 seconds.
  path: Packages/com.unity.render-pipelines.core/Editor/Lighting/Icons/LightUnitIcons/d_MediumAreaLight@2x.png
  artifactKey: Guid(79474406bb16ef9439655eb4b419b6a8) Importer(2089858483,b0f066a214c2f5e87bad3c948f4d605d)
Start importing Packages/com.unity.render-pipelines.core/Editor/Lighting/Icons/LightUnitIcons/d_MediumAreaLight@2x.png using Guid(79474406bb16ef9439655eb4b419b6a8) Importer(2089858483,b0f066a214c2f5e87bad3c948f4d605d) (ScriptedImporter) -> (artifact id: '78564fe518197be0dbc932bed9085f3b') in 0.0116625 seconds
Number of updated asset objects reloaded before import = 0Number of asset objects unloaded after import = 1

========================================================================
Received Import Request.
  Time since last request: 0.000016 seconds.
  path: Packages/com.unity.render-pipelines.core/Editor/Lighting/Icons/LightUnitIcons/d_MediumAreaLight.png
  artifactKey: Guid(b1826d69c1fcad9488491937a1ef4d84) Importer(2089858483,b0f066a214c2f5e87bad3c948f4d605d)
Start importing Packages/com.unity.render-pipelines.core/Editor/Lighting/Icons/LightUnitIcons/d_MediumAreaLight.png using Guid(b1826d69c1fcad9488491937a1ef4d84) Importer(2089858483,b0f066a214c2f5e87bad3c948f4d605d) (ScriptedImporter) -> (artifact id: '6965215348a6fc698fc4c8074e9c560f') in 0.0155672 seconds
Number of updated asset objects reloaded before import = 0Number of asset objects unloaded after import = 1

========================================================================
Received Import Request.
  Time since last request: 0.000020 seconds.
  path: Packages/com.unity.render-pipelines.core/Editor/Lighting/Icons/LightUnitIcons/d_VeryBrightSun@2x.png
  artifactKey: Guid(e4e685bec200b3c45a29e88e2eeb8ddb) Importer(2089858483,b0f066a214c2f5e87bad3c948f4d605d)
Start importing Packages/com.unity.render-pipelines.core/Editor/Lighting/Icons/LightUnitIcons/d_VeryBrightSun@2x.png using Guid(e4e685bec200b3c45a29e88e2eeb8ddb) Importer(2089858483,b0f066a214c2f5e87bad3c948f4d605d) (ScriptedImporter) -> (artifact id: '9603c61d11a5d740285263d567474b79') in 0.0112346 seconds
Number of updated asset objects reloaded before import = 0Number of asset objects unloaded after import = 1

========================================================================
Received Import Request.
  Time since last request: 0.000030 seconds.
  path: Packages/com.unity.render-pipelines.core/Editor/Lighting/Icons/LightUnitIcons/Overcast@2x.png
  artifactKey: Guid(5db8233d631a83f429153aaeb8f8333a) Importer(2089858483,b0f066a214c2f5e87bad3c948f4d605d)
Start importing Packages/com.unity.render-pipelines.core/Editor/Lighting/Icons/LightUnitIcons/Overcast@2x.png using Guid(5db8233d631a83f429153aaeb8f8333a) Importer(2089858483,b0f066a214c2f5e87bad3c948f4d605d) (ScriptedImporter) -> (artifact id: '83951e6714c34cd7d60b3713a99c7a4f') in 0.0104916 seconds
Number of updated asset objects reloaded before import = 0Number of asset objects unloaded after import = 1

========================================================================
Received Import Request.
  Time since last request: 0.000017 seconds.
  path: Packages/com.unity.render-pipelines.core/Editor/Lighting/Icons/LightUnitIcons/d_IntenseAreaLight.png
  artifactKey: Guid(a20ce10a62e5d924a84f1a723e96c07e) Importer(2089858483,b0f066a214c2f5e87bad3c948f4d605d)
Start importing Packages/com.unity.render-pipelines.core/Editor/Lighting/Icons/LightUnitIcons/d_IntenseAreaLight.png using Guid(a20ce10a62e5d924a84f1a723e96c07e) Importer(2089858483,b0f066a214c2f5e87bad3c948f4d605d) (ScriptedImporter) -> (artifact id: 'db5d9a0fef022a1850312b76bdfc917a') in 0.0105901 seconds
Number of updated asset objects reloaded before import = 0Number of asset objects unloaded after import = 1

========================================================================
Received Import Request.
  Time since last request: 0.000020 seconds.
  path: Packages/com.unity.render-pipelines.core/Editor/Lighting/Icons/LightUnitIcons/SoftAreaLight@2x.png
  artifactKey: Guid(b14c34aa843e4a14e957505ae407e8c3) Importer(2089858483,b0f066a214c2f5e87bad3c948f4d605d)
Start importing Packages/com.unity.render-pipelines.core/Editor/Lighting/Icons/LightUnitIcons/SoftAreaLight@2x.png using Guid(b14c34aa843e4a14e957505ae407e8c3) Importer(2089858483,b0f066a214c2f5e87bad3c948f4d605d) (ScriptedImporter) -> (artifact id: '00ff8cb293ff7923801921007483a8f6') in 0.0106159 seconds
Number of updated asset objects reloaded before import = 0Number of asset objects unloaded after import = 1

========================================================================
Received Import Request.
  Time since last request: 0.000025 seconds.
  path: Packages/com.unity.render-pipelines.core/Runtime/Debugging/Prefabs/Scripts/DebugUIHandlerIntField.cs
  artifactKey: Guid(3de67e2fb3c96a542b808862989985e0) Importer(2089858483,b0f066a214c2f5e87bad3c948f4d605d)
Start importing Packages/com.unity.render-pipelines.core/Runtime/Debugging/Prefabs/Scripts/DebugUIHandlerIntField.cs using Guid(3de67e2fb3c96a542b808862989985e0) Importer(2089858483,b0f066a214c2f5e87bad3c948f4d605d) (ScriptedImporter) -> (artifact id: '1b1750d2980784684d04e337e3371b90') in 0.0067296 seconds
Number of updated asset objects reloaded before import = 0Number of asset objects unloaded after import = 0

========================================================================
Received Import Request.
  Time since last request: 0.000017 seconds.
  path: Packages/com.unity.render-pipelines.core/Runtime/Debugging/Prefabs/Scripts/DebugUIHandlerEnumHistory.cs
  artifactKey: Guid(ecc0d22e5e3de604f9e4d3d8997e9122) Importer(2089858483,b0f066a214c2f5e87bad3c948f4d605d)
Start importing Packages/com.unity.render-pipelines.core/Runtime/Debugging/Prefabs/Scripts/DebugUIHandlerEnumHistory.cs using Guid(ecc0d22e5e3de604f9e4d3d8997e9122) Importer(2089858483,b0f066a214c2f5e87bad3c948f4d605d) (ScriptedImporter) -> (artifact id: 'b86c19de8bdfcbca917bc748c59d81a7') in 0.0055323 seconds
Number of updated asset objects reloaded before import = 0Number of asset objects unloaded after import = 0

========================================================================
Received Import Request.
  Time since last request: 0.000015 seconds.
  path: Packages/com.unity.render-pipelines.core/Editor/Lighting/Icons/LightUnitIcons/ExteriorLight.png
  artifactKey: Guid(baa2eadff75899140ac64277e3f60453) Importer(2089858483,b0f066a214c2f5e87bad3c948f4d605d)
Start importing Packages/com.unity.render-pipelines.core/Editor/Lighting/Icons/LightUnitIcons/ExteriorLight.png using Guid(baa2eadff75899140ac64277e3f60453) Importer(2089858483,b0f066a214c2f5e87bad3c948f4d605d) (ScriptedImporter) -> (artifact id: 'c9e333f72f87d0ec7ac2ec41313508ef') in 0.0104569 seconds
Number of updated asset objects reloaded before import = 0Number of asset objects unloaded after import = 1

========================================================================
Received Import Request.
  Time since last request: 0.000018 seconds.
  path: Packages/com.unity.render-pipelines.core/Editor/Icons/MipLevels/d_VolumeProfile@256.png
  artifactKey: Guid(e9cd351a12d48ed4caa2d4ed2d8f02b8) Importer(2089858483,b0f066a214c2f5e87bad3c948f4d605d)
Start importing Packages/com.unity.render-pipelines.core/Editor/Icons/MipLevels/d_VolumeProfile@256.png using Guid(e9cd351a12d48ed4caa2d4ed2d8f02b8) Importer(2089858483,b0f066a214c2f5e87bad3c948f4d605d) (ScriptedImporter) -> (artifact id: '8395f7e0e0ba56c6723b3c312dd1977d') in 0.0106445 seconds
Number of updated asset objects reloaded before import = 0Number of asset objects unloaded after import = 1

========================================================================
Received Import Request.
  Time since last request: 0.000024 seconds.
  path: Packages/com.unity.render-pipelines.core/Editor/Lighting/Icons/LightPlacement_Icon@32.png
  artifactKey: Guid(396033515c05b1441a3451ea18bb8e27) Importer(2089858483,b0f066a214c2f5e87bad3c948f4d605d)
Start importing Packages/com.unity.render-pipelines.core/Editor/Lighting/Icons/LightPlacement_Icon@32.png using Guid(396033515c05b1441a3451ea18bb8e27) Importer(2089858483,b0f066a214c2f5e87bad3c948f4d605d) (ScriptedImporter) -> (artifact id: '05eb9e51fd2f430a3408e99ecb55c664') in 0.0105553 seconds
Number of updated asset objects reloaded before import = 0Number of asset objects unloaded after import = 1

========================================================================
Received Import Request.
  Time since last request: 0.000015 seconds.
  path: Packages/com.unity.collab-proxy/Lib/Editor/Localization/plastic-gui.zh-Hans.txt
  artifactKey: Guid(b0263de00b1bd43a5b1ffa31691e194e) Importer(2089858483,b0f066a214c2f5e87bad3c948f4d605d)
Start importing Packages/com.unity.collab-proxy/Lib/Editor/Localization/plastic-gui.zh-Hans.txt using Guid(b0263de00b1bd43a5b1ffa31691e194e) Importer(2089858483,b0f066a214c2f5e87bad3c948f4d605d) (ScriptedImporter) -> (artifact id: '8611c5d50b6d5a8e3f4763e20dd3af38') in 0.0060574 seconds
Number of updated asset objects reloaded before import = 0Number of asset objects unloaded after import = 1

========================================================================
Received Import Request.
  Time since last request: 0.000015 seconds.
  path: Packages/com.unity.render-pipelines.core/Editor/Lighting/Icons/PresetKick_Right.png
  artifactKey: Guid(bdb354565d2d91e48a7ffe02442fe226) Importer(2089858483,b0f066a214c2f5e87bad3c948f4d605d)
Start importing Packages/com.unity.render-pipelines.core/Editor/Lighting/Icons/PresetKick_Right.png using Guid(bdb354565d2d91e48a7ffe02442fe226) Importer(2089858483,b0f066a214c2f5e87bad3c948f4d605d) (ScriptedImporter) -> (artifact id: '9faec5abc4ab5d504b4006b451b30276') in 0.0103322 seconds
Number of updated asset objects reloaded before import = 0Number of asset objects unloaded after import = 1

========================================================================
Received Import Request.
  Time since last request: 0.000018 seconds.
  path: Packages/com.unity.render-pipelines.core/Editor/PostProcessing/LensFlareResource/Flare128.png
  artifactKey: Guid(d7b90718ad2a7af4aab8546a0897d5db) Importer(2089858483,b0f066a214c2f5e87bad3c948f4d605d)
Start importing Packages/com.unity.render-pipelines.core/Editor/PostProcessing/LensFlareResource/Flare128.png using Guid(d7b90718ad2a7af4aab8546a0897d5db) Importer(2089858483,b0f066a214c2f5e87bad3c948f4d605d) (ScriptedImporter) -> (artifact id: '03bbbf3f7eb671f296f444aca02f3981') in 0.0118702 seconds
Number of updated asset objects reloaded before import = 0Number of asset objects unloaded after import = 1

========================================================================
Received Import Request.
  Time since last request: 0.000025 seconds.
  path: Packages/com.unity.render-pipelines.core/Runtime/GPUDriven/InstanceData/InstanceTransformUpdateDefs.cs
  artifactKey: Guid(39c61558833551e4baa6edfa795338be) Importer(2089858483,b0f066a214c2f5e87bad3c948f4d605d)
Start importing Packages/com.unity.render-pipelines.core/Runtime/GPUDriven/InstanceData/InstanceTransformUpdateDefs.cs using Guid(39c61558833551e4baa6edfa795338be) Importer(2089858483,b0f066a214c2f5e87bad3c948f4d605d) (ScriptedImporter) -> (artifact id: 'e34bc671529675afcb973a2dab88572f') in 0.0057965 seconds
Number of updated asset objects reloaded before import = 0Number of asset objects unloaded after import = 0

========================================================================
Received Import Request.
  Time since last request: 0.000015 seconds.
  path: Packages/com.unity.collab-proxy/Editor/Views/BranchExplorer/Drawing/Shapes/ColumnHeaderShape.cs
  artifactKey: Guid(da7fb61f9c56463093c257eaaabf46b5) Importer(2089858483,b0f066a214c2f5e87bad3c948f4d605d)
Start importing Packages/com.unity.collab-proxy/Editor/Views/BranchExplorer/Drawing/Shapes/ColumnHeaderShape.cs using Guid(da7fb61f9c56463093c257eaaabf46b5) Importer(2089858483,b0f066a214c2f5e87bad3c948f4d605d) (ScriptedImporter) -> (artifact id: '00613a35d0d629dc9831a8aedba5bf50') in 0.0055056 seconds
Number of updated asset objects reloaded before import = 0Number of asset objects unloaded after import = 0

========================================================================
Received Import Request.
  Time since last request: 0.000018 seconds.
  path: Packages/com.unity.collab-proxy/Editor/Views/BranchExplorer/Zoom/BrExZoom.cs
  artifactKey: Guid(23f66c8658044263b7d87b6878d589a7) Importer(2089858483,b0f066a214c2f5e87bad3c948f4d605d)
Start importing Packages/com.unity.collab-proxy/Editor/Views/BranchExplorer/Zoom/BrExZoom.cs using Guid(23f66c8658044263b7d87b6878d589a7) Importer(2089858483,b0f066a214c2f5e87bad3c948f4d605d) (ScriptedImporter) -> (artifact id: '6b0466e9b48024842a0976be52674de6') in 0.0054664 seconds
Number of updated asset objects reloaded before import = 0Number of asset objects unloaded after import = 0

========================================================================
Received Import Request.
  Time since last request: 0.000018 seconds.
  path: Packages/com.unity.test-framework/UnityEditor.TestRunner/Api/ITestTreeRebuildCallbacks.cs
  artifactKey: Guid(4230e406313f1db43a4b548e7a3ad2e2) Importer(2089858483,b0f066a214c2f5e87bad3c948f4d605d)
Start importing Packages/com.unity.test-framework/UnityEditor.TestRunner/Api/ITestTreeRebuildCallbacks.cs using Guid(4230e406313f1db43a4b548e7a3ad2e2) Importer(2089858483,b0f066a214c2f5e87bad3c948f4d605d) (ScriptedImporter) -> (artifact id: '015c728572a515e91a2035fd57bee37d') in 0.0067929 seconds
Number of updated asset objects reloaded before import = 0Number of asset objects unloaded after import = 0

========================================================================
Received Import Request.
  Time since last request: 0.000022 seconds.
  path: Packages/com.unity.test-framework/UnityEditor.TestRunner/Api/ITestRunnerApi.cs
  artifactKey: Guid(a7842a837a4b13e41ae16193db753418) Importer(2089858483,b0f066a214c2f5e87bad3c948f4d605d)
Start importing Packages/com.unity.test-framework/UnityEditor.TestRunner/Api/ITestRunnerApi.cs using Guid(a7842a837a4b13e41ae16193db753418) Importer(2089858483,b0f066a214c2f5e87bad3c948f4d605d) (ScriptedImporter) -> (artifact id: '49fb3ae0dfdb4e8c5b39a6cf068de083') in 0.0054226 seconds
Number of updated asset objects reloaded before import = 0Number of asset objects unloaded after import = 0

========================================================================
Received Import Request.
  Time since last request: 0.000015 seconds.
  path: Packages/com.unity.test-framework/UnityEditor.TestRunner/CommandLineTest/LogWriter.cs
  artifactKey: Guid(05778dd1de4433d418793b6f3d3c18cf) Importer(2089858483,b0f066a214c2f5e87bad3c948f4d605d)
Start importing Packages/com.unity.test-framework/UnityEditor.TestRunner/CommandLineTest/LogWriter.cs using Guid(05778dd1de4433d418793b6f3d3c18cf) Importer(2089858483,b0f066a214c2f5e87bad3c948f4d605d) (ScriptedImporter) -> (artifact id: '5b0b176a9235e17f0924b1aef6bf4ee5') in 0.0062164 seconds
Number of updated asset objects reloaded before import = 0Number of asset objects unloaded after import = 0

========================================================================
Received Import Request.
  Time since last request: 0.000016 seconds.
  path: Packages/com.unity.test-framework/UnityEditor.TestRunner/GUI/AssetsDatabaseHelper.cs
  artifactKey: Guid(740b3785866edda4b8d1e1a05570a5f8) Importer(2089858483,b0f066a214c2f5e87bad3c948f4d605d)
Start importing Packages/com.unity.test-framework/UnityEditor.TestRunner/GUI/AssetsDatabaseHelper.cs using Guid(740b3785866edda4b8d1e1a05570a5f8) Importer(2089858483,b0f066a214c2f5e87bad3c948f4d605d) (ScriptedImporter) -> (artifact id: 'f21e11be3438d6bd5425b612ca9bba70') in 0.0061063 seconds
Number of updated asset objects reloaded before import = 0Number of asset objects unloaded after import = 0

========================================================================
Received Import Request.
  Time since last request: 0.000019 seconds.
  path: Packages/com.unity.test-framework/UnityEditor.TestRunner/Api/TestStatus.cs
  artifactKey: Guid(9ec94545c5b00344c9bd8e691f15d799) Importer(2089858483,b0f066a214c2f5e87bad3c948f4d605d)
Start importing Packages/com.unity.test-framework/UnityEditor.TestRunner/Api/TestStatus.cs using Guid(9ec94545c5b00344c9bd8e691f15d799) Importer(2089858483,b0f066a214c2f5e87bad3c948f4d605d) (ScriptedImporter) -> (artifact id: '19985802f8fc6152c447cd92e60636c8') in 0.0071196 seconds
Number of updated asset objects reloaded before import = 0Number of asset objects unloaded after import = 0

========================================================================
Received Import Request.
  Time since last request: 0.000032 seconds.
  path: Packages/com.unity.test-framework/UnityEditor.TestRunner/CommandLineTest/ResultsSavingCallbacks.cs
  artifactKey: Guid(ef563c5a6ecf64d4193dc144cb7d472a) Importer(2089858483,b0f066a214c2f5e87bad3c948f4d605d)
Start importing Packages/com.unity.test-framework/UnityEditor.TestRunner/CommandLineTest/ResultsSavingCallbacks.cs using Guid(ef563c5a6ecf64d4193dc144cb7d472a) Importer(2089858483,b0f066a214c2f5e87bad3c948f4d605d) (ScriptedImporter) -> (artifact id: 'bd7f7d6b731d4ada5afc40863f3e692a') in 0.0057097 seconds
Number of updated asset objects reloaded before import = 0Number of asset objects unloaded after import = 0

========================================================================
Received Import Request.
  Time since last request: 0.000016 seconds.
  path: Packages/com.unity.test-framework/UnityEditor.TestRunner/AssemblyInfo.cs
  artifactKey: Guid(9db19a04003fca7439552acd4de9baa1) Importer(2089858483,b0f066a214c2f5e87bad3c948f4d605d)
Start importing Packages/com.unity.test-framework/UnityEditor.TestRunner/AssemblyInfo.cs using Guid(9db19a04003fca7439552acd4de9baa1) Importer(2089858483,b0f066a214c2f5e87bad3c948f4d605d) (ScriptedImporter) -> (artifact id: '2e20fb33b4e5be4e60b8490fc641d9eb') in 0.0056326 seconds
Number of updated asset objects reloaded before import = 0Number of asset objects unloaded after import = 0

========================================================================
Received Import Request.
  Time since last request: 0.000016 seconds.
  path: Packages/com.unity.test-framework/UnityEditor.TestRunner/GUI/TestRunnerResult.cs
  artifactKey: Guid(a04a45bbed9e1714f9902fc9443669b9) Importer(2089858483,b0f066a214c2f5e87bad3c948f4d605d)
Start importing Packages/com.unity.test-framework/UnityEditor.TestRunner/GUI/TestRunnerResult.cs using Guid(a04a45bbed9e1714f9902fc9443669b9) Importer(2089858483,b0f066a214c2f5e87bad3c948f4d605d) (ScriptedImporter) -> (artifact id: '9a18731529043cb1946c65245316fbbd') in 0.0055868 seconds
Number of updated asset objects reloaded before import = 0Number of asset objects unloaded after import = 0

========================================================================
Received Import Request.
  Time since last request: 0.000019 seconds.
  path: Packages/com.unity.render-pipelines.core/Runtime/UnifiedRayTracing/Compute/RadeonRays/kernels/block_scan.compute
  artifactKey: Guid(4d6d5de35fa45ef4a92119397a045cc9) Importer(2089858483,b0f066a214c2f5e87bad3c948f4d605d)
Start importing Packages/com.unity.render-pipelines.core/Runtime/UnifiedRayTracing/Compute/RadeonRays/kernels/block_scan.compute using Guid(4d6d5de35fa45ef4a92119397a045cc9) Importer(2089858483,b0f066a214c2f5e87bad3c948f4d605d) (ScriptedImporter) -> (artifact id: 'e30c87dfbd2d225f0dc1de084d12e88f') in 0.0058458 seconds
Number of updated asset objects reloaded before import = 0Number of asset objects unloaded after import = 0

========================================================================
Received Import Request.
  Time since last request: 0.000023 seconds.
  path: Packages/com.unity.render-pipelines.core/Runtime/Debugging/Prefabs/Widgets/DebugUIEnumField.prefab
  artifactKey: Guid(988db55689193434fb0b3b89538f978f) Importer(2089858483,b0f066a214c2f5e87bad3c948f4d605d)
Start importing Packages/com.unity.render-pipelines.core/Runtime/Debugging/Prefabs/Widgets/DebugUIEnumField.prefab using Guid(988db55689193434fb0b3b89538f978f) Importer(2089858483,b0f066a214c2f5e87bad3c948f4d605d) (ScriptedImporter) -> (artifact id: '6f1e73e61c9818bf97798e2a47f59129') in 0.0527711 seconds
Number of updated asset objects reloaded before import = 0Number of asset objects unloaded after import = 27

========================================================================
Received Import Request.
  Time since last request: 0.000017 seconds.
  path: Packages/com.unity.test-framework/UnityEditor.TestRunner/TestBuildAssemblyFilter.cs
  artifactKey: Guid(3411e19edd44cfd46b548b058c3bc36c) Importer(2089858483,b0f066a214c2f5e87bad3c948f4d605d)
Start importing Packages/com.unity.test-framework/UnityEditor.TestRunner/TestBuildAssemblyFilter.cs using Guid(3411e19edd44cfd46b548b058c3bc36c) Importer(2089858483,b0f066a214c2f5e87bad3c948f4d605d) (ScriptedImporter) -> (artifact id: 'bb1b795a1068153097faaaf6250cb394') in 0.0054648 seconds
Number of updated asset objects reloaded before import = 0Number of asset objects unloaded after import = 0

========================================================================
Received Import Request.
  Time since last request: 0.000019 seconds.
  path: Packages/com.unity.render-pipelines.core/Runtime/Debugging/Prefabs/Scripts/DebugUIHandlerWidget.cs
  artifactKey: Guid(b70527f884154e34488f81fce789ef50) Importer(2089858483,b0f066a214c2f5e87bad3c948f4d605d)
Start importing Packages/com.unity.render-pipelines.core/Runtime/Debugging/Prefabs/Scripts/DebugUIHandlerWidget.cs using Guid(b70527f884154e34488f81fce789ef50) Importer(2089858483,b0f066a214c2f5e87bad3c948f4d605d) (ScriptedImporter) -> (artifact id: 'a48edabbd2eb5813d45efcf5b06fd6f0') in 0.007184 seconds
Number of updated asset objects reloaded before import = 0Number of asset objects unloaded after import = 0

========================================================================
Received Import Request.
  Time since last request: 0.000025 seconds.
  path: Packages/com.unity.render-pipelines.core/Tests/Editor/Tools/MaterialUpgrader/MaterialUpgraderTests.cs
  artifactKey: Guid(81ee3cf225778834abb6a30cf1007ea1) Importer(2089858483,b0f066a214c2f5e87bad3c948f4d605d)
Start importing Packages/com.unity.render-pipelines.core/Tests/Editor/Tools/MaterialUpgrader/MaterialUpgraderTests.cs using Guid(81ee3cf225778834abb6a30cf1007ea1) Importer(2089858483,b0f066a214c2f5e87bad3c948f4d605d) (ScriptedImporter) -> (artifact id: '9abd7689e73eeabf583b8657d0558bdd') in 0.0064815 seconds
Number of updated asset objects reloaded before import = 0Number of asset objects unloaded after import = 0

========================================================================
Received Import Request.
  Time since last request: 0.000016 seconds.
  path: Packages/com.unity.render-pipelines.core/Runtime/UnifiedRayTracing/Common/Utilities/Utils.cs
  artifactKey: Guid(8787039c0fe98374a9815ac59d9878ef) Importer(2089858483,b0f066a214c2f5e87bad3c948f4d605d)
Start importing Packages/com.unity.render-pipelines.core/Runtime/UnifiedRayTracing/Common/Utilities/Utils.cs using Guid(8787039c0fe98374a9815ac59d9878ef) Importer(2089858483,b0f066a214c2f5e87bad3c948f4d605d) (ScriptedImporter) -> (artifact id: '920b437babcc33216e88f22fafb64d0b') in 0.0060234 seconds
Number of updated asset objects reloaded before import = 0Number of asset objects unloaded after import = 0

========================================================================
Received Import Request.
  Time since last request: 0.000022 seconds.
  path: Packages/com.unity.render-pipelines.core/Runtime/UnifiedRayTracing/Compute/RadeonRays/Common.cs
  artifactKey: Guid(f0db4ed57f6edee4c885d25ff13937e7) Importer(2089858483,b0f066a214c2f5e87bad3c948f4d605d)
Start importing Packages/com.unity.render-pipelines.core/Runtime/UnifiedRayTracing/Compute/RadeonRays/Common.cs using Guid(f0db4ed57f6edee4c885d25ff13937e7) Importer(2089858483,b0f066a214c2f5e87bad3c948f4d605d) (ScriptedImporter) -> (artifact id: '18f3be362cf47d7c24b0e40261bea9b1') in 0.0063524 seconds
Number of updated asset objects reloaded before import = 0Number of asset objects unloaded after import = 0

========================================================================
Received Import Request.
  Time since last request: 0.000024 seconds.
  path: Packages/com.unity.render-pipelines.core/Runtime/Debugging/Prefabs/Widgets/DebugUIHBox.prefab
  artifactKey: Guid(f7f5e36797cf0c1408561665c67b179b) Importer(2089858483,b0f066a214c2f5e87bad3c948f4d605d)
Start importing Packages/com.unity.render-pipelines.core/Runtime/Debugging/Prefabs/Widgets/DebugUIHBox.prefab using Guid(f7f5e36797cf0c1408561665c67b179b) Importer(2089858483,b0f066a214c2f5e87bad3c948f4d605d) (ScriptedImporter) -> (artifact id: '6f84d3243722af4f887dc2d9315b3ffb') in 0.0135373 seconds
Number of updated asset objects reloaded before import = 0Number of asset objects unloaded after import = 8

========================================================================
Received Import Request.
  Time since last request: 0.000015 seconds.
  path: Packages/com.unity.render-pipelines.core/Runtime/PostProcessing/Shaders/ffx/ffx_a.hlsl
  artifactKey: Guid(e3711cae0eaec834eb4ae197be7dd569) Importer(2089858483,b0f066a214c2f5e87bad3c948f4d605d)
Start importing Packages/com.unity.render-pipelines.core/Runtime/PostProcessing/Shaders/ffx/ffx_a.hlsl using Guid(e3711cae0eaec834eb4ae197be7dd569) Importer(2089858483,b0f066a214c2f5e87bad3c948f4d605d) (ScriptedImporter) -> (artifact id: 'a327e7c4397f1d1855ac710ec448498a') in 0.0055742 seconds
Number of updated asset objects reloaded before import = 0Number of asset objects unloaded after import = 1

========================================================================
Received Import Request.
  Time since last request: 0.000015 seconds.
  path: Packages/com.unity.render-pipelines.core/Runtime/UnifiedRayTracing/Compute/RadeonRays/BvhCheck.cs
  artifactKey: Guid(fccb64cb1f418b9499235ed8f3ba4624) Importer(2089858483,b0f066a214c2f5e87bad3c948f4d605d)
Start importing Packages/com.unity.render-pipelines.core/Runtime/UnifiedRayTracing/Compute/RadeonRays/BvhCheck.cs using Guid(fccb64cb1f418b9499235ed8f3ba4624) Importer(2089858483,b0f066a214c2f5e87bad3c948f4d605d) (ScriptedImporter) -> (artifact id: 'ef86e02bf9d7c4e209e77bbe6afca2ea') in 0.0057356 seconds
Number of updated asset objects reloaded before import = 0Number of asset objects unloaded after import = 0

========================================================================
Received Import Request.
  Time since last request: 0.000018 seconds.
  path: Packages/com.unity.test-framework/UnityEditor.TestRunner/UnityEditor.TestRunner.asmdef
  artifactKey: Guid(0acc523941302664db1f4e527237feb3) Importer(2089858483,b0f066a214c2f5e87bad3c948f4d605d)
Start importing Packages/com.unity.test-framework/UnityEditor.TestRunner/UnityEditor.TestRunner.asmdef using Guid(0acc523941302664db1f4e527237feb3) Importer(2089858483,b0f066a214c2f5e87bad3c948f4d605d) (ScriptedImporter) -> (artifact id: '4fb42c74f504159bdcc5bf28162f10ca') in 0.0073298 seconds
Number of updated asset objects reloaded before import = 0Number of asset objects unloaded after import = 1

========================================================================
Received Import Request.
  Time since last request: 0.000030 seconds.
  path: Packages/com.unity.render-pipelines.core/Runtime/PostProcessing/Shaders/ffx/ffx_fsr1.hlsl
  artifactKey: Guid(2a92c8c54bb0f63458be93b670c77c3b) Importer(2089858483,b0f066a214c2f5e87bad3c948f4d605d)
Start importing Packages/com.unity.render-pipelines.core/Runtime/PostProcessing/Shaders/ffx/ffx_fsr1.hlsl using Guid(2a92c8c54bb0f63458be93b670c77c3b) Importer(2089858483,b0f066a214c2f5e87bad3c948f4d605d) (ScriptedImporter) -> (artifact id: '895f2fa39c4e1754fa1ab790f94a1f8d') in 0.0055418 seconds
Number of updated asset objects reloaded before import = 0Number of asset objects unloaded after import = 1

========================================================================
Received Import Request.
  Time since last request: 0.000015 seconds.
  path: Packages/com.unity.render-pipelines.core/Runtime/Debugging/Prefabs/Scripts/DebugUIHandlerUIntField.cs
  artifactKey: Guid(e4700d8d03bde1e4c9138b22dc84d06e) Importer(2089858483,b0f066a214c2f5e87bad3c948f4d605d)
Start importing Packages/com.unity.render-pipelines.core/Runtime/Debugging/Prefabs/Scripts/DebugUIHandlerUIntField.cs using Guid(e4700d8d03bde1e4c9138b22dc84d06e) Importer(2089858483,b0f066a214c2f5e87bad3c948f4d605d) (ScriptedImporter) -> (artifact id: 'fc6b727691a88d85bf825787b622cdd4') in 0.0062076 seconds
Number of updated asset objects reloaded before import = 0Number of asset objects unloaded after import = 0

========================================================================
Received Import Request.
  Time since last request: 0.000020 seconds.
  path: Packages/com.unity.render-pipelines.core/Runtime/Sampling/Textures/SobolBlueNoise/RankingTile256SPP.png
  artifactKey: Guid(adf003e8db5aef64fa57c155f2e599be) Importer(2089858483,b0f066a214c2f5e87bad3c948f4d605d)
Start importing Packages/com.unity.render-pipelines.core/Runtime/Sampling/Textures/SobolBlueNoise/RankingTile256SPP.png using Guid(adf003e8db5aef64fa57c155f2e599be) Importer(2089858483,b0f066a214c2f5e87bad3c948f4d605d) (ScriptedImporter) -> (artifact id: 'ebd4c4c91f56b838589f0bfc212e9079') in 0.0119376 seconds
Number of updated asset objects reloaded before import = 0Number of asset objects unloaded after import = 1

========================================================================
Received Import Request.
  Time since last request: 0.000018 seconds.
  path: Packages/com.unity.render-pipelines.core/Runtime/Debugging/Prefabs/Scripts/DebugUIHandlerProgressBar.cs
  artifactKey: Guid(1ad6bc96b5de44ad93f820fd338ee684) Importer(2089858483,b0f066a214c2f5e87bad3c948f4d605d)
Start importing Packages/com.unity.render-pipelines.core/Runtime/Debugging/Prefabs/Scripts/DebugUIHandlerProgressBar.cs using Guid(1ad6bc96b5de44ad93f820fd338ee684) Importer(2089858483,b0f066a214c2f5e87bad3c948f4d605d) (ScriptedImporter) -> (artifact id: '622f9c0489ef7aeb37cacb97ad2108a7') in 0.0056227 seconds
Number of updated asset objects reloaded before import = 0Number of asset objects unloaded after import = 0

========================================================================
Received Import Request.
  Time since last request: 0.000026 seconds.
  path: Packages/com.unity.test-framework/UnityEditor.TestRunner/CommandLineTest/RunStateCallbacks.cs
  artifactKey: Guid(43db38ca7188900429bf8be95ebbe197) Importer(2089858483,b0f066a214c2f5e87bad3c948f4d605d)
Start importing Packages/com.unity.test-framework/UnityEditor.TestRunner/CommandLineTest/RunStateCallbacks.cs using Guid(43db38ca7188900429bf8be95ebbe197) Importer(2089858483,b0f066a214c2f5e87bad3c948f4d605d) (ScriptedImporter) -> (artifact id: '8ed1ac36d55a3d5ff55f6045656a306d') in 0.0055655 seconds
Number of updated asset objects reloaded before import = 0Number of asset objects unloaded after import = 0

========================================================================
Received Prepare
Refreshing native plugins compatible for Editor in 7.75 ms, found 5 plugins.
Preloading 0 native plugins for Editor in 0.00 ms.
Unloading 16 Unused Serialized files (Serialized files now loaded: 0)
Unloading 7197 unused Assets / (4.2 MB). Loaded Objects now: 8032.
Memory consumption went from 167.9 MB to 163.6 MB.
Total: 12.058300 ms (FindLiveObjects: 0.878300 ms CreateObjectMapping: 1.336200 ms MarkObjects: 6.714500 ms  DeleteObjects: 3.128300 ms)

Prepare: number of updated asset objects reloaded= 0
========================================================================
Received Import Request.
  Time since last request: 0.941651 seconds.
  path: Packages/com.unity.test-framework/UnityEditor.TestRunner/TestLaunchers/EditModeLauncherContextSettings.cs
  artifactKey: Guid(a582090813554df479fb9ca03e9857d3) Importer(2089858483,b0f066a214c2f5e87bad3c948f4d605d)
Start importing Packages/com.unity.test-framework/UnityEditor.TestRunner/TestLaunchers/EditModeLauncherContextSettings.cs using Guid(a582090813554df479fb9ca03e9857d3) Importer(2089858483,b0f066a214c2f5e87bad3c948f4d605d) (ScriptedImporter) -> (artifact id: 'fd316c3173f387c4f028bb4819834347') in 0.0120122 seconds
Number of updated asset objects reloaded before import = 0Number of asset objects unloaded after import = 0

========================================================================
Received Import Request.
  Time since last request: 0.000016 seconds.
  path: Packages/com.unity.test-framework/UnityEngine.TestRunner/NUnitExtensions/IAsyncTestAssemblyBuilder.cs
  artifactKey: Guid(c3aa5c3d59b94854e843f10b75b3ad63) Importer(2089858483,b0f066a214c2f5e87bad3c948f4d605d)
Start importing Packages/com.unity.test-framework/UnityEngine.TestRunner/NUnitExtensions/IAsyncTestAssemblyBuilder.cs using Guid(c3aa5c3d59b94854e843f10b75b3ad63) Importer(2089858483,b0f066a214c2f5e87bad3c948f4d605d) (ScriptedImporter) -> (artifact id: 'b5b9157ef1ae3d1279d157d9314c4c76') in 0.0066687 seconds
Number of updated asset objects reloaded before import = 0Number of asset objects unloaded after import = 0

========================================================================
Received Import Request.
  Time since last request: 0.000031 seconds.
  path: Packages/com.unity.test-framework/UnityEngine.TestRunner/Utils/Utils.cs
  artifactKey: Guid(9502550ba4785e3499d6c9251fa2114b) Importer(2089858483,b0f066a214c2f5e87bad3c948f4d605d)
Start importing Packages/com.unity.test-framework/UnityEngine.TestRunner/Utils/Utils.cs using Guid(9502550ba4785e3499d6c9251fa2114b) Importer(2089858483,b0f066a214c2f5e87bad3c948f4d605d) (ScriptedImporter) -> (artifact id: 'e6c52bc6b85785ba8aa420108bd41890') in 0.0059282 seconds
Number of updated asset objects reloaded before import = 0Number of asset objects unloaded after import = 0

========================================================================
Received Import Request.
  Time since last request: 0.000026 seconds.
  path: Packages/com.unity.test-framework/UnityEditor.TestRunner/GUI/Controls/ISelectionDropDownContentProvider.cs
  artifactKey: Guid(c2247a4dfeae4607949780b219a7d3c8) Importer(2089858483,b0f066a214c2f5e87bad3c948f4d605d)
Start importing Packages/com.unity.test-framework/UnityEditor.TestRunner/GUI/Controls/ISelectionDropDownContentProvider.cs using Guid(c2247a4dfeae4607949780b219a7d3c8) Importer(2089858483,b0f066a214c2f5e87bad3c948f4d605d) (ScriptedImporter) -> (artifact id: 'a9000aca3cf296ac6b923b131eb69347') in 0.0060013 seconds
Number of updated asset objects reloaded before import = 0Number of asset objects unloaded after import = 0

========================================================================
Received Import Request.
  Time since last request: 0.000020 seconds.
  path: Packages/com.unity.test-framework/UnityEditor.TestRunner/TestLaunchers/PlayerLauncher.cs
  artifactKey: Guid(d973fc1524e4d724081553934c55958c) Importer(2089858483,b0f066a214c2f5e87bad3c948f4d605d)
Start importing Packages/com.unity.test-framework/UnityEditor.TestRunner/TestLaunchers/PlayerLauncher.cs using Guid(d973fc1524e4d724081553934c55958c) Importer(2089858483,b0f066a214c2f5e87bad3c948f4d605d) (ScriptedImporter) -> (artifact id: 'bc11d2a50df829b1ca0d9054151aa2d0') in 0.0083035 seconds
Number of updated asset objects reloaded before import = 0Number of asset objects unloaded after import = 0

========================================================================
Received Import Request.
  Time since last request: 0.000034 seconds.
  path: Packages/com.unity.test-framework/UnityEngine.TestRunner/NUnitExtensions/OrderedTestSuiteModifier.cs
  artifactKey: Guid(6a3af79041a1431ab3a2a9395a7ed2ae) Importer(2089858483,b0f066a214c2f5e87bad3c948f4d605d)
Start importing Packages/com.unity.test-framework/UnityEngine.TestRunner/NUnitExtensions/OrderedTestSuiteModifier.cs using Guid(6a3af79041a1431ab3a2a9395a7ed2ae) Importer(2089858483,b0f066a214c2f5e87bad3c948f4d605d) (ScriptedImporter) -> (artifact id: '4edd20813a43888bd50e7ea1d92a3f1c') in 0.009325 seconds
Number of updated asset objects reloaded before import = 0Number of asset objects unloaded after import = 0

========================================================================
Received Prepare
Refreshing native plugins compatible for Editor in 6.29 ms, found 5 plugins.
Preloading 0 native plugins for Editor in 0.00 ms.
Unloading 16 Unused Serialized files (Serialized files now loaded: 0)
Unloading 7196 unused Assets / (3.9 MB). Loaded Objects now: 8032.
Memory consumption went from 167.8 MB to 163.9 MB.
Total: 14.681000 ms (FindLiveObjects: 0.898200 ms CreateObjectMapping: 1.852800 ms MarkObjects: 9.391000 ms  DeleteObjects: 2.538000 ms)

Prepare: number of updated asset objects reloaded= 0
========================================================================
Received Import Request.
  Time since last request: 2.287735 seconds.
  path: Packages/com.unity.test-framework/UnityEditor.TestRunner/TestRun/Data/TaskInfo.cs
  artifactKey: Guid(0d2e1e2a782748e6acb8565ad040df60) Importer(2089858483,b0f066a214c2f5e87bad3c948f4d605d)
Start importing Packages/com.unity.test-framework/UnityEditor.TestRunner/TestRun/Data/TaskInfo.cs using Guid(0d2e1e2a782748e6acb8565ad040df60) Importer(2089858483,b0f066a214c2f5e87bad3c948f4d605d) (ScriptedImporter) -> (artifact id: '4cfb55f624a77a9e3d9b804cf05b41c2') in 0.0132448 seconds
Number of updated asset objects reloaded before import = 0Number of asset objects unloaded after import = 0

========================================================================
Received Import Request.
  Time since last request: 0.000019 seconds.
  path: Packages/com.unity.test-framework/UnityEditor.TestRunner/TestRun/Tasks/CleanUpContext.cs
  artifactKey: Guid(1c97cd557b334b27bc325649466d1872) Importer(2089858483,b0f066a214c2f5e87bad3c948f4d605d)
Start importing Packages/com.unity.test-framework/UnityEditor.TestRunner/TestRun/Tasks/CleanUpContext.cs using Guid(1c97cd557b334b27bc325649466d1872) Importer(2089858483,b0f066a214c2f5e87bad3c948f4d605d) (ScriptedImporter) -> (artifact id: '243068763c4ea980f1e5b5ef866a45be') in 0.0080525 seconds
Number of updated asset objects reloaded before import = 0Number of asset objects unloaded after import = 0

========================================================================
Received Import Request.
  Time since last request: 0.000018 seconds.
  path: Packages/com.unity.test-framework/UnityEditor.TestRunner/TestRun/Tasks/EnableTestOutLoggerTask.cs
  artifactKey: Guid(1a9f3fcee3bd2334593373b00d7b5ca2) Importer(2089858483,b0f066a214c2f5e87bad3c948f4d605d)
Start importing Packages/com.unity.test-framework/UnityEditor.TestRunner/TestRun/Tasks/EnableTestOutLoggerTask.cs using Guid(1a9f3fcee3bd2334593373b00d7b5ca2) Importer(2089858483,b0f066a214c2f5e87bad3c948f4d605d) (ScriptedImporter) -> (artifact id: '92124d18ed662af2cb5b6e81a5e72aa7') in 0.0066188 seconds
Number of updated asset objects reloaded before import = 0Number of asset objects unloaded after import = 0

========================================================================
Received Import Request.
  Time since last request: 0.000027 seconds.
  path: Packages/com.unity.test-framework/UnityEditor.TestRunner/TestRun/Tasks/DeleteBootstrapSceneTask.cs
  artifactKey: Guid(6465fa5b49fc4c739059189aca21f391) Importer(2089858483,b0f066a214c2f5e87bad3c948f4d605d)
Start importing Packages/com.unity.test-framework/UnityEditor.TestRunner/TestRun/Tasks/DeleteBootstrapSceneTask.cs using Guid(6465fa5b49fc4c739059189aca21f391) Importer(2089858483,b0f066a214c2f5e87bad3c948f4d605d) (ScriptedImporter) -> (artifact id: 'fd2020dd0f6dc587fa904145532d2ce2') in 0.0060419 seconds
Number of updated asset objects reloaded before import = 0Number of asset objects unloaded after import = 0

========================================================================
Received Import Request.
  Time since last request: 0.000015 seconds.
  path: Packages/com.unity.test-framework/UnityEditor.TestRunner/TestRun/Tasks/EditModeRunTask.cs
  artifactKey: Guid(b4246555189b5ee43b4857220f9fd29b) Importer(2089858483,b0f066a214c2f5e87bad3c948f4d605d)
Start importing Packages/com.unity.test-framework/UnityEditor.TestRunner/TestRun/Tasks/EditModeRunTask.cs using Guid(b4246555189b5ee43b4857220f9fd29b) Importer(2089858483,b0f066a214c2f5e87bad3c948f4d605d) (ScriptedImporter) -> (artifact id: 'b24c175664b4106a1f9e270a6b257c2d') in 0.0059453 seconds
Number of updated asset objects reloaded before import = 0Number of asset objects unloaded after import = 0

========================================================================
Received Import Request.
  Time since last request: 0.000017 seconds.
  path: Packages/com.unity.test-framework/UnityEditor.TestRunner/TestRun/Tasks/CleanupTestControllerTask.cs
  artifactKey: Guid(822fa0a65be2467b95721422157c93f0) Importer(2089858483,b0f066a214c2f5e87bad3c948f4d605d)
Start importing Packages/com.unity.test-framework/UnityEditor.TestRunner/TestRun/Tasks/CleanupTestControllerTask.cs using Guid(822fa0a65be2467b95721422157c93f0) Importer(2089858483,b0f066a214c2f5e87bad3c948f4d605d) (ScriptedImporter) -> (artifact id: 'e78a7d2a031cb7dbc528014755054cc4') in 0.0061517 seconds
Number of updated asset objects reloaded before import = 0Number of asset objects unloaded after import = 0

========================================================================
Received Prepare
Begin MonoManager ReloadAssembly
- Loaded All Assemblies, in  1.213 seconds
Refreshing native plugins compatible for Editor in 5.93 ms, found 5 plugins.
Native extension for Android target not found
Native extension for WindowsStandalone target not found
Native extension for WebGL target not found
[Package Manager] Failed to launch server process. Reason: Unity was launched with the -noUpm command-line argument
[Package Manager] Unable to send message (not connected to server process).
[Package Manager] Cannot connect to Unity Package Manager local server
[Package Manager] Failed to launch server process. Reason: Unity was launched with the -noUpm command-line argument
[Package Manager] Unable to send message (not connected to server process).
[Package Manager] Cannot connect to Unity Package Manager local server
ScheduleIndexationOnStartup MainProcess:False IndexOnStartup:True
Mono: successfully reloaded assembly
- Finished resetting the current domain, in  1.018 seconds
Domain Reload Profiling: 2224ms
	BeginReloadAssembly (298ms)
		ExecutionOrderSort (0ms)
		DisableScriptedObjects (17ms)
		BackupInstance (0ms)
		ReleaseScriptingObjects (0ms)
		CreateAndSetChildDomain (57ms)
	RebuildCommonClasses (67ms)
	RebuildNativeTypeToScriptingClass (16ms)
	initialDomainReloadingComplete (44ms)
	LoadAllAssembliesAndSetupDomain (780ms)
		LoadAssemblies (586ms)
		RebuildTransferFunctionScriptingTraits (0ms)
		AnalyzeDomain (344ms)
			TypeCache.Refresh (12ms)
				TypeCache.ScanAssembly (0ms)
			BuildScriptInfoCaches (313ms)
			ResolveRequiredComponents (10ms)
	FinalizeReload (1019ms)
		ReleaseScriptCaches (0ms)
		RebuildScriptCaches (0ms)
		SetupLoadedEditorAssemblies (797ms)
			LogAssemblyErrors (0ms)
			InitializePlatformSupportModulesInManaged (13ms)
			SetLoadedEditorAssemblies (4ms)
			BeforeProcessingInitializeOnLoad (216ms)
			ProcessInitializeOnLoadAttributes (444ms)
			ProcessInitializeOnLoadMethodAttributes (103ms)
			AfterProcessingInitializeOnLoad (15ms)
			EditorAssembliesLoaded (1ms)
		ExecutionOrderSort2 (0ms)
		AwakeInstancesAfterBackupRestoration (34ms)
Refreshing native plugins compatible for Editor in 6.59 ms, found 5 plugins.
Preloading 0 native plugins for Editor in 0.00 ms.
Unloading 16 Unused Serialized files (Serialized files now loaded: 0)
Unloading 7211 unused Assets / (4.6 MB). Loaded Objects now: 8035.
Memory consumption went from 167.5 MB to 162.9 MB.
Total: 12.506000 ms (FindLiveObjects: 0.923700 ms CreateObjectMapping: 1.455300 ms MarkObjects: 7.018900 ms  DeleteObjects: 3.107200 ms)

Prepare: number of updated asset objects reloaded= 0
========================================================================
Received Prepare
Refreshing native plugins compatible for Editor in 6.43 ms, found 5 plugins.
Preloading 0 native plugins for Editor in 0.00 ms.
Unloading 16 Unused Serialized files (Serialized files now loaded: 0)
Unloading 7196 unused Assets / (4.3 MB). Loaded Objects now: 8035.
Memory consumption went from 167.6 MB to 163.3 MB.
Total: 14.889700 ms (FindLiveObjects: 1.184500 ms CreateObjectMapping: 1.582100 ms MarkObjects: 9.432800 ms  DeleteObjects: 2.689000 ms)

Prepare: number of updated asset objects reloaded= 0
========================================================================
Received Prepare
Begin MonoManager ReloadAssembly
[Licensing::Client] Successfully resolved entitlement details
- Loaded All Assemblies, in  1.207 seconds
Refreshing native plugins compatible for Editor in 8.22 ms, found 5 plugins.
Native extension for Android target not found
Native extension for WindowsStandalone target not found
Native extension for WebGL target not found
[Package Manager] Failed to launch server process. Reason: Unity was launched with the -noUpm command-line argument
[Package Manager] Unable to send message (not connected to server process).
[Package Manager] Cannot connect to Unity Package Manager local server
[Package Manager] Failed to launch server process. Reason: Unity was launched with the -noUpm command-line argument
[Package Manager] Unable to send message (not connected to server process).
[Package Manager] Cannot connect to Unity Package Manager local server
ScheduleIndexationOnStartup MainProcess:False IndexOnStartup:True
Mono: successfully reloaded assembly
- Finished resetting the current domain, in  0.918 seconds
Domain Reload Profiling: 2116ms
	BeginReloadAssembly (280ms)
		ExecutionOrderSort (0ms)
		DisableScriptedObjects (16ms)
		BackupInstance (0ms)
		ReleaseScriptingObjects (0ms)
		CreateAndSetChildDomain (51ms)
	RebuildCommonClasses (45ms)
	RebuildNativeTypeToScriptingClass (16ms)
	initialDomainReloadingComplete (47ms)
	LoadAllAssembliesAndSetupDomain (810ms)
		LoadAssemblies (564ms)
		RebuildTransferFunctionScriptingTraits (0ms)
		AnalyzeDomain (376ms)
			TypeCache.Refresh (17ms)
				TypeCache.ScanAssembly (1ms)
			BuildScriptInfoCaches (341ms)
			ResolveRequiredComponents (11ms)
	FinalizeReload (918ms)
		ReleaseScriptCaches (0ms)
		RebuildScriptCaches (0ms)
		SetupLoadedEditorAssemblies (691ms)
			LogAssemblyErrors (0ms)
			InitializePlatformSupportModulesInManaged (12ms)
			SetLoadedEditorAssemblies (4ms)
			BeforeProcessingInitializeOnLoad (196ms)
			ProcessInitializeOnLoadAttributes (383ms)
			ProcessInitializeOnLoadMethodAttributes (83ms)
			AfterProcessingInitializeOnLoad (11ms)
			EditorAssembliesLoaded (0ms)
		ExecutionOrderSort2 (0ms)
		AwakeInstancesAfterBackupRestoration (32ms)
Refreshing native plugins compatible for Editor in 5.70 ms, found 5 plugins.
Preloading 0 native plugins for Editor in 0.00 ms.
Unloading 16 Unused Serialized files (Serialized files now loaded: 0)
Unloading 7211 unused Assets / (4.6 MB). Loaded Objects now: 8038.
Memory consumption went from 167.5 MB to 162.9 MB.
Total: 10.707500 ms (FindLiveObjects: 0.955200 ms CreateObjectMapping: 1.579100 ms MarkObjects: 5.400600 ms  DeleteObjects: 2.771600 ms)

Prepare: number of updated asset objects reloaded= 0
Editor requested this worker to shutdown with reason: Scaling down because of idle timeout
AssetImportWorker is now disconnected from the server
Process exiting
Exiting without the bug reporter. Application will terminate with return code 0